number,formid,form.section_1_farmer_identification.community,form.section_1_farmer_identification.first_name,form.section_1_farmer_identification.last_name,form.section_1_farmer_identification.gender,form.section_1_farmer_identification.date_of_birth,form.section_1_farmer_identification.national_id,form.section_1_farmer_identification.phone_number,form.section_1_farmer_identification.farmer_photograph,form.section_2_household_information.household_size,form.section_2_household_information.primary_occupation,form.section_2_household_information.farming_experience_years,form.section_3_farm_information.farm_ownership,form.section_3_farm_information.number_of_farm_plots,form.section_3_farm_information.primary_or_main_irrigation_source.choice,form.section_3_farm_information.primary_or_main_irrigation_source.specify_other,form.section_4_crops_cultivated.crops_cultivated_and_areas_hectares.choice,form.section_4_crops_cultivated.crops_cultivated_and_areas_hectares.area_under_groundnuts_hectares,form.section_4_crops_cultivated.crops_cultivated_and_areas_hectares.area_under_maize_hectares,form.section_4_crops_cultivated.crops_cultivated_and_areas_hectares.area_under_rice_hectares,form.section_5_livestock.livestock_and_number_kept_integer.choice,form.section_5_livestock.livestock_and_number_kept_integer.number_of_goats,form.section_5_livestock.livestock_and_number_kept_integer.number_of_rabbits,form.section_6_farm_location.farm_gps_location,form.section_7_consent.farmer_accepts_or_decline_to_participate_in_the_programme.choice,form.case.@case_id,completed_time,started_time,username,received_on,form_link,hq_user
1,3469394f-3412-477e-9976-64b8cf565ea9,community_05,Amina,Balogun,male,1994-07-28,,08055002657,https://www.commcarehq.org/photos/farmer_1.jpg,8,mixed_farming,13,leased,1,rain-fed,---,groundnuts,2.9,---,---,goats,4,---,10.3435918 7.3375823 0.0 20.0,yes,72ac2d77-701e-4fd5-b977-d5cf4ce46ab3,2026-01-12 00:07:00,2026-01-12,tester,2026-01-12 00:07:19,https://www.commcarehq.org/form/3469394f-3412-477e-9976-64b8cf565ea9,tester
2,3f7ce62e-99b6-4cd3-adfa-e404dcde0ce3,community_04,Elizabeth,David,male,1987-01-07,21616047600,08002202126,https://www.commcarehq.org/photos/farmer_2.jpg,5,mixed_farming,21,owned,6,rain-fed,---,maize rice,---,6.4,2.7,---,---,---,10.5371408 7.5104 0.0 20.0,yes,163ada83-f1bb-4c8d-a37f-10f19811d98f,2026-01-09 00:08:00,2026-01-09,tester,2026-01-09 00:08:15,https://www.commcarehq.org/form/3f7ce62e-99b6-4cd3-adfa-e404dcde0ce3,tester
3,4cc8e2ba-fc5e-4346-8a34-d824d417bb66,community_03,Fatima,Daniel,female,1981-03-26,,08039422525,https://www.commcarehq.org/photos/farmer_3.jpg,7,livestock_farming,17,owned,1,rain-fed,---,rice,---,---,2.0,goats,14,---,10.38722 7.3005656 0.0 20.0,yes,53e3a95f-c6b7-408d-8489-f9c9692dc77a,2026-01-03 00:07:00,2026-01-03,tester,2026-01-03 00:07:08,https://www.commcarehq.org/form/4cc8e2ba-fc5e-4346-8a34-d824d417bb66,tester
4,7e81bf2c-71f7-4d0b-b50d-56e7f8b1824c,community_05,Mercy,Lawal,male,1985-02-11,11948728483,08098251982,https://www.commcarehq.org/photos/farmer_4.jpg,8,crop_farming,6,owned,3,rain-fed,---,groundnuts rice,2.8,---,3.6,---,---,---,10.2231701 7.5512038 0.0 20.0,yes,63705ef2-dc24-4070-9287-85d7b1ec91e4,2026-01-22 00:07:00,2026-01-22,tester,2026-01-22 00:07:20,https://www.commcarehq.org/form/7e81bf2c-71f7-4d0b-b50d-56e7f8b1824c,tester
5,26c40605-8bf2-435c-9360-4785074f96b7,community_06,Emmanuel,Sani,female,2000-09-29,68439875878,08099767363,https://www.commcarehq.org/photos/farmer_5.jpg,7,crop_farming,1,owned,1,rain-fed,---,rice groundnuts maize,0.7,0.7,1.7,---,---,---,10.3941658 7.4156936 0.0 20.0,yes,599dafba-29c4-4fa5-9ac0-c28b08e54772,2026-05-27 00:06:00,2026-05-27,tester,2026-05-27 00:06:20,https://www.commcarehq.org/form/26c40605-8bf2-435c-9360-4785074f96b7,tester
6,e7f064dc-ca27-4538-8fa5-edc2351babd9,community_02,Ruth,Abdullahi,male,1997-11-30,71895212988,08080660781,https://www.commcarehq.org/photos/farmer_6.jpg,4,crop_farming,5,owned,1,river_stream,---,groundnuts rice maize,2.9,6.1,3.5,goats,17,---,10.5458602 7.5609771 0.0 20.0,yes,52ff519a-5c36-4849-be27-e724307dbfaf,2026-01-01 00:05:00,2026-01-01,tester,2026-01-01 00:05:13,https://www.commcarehq.org/form/e7f064dc-ca27-4538-8fa5-edc2351babd9,tester
7,0bcd54c3-2b63-4f40-8c23-d0addf95fcf0,community_07,Paul,Ali,male,1977-08-09,,08012955705,https://www.commcarehq.org/photos/farmer_7.jpg,7,crop_farming,17,owned,4,borehole,---,maize,---,1.2,---,---,---,---,10.4378077 7.4477526 0.0 20.0,yes,89e15aaa-0ab9-491e-aea5-d68ace17f225,2026-05-30 00:06:00,2026-05-30,tester,2026-05-30 00:06:15,https://www.commcarehq.org/form/0bcd54c3-2b63-4f40-8c23-d0addf95fcf0,tester
8,8f85ef45-a602-453a-848c-3c3cee4e9f28,community_07,John,Adeyemi,female,1990-05-04,,08023704990,https://www.commcarehq.org/photos/farmer_8.jpg,4,crop_farming,3,leased,2,rain-fed,---,rice maize groundnuts,2.2,3.8,3.8,goats,6,---,10.5558851 7.4969667 0.0 20.0,yes,74bdcb4e-64bd-49f7-955d-06ae85da5c2c,2026-03-14 00:06:00,2026-03-14,tester,2026-03-14 00:06:11,https://www.commcarehq.org/form/8f85ef45-a602-453a-848c-3c3cee4e9f28,tester
9,c28012ec-4e64-4184-9aa4-88880c32c0e4,community_05,John,Adeyemi,female,1989-03-04,,08080420762,https://www.commcarehq.org/photos/farmer_9.jpg,8,mixed_farming,4,owned,3,rain-fed,---,rice groundnuts,1.6,---,0.6,goats,3,---,10.2840306 7.2998119 0.0 20.0,yes,17e5aa5e-554a-4aa7-9dc4-69d7eb601ee8,2026-05-24 00:08:00,2026-05-24,tester,2026-05-24 00:08:18,https://www.commcarehq.org/form/c28012ec-4e64-4184-9aa4-88880c32c0e4,tester
10,77f558a2-e412-4e55-9a72-88ab4ae801b4,community_07,Suleiman,Peter,female,1994-04-10,,08007398882,https://www.commcarehq.org/photos/farmer_10.jpg,1,crop_farming,14,leased,2,borehole,---,groundnuts,0.6,---,---,goats,12,---,10.2277683 7.5093307 0.0 20.0,yes,171005bf-515b-46fa-be66-dbe47830b623,2026-05-11 00:05:00,2026-05-11,tester,2026-05-11 00:05:15,https://www.commcarehq.org/form/77f558a2-e412-4e55-9a72-88ab4ae801b4,tester
11,2a224d05-9da7-453d-8606-5c946ad9a0b0,community_07,Mary,Michael,female,2004-06-17,59111077388,08073653527,https://www.commcarehq.org/photos/farmer_11.jpg,3,mixed_farming,2,owned,1,irrigation_scheme,---,maize groundnuts rice,1.8,4.5,1.6,---,---,---,10.276736 7.4659718 0.0 20.0,yes,0114eeae-0905-452d-9906-205bd3b29ab4,2026-02-14 00:06:00,2026-02-14,tester,2026-02-14 00:06:14,https://www.commcarehq.org/form/2a224d05-9da7-453d-8606-5c946ad9a0b0,tester
12,ad50f906-83f8-4184-857a-38112d6722dc,community_03,Joy,Yusuf,male,1986-09-04,,+2348044249710,https://www.commcarehq.org/photos/farmer_12.jpg,7,crop_farming,8,family_land,1,rain-fed,---,groundnuts,3.0,---,---,---,---,---,10.3821665 7.5544548 0.0 20.0,yes,df949726-19f9-4ea1-b510-9eab833b1cfb,2026-06-28 00:05:00,2026-06-28,tester,2026-06-28 00:05:20,https://www.commcarehq.org/form/ad50f906-83f8-4184-857a-38112d6722dc,tester
13,1f849898-1366-43de-b361-59e40e0dc648,community_03,Sarah,Ojo,female,1962-12-12,81708395052,08045911455,https://www.commcarehq.org/photos/farmer_13.jpg,5,mixed_farming,33,owned,3,rain-fed,---,maize rice,---,5.0,3.4,goats,18,---,10.2956983 7.375949 0.0 20.0,yes,27d758db-cd4e-43df-bb38-a357053f2298,2026-03-02 00:04:00,2026-03-02,tester,2026-03-02 00:04:15,https://www.commcarehq.org/form/1f849898-1366-43de-b361-59e40e0dc648,tester
14,9195e3cf-bec2-483c-938c-66208029b5a8,community_02,Mercy,Bello,male,1993-07-13,67616418900,08034083790,https://www.commcarehq.org/photos/farmer_14.jpg,11,crop_farming,7,leased,2,borehole,---,groundnuts maize rice,1.2,3.4,1.9,---,---,---,10.4896726 7.5362023 0.0 20.0,yes,7892b5fb-aec6-4567-b9ef-ff35e97b6073,2026-06-09 00:06:00,2026-06-09,tester,2026-06-09 00:06:05,https://www.commcarehq.org/form/9195e3cf-bec2-483c-938c-66208029b5a8,tester
15,f251429b-e3ce-4ac8-8f0b-1d751d6e53f0,community_07,Blessing,Okafor,female,2002-04-29,,08012343829,https://www.commcarehq.org/photos/farmer_15.jpg,9,mixed_farming,1,leased,2,rain-fed,---,groundnuts rice maize,1.0,0.6,1.0,goats rabbits,23,15,10.3860136 7.3024975 0.0 20.0,yes,3b584096-686e-4783-a9ae-354a012fcd91,2026-06-05 00:06:00,2026-06-05,tester,2026-06-05 00:06:08,https://www.commcarehq.org/form/f251429b-e3ce-4ac8-8f0b-1d751d6e53f0,tester
16,cd06181c-4b15-4cc4-b86f-280d7adfb182,community_06,Rebecca,Ahmed,male,2003-09-16,,08093706617,https://www.commcarehq.org/photos/farmer_16.jpg,8,livestock_farming,1,owned,2,rain-fed,---,maize groundnuts rice,2.6,1.1,3.9,---,---,---,10.4829235 7.3741949 0.0 20.0,yes,1cf66644-416a-442b-98b0-54891da6cefd,2026-06-16 00:04:00,2026-06-16,tester,2026-06-16 00:04:20,https://www.commcarehq.org/form/cd06181c-4b15-4cc4-b86f-280d7adfb182,tester
17,e6e5f52f-8899-4815-8ae1-fdf04374509f,community_03,Joy,Balogun,female,1993-05-26,42000950925,+2348075634343,https://www.commcarehq.org/photos/farmer_17.jpg,5,mixed_farming,5,owned,3,rain-fed,---,maize rice groundnuts,2.2,4.4,2.2,rabbits,---,16,10.3617605 7.2973221 0.0 20.0,yes,c7abe7d5-824b-4e45-b0ff-8dacd88d0e24,2026-04-05 00:05:00,2026-04-05,tester,2026-04-05 00:05:16,https://www.commcarehq.org/form/e6e5f52f-8899-4815-8ae1-fdf04374509f,tester
18,1814b55f-e2d5-40e7-9b8e-e58a7fa083bd,community_03,Suleiman,Sani,male,1982-02-06,53776816193,08015712479,https://www.commcarehq.org/photos/farmer_18.jpg,7,mixed_farming,10,owned,1,borehole,---,maize,---,0.8,---,goats,11,---,10.2505118 7.5473845 0.0 20.0,yes,5ea6b9cf-2f81-467f-9cc7-24004a47dbc2,2026-01-04 00:06:00,2026-01-04,tester,2026-01-04 00:06:14,https://www.commcarehq.org/form/1814b55f-e2d5-40e7-9b8e-e58a7fa083bd,tester
19,1949b75f-044a-4841-afa0-da798ee4313e,community_03,Samuel,Johnson,male,2001-05-10,,08040601539,https://www.commcarehq.org/photos/farmer_19.jpg,3,mixed_farming,5,owned,3,irrigation_scheme,---,rice maize,---,2.3,2.7,---,---,---,10.5790361 7.2831152 0.0 20.0,yes,48138f90-df1b-40bf-974d-8004248a414c,2026-06-19 00:02:00,2026-06-19,tester,2026-06-19 00:02:10,https://www.commcarehq.org/form/1949b75f-044a-4841-afa0-da798ee4313e,tester
20,853fede6-c4ee-463d-9778-3feace3f86b2,community_02,Mercy,Bello,male,1986-11-13,49648888517,08077469766,https://www.commcarehq.org/photos/farmer_20.jpg,4,mixed_farming,9,family_land,5,rain-fed,---,maize rice groundnuts,1.7,2.3,1.9,goats,19,---,10.2321767 7.2159443 0.0 20.0,yes,1e00607c-8f66-4f61-9edb-ed910f4bfcaa,2026-03-24 00:06:00,2026-03-24,tester,2026-03-24 00:06:13,https://www.commcarehq.org/form/853fede6-c4ee-463d-9778-3feace3f86b2,tester
21,6cc9cb0d-7fe1-47a9-9a7e-540d0074bc26,community_01,Peter,Adeyemi,female,1985-08-01,,08057154294,https://www.commcarehq.org/photos/farmer_21.jpg,6,crop_farming,11,family_land,1,borehole,---,rice maize,---,5.4,2.4,---,---,---,10.3293095 7.5880739 0.0 20.0,yes,6a1b5967-a8f9-442d-b3ed-2d26a74c536e,2026-05-12 00:08:00,2026-05-12,tester,2026-05-12 00:08:05,https://www.commcarehq.org/form/6cc9cb0d-7fe1-47a9-9a7e-540d0074bc26,tester
22,f94be3e4-629a-42bc-af79-18b58971bbcc,community_05,Mercy,Ali,male,1990-08-26,,08067259461,https://www.commcarehq.org/photos/farmer_22.jpg,8,crop_farming,18,owned,4,rain-fed,---,rice,---,---,3.4,---,---,---,10.4035488 7.30937 0.0 20.0,yes,68aa31ff-fdf3-4b43-b6f6-16fb836c4793,2026-05-01 00:03:00,2026-05-01,tester,2026-05-01 00:03:19,https://www.commcarehq.org/form/f94be3e4-629a-42bc-af79-18b58971bbcc,tester
23,f45013d6-ea0b-402c-be0c-d4141a85c91d,community_04,Joseph,Daniel,female,1984-06-06,54731837094,08095822594,https://www.commcarehq.org/photos/farmer_23.jpg,4,crop_farming,18,owned,2,other,Rainwater Harvesting,maize groundnuts rice,0.6,5.0,3.0,---,---,---,10.4654755 7.528299 0.0 20.0,yes,22e686e6-6b69-46a7-8efd-098f6a1eae34,2026-05-07 00:02:00,2026-05-07,tester,2026-05-07 00:02:09,https://www.commcarehq.org/form/f45013d6-ea0b-402c-be0c-d4141a85c91d,tester
24,a3f7acc5-a65f-49d5-b5e3-6d4c8c6635a6,community_04,Blessing,Johnson,female,1969-05-25,11962491159,08074614936,https://www.commcarehq.org/photos/farmer_24.jpg,2,livestock_farming,25,leased,3,borehole,---,groundnuts rice maize,2.1,6.0,4.0,---,---,---,10.2393773 7.4534991 0.0 20.0,yes,a031fbd9-3b80-40b6-89eb-9839e40e2155,2026-04-24 00:03:00,2026-04-24,tester,2026-04-24 00:03:14,https://www.commcarehq.org/form/a3f7acc5-a65f-49d5-b5e3-6d4c8c6635a6,tester
25,90a763d0-dd65-4916-9ecc-9a81b6000bf4,community_07,Grace,Johnson,female,1990-12-02,68115916826,08057108629,https://www.commcarehq.org/photos/farmer_25.jpg,4,crop_farming,1,leased,2,borehole,---,groundnuts,1.6,---,---,goats,20,---,10.5848116 7.4761254 0.0 20.0,yes,88560ca8-2917-4c07-83e8-fb4bbd5e9165,2026-03-19 00:03:00,2026-03-19,tester,2026-03-19 00:03:17,https://www.commcarehq.org/form/90a763d0-dd65-4916-9ecc-9a81b6000bf4,tester
26,cd3d2270-0d14-4c24-8a41-01d86f250c86,community_06,Mary,Garba,male,1991-07-17,64366683091,08025670649,https://www.commcarehq.org/photos/farmer_26.jpg,5,mixed_farming,8,family_land,3,borehole,---,rice groundnuts maize,2.8,4.4,1.6,goats,20,---,10.2525647 7.5638511 0.0 20.0,yes,bd5c103e-114c-46fd-a514-0b45045eb6bc,2026-04-17 00:03:00,2026-04-17,tester,2026-04-17 00:03:11,https://www.commcarehq.org/form/cd3d2270-0d14-4c24-8a41-01d86f250c86,tester
27,4202b6d0-3b59-41c6-a73c-ae00fec079ec,community_01,Mercy,Michael,female,1982-04-19,52118547373,08073191987,https://www.commcarehq.org/photos/farmer_27.jpg,6,crop_farming,26,owned,2,rain-fed,---,rice maize groundnuts,2.6,6.1,0.9,goats,2,---,10.5772677 7.3312025 0.0 20.0,yes,20bce604-66a3-48b7-a86b-7f202581656c,2026-06-15 00:02:00,2026-06-15,tester,2026-06-15 00:02:19,https://www.commcarehq.org/form/4202b6d0-3b59-41c6-a73c-ae00fec079ec,tester
28,c38309a0-f3d6-41fd-88ba-2e02e7179d0e,community_07,Musa,Ojo,male,2008-02-01,,08012533965,https://www.commcarehq.org/photos/farmer_28.jpg,7,crop_farming,1,family_land,3,dam_reservoir,---,rice,---,---,1.8,goats,9,---,10.2397418 7.4742721 0.0 20.0,yes,9656e343-ceff-48ce-8c2f-db5b36529a97,2026-06-15 00:04:00,2026-06-15,tester,2026-06-15 00:04:06,https://www.commcarehq.org/form/c38309a0-f3d6-41fd-88ba-2e02e7179d0e,tester
29,07f2f37d-4534-4384-bc00-ce3ddcd3fae9,community_03,John,James,female,1974-08-09,94350979790,08090397285,https://www.commcarehq.org/photos/farmer_29.jpg,7,crop_farming,10,family_land,4,other,Spring Water,groundnuts rice,2.2,---,0.6,goats,9,---,10.2063124 7.306147 0.0 20.0,yes,5702388b-f43c-4f79-ada2-f312f341fc12,2026-04-18 00:06:00,2026-04-18,tester,2026-04-18 00:06:08,https://www.commcarehq.org/form/07f2f37d-4534-4384-bc00-ce3ddcd3fae9,tester
30,03ca4670-0a80-46a0-8138-07ddbdee8121,community_05,Ruth,Ali,female,1984-11-22,95664907881,08007854904,https://www.commcarehq.org/photos/farmer_30.jpg,6,mixed_farming,15,owned,1,rain-fed,---,maize,---,4.2,---,---,---,---,10.3523618 7.4389567 0.0 20.0,yes,291a139d-9286-4617-8f32-89a7fd591793,2026-05-10 00:06:00,2026-05-10,tester,2026-05-10 00:06:18,https://www.commcarehq.org/form/03ca4670-0a80-46a0-8138-07ddbdee8121,tester
31,86b02086-da98-4df8-b859-b9152f66759d,community_01,Yusuf,James,female,1978-03-25,43879092961,08048373329,https://www.commcarehq.org/photos/farmer_31.jpg,9,crop_farming,4,family_land,2,rain-fed,---,rice maize groundnuts,1.5,5.7,3.8,goats rabbits,25,20,10.440164 7.3406585 0.0 20.0,yes,fee2b318-cf21-405b-bfc5-2c31c7cea780,2026-02-24 00:03:00,2026-02-24,tester,2026-02-24 00:03:20,https://www.commcarehq.org/form/86b02086-da98-4df8-b859-b9152f66759d,tester
32,46138e91-aba0-4937-96bf-726f0242e10c,community_02,Mary,Samuel,female,1991-09-20,94274662027,08065666027,https://www.commcarehq.org/photos/farmer_32.jpg,5,crop_farming,13,owned,3,rain-fed,---,rice groundnuts maize,1.5,2.5,1.8,---,---,---,10.4270374 7.2339828 0.0 20.0,yes,3da99ba8-1c97-461b-aa7e-0230d7b0a407,2026-02-10 00:08:00,2026-02-10,tester,2026-02-10 00:08:06,https://www.commcarehq.org/form/46138e91-aba0-4937-96bf-726f0242e10c,tester
33,5be32e0b-fd27-4c5d-a550-d86d9bb31709,community_05,James,Ali,female,1978-12-13,81961932838,08014264603,https://www.commcarehq.org/photos/farmer_33.jpg,1,crop_farming,5,family_land,2,rain-fed,---,maize groundnuts rice,1.5,4.7,2.3,---,---,---,10.2288302 7.5447057 0.0 20.0,yes,c5e80b2c-3871-4884-9733-b7ff5de56aff,2026-01-05 00:05:00,2026-01-05,tester,2026-01-05 00:05:07,https://www.commcarehq.org/form/5be32e0b-fd27-4c5d-a550-d86d9bb31709,tester
34,993a9340-9684-48b2-b6e9-2037d54c9b42,community_06,Blessing,Usman,female,1980-02-15,32869705212,08086890825,https://www.commcarehq.org/photos/farmer_34.jpg,2,crop_farming,25,owned,3,rain-fed,---,maize,---,2.6,---,---,---,---,10.2590759 7.2411218 0.0 20.0,yes,59836bc3-5106-4248-b717-6e00a51f2ee4,2026-02-14 00:06:00,2026-02-14,tester,2026-02-14 00:06:09,https://www.commcarehq.org/form/993a9340-9684-48b2-b6e9-2037d54c9b42,tester
35,6ecf8f22-c5a4-486b-a05a-fc601e034794,community_06,Binta,Bello,male,1968-11-20,,08074956686,https://www.commcarehq.org/photos/farmer_35.jpg,4,mixed_farming,18,owned,2,rain-fed,---,groundnuts rice,1.4,---,1.5,---,---,---,10.2361186 7.4376319 0.0 20.0,yes,3108ed57-e959-4068-b3bb-a120ad6bbc23,2026-05-29 00:06:00,2026-05-29,tester,2026-05-29 00:06:06,https://www.commcarehq.org/form/6ecf8f22-c5a4-486b-a05a-fc601e034794,tester
36,5a474f42-374c-42c2-b2f4-b784a0a8c79f,community_03,Paul,Okafor,female,1988-10-27,70395287678,08018375124,https://www.commcarehq.org/photos/farmer_36.jpg,6,crop_farming,10,owned,2,rain-fed,---,rice maize groundnuts,1.3,3.8,1.9,goats,23,---,10.4410803 7.2601493 0.0 20.0,yes,0003473c-2801-44cf-8fa7-788d0fef6cf1,2026-06-19 00:03:00,2026-06-19,tester,2026-06-19 00:03:16,https://www.commcarehq.org/form/5a474f42-374c-42c2-b2f4-b784a0a8c79f,tester
37,6aeabe9c-2ae0-4c32-8199-0341a846cdb8,community_02,Binta,Ogunleye,female,1997-05-26,97517171228,08078687656,https://www.commcarehq.org/photos/farmer_37.jpg,11,crop_farming,4,owned,4,rain-fed,---,groundnuts rice,2.2,---,3.6,---,---,---,10.2617011 7.2723384 0.0 20.0,yes,72900bc9-6e08-4ef8-9176-44bcf848a12d,2026-06-09 00:08:00,2026-06-09,tester,2026-06-09 00:08:10,https://www.commcarehq.org/form/6aeabe9c-2ae0-4c32-8199-0341a846cdb8,tester
38,73bf33e2-9c43-406d-a5dc-a7de1cd37aae,community_05,Grace,Usman,male,1968-09-06,41992901998,08053848399,https://www.commcarehq.org/photos/farmer_38.jpg,6,mixed_farming,27,leased,1,rain-fed,---,groundnuts maize,2.7,3.8,---,goats,18,---,10.3140252 7.5052467 0.0 20.0,yes,c01258e4-b3fc-42f2-aa99-caeb2d20468d,2026-05-12 00:03:00,2026-05-12,tester,2026-05-12 00:03:18,https://www.commcarehq.org/form/73bf33e2-9c43-406d-a5dc-a7de1cd37aae,tester
39,a5b99d85-c43c-412d-8cc3-1a7c7740f834,community_01,Elizabeth,Garba,female,1975-12-14,59400744392,08029309867,https://www.commcarehq.org/photos/farmer_39.jpg,2,crop_farming,31,owned,1,rain-fed,---,groundnuts,1.9,---,---,---,---,---,10.2444747 7.3152406 0.0 20.0,yes,f6fba18f-0b5f-4efe-a70d-626584251280,2026-01-13 00:03:00,2026-01-13,tester,2026-01-13 00:03:18,https://www.commcarehq.org/form/a5b99d85-c43c-412d-8cc3-1a7c7740f834,tester
40,537413f8-c7eb-45ed-98fa-c83b4dd625b1,community_05,Hauwa,Ali,male,1968-09-13,81433702538,08057203516,https://www.commcarehq.org/photos/farmer_40.jpg,9,crop_farming,31,owned,2,rain-fed,---,maize,---,5.2,---,goats,25,---,10.2414655 7.4327613 0.0 20.0,yes,ee389f39-56a0-4b51-a3e9-968c92acaf6f,2026-02-04 00:02:00,2026-02-04,tester,2026-02-04 00:02:16,https://www.commcarehq.org/form/537413f8-c7eb-45ed-98fa-c83b4dd625b1,tester
41,62c99056-80eb-4361-82d1-20b2f721992d,community_04,Joy,Ojo,male,1968-07-24,19169122031,08079027833,https://www.commcarehq.org/photos/farmer_41.jpg,6,crop_farming,13,owned,1,rain-fed,---,maize,---,3.1,---,goats,16,---,10.3546579 7.5894894 0.0 20.0,yes,b2fea0ab-ef19-4e64-a551-fc5e14a72468,2026-05-08 00:04:00,2026-05-08,tester,2026-05-08 00:04:13,https://www.commcarehq.org/form/62c99056-80eb-4361-82d1-20b2f721992d,tester
42,c1f4d896-08f1-4a11-bcbb-199575a21f64,community_06,Suleiman,Usman,male,1983-10-06,19030589268,08032471447,https://www.commcarehq.org/photos/farmer_42.jpg,5,mixed_farming,2,owned,3,rain-fed,---,rice groundnuts maize,0.9,4.1,3.2,goats,4,---,10.4580652 7.3448602 0.0 20.0,yes,b21ba9b0-2f63-43c6-8bf6-bc627667aa08,2026-01-09 00:06:00,2026-01-09,tester,2026-01-09 00:06:09,https://www.commcarehq.org/form/c1f4d896-08f1-4a11-bcbb-199575a21f64,tester
43,dbb40022-74d3-4eb5-a931-8c4c787101e6,community_05,Daniel,Samuel,male,2005-10-08,97249621106,08029015917,https://www.commcarehq.org/photos/farmer_43.jpg,8,crop_farming,2,owned,1,rain-fed,---,maize groundnuts rice,2.2,4.8,2.4,goats,11,---,10.4847236 7.5709298 0.0 20.0,yes,3555c700-49a3-4e7d-a82c-893ea3ea4172,2026-04-03 00:06:00,2026-04-03,tester,2026-04-03 00:06:12,https://www.commcarehq.org/form/dbb40022-74d3-4eb5-a931-8c4c787101e6,tester
44,750d2f0a-75eb-4d32-b727-410cace96fad,community_01,John,Abdullahi,male,1976-01-11,71714003551,8085603975,https://www.commcarehq.org/photos/farmer_44.jpg,11,mixed_farming,29,owned,3,river_stream,---,rice groundnuts maize,1.6,6.0,0.7,goats,6,---,10.2647868 7.5738951 0.0 20.0,yes,46c5c603-baf0-4fc3-a538-d63e5006c15d,2026-05-13 00:04:00,2026-05-13,tester,2026-05-13 00:04:07,https://www.commcarehq.org/form/750d2f0a-75eb-4d32-b727-410cace96fad,tester
45,e081e77a-6bf4-4479-bb1e-b40fa8af4a0d,community_02,Binta,Sani,male,1976-10-13,34227856531,08055169390,https://www.commcarehq.org/photos/farmer_45.jpg,2,mixed_farming,27,family_land,1,rain-fed,---,rice maize,---,3.4,3.3,---,---,---,10.2291892 7.2239652 0.0 20.0,yes,637e1a03-afe7-4db1-a038-39c4e07a6a93,2026-05-04 00:05:00,2026-05-04,tester,2026-05-04 00:05:11,https://www.commcarehq.org/form/e081e77a-6bf4-4479-bb1e-b40fa8af4a0d,tester
46,53ed57ca-0343-4052-9251-30d12ba2219d,community_03,SARAH,Johnson,female,1990-12-18,80310934766,08053422023,https://www.commcarehq.org/photos/farmer_46.jpg,7,livestock_farming,11,leased,3,borehole,---,rice maize,---,3.5,1.6,goats,14,---,10.5866747 7.2860578 0.0 20.0,yes,971dbe97-e675-4f67-9558-36b67bb7f23d,2026-01-13 00:04:00,2026-01-13,tester,2026-01-13 00:04:20,https://www.commcarehq.org/form/53ed57ca-0343-4052-9251-30d12ba2219d,tester
47,cecc90f4-5b6f-464d-9324-867efd40eefb,community_04,Joy,Ojo,female,1996-05-14,48149856894,08077345150,https://www.commcarehq.org/photos/farmer_47.jpg,7,mixed_farming,10,family_land,4,rain-fed,---,rice maize,---,5.0,1.2,---,---,---,10.2181213 7.2548145 0.0 20.0,yes,1edf4092-53ad-4071-be05-220d27046a19,2026-05-02 00:06:00,2026-05-02,tester,2026-05-02 00:06:19,https://www.commcarehq.org/form/cecc90f4-5b6f-464d-9324-867efd40eefb,tester
48,78149b30-2659-46d6-b2aa-ece95ff29626,community_01,Naomi,Yakubu,male,1956-04-26,52273653396,08055545403,https://www.commcarehq.org/photos/farmer_48.jpg,3,mixed_farming,47,leased,5,rain-fed,---,rice groundnuts maize,2.0,1.5,2.7,---,---,---,10.2591103 7.4722908 0.0 20.0,yes,72c1d00d-4b08-49d8-ba70-d7bfbfa0c109,2026-06-29 00:02:00,2026-06-29,tester,2026-06-29 00:02:11,https://www.commcarehq.org/form/78149b30-2659-46d6-b2aa-ece95ff29626,tester
49,f9345527-bbe2-430d-b456-383be93e6be6,community_01,Ibrahim,Usman,male,1979-10-30,,08098701236,https://www.commcarehq.org/photos/farmer_49.jpg,7,crop_farming,18,owned,2,river_stream,---,rice maize groundnuts,1.0,2.0,2.5,goats,11,---,10.4819604 7.476096 0.0 20.0,yes,dd59e5a1-1544-43dd-8bc3-26e0167ba44e,2026-05-03 00:04:00,2026-05-03,tester,2026-05-03 00:04:13,https://www.commcarehq.org/form/f9345527-bbe2-430d-b456-383be93e6be6,tester
50,5736665c-0ac6-473a-96c4-efa5ae42a400,community_02,Blessing,Adeyemi,male,1954-01-24,,08082273424,https://www.commcarehq.org/photos/farmer_50.jpg,4,mixed_farming,18,owned,3,rain-fed,---,rice,---,---,3.7,goats rabbits,9,28,10.3321174 7.3889616 0.0 20.0,yes,264f35bf-386f-4a4a-9be3-4f919fbda7ba,2026-02-05 00:02:00,2026-02-05,tester,2026-02-05 00:02:10,https://www.commcarehq.org/form/5736665c-0ac6-473a-96c4-efa5ae42a400,tester
51,b6b8b957-d0c2-42ba-b66a-5713acbff884,community_03,Elizabeth,Michael,female,1983-02-15,17069077735,08090557991,https://www.commcarehq.org/photos/farmer_51.jpg,12,mixed_farming,6,leased,2,rain-fed,---,rice groundnuts maize,1.2,6.4,2.4,---,---,---,10.5404239 7.3872083 0.0 20.0,yes,c78c8b95-fbba-43a4-92a6-da19858ca378,2026-01-29 00:04:00,2026-01-29,tester,2026-01-29 00:04:10,https://www.commcarehq.org/form/b6b8b957-d0c2-42ba-b66a-5713acbff884,tester
52,3fe4b190-eed9-4c90-b98c-d04d8f0e4e94,community_05,Binta,Mohammed,female,2003-02-06,39022308426,08018885061,https://www.commcarehq.org/photos/farmer_52.jpg,4,crop_farming,4,owned,2,rain-fed,---,rice groundnuts maize,2.1,4.7,0.7,goats rabbits,11,34,10.5692424 7.5551206 0.0 20.0,yes,d018c155-ced8-4356-8086-480d261ddf68,2026-06-26 00:02:00,2026-06-26,tester,2026-06-26 00:02:14,https://www.commcarehq.org/form/3fe4b190-eed9-4c90-b98c-d04d8f0e4e94,tester
53,ded78a0f-74c0-4712-a2da-62ed141aff8c,community_03,Peter,Garba,female,1978-09-06,86029256503,08097887657,https://www.commcarehq.org/photos/farmer_53.jpg,7,crop_farming,19,owned,3,rain-fed,---,groundnuts rice maize,2.6,3.2,2.9,---,---,---,10.5595557 7.3781931 0.0 20.0,yes,e7f5229c-64b6-4fa0-b259-8cfa9c178435,2026-02-03 00:06:00,2026-02-03,tester,2026-02-03 00:06:18,https://www.commcarehq.org/form/ded78a0f-74c0-4712-a2da-62ed141aff8c,tester
54,4d737ec0-7d44-4442-8b68-c3a8d9b9c5dd,community_03,Grace,Sani,male,1975-12-24,88245290322,08004750894,https://www.commcarehq.org/photos/farmer_54.jpg,5,mixed_farming,27,owned,2,irrigation_scheme,---,maize groundnuts,2.2,4.5,---,---,---,---,10.339108 7.2713895 0.0 20.0,yes,146b2497-9825-432d-a8ae-2fbf4b064d41,2026-05-16 00:03:00,2026-05-16,tester,2026-05-16 00:03:12,https://www.commcarehq.org/form/4d737ec0-7d44-4442-8b68-c3a8d9b9c5dd,tester
55,1afb88be-6560-409b-aac0-82921e05f615,community_06,Emmanuel,Yusuf,female,1977-12-08,43601077243,08023297184,https://www.commcarehq.org/photos/farmer_55.jpg,9,crop_farming,22,family_land,1,rain-fed,---,groundnuts rice,2.4,---,3.2,goats,11,---,10.5665588 7.4304441 0.0 20.0,yes,42d71522-c186-4343-b265-cb21f4be2e13,2026-06-22 00:08:00,2026-06-22,tester,2026-06-22 00:08:15,https://www.commcarehq.org/form/1afb88be-6560-409b-aac0-82921e05f615,tester
56,3a6dfded-eb5e-46ec-b37b-641e6fc7e7f0,community_02,Naomi,Peter,female,1980-02-10,96651537241,08065036356,https://www.commcarehq.org/photos/farmer_56.jpg,2,mixed_farming,8,family_land,2,rain-fed,---,groundnuts maize,2.9,3.8,---,goats,9,---,10.3321052 7.2316282 0.0 20.0,yes,17030e6d-4f2b-49bc-b926-7f740d5aedec,2026-04-05 00:02:00,2026-04-05,tester,2026-04-05 00:02:11,https://www.commcarehq.org/form/3a6dfded-eb5e-46ec-b37b-641e6fc7e7f0,tester
57,fdf34bff-9f60-42fc-83f7-ca27a3f1555d,community_01,JOSEPH,adeyemi,female,2007-04-01,,08056229392,https://www.commcarehq.org/photos/farmer_57.jpg,4,livestock_farming,1,leased,3,rain-fed,---,rice,---,---,1.6,goats,16,---,10.3437038 7.3046247 0.0 20.0,yes,2ea5e57e-e597-4155-bb1a-19ea5d18d4ed,2026-05-08 00:05:00,2026-05-08,tester,2026-05-08 00:05:08,https://www.commcarehq.org/form/fdf34bff-9f60-42fc-83f7-ca27a3f1555d,tester
58,0ea7f81c-2651-4c13-9596-394a68d84704,community_06,Suleiman,Ibrahim,female,1993-01-01,87505757671,08087055721,https://www.commcarehq.org/photos/farmer_58.jpg,4,crop_farming,11,leased,2,river_stream,---,rice maize groundnuts,0.9,5.3,1.1,---,---,---,10.5667598 7.4168547 0.0 20.0,yes,f41bb065-5586-4ad8-99eb-9b22d5514d4e,2026-01-16 00:06:00,2026-01-16,tester,2026-01-16 00:06:06,https://www.commcarehq.org/form/0ea7f81c-2651-4c13-9596-394a68d84704,tester
59,ad0311a4-cf64-4744-b7a2-6a512043283c,community_06,FATIMA,haruna,female,1970-05-06,,08027053666,https://www.commcarehq.org/photos/farmer_59.jpg,12,crop_farming,34,family_land,3,rain-fed,---,rice maize groundnuts,0.8,1.1,1.0,goats,18,---,10.3417764 7.5179745 0.0 20.0,yes,8680d4d2-979d-4474-9505-6d130aca885c,2026-04-14 00:05:00,2026-04-14,tester,2026-04-14 00:05:12,https://www.commcarehq.org/form/ad0311a4-cf64-4744-b7a2-6a512043283c,tester
60,a92e5776-092f-47e5-95a9-a92f166824e9,community_07,Peter,Ahmed,female,1976-05-27,84634375004,08046708639,https://www.commcarehq.org/photos/farmer_60.jpg,3,crop_farming,31,owned,1,rain-fed,---,rice groundnuts maize,2.8,2.4,3.9,---,---,---,10.4850846 7.3593184 0.0 20.0,yes,164304ad-16a3-47e7-ae2a-01e44b8bdf6e,2026-02-11 00:06:00,2026-02-11,tester,2026-02-11 00:06:12,https://www.commcarehq.org/form/a92e5776-092f-47e5-95a9-a92f166824e9,tester
61,39d8039c-0d38-43ba-9c30-c8deb123107e,community_04,Deborah,David,female,1980-05-02,,08060730206,https://www.commcarehq.org/photos/farmer_61.jpg,7,mixed_farming,1,family_land,2,rain-fed,---,maize groundnuts,2.2,4.5,---,goats,21,---,10.2985799 7.2294027 0.0 20.0,yes,f24c2e67-f7b2-463c-89d0-bf8818e0ded6,2026-04-08 00:07:00,2026-04-08,tester,2026-04-08 00:07:09,https://www.commcarehq.org/form/39d8039c-0d38-43ba-9c30-c8deb123107e,tester
62,bddf949f-02dd-4a27-8112-f438e62a41cc,community_05,Ibrahim,Samuel,male,2003-11-22,24043539950,08011454030,https://www.commcarehq.org/photos/farmer_62.jpg,7,crop_farming,4,owned,1,rain-fed,---,rice,---,---,2.3,rabbits,---,19,10.3204525 7.3972496 0.0 20.0,yes,bcf6139e-388f-4968-9fab-f16c92a3f60e,2026-04-22 00:04:00,2026-04-22,tester,2026-04-22 00:04:18,https://www.commcarehq.org/form/bddf949f-02dd-4a27-8112-f438e62a41cc,tester
63,40c28c75-b4f7-4fc4-99f6-c83abb2c361c,community_02,PAUL,bello,male,1950-09-19,24851402655,08010383844,https://www.commcarehq.org/photos/farmer_63.jpg,8,crop_farming,45,owned,5,dam_reservoir,---,rice maize,---,6.3,3.2,goats,10,---,10.3571741 7.2455551 0.0 20.0,yes,56b79cbb-4e0b-4a2a-8de1-2a1346663828,2026-06-01 00:06:00,2026-06-01,tester,2026-06-01 00:06:10,https://www.commcarehq.org/form/40c28c75-b4f7-4fc4-99f6-c83abb2c361c,tester
64,fe7aa5f5-a10a-4394-9f9b-5fac79d509b6,community_05,Mercy,Yusuf,female,1982-11-30,,08080876132,https://www.commcarehq.org/photos/farmer_64.jpg,4,crop_farming,20,owned,2,irrigation_scheme,---,maize groundnuts rice,2.3,5.4,2.6,rabbits,---,17,10.4630407 7.3420035 0.0 20.0,yes,fdb9eee3-2bde-44f1-ad7d-3d219838fb28,2026-01-12 00:06:00,2026-01-12,tester,2026-01-12 00:06:17,https://www.commcarehq.org/form/fe7aa5f5-a10a-4394-9f9b-5fac79d509b6,tester
65,d9551955-6f9a-406b-b1d9-b210a5dbe640,community_07,Ibrahim,Abdullahi,male,2004-03-15,85242663481,+2348055437553,https://www.commcarehq.org/photos/farmer_65.jpg,3,livestock_farming,1,owned,5,rain-fed,---,rice,---,---,2.2,---,---,---,10.4787053 7.3275638 0.0 20.0,yes,0e86d3bd-488d-4cc7-b01f-2464992a1431,2026-01-30 00:02:00,2026-01-30,tester,2026-01-30 00:02:15,https://www.commcarehq.org/form/d9551955-6f9a-406b-b1d9-b210a5dbe640,tester
66,cffd1668-532c-40fd-944f-0a3d05cd26ac,community_05,Ahmed,Abdullahi,male,1958-10-27,53637450593,08059241640,https://www.commcarehq.org/photos/farmer_66.jpg,7,crop_farming,1,family_land,1,borehole,---,rice,---,---,0.9,rabbits,---,22,10.2788297 7.245582 0.0 20.0,yes,efde5385-f200-47d1-a4f0-e151316cd70f,2026-05-06 00:06:00,2026-05-06,tester,2026-05-06 00:06:15,https://www.commcarehq.org/form/cffd1668-532c-40fd-944f-0a3d05cd26ac,tester
67,b66cd523-0c0c-4b01-ab7f-366cebd53249,community_04,Hauwa,David,female,1988-08-28,52093313968,08095632131,https://www.commcarehq.org/photos/farmer_67.jpg,6,crop_farming,6,owned,3,rain-fed,---,rice,---,---,1.1,goats,7,---,10.3804004 7.2214445 0.0 20.0,yes,7587c6c9-f9dc-4180-8368-28b8a45e1fa3,2026-01-03 00:05:00,2026-01-03,tester,2026-01-03 00:05:09,https://www.commcarehq.org/form/b66cd523-0c0c-4b01-ab7f-366cebd53249,tester
68,c8322638-a7a9-4436-8e30-ae2b908c3ba7,community_02,Joseph,Sani,male,1978-12-13,,08041572022,https://www.commcarehq.org/photos/farmer_68.jpg,6,crop_farming,17,owned,1,rain-fed,---,rice groundnuts,2.4,---,2.0,goats rabbits,15,17,10.3190836 7.5997251 0.0 20.0,yes,b6eb652b-530c-4226-82b6-b9a99c101398,2026-03-31 00:08:00,2026-03-31,tester,2026-03-31 00:08:07,https://www.commcarehq.org/form/c8322638-a7a9-4436-8e30-ae2b908c3ba7,tester
69,1e800eac-c359-4e9d-8acd-a9aaafbc11fc,community_03,Mary,Lawal,female,1986-07-24,94657043626,08061122032,https://www.commcarehq.org/photos/farmer_69.jpg,7,crop_farming,19,owned,3,borehole,---,groundnuts,2.9,---,---,---,---,---,10.5969945 7.546819 0.0 20.0,yes,23288602-fb46-4cec-97b1-1cf48f017ac7,2026-02-03 00:03:00,2026-02-03,tester,2026-02-03 00:03:09,https://www.commcarehq.org/form/1e800eac-c359-4e9d-8acd-a9aaafbc11fc,tester
70,5f3538f5-c3c5-40c4-8234-de6cf4d37d61,community_05,Joy,Garba,female,1979-05-02,97053477282,08044680529,https://www.commcarehq.org/photos/farmer_70.jpg,5,mixed_farming,28,family_land,5,rain-fed,---,maize groundnuts rice,1.0,3.1,1.2,goats,11,---,10.4311735 7.4264568 0.0 20.0,yes,7a81f68c-413c-4ac3-b0d5-213bbadc6036,2026-03-29 00:07:00,2026-03-29,tester,2026-03-29 00:07:06,https://www.commcarehq.org/form/5f3538f5-c3c5-40c4-8234-de6cf4d37d61,tester
71,d942b35f-3aa4-457f-ac6f-1f0776e8c8b5,community_01,Binta,Abdullahi,female,2005-11-23,37607187789,08099838803,https://www.commcarehq.org/photos/farmer_71.jpg,3,crop_farming,2,family_land,3,rain-fed,---,groundnuts rice maize,1.0,1.0,2.6,---,---,---,10.203225 7.3374297 0.0 20.0,yes,65bba794-aaf1-4301-9e94-351f7ecc8670,2026-04-19 00:07:00,2026-04-19,tester,2026-04-19 00:07:09,https://www.commcarehq.org/form/d942b35f-3aa4-457f-ac6f-1f0776e8c8b5,tester
72,3ad0531d-fff1-4a74-91ec-bc30ede5e8e0,community_03,Peter,David,male,1975-02-04,28465161052,08038866056,https://www.commcarehq.org/photos/farmer_72.jpg,4,mixed_farming,10,leased,3,river_stream,---,groundnuts,0.9,---,---,goats,25,---,10.5852995 7.3258015 0.0 20.0,yes,3e545b2e-93a3-4fc3-8f4e-4cf47ecab09e,2026-03-12 00:07:00,2026-03-12,tester,2026-03-12 00:07:07,https://www.commcarehq.org/form/3ad0531d-fff1-4a74-91ec-bc30ede5e8e0,tester
73,336dacb5-dbec-4302-bc86-f607bfb01f90,community_02,Hauwa,Eze,female,1995-08-06,,08026136772,https://www.commcarehq.org/photos/farmer_73.jpg,2,crop_farming,1,leased,6,rain-fed,---,rice groundnuts maize,2.9,5.1,0.6,goats,10,---,10.5690317 7.579472 0.0 20.0,yes,5164493b-adc6-4a49-8caa-1a6c50ef15ee,2026-03-15 00:07:00,2026-03-15,tester,2026-03-15 00:07:18,https://www.commcarehq.org/form/336dacb5-dbec-4302-bc86-f607bfb01f90,tester
74,96a20518-d4a8-4920-9a81-55d915c4f13c,community_03,Joseph,Bello,female,1984-02-20,79058871749,08099135766,https://www.commcarehq.org/photos/farmer_74.jpg,5,mixed_farming,2,owned,6,rain-fed,---,rice groundnuts,0.8,---,3.0,rabbits,---,24,10.4092021 7.5131948 0.0 20.0,yes,2caa7e29-8c38-4130-b220-7f3aa136d165,2026-02-12 00:04:00,2026-02-12,tester,2026-02-12 00:04:09,https://www.commcarehq.org/form/96a20518-d4a8-4920-9a81-55d915c4f13c,tester
75,8c0018a0-2276-4436-ba4a-4ba3a3277a35,community_05,Deborah,Mohammed,female,2008-01-16,,08020750434,https://www.commcarehq.org/photos/farmer_75.jpg,7,mixed_farming,1,owned,4,rain-fed,---,maize rice,---,6.0,1.1,rabbits,---,28,10.2898061 7.2993053 0.0 20.0,yes,e552e2f6-080e-42e0-b377-68bcec6cb8b0,2026-03-23 00:04:00,2026-03-23,tester,2026-03-23 00:04:07,https://www.commcarehq.org/form/8c0018a0-2276-4436-ba4a-4ba3a3277a35,tester
76,f3dced65-5474-4261-8d6c-a4debf15f4a0,community_04,Mary,Yakubu,female,2004-10-15,,08090428350,https://www.commcarehq.org/photos/farmer_76.jpg,4,mixed_farming,2,owned,3,other,Rainwater Harvesting,rice groundnuts maize,0.5,3.0,1.3,goats,24,---,10.5803961 7.2005848 0.0 20.0,yes,b2eade24-084b-4099-8531-ea8ed6e65f79,2026-03-20 00:02:00,2026-03-20,tester,2026-03-20 00:02:11,https://www.commcarehq.org/form/f3dced65-5474-4261-8d6c-a4debf15f4a0,tester
77,8a06b691-8a72-420e-98c2-8527db0fa6b7,community_04,Peter,Usman,male,2005-07-07,82350889774,08048475563,https://www.commcarehq.org/photos/farmer_77.jpg,7,livestock_farming,1,owned,2,rain-fed,---,maize rice groundnuts,1.2,0.9,1.2,---,---,---,10.2621642 7.26575 0.0 20.0,yes,9538ece5-452a-4170-baab-913c73f5755d,2026-04-15 00:02:00,2026-04-15,tester,2026-04-15 00:02:16,https://www.commcarehq.org/form/8a06b691-8a72-420e-98c2-8527db0fa6b7,tester
78,0168eba0-27fe-4379-a6e3-04b25a0d70f5,community_07,John,Ali,male,1995-05-24,51601288789,08086083023,https://www.commcarehq.org/photos/farmer_78.jpg,2,livestock_farming,1,leased,2,rain-fed,---,maize,---,1.1,---,rabbits,---,5,10.5321489 7.5930269 0.0 20.0,yes,42157307-1613-4e57-b86a-d621d1cc423c,2026-04-13 00:04:00,2026-04-13,tester,2026-04-13 00:04:07,https://www.commcarehq.org/form/0168eba0-27fe-4379-a6e3-04b25a0d70f5,tester
79,0b2e002f-e155-4dcd-987e-9d97c1abcb65,community_04,James,Philip,female,2007-03-27,,08041983041,https://www.commcarehq.org/photos/farmer_79.jpg,7,crop_farming,1,family_land,1,irrigation_scheme,---,maize rice,---,5.8,0.6,---,---,---,10.3180421 7.3647969 0.0 20.0,yes,aab7028d-1c31-436d-9bef-f47ac49edc9a,2026-01-16 00:02:00,2026-01-16,tester,2026-01-16 00:02:13,https://www.commcarehq.org/form/0b2e002f-e155-4dcd-987e-9d97c1abcb65,tester
80,8e873d73-90b0-43be-85cc-5dba67fb5ac1,community_03,David,Daniel,female,1972-08-26,,08050374735,https://www.commcarehq.org/photos/farmer_80.jpg,5,crop_farming,15,owned,5,rain-fed,---,groundnuts rice maize,1.1,1.9,2.4,---,---,---,10.5056199 7.579121 0.0 20.0,yes,3186a485-c857-42d4-9067-a463f6140b6e,2026-04-10 00:04:00,2026-04-10,tester,2026-04-10 00:04:10,https://www.commcarehq.org/form/8e873d73-90b0-43be-85cc-5dba67fb5ac1,tester
81,2c3819bd-2bf1-4428-9198-ed4a15a49286,community_01,Blessing,Johnson,female,1977-06-29,,08035198895,https://www.commcarehq.org/photos/farmer_81.jpg,10,mixed_farming,1,owned,1,rain-fed,---,maize,---,4.8,---,---,---,---,10.3294355 7.2087652 0.0 20.0,yes,6df67518-000f-4a99-a4cd-7abbfe6f181d,2026-02-06 00:08:00,2026-02-06,tester,2026-02-06 00:08:08,https://www.commcarehq.org/form/2c3819bd-2bf1-4428-9198-ed4a15a49286,tester
82,79c85b04-59fc-4105-97ed-daa8ed4bd1dc,community_06,Deborah,Samuel,female,1989-09-13,54245744424,08011979619,https://www.commcarehq.org/photos/farmer_82.jpg,8,crop_farming,19,family_land,2,borehole,---,groundnuts,2.3,---,---,---,---,---,10.3566406 7.5977133 0.0 20.0,yes,9579f048-3a58-41b3-b1b0-d1870a89e135,2026-01-09 00:03:00,2026-01-09,tester,2026-01-09 00:03:15,https://www.commcarehq.org/form/79c85b04-59fc-4105-97ed-daa8ed4bd1dc,tester
83,6160c2f4-2005-4dca-930e-cf3e3a6d240f,community_07,Hauwa,Garba,female,2001-04-26,40398948041,08033698673,https://www.commcarehq.org/photos/farmer_83.jpg,3,crop_farming,3,family_land,5,rain-fed,---,groundnuts maize,1.7,2.8,---,rabbits,---,32,10.515492 7.4312222 0.0 20.0,yes,5780f4fe-197f-4306-932d-11815b40aff9,2026-02-27 00:03:00,2026-02-27,tester,2026-02-27 00:03:19,https://www.commcarehq.org/form/6160c2f4-2005-4dca-930e-cf3e3a6d240f,tester
84,c6f939ca-253e-4715-8573-981d4e1ceaa6,community_01,Deborah,Musa,male,1995-06-02,65353243316,08010993987,https://www.commcarehq.org/photos/farmer_84.jpg,6,livestock_farming,3,owned,2,rain-fed,---,rice maize groundnuts,1.2,1.1,1.9,---,---,---,10.2218019 7.2015262 0.0 20.0,yes,edf8448c-d2b0-42b9-ad9c-59d83b425d77,2026-06-19 00:07:00,2026-06-19,tester,2026-06-19 00:07:20,https://www.commcarehq.org/form/c6f939ca-253e-4715-8573-981d4e1ceaa6,tester
85,79a32289-9d90-4b68-93c5-24d0eef3608d,community_02,Amina,Daniel,male,1994-11-09,,08033460518,https://www.commcarehq.org/photos/farmer_85.jpg,12,crop_farming,4,family_land,6,borehole,---,rice,---,---,1.7,---,---,---,10.4358906 7.4214408 0.0 20.0,yes,5d49c216-34cd-4e65-a999-b7634b311547,2026-05-14 00:05:00,2026-05-14,tester,2026-05-14 00:05:20,https://www.commcarehq.org/form/79a32289-9d90-4b68-93c5-24d0eef3608d,tester
86,b997372d-844a-482b-bdb0-b308b272de1e,community_04,Peter,Ibrahim,male,1995-10-25,95825278204,08019491210,https://www.commcarehq.org/photos/farmer_86.jpg,3,livestock_farming,11,owned,3,irrigation_scheme,---,groundnuts,1.5,---,---,goats,12,---,10.4078753 7.5668648 0.0 20.0,no,4d8ae0f8-a588-4529-add1-4d145b05e6a8,2026-06-29 00:06:00,2026-06-29,tester,2026-06-29 00:06:18,https://www.commcarehq.org/form/b997372d-844a-482b-bdb0-b308b272de1e,tester
87,8a212fb8-b4b3-4ad1-97ee-8452a228fe31,community_01,Sarah,Peter,female,1985-05-18,46124497642,08034602166,https://www.commcarehq.org/photos/farmer_87.jpg,3,mixed_farming,2,family_land,2,rain-fed,---,maize rice,---,5.6,3.5,---,---,---,10.291183 7.3201922 0.0 20.0,yes,ee3ef4ff-887d-4607-81a0-3bb351745e9a,2026-03-24 00:04:00,2026-03-24,tester,2026-03-24 00:04:18,https://www.commcarehq.org/form/8a212fb8-b4b3-4ad1-97ee-8452a228fe31,tester
88,38dcdda3-bcc3-4d92-84cb-9d396d1af211,community_04,Fatima,Daniel,male,1952-11-13,,08088513518,https://www.commcarehq.org/photos/farmer_88.jpg,1,crop_farming,4,owned,5,borehole,---,maize rice,---,3.5,2.7,goats,2,---,10.3955147 7.3784414 0.0 20.0,yes,598652c8-c948-4df4-aaf1-a8a8dc8c9508,2026-05-02 00:06:00,2026-05-02,tester,2026-05-02 00:06:16,https://www.commcarehq.org/form/38dcdda3-bcc3-4d92-84cb-9d396d1af211,tester
89,e7bedef0-9a87-4366-873c-84b48e4ad771,community_03,Joy,Michael,male,1975-02-19,31688086108,08087222265,https://www.commcarehq.org/photos/farmer_89.jpg,1,mixed_farming,1,owned,3,rain-fed,---,rice maize groundnuts,2.7,5.6,2.1,goats,11,---,10.5297243 7.358861 0.0 20.0,yes,c9254a9b-b78f-48b9-aed1-a49f27762ce8,2026-05-11 00:07:00,2026-05-11,tester,2026-05-11 00:07:16,https://www.commcarehq.org/form/e7bedef0-9a87-4366-873c-84b48e4ad771,tester
90,a0c3449a-c4cf-456f-9e87-3debb8c8c2bc,community_04,Hauwa,Eze,male,1979-06-11,97086832438,08032696152,https://www.commcarehq.org/photos/farmer_90.jpg,3,mixed_farming,22,owned,1,borehole,---,maize rice,---,2.9,3.1,---,---,---,10.5264059 7.3372668 0.0 20.0,yes,2fd7494b-dc36-4d24-8ebb-440af2ea2e8d,2026-06-25 00:06:00,2026-06-25,tester,2026-06-25 00:06:20,https://www.commcarehq.org/form/a0c3449a-c4cf-456f-9e87-3debb8c8c2bc,tester
91,907a3ab2-eecd-405f-aa12-54badd53a262,community_07,Ahmed,Samuel,male,1968-04-14,29201857661,08077599862,https://www.commcarehq.org/photos/farmer_91.jpg,4,mixed_farming,22,owned,3,river_stream,---,groundnuts rice,1.7,---,1.2,goats,23,---,10.3193423 7.2216248 0.0 20.0,yes,58b90ab8-f908-49aa-a6c8-e4f388614375,2026-02-05 00:03:00,2026-02-05,tester,2026-02-05 00:03:15,https://www.commcarehq.org/form/907a3ab2-eecd-405f-aa12-54badd53a262,tester
92,30f11a9b-d1b0-46d0-b232-896664097861,community_03,Blessing,Michael,female,1991-04-09,,08046160271,https://www.commcarehq.org/photos/farmer_92.jpg,4,crop_farming,14,family_land,2,rain-fed,---,groundnuts,1.8,---,---,---,---,---,10.5568026 7.5027391 0.0 20.0,yes,aed64a4b-6b36-46b0-ab93-c5802e183f7a,2026-01-05 00:07:00,2026-01-05,tester,2026-01-05 00:07:05,https://www.commcarehq.org/form/30f11a9b-d1b0-46d0-b232-896664097861,tester
93,ee4b6382-e911-4c04-b898-734bc37a6dfe,community_05,Peter,Garba,female,1994-05-18,51183027018,08018227538,https://www.commcarehq.org/photos/farmer_93.jpg,4,crop_farming,4,owned,4,borehole,---,groundnuts,2.3,---,---,rabbits,---,25,10.484444 7.5168509 0.0 20.0,yes,56baef62-cf9e-4710-8701-d7b31b316c65,2026-06-13 00:04:00,2026-06-13,tester,2026-06-13 00:04:06,https://www.commcarehq.org/form/ee4b6382-e911-4c04-b898-734bc37a6dfe,tester
94,721b671d-b9fd-4b8c-a7fc-a53327f60dba,community_04,Grace,Adeyemi,male,1975-07-26,63447922883,08012726041,https://www.commcarehq.org/photos/farmer_94.jpg,7,crop_farming,7,owned,4,borehole,---,groundnuts rice,2.4,---,3.4,---,---,---,10.3639025 7.2641494 0.0 20.0,yes,088f0855-01ba-4154-98f0-0a1b6f8af73a,2026-02-23 00:07:00,2026-02-23,tester,2026-02-23 00:07:20,https://www.commcarehq.org/form/721b671d-b9fd-4b8c-a7fc-a53327f60dba,tester
95,7b03f56a-2413-4931-959c-ccf4cd29ead2,community_02,Amina,Yusuf,female,1951-05-05,,08070796492,https://www.commcarehq.org/photos/farmer_95.jpg,1,livestock_farming,24,family_land,2,rain-fed,---,groundnuts,2.6,---,---,rabbits,---,24,10.557811 7.5820357 0.0 20.0,yes,3dbc97c1-3eb3-4b33-85d9-183994667b1b,2026-01-24 00:04:00,2026-01-24,tester,2026-01-24 00:04:15,https://www.commcarehq.org/form/7b03f56a-2413-4931-959c-ccf4cd29ead2,tester
96,54764492-f182-4fa1-915a-f51a32a20c09,community_02,Joseph,David,female,1989-07-22,,08076716091,https://www.commcarehq.org/photos/farmer_96.jpg,6,mixed_farming,15,owned,2,rain-fed,---,rice groundnuts maize,2.8,1.2,1.9,goats,10,---,10.2049441 7.5473329 0.0 20.0,yes,30dd7c0e-9312-40ce-840d-7589caa37943,2026-05-28 00:07:00,2026-05-28,tester,2026-05-28 00:07:12,https://www.commcarehq.org/form/54764492-f182-4fa1-915a-f51a32a20c09,tester
97,45725aab-43e1-45f2-8e80-9fdb95143b11,community_07,Ahmed,Tanko,male,1977-05-26,43185717519,08046618860,https://www.commcarehq.org/photos/farmer_97.jpg,4,crop_farming,6,owned,2,rain-fed,---,groundnuts rice,1.9,---,1.8,rabbits,---,30,10.5205045 7.3792394 0.0 20.0,yes,487bac03-82c8-4cbb-a325-f7a3bd95d40f,2026-04-25 00:04:00,2026-04-25,tester,2026-04-25 00:04:08,https://www.commcarehq.org/form/45725aab-43e1-45f2-8e80-9fdb95143b11,tester
98,c98faa65-d3c7-4444-b74c-5a9da8ff7cd5,community_07,Suleiman,Ojo,male,1995-09-27,22137185725,08079685643,https://www.commcarehq.org/photos/farmer_98.jpg,3,crop_farming,13,family_land,2,rain-fed,---,groundnuts rice,2.4,---,1.3,goats,22,---,10.3167934 7.408794 0.0 20.0,yes,b455c352-1ade-421b-8be8-af1c3eb91658,2026-01-12 00:03:00,2026-01-12,tester,2026-01-12 00:03:20,https://www.commcarehq.org/form/c98faa65-d3c7-4444-b74c-5a9da8ff7cd5,tester
99,d59277e6-2f9d-48ba-85dc-b26c5464a157,community_01,Yusuf,Balogun,female,1999-03-30,37457281372,08047714985,https://www.commcarehq.org/photos/farmer_99.jpg,6,mixed_farming,8,owned,5,river_stream,---,rice groundnuts,2.2,---,1.1,rabbits,---,40,10.4424643 7.3287375 0.0 20.0,yes,8d9a2976-7fb5-41e5-98ce-706beecfa24b,2026-04-18 00:06:00,2026-04-18,tester,2026-04-18 00:06:12,https://www.commcarehq.org/form/d59277e6-2f9d-48ba-85dc-b26c5464a157,tester
100,0402e396-3fd5-40aa-88da-22f568e0437b,community_02,Ibrahim,Ahmed,male,2001-09-02,,08072787962,https://www.commcarehq.org/photos/farmer_100.jpg,7,livestock_farming,2,leased,3,rain-fed,---,rice maize groundnuts,2.4,3.9,2.5,---,---,---,10.4696974 7.5575464 0.0 20.0,yes,7c90fd71-1937-4949-bbfd-11e283ca5f15,2026-04-19 00:08:00,2026-04-19,tester,2026-04-19 00:08:05,https://www.commcarehq.org/form/0402e396-3fd5-40aa-88da-22f568e0437b,tester
101,13f4bd8d-af1a-436e-b497-5a1ce7b9fef7,community_04,Amina,David,male,1983-02-26,,08012286270,https://www.commcarehq.org/photos/farmer_101.jpg,1,mixed_farming,8,owned,3,borehole,---,maize rice,---,6.2,3.9,goats rabbits,19,18,10.2812349 7.54754 0.0 20.0,yes,70ba3da9-ac7a-4a47-894c-8359d4486fd2,2026-04-24 00:08:00,2026-04-24,tester,2026-04-24 00:08:12,https://www.commcarehq.org/form/13f4bd8d-af1a-436e-b497-5a1ce7b9fef7,tester
102,b9d58d3d-e273-4801-a16a-42f18bac597b,community_07,Yusuf,Ogunleye,female,1967-09-11,49485772012,08049097102,https://www.commcarehq.org/photos/farmer_102.jpg,12,mixed_farming,10,owned,2,borehole,---,rice maize groundnuts,2.5,3.8,0.8,---,---,---,10.5827951 7.4082425 0.0 20.0,yes,3b1fabd5-161e-4cb7-9afb-fb0d4a421af5,2026-02-10 00:05:00,2026-02-10,tester,2026-02-10 00:05:17,https://www.commcarehq.org/form/b9d58d3d-e273-4801-a16a-42f18bac597b,tester
103,ee02d897-997c-4a6b-9aca-099bf2ed08f5,community_01,Peter,Michael,male,1991-02-10,94837010202,08059890649,https://www.commcarehq.org/photos/farmer_103.jpg,7,crop_farming,11,owned,1,rain-fed,---,groundnuts maize,1.8,3.6,---,---,---,---,10.4606113 7.3281251 0.0 20.0,yes,9959d681-efcd-4bbc-b9e7-e93b3ea78732,2026-01-25 00:03:00,2026-01-25,tester,2026-01-25 00:03:05,https://www.commcarehq.org/form/ee02d897-997c-4a6b-9aca-099bf2ed08f5,tester
104,257f0730-e0fc-4230-ab62-8a5a4197c2b2,community_05,John,Adeyemi,female,1990-05-18,97768677875,08080607001,https://www.commcarehq.org/photos/farmer_104.jpg,5,crop_farming,9,owned,2,rain-fed,---,maize,---,4.5,---,---,---,---,10.4473397 7.5023842 0.0 20.0,yes,89de24ca-ebd9-4986-a89f-23a0bca6eeac,2026-06-29 00:08:00,2026-06-29,tester,2026-06-29 00:08:07,https://www.commcarehq.org/form/257f0730-e0fc-4230-ab62-8a5a4197c2b2,tester
105,c01d9a2f-c728-4ea1-91dd-908a90bc85f6,community_03,Esther,James,male,1977-05-30,74109649171,08038012778,https://www.commcarehq.org/photos/farmer_105.jpg,5,mixed_farming,30,leased,3,dam_reservoir,---,rice,---,---,3.6,goats rabbits,3,40,10.3576327 7.4190102 0.0 20.0,yes,76dee94d-a17a-41b2-ab70-d0aa7c06cd25,2026-02-23 00:07:00,2026-02-23,tester,2026-02-23 00:07:16,https://www.commcarehq.org/form/c01d9a2f-c728-4ea1-91dd-908a90bc85f6,tester
106,4124d292-3ae5-4a06-b6af-50484a8f8af6,community_02,Naomi,Ojo,female,2006-03-15,36855321468,08016507956,https://www.commcarehq.org/photos/farmer_106.jpg,9,crop_farming,2,leased,6,rain-fed,---,rice groundnuts,2.8,---,1.6,---,---,---,10.3222702 7.433668 0.0 20.0,yes,e5490027-e5b9-445b-9a5a-29c42091ac0b,2026-04-04 00:08:00,2026-04-04,tester,2026-04-04 00:08:15,https://www.commcarehq.org/form/4124d292-3ae5-4a06-b6af-50484a8f8af6,tester
107,f2204450-3ecf-4936-bdfd-d6184656ca00,community_07,Rebecca,Yusuf,male,1970-02-24,,08017843351,https://www.commcarehq.org/photos/farmer_107.jpg,2,crop_farming,35,owned,3,rain-fed,---,groundnuts,2.6,---,---,---,---,---,10.4315603 7.5076801 0.0 20.0,yes,c11619c5-359f-46be-b3a7-cd7a8feb769f,2026-01-10 00:06:00,2026-01-10,tester,2026-01-10 00:06:13,https://www.commcarehq.org/form/f2204450-3ecf-4936-bdfd-d6184656ca00,tester
108,3dbacf3b-7a4c-4389-b9eb-504766b0de5a,community_04,Mercy,Ibrahim,female,2002-03-15,,08058150302,https://www.commcarehq.org/photos/farmer_108.jpg,7,crop_farming,2,owned,3,dam_reservoir,---,rice maize groundnuts,0.6,5.1,1.3,goats rabbits,9,15,10.4071541 7.5165842 0.0 20.0,yes,1472dddb-b941-4bcb-bf1b-4f013e12e2b2,2026-04-27 00:02:00,2026-04-27,tester,2026-04-27 00:02:06,https://www.commcarehq.org/form/3dbacf3b-7a4c-4389-b9eb-504766b0de5a,tester
109,3066d02b-2617-44ae-b877-f22046f20967,community_07,Ibrahim,James,female,1982-02-28,33923655686,08033580292,https://www.commcarehq.org/photos/farmer_109.jpg,6,crop_farming,16,leased,1,rain-fed,---,groundnuts,0.7,---,---,---,---,---,10.2747623 7.3448892 0.0 20.0,yes,20ba8206-7bcc-41d2-8427-f5611ad9dbf0,2026-01-31 00:07:00,2026-01-31,tester,2026-01-31 00:07:12,https://www.commcarehq.org/form/3066d02b-2617-44ae-b877-f22046f20967,tester
110,16c893f9-1e7d-4775-8fc6-38c612fbbf66,community_03,IBRAHIM,BALOGUN,male,1979-03-28,11764798660,08021515811,https://www.commcarehq.org/photos/farmer_110.jpg,4,livestock_farming,21,owned,3,river_stream,---,groundnuts,1.6,---,---,---,---,---,10.2682267 7.5321454 0.0 20.0,yes,fdd3b9c1-2f04-48a9-8aca-78ea3486bb65,2026-05-30 00:08:00,2026-05-30,tester,2026-05-30 00:08:10,https://www.commcarehq.org/form/16c893f9-1e7d-4775-8fc6-38c612fbbf66,tester
111,26cc6a81-f880-484d-842e-be647d8b3144,community_04,Esther,Mohammed,male,1978-09-11,62526650242,08031285410,https://www.commcarehq.org/photos/farmer_111.jpg,6,livestock_farming,18,owned,6,rain-fed,---,rice groundnuts maize,1.8,2.7,0.7,---,---,---,10.5209201 7.5158222 0.0 20.0,yes,209f5472-0335-4aae-a036-7342ae10716d,2026-05-31 00:08:00,2026-05-31,tester,2026-05-31 00:08:08,https://www.commcarehq.org/form/26cc6a81-f880-484d-842e-be647d8b3144,tester
112,0ba79e72-87ae-4a7d-8d43-3ab0e4e4bb15,community_03,James,Ibrahim,female,1964-02-22,68169881816,08020705532,https://www.commcarehq.org/photos/farmer_112.jpg,5,crop_farming,38,owned,3,rain-fed,---,rice maize,---,5.0,1.9,---,---,---,10.3480852 7.4219645 0.0 20.0,yes,90b6a361-0c5d-401d-bf63-92e4d9b5a158,2026-03-20 00:06:00,2026-03-20,tester,2026-03-20 00:06:16,https://www.commcarehq.org/form/0ba79e72-87ae-4a7d-8d43-3ab0e4e4bb15,tester
113,6cd521e4-8775-49ba-bce2-fb82bc597fda,community_06,Joseph,Balogun,male,1975-03-19,23579806655,08024356719,https://www.commcarehq.org/photos/farmer_113.jpg,3,crop_farming,28,owned,2,rain-fed,---,rice,---,---,1.8,---,---,---,10.4084022 7.4846423 0.0 20.0,yes,54c95724-c864-445e-94ce-f3ae98674466,2026-02-14 00:07:00,2026-02-14,tester,2026-02-14 00:07:20,https://www.commcarehq.org/form/6cd521e4-8775-49ba-bce2-fb82bc597fda,tester
114,70699245-0373-4dbd-a86d-dcb94631b02b,community_03,John,Tanko,female,1972-04-06,81294373670,08052102019,https://www.commcarehq.org/photos/farmer_114.jpg,6,mixed_farming,34,owned,4,rain-fed,---,rice maize groundnuts,2.9,2.2,2.6,goats,14,---,10.304443 7.3628539 0.0 20.0,yes,e09c5166-4192-4d22-856c-1c1e5bf82c07,2026-01-19 00:06:00,2026-01-19,tester,2026-01-19 00:06:14,https://www.commcarehq.org/form/70699245-0373-4dbd-a86d-dcb94631b02b,tester
115,549d18ee-ea5f-46fa-94e2-f57505a3dea4,community_02,Mary,Abdullahi,male,1987-09-20,88928958800,08042376884,https://www.commcarehq.org/photos/farmer_115.jpg,1,crop_farming,11,owned,2,rain-fed,---,groundnuts maize,0.7,4.5,---,rabbits,---,13,10.3906222 7.3414152 0.0 20.0,yes,0fb378c1-5fe9-406d-8877-0b3e1a16f1b6,2026-03-10 00:03:00,2026-03-10,tester,2026-03-10 00:03:11,https://www.commcarehq.org/form/549d18ee-ea5f-46fa-94e2-f57505a3dea4,tester
116,41225d3c-43de-4764-9a2c-0c6879bfae8c,community_04,John,Garba,female,1973-03-19,59901493709,08011966675,https://www.commcarehq.org/photos/farmer_116.jpg,3,crop_farming,18,owned,3,rain-fed,---,groundnuts rice maize,1.7,3.7,2.3,goats,23,---,10.3828784 7.2481473 0.0 20.0,yes,fc39274b-210d-4de0-8442-62c34779ea0c,2026-03-22 00:07:00,2026-03-22,tester,2026-03-22 00:07:05,https://www.commcarehq.org/form/41225d3c-43de-4764-9a2c-0c6879bfae8c,tester
117,3cc1cfe3-8823-40df-b00a-cf8751ffcc15,community_01,John,David,female,1987-03-01,41193699086,08029314473,https://www.commcarehq.org/photos/farmer_117.jpg,6,crop_farming,19,family_land,1,river_stream,---,maize rice groundnuts,0.9,6.3,1.0,rabbits,---,33,10.2537887 7.5573082 0.0 20.0,yes,9711e03c-f5a0-47dc-8fb2-7b942ca03704,2026-05-17 00:07:00,2026-05-17,tester,2026-05-17 00:07:15,https://www.commcarehq.org/form/3cc1cfe3-8823-40df-b00a-cf8751ffcc15,tester
118,3e11f261-a004-48f1-b5ed-1fb447fd0bf2,community_06,Musa,Mohammed,female,1980-05-23,,08008464335,https://www.commcarehq.org/photos/farmer_118.jpg,5,crop_farming,22,leased,1,rain-fed,---,groundnuts maize rice,1.3,3.6,3.2,goats,4,---,10.3146094 7.4526849 0.0 20.0,yes,4627fa01-cd83-4936-9f42-4bbb95812093,2026-02-12 00:07:00,2026-02-12,tester,2026-02-12 00:07:15,https://www.commcarehq.org/form/3e11f261-a004-48f1-b5ed-1fb447fd0bf2,tester
119,f5855229-323a-4de2-9b9b-157f5414d77e,community_03,Hauwa,Okafor,male,1964-04-25,54296068163,08067638797,https://www.commcarehq.org/photos/farmer_119.jpg,7,crop_farming,2,owned,1,dam_reservoir,---,rice groundnuts maize,0.9,1.1,0.7,---,---,---,10.210546 7.358805 0.0 20.0,yes,2b1afb3f-04fa-4471-b77a-4d070216d942,2026-01-22 00:02:00,2026-01-22,tester,2026-01-22 00:02:13,https://www.commcarehq.org/form/f5855229-323a-4de2-9b9b-157f5414d77e,tester
120,7b5c6e30-02ea-4605-a695-1e24ab2229c9,community_04,Fatima,Ojo,female,1993-03-05,,08041510398,https://www.commcarehq.org/photos/farmer_120.jpg,6,crop_farming,8,owned,3,rain-fed,---,rice maize,---,3.6,2.7,goats,13,---,10.2908514 7.2358216 0.0 20.0,yes,3abf4e88-cffe-4f9c-b527-3394a24a2bc3,2026-04-16 00:04:00,2026-04-16,tester,2026-04-16 00:04:09,https://www.commcarehq.org/form/7b5c6e30-02ea-4605-a695-1e24ab2229c9,tester
121,cac693a1-ab27-4dfa-8aea-3ce5375d93bd,community_02,Amina,Yakubu,female,1971-02-19,78384848954,08094042203,https://www.commcarehq.org/photos/farmer_121.jpg,6,crop_farming,25,family_land,1,rain-fed,---,rice,---,---,3.2,---,---,---,10.4738561 7.3138707 0.0 20.0,yes,f81bd8eb-2403-4a7b-b1e0-615fe5b45479,2026-03-10 00:05:00,2026-03-10,tester,2026-03-10 00:05:11,https://www.commcarehq.org/form/cac693a1-ab27-4dfa-8aea-3ce5375d93bd,tester
122,43946acd-0dad-4391-98e7-93147e7f11f2,community_06,Rebecca,Peter,male,1976-11-24,77099216564,08010051127,https://www.commcarehq.org/photos/farmer_122.jpg,1,crop_farming,22,owned,2,rain-fed,---,maize,---,1.0,---,rabbits,---,19,10.5102612 7.2285539 0.0 20.0,yes,e8b60118-7ebb-48ea-bda2-8e8fa51b5e57,2026-02-19 00:08:00,2026-02-19,tester,2026-02-19 00:08:13,https://www.commcarehq.org/form/43946acd-0dad-4391-98e7-93147e7f11f2,tester
123,fa609539-ab33-4a6e-8430-84b2095566b0,community_06,Joy,Yusuf,male,1972-12-29,,08047047594,https://www.commcarehq.org/photos/farmer_123.jpg,8,crop_farming,3,family_land,3,rain-fed,---,maize groundnuts rice,2.7,5.7,1.3,goats,22,---,10.2060271 7.5177562 0.0 20.0,yes,4a339ef5-8c20-42db-b1c5-e183d0303b01,2026-04-12 00:08:00,2026-04-12,tester,2026-04-12 00:08:12,https://www.commcarehq.org/form/fa609539-ab33-4a6e-8430-84b2095566b0,tester
124,e3dbab91-7d8b-4493-af61-16ceeef713b8,community_01,Grace,Okafor,female,1977-04-25,40449084336,08010699606,https://www.commcarehq.org/photos/farmer_124.jpg,8,crop_farming,11,leased,3,river_stream,---,rice groundnuts,0.6,---,1.8,---,---,---,10.2157954 7.4826504 0.0 20.0,yes,fa5f02d1-e6d1-45ef-b625-2deb4f0ca9c9,2026-05-19 00:07:00,2026-05-19,tester,2026-05-19 00:07:20,https://www.commcarehq.org/form/e3dbab91-7d8b-4493-af61-16ceeef713b8,tester
125,bb502323-52dc-4b74-95bc-ab8e7626190a,community_02,Rebecca,Sani,male,1971-09-12,,08050122306,https://www.commcarehq.org/photos/farmer_125.jpg,6,mixed_farming,24,family_land,1,rain-fed,---,maize groundnuts rice,2.4,1.4,1.5,goats rabbits,12,35,10.4635564 7.2175109 0.0 20.0,yes,577c6aee-96cc-486a-a5e7-ebc0931bb2f4,2026-02-15 00:08:00,2026-02-15,tester,2026-02-15 00:08:06,https://www.commcarehq.org/form/bb502323-52dc-4b74-95bc-ab8e7626190a,tester
126,667c5911-f34e-4885-b18e-a6ae5d269511,community_02,Ruth,Daniel,male,1979-08-11,46895061501,08002709698,https://www.commcarehq.org/photos/farmer_126.jpg,12,mixed_farming,26,family_land,3,rain-fed,---,maize,---,1.0,---,goats rabbits,18,16,10.4126644 7.2757842 0.0 20.0,yes,7e2540e2-5ae9-42c3-991d-4306428f18f7,2026-03-05 00:06:00,2026-03-05,tester,2026-03-05 00:06:10,https://www.commcarehq.org/form/667c5911-f34e-4885-b18e-a6ae5d269511,tester
127,9bb52d25-105d-47b5-aa80-f1184826c296,community_04,Mercy,Usman,female,1967-01-14,,08074175565,https://www.commcarehq.org/photos/farmer_127.jpg,7,crop_farming,21,family_land,2,rain-fed,---,maize groundnuts rice,1.4,3.8,3.1,goats,16,---,10.3588362 7.4905253 0.0 20.0,yes,f470dbe2-b466-456b-8514-561018621093,2026-06-02 00:02:00,2026-06-02,tester,2026-06-02 00:02:09,https://www.commcarehq.org/form/9bb52d25-105d-47b5-aa80-f1184826c296,tester
128,8451625e-9a23-4f74-bd01-68dababe9d4a,community_07,Musa,Yusuf,male,1991-06-29,,08098955504,https://www.commcarehq.org/photos/farmer_128.jpg,2,crop_farming,9,family_land,1,rain-fed,---,rice,---,---,0.8,goats rabbits,17,38,10.5278061 7.2381456 0.0 20.0,yes,103ea0cd-e482-435e-82df-40b0745a5c56,2026-01-10 00:07:00,2026-01-10,tester,2026-01-10 00:07:17,https://www.commcarehq.org/form/8451625e-9a23-4f74-bd01-68dababe9d4a,tester
129,db2fc11f-29bd-453a-b8d2-6a488a5cc9a7,community_01,Grace,Philip,female,1989-12-09,,08017789660,https://www.commcarehq.org/photos/farmer_129.jpg,1,mixed_farming,5,owned,3,other,Spring Water,rice groundnuts maize,1.6,5.2,1.0,goats,17,---,10.2197244 7.3596765 0.0 20.0,yes,94ed4ee7-2b17-4684-b3af-c1d2b17d747d,2026-05-09 00:05:00,2026-05-09,tester,2026-05-09 00:05:09,https://www.commcarehq.org/form/db2fc11f-29bd-453a-b8d2-6a488a5cc9a7,tester
130,9067dd6b-3ca7-4600-939d-c66c4f391578,community_06,Ruth,Sani,male,1987-04-02,42316398164,08022465143,https://www.commcarehq.org/photos/farmer_130.jpg,4,crop_farming,10,owned,2,other,Community Well,groundnuts maize rice,2.8,1.9,2.9,goats,25,---,10.2449487 7.2218152 0.0 20.0,yes,edc785c7-9c49-4961-b940-a56ca6b80314,2026-02-07 00:08:00,2026-02-07,tester,2026-02-07 00:08:14,https://www.commcarehq.org/form/9067dd6b-3ca7-4600-939d-c66c4f391578,tester
131,71d46e66-d58b-401b-87e0-9e230bdfb830,community_01,Yusuf,Abdullahi,male,1996-01-21,38080519624,08025247160,https://www.commcarehq.org/photos/farmer_131.jpg,7,crop_farming,1,owned,3,rain-fed,---,groundnuts rice maize,2.2,4.5,3.7,goats rabbits,5,26,10.2924674 7.3522805 0.0 20.0,yes,c625c17d-c06e-4bd2-972f-432ea1f58a6e,2026-01-26 00:04:00,2026-01-26,tester,2026-01-26 00:04:20,https://www.commcarehq.org/form/71d46e66-d58b-401b-87e0-9e230bdfb830,tester
132,d4cfb409-ed3f-4c2b-b362-ee4694be50e0,community_06,Mercy,Bello,male,1978-09-29,,08002533133,https://www.commcarehq.org/photos/farmer_132.jpg,8,livestock_farming,9,family_land,3,rain-fed,---,rice,---,---,3.8,goats,12,---,10.4627727 7.235118 0.0 20.0,yes,aadf225f-2cd4-4425-8d23-95c65d012b5a,2026-06-23 00:06:00,2026-06-23,tester,2026-06-23 00:06:12,https://www.commcarehq.org/form/d4cfb409-ed3f-4c2b-b362-ee4694be50e0,tester
133,7bd8b6a7-4495-4f14-9bf5-aa5a567bdec7,community_03,Blessing,Peter,male,1987-01-24,36335760771,08065621689,https://www.commcarehq.org/photos/farmer_133.jpg,6,crop_farming,19,leased,6,dam_reservoir,---,groundnuts,1.3,---,---,---,---,---,10.506174 7.5520528 0.0 20.0,yes,d77ae6ea-b31a-4fc0-85df-ac40e30ba75d,2026-04-16 00:04:00,2026-04-16,tester,2026-04-16 00:04:19,https://www.commcarehq.org/form/7bd8b6a7-4495-4f14-9bf5-aa5a567bdec7,tester
134,68ecffcf-4529-43f2-b657-820b45dbb936,community_05,Joy,Michael,female,1974-04-09,10793480168,08076252263,https://www.commcarehq.org/photos/farmer_134.jpg,8,mixed_farming,31,family_land,5,rain-fed,---,groundnuts,1.0,---,---,goats,2,---,10.5800792 7.2890217 0.0 20.0,yes,04366a19-220f-4e54-a5be-75a39f54a4d3,2026-02-21 00:08:00,2026-02-21,tester,2026-02-21 00:08:11,https://www.commcarehq.org/form/68ecffcf-4529-43f2-b657-820b45dbb936,tester
135,6a1b0127-f9b9-4e74-90f5-f5ed6490d496,community_01,Elizabeth,Ali,female,1980-11-20,,08047687395,https://www.commcarehq.org/photos/farmer_135.jpg,7,mixed_farming,17,owned,2,rain-fed,---,rice,---,---,2.4,rabbits,---,26,10.4064507 7.4522594 0.0 20.0,yes,bd25f304-1971-471e-8180-b62808c32fb8,2026-03-16 00:05:00,2026-03-16,tester,2026-03-16 00:05:17,https://www.commcarehq.org/form/6a1b0127-f9b9-4e74-90f5-f5ed6490d496,tester
136,c5bbc110-efc9-44b4-919b-79f7c26da16d,community_06,Emmanuel,Haruna,male,2003-08-28,,08069460515,https://www.commcarehq.org/photos/farmer_136.jpg,8,crop_farming,1,owned,3,irrigation_scheme,---,groundnuts maize,1.3,4.4,---,rabbits,---,9,10.2364765 7.4824907 0.0 20.0,yes,9a4a108b-1e77-4868-8299-afefce324fda,2026-01-22 00:06:00,2026-01-22,tester,2026-01-22 00:06:17,https://www.commcarehq.org/form/c5bbc110-efc9-44b4-919b-79f7c26da16d,tester
137,c6b14c8b-0354-49e2-8266-9b472d63952d,community_05,Esther,Eze,female,1990-06-18,,08095618174,https://www.commcarehq.org/photos/farmer_137.jpg,5,crop_farming,6,owned,1,rain-fed,---,groundnuts maize,1.7,3.5,---,---,---,---,10.3973867 7.2867495 0.0 20.0,yes,6ac4528e-4f7f-4b75-abed-f85895061d8e,2026-04-27 00:05:00,2026-04-27,tester,2026-04-27 00:05:19,https://www.commcarehq.org/form/c6b14c8b-0354-49e2-8266-9b472d63952d,tester
138,24690607-6f3f-4139-a121-c5fab9514b52,community_01,Hauwa,Yusuf,male,1976-08-26,39314236296,08001608682,https://www.commcarehq.org/photos/farmer_138.jpg,2,crop_farming,19,family_land,3,rain-fed,---,groundnuts maize rice,2.8,1.1,1.5,goats,14,---,10.5033768 7.5373239 0.0 20.0,yes,da944e6e-53e1-4cbd-bfea-60b1cf6935e8,2026-05-01 00:03:00,2026-05-01,tester,2026-05-01 00:03:08,https://www.commcarehq.org/form/24690607-6f3f-4139-a121-c5fab9514b52,tester
139,933d8658-866c-403d-b16c-ed11fb3c8a4e,community_05,James,Johnson,male,1982-09-02,74801048121,08076774825,https://www.commcarehq.org/photos/farmer_139.jpg,7,mixed_farming,17,family_land,2,rain-fed,---,groundnuts maize rice,0.5,0.6,2.7,goats,8,---,10.5995948 7.3656165 0.0 20.0,yes,18c24094-f2b2-4bcf-97fc-075b3faa1d35,2026-05-24 00:08:00,2026-05-24,tester,2026-05-24 00:08:11,https://www.commcarehq.org/form/933d8658-866c-403d-b16c-ed11fb3c8a4e,tester
140,24701718-0eda-4797-b6a2-65af686e3e7c,community_01,John,Ogunleye,male,1972-02-12,22911235485,+2348063760133,https://www.commcarehq.org/photos/farmer_140.jpg,8,crop_farming,9,owned,3,river_stream,---,maize rice,---,6.1,0.7,---,---,---,10.471279 7.4220709 0.0 20.0,no,148002f6-523b-48e8-bd8a-617848eb8f5f,2026-05-28 00:07:00,2026-05-28,tester,2026-05-28 00:07:15,https://www.commcarehq.org/form/24701718-0eda-4797-b6a2-65af686e3e7c,tester
141,9c04eefd-218e-4f66-bfa8-65735fb14254,community_06,Naomi,Abdullahi,male,1958-07-03,97510992796,08051611738,https://www.commcarehq.org/photos/farmer_141.jpg,10,crop_farming,20,owned,5,borehole,---,groundnuts,1.6,---,---,goats,17,---,10.2616311 7.3360464 0.0 20.0,yes,c1a1d51a-baba-4296-8297-10794db6ac8c,2026-05-15 00:04:00,2026-05-15,tester,2026-05-15 00:04:15,https://www.commcarehq.org/form/9c04eefd-218e-4f66-bfa8-65735fb14254,tester
142,14a5adb8-13e4-4e68-ad5a-69e845e27225,community_01,Deborah,James,female,1962-04-03,,08047509650,https://www.commcarehq.org/photos/farmer_142.jpg,6,mixed_farming,20,owned,2,rain-fed,---,groundnuts,1.2,---,---,---,---,---,10.4684496 7.3090617 0.0 20.0,yes,575767c8-4def-45b6-a115-397f4f2ed82b,2026-01-30 00:02:00,2026-01-30,tester,2026-01-30 00:02:08,https://www.commcarehq.org/form/14a5adb8-13e4-4e68-ad5a-69e845e27225,tester
143,8530b171-112a-49b5-a1c3-6892897a9f54,community_02,Daniel,Sani,male,1997-02-13,19325555021,+2348038500903,https://www.commcarehq.org/photos/farmer_143.jpg,3,mixed_farming,10,family_land,3,rain-fed,---,maize groundnuts,2.3,4.5,---,---,---,---,10.5022972 7.3862781 0.0 20.0,yes,79225242-cd6b-42f7-9bff-f7bd6308c377,2026-06-28 00:05:00,2026-06-28,tester,2026-06-28 00:05:08,https://www.commcarehq.org/form/8530b171-112a-49b5-a1c3-6892897a9f54,tester
144,0f478197-8aaf-47bf-afde-0ae9c7034365,community_03,AHMED,Ojo,female,1983-03-20,95451384522,08023193834,https://www.commcarehq.org/photos/farmer_144.jpg,3,crop_farming,6,owned,2,rain-fed,---,maize,---,5.4,---,---,---,---,10.4597806 7.5169724 0.0 20.0,yes,1db25887-b42c-4766-9af3-83643052fdc2,2026-04-13 00:06:00,2026-04-13,tester,2026-04-13 00:06:18,https://www.commcarehq.org/form/0f478197-8aaf-47bf-afde-0ae9c7034365,tester
145,eef27323-d89c-440d-bc73-7d0d5d7bbef7,community_02,Peter,Sani,male,1985-01-18,90290375722,08049536167,https://www.commcarehq.org/photos/farmer_145.jpg,8,mixed_farming,15,owned,1,rain-fed,---,groundnuts rice,2.2,---,2.6,---,---,---,10.4579956 7.2245929 0.0 20.0,yes,467ced9e-e8bf-436e-8d34-97ea1eb85004,2026-02-05 00:06:00,2026-02-05,tester,2026-02-05 00:06:05,https://www.commcarehq.org/form/eef27323-d89c-440d-bc73-7d0d5d7bbef7,tester
146,6686d947-b1aa-445a-8f7a-f0b502bd0e56,community_05,Ahmed,Peter,male,1986-09-19,56718186147,08027699799,https://www.commcarehq.org/photos/farmer_146.jpg,2,livestock_farming,2,owned,3,rain-fed,---,maize groundnuts rice,2.7,1.9,3.0,goats,12,---,10.3624131 7.374076 0.0 20.0,yes,6d3a1334-dbd0-42d0-9b79-42b2187241b9,2026-02-14 00:05:00,2026-02-14,tester,2026-02-14 00:05:09,https://www.commcarehq.org/form/6686d947-b1aa-445a-8f7a-f0b502bd0e56,tester
147,6f4f410d-b500-4842-b867-6f258b3d7bc7,community_02,Joseph,Haruna,female,1974-02-17,,08061007449,https://www.commcarehq.org/photos/farmer_147.jpg,2,livestock_farming,28,family_land,2,rain-fed,---,maize rice,---,1.9,2.0,goats,17,---,10.2947 7.4006915 0.0 20.0,yes,64143473-d287-4f6f-9f89-77b87225e9a3,2026-05-20 00:06:00,2026-05-20,tester,2026-05-20 00:06:16,https://www.commcarehq.org/form/6f4f410d-b500-4842-b867-6f258b3d7bc7,tester
148,3e1b4ba0-f3aa-4028-a16d-b5fca14d22ea,community_01,Grace,Okafor,male,1986-11-07,,08007587255,https://www.commcarehq.org/photos/farmer_148.jpg,2,mixed_farming,22,owned,3,rain-fed,---,groundnuts maize rice,1.7,3.6,2.1,---,---,---,10.5842325 7.5192893 0.0 20.0,yes,4a655229-bac1-41a3-9427-e03a7fc6c836,2026-01-10 00:07:00,2026-01-10,tester,2026-01-10 00:07:14,https://www.commcarehq.org/form/3e1b4ba0-f3aa-4028-a16d-b5fca14d22ea,tester
149,f79bad9f-4f85-427f-9998-7747c63ec6ba,community_05,Blessing,Mohammed,male,1983-09-22,52908290237,08086205821,https://www.commcarehq.org/photos/farmer_149.jpg,5,mixed_farming,20,owned,3,borehole,---,groundnuts maize,2.5,1.9,---,goats,18,---,10.3371392 7.2337606 0.0 20.0,yes,ca228b9e-0f3b-4847-a661-e6b854a21ad8,2026-02-09 00:08:00,2026-02-09,tester,2026-02-09 00:08:20,https://www.commcarehq.org/form/f79bad9f-4f85-427f-9998-7747c63ec6ba,tester
150,e7e87633-0182-4543-b61c-457f0073f79c,community_05,David,Lawal,male,1984-03-26,60860285603,08002804449,https://www.commcarehq.org/photos/farmer_150.jpg,7,crop_farming,9,owned,5,rain-fed,---,rice groundnuts,0.7,---,2.4,goats,15,---,10.4608264 7.3090362 0.0 20.0,yes,1c2965e0-a22b-445a-a166-a93beed5ef75,2026-01-26 00:04:00,2026-01-26,tester,2026-01-26 00:04:17,https://www.commcarehq.org/form/e7e87633-0182-4543-b61c-457f0073f79c,tester
151,fbc6f453-4f45-4fef-abb0-ede1ba6338b4,community_03,Ahmed,Balogun,male,1982-10-19,53722409092,08056800142,https://www.commcarehq.org/photos/farmer_151.jpg,9,crop_farming,20,family_land,1,rain-fed,---,groundnuts rice maize,1.4,5.1,2.8,rabbits,---,9,10.4782615 7.3013343 0.0 20.0,yes,724d1f07-7842-4e78-bd60-f6a01eea0a00,2026-01-20 00:07:00,2026-01-20,tester,2026-01-20 00:07:19,https://www.commcarehq.org/form/fbc6f453-4f45-4fef-abb0-ede1ba6338b4,tester
152,46754125-6cd0-4049-96d1-da6b13c5a39c,community_07,James,Lawal,male,1956-03-09,44677553341,08073309244,https://www.commcarehq.org/photos/farmer_152.jpg,4,crop_farming,10,owned,2,rain-fed,---,rice maize,---,1.1,0.8,---,---,---,10.3783528 7.558605 0.0 20.0,yes,b78ef010-4071-4fa4-a24e-b0adc0e452c5,2026-06-13 00:02:00,2026-06-13,tester,2026-06-13 00:02:06,https://www.commcarehq.org/form/46754125-6cd0-4049-96d1-da6b13c5a39c,tester
153,85c28826-42ab-46c0-aa5f-d43803fcbf6d,community_05,James,Peter,female,1965-10-26,,08074478023,https://www.commcarehq.org/photos/farmer_153.jpg,8,mixed_farming,23,owned,2,rain-fed,---,groundnuts maize rice,0.7,3.3,3.2,rabbits,---,4,10.5870052 7.4642936 0.0 20.0,yes,311b1b94-4efc-4b43-ac8f-e98f50302c3e,2026-04-10 00:02:00,2026-04-10,tester,2026-04-10 00:02:16,https://www.commcarehq.org/form/85c28826-42ab-46c0-aa5f-d43803fcbf6d,tester
154,71e3218f-7cfb-4666-8a37-7359774fa548,community_04,Naomi,Ojo,male,1996-04-01,91588846120,08023764989,https://www.commcarehq.org/photos/farmer_154.jpg,1,mixed_farming,7,owned,3,rain-fed,---,rice groundnuts maize,2.8,0.7,1.0,---,---,---,10.5672076 7.2183207 0.0 20.0,yes,1f6594db-86c5-4a50-ac66-c5f3da055408,2026-02-03 00:02:00,2026-02-03,tester,2026-02-03 00:02:10,https://www.commcarehq.org/form/71e3218f-7cfb-4666-8a37-7359774fa548,tester
155,3bf989fc-8dc8-4f0f-b2b6-7ce8a12d39fa,community_05,Naomi,Ahmed,female,1999-04-12,,08008156023,https://www.commcarehq.org/photos/farmer_155.jpg,8,livestock_farming,9,owned,1,rain-fed,---,groundnuts rice,1.2,---,3.2,goats,13,---,10.3754645 7.5702702 0.0 20.0,yes,413f12cc-bac7-458a-9d48-a0f9cb02ce94,2026-01-26 00:08:00,2026-01-26,tester,2026-01-26 00:08:17,https://www.commcarehq.org/form/3bf989fc-8dc8-4f0f-b2b6-7ce8a12d39fa,tester
156,e7a31137-b46a-4ec8-a44c-0e1604d3c0bf,community_06,Amina,Michael,male,2006-05-22,,08052674112,https://www.commcarehq.org/photos/farmer_156.jpg,6,mixed_farming,1,owned,3,dam_reservoir,---,maize rice groundnuts,0.5,1.9,0.9,rabbits,---,25,10.5450924 7.5947128 0.0 20.0,yes,e811d2ec-46b3-467d-bf0a-08bf43899b63,2026-04-29 00:08:00,2026-04-29,tester,2026-04-29 00:08:11,https://www.commcarehq.org/form/e7a31137-b46a-4ec8-a44c-0e1604d3c0bf,tester
157,1cf630bd-0b21-4b2f-8e86-5b3aeff76dd4,community_02,John,James,female,1978-11-01,14480147404,08062438707,https://www.commcarehq.org/photos/farmer_157.jpg,7,crop_farming,4,owned,1,rain-fed,---,maize groundnuts,2.4,5.9,---,goats,5,---,10.2392257 7.4950991 0.0 20.0,yes,d0f60ee4-7e58-468b-8ebe-b25ec925a65e,2026-04-07 00:03:00,2026-04-07,tester,2026-04-07 00:03:07,https://www.commcarehq.org/form/1cf630bd-0b21-4b2f-8e86-5b3aeff76dd4,tester
158,77727f0a-9111-48a4-974c-453063711260,community_03,Ruth,Musa,female,1998-11-18,28783975392,08041323052,https://www.commcarehq.org/photos/farmer_158.jpg,3,crop_farming,6,owned,2,borehole,---,rice groundnuts maize,0.7,5.6,2.2,---,---,---,10.5347956 7.3116684 0.0 20.0,yes,73f53570-d6ef-443e-952d-9f60d63464ff,2026-03-05 00:03:00,2026-03-05,tester,2026-03-05 00:03:15,https://www.commcarehq.org/form/77727f0a-9111-48a4-974c-453063711260,tester
159,253540e1-7b54-4087-812e-22e6cd24a7d9,community_03,Peter,Michael,female,1965-12-15,,08004705478,https://www.commcarehq.org/photos/farmer_159.jpg,9,mixed_farming,27,leased,1,rain-fed,---,groundnuts,1.7,---,---,goats,24,---,10.4281523 7.433464 0.0 20.0,yes,27e6abd3-dcb1-470e-b6fa-9807705576ff,2026-04-29 00:08:00,2026-04-29,tester,2026-04-29 00:08:09,https://www.commcarehq.org/form/253540e1-7b54-4087-812e-22e6cd24a7d9,tester
160,2b07435b-4355-4560-a668-66747768da3e,community_06,Joseph,Isa,female,1988-07-15,99594661248,08008304295,https://www.commcarehq.org/photos/farmer_160.jpg,11,mixed_farming,2,owned,3,rain-fed,---,maize rice,---,4.2,1.8,goats,19,---,10.4243033 7.5094302 0.0 20.0,yes,5c109fa3-43cd-4a09-86b1-65c1bfe7122e,2026-03-27 00:03:00,2026-03-27,tester,2026-03-27 00:03:08,https://www.commcarehq.org/form/2b07435b-4355-4560-a668-66747768da3e,tester
161,9fc635e5-6600-47df-a37b-993341775e34,community_05,Suleiman,Lawal,female,1960-03-24,48216331406,08054034584,https://www.commcarehq.org/photos/farmer_161.jpg,7,crop_farming,40,owned,3,river_stream,---,groundnuts,2.7,---,---,rabbits,---,13,10.3153491 7.5826508 0.0 20.0,yes,872c3d88-a1c6-456f-9286-39351fca6729,2026-03-12 00:02:00,2026-03-12,tester,2026-03-12 00:02:09,https://www.commcarehq.org/form/9fc635e5-6600-47df-a37b-993341775e34,tester
162,396629c9-bd14-4cd7-9d41-8ee10a47a333,community_04,Deborah,Daniel,male,1981-12-11,,08051346208,https://www.commcarehq.org/photos/farmer_162.jpg,4,crop_farming,19,owned,3,rain-fed,---,rice maize groundnuts,1.3,1.3,3.3,goats,10,---,10.3487609 7.3152585 0.0 20.0,yes,911e0fff-6a79-4087-acc6-84478ff0651c,2026-02-07 00:04:00,2026-02-07,tester,2026-02-07 00:04:14,https://www.commcarehq.org/form/396629c9-bd14-4cd7-9d41-8ee10a47a333,tester
163,93abc158-bbd0-4af5-a26d-8fe8b5ebfedf,community_03,Rebecca,Eze,female,1972-04-12,,08086612031,https://www.commcarehq.org/photos/farmer_163.jpg,5,mixed_farming,21,leased,1,rain-fed,---,rice,---,---,1.6,---,---,---,10.3997668 7.2581536 0.0 20.0,yes,0f52248c-6a06-417c-8efc-10e74d9d3112,2026-03-23 00:03:00,2026-03-23,tester,2026-03-23 00:03:05,https://www.commcarehq.org/form/93abc158-bbd0-4af5-a26d-8fe8b5ebfedf,tester
164,b9daf44c-015e-4562-b215-66c9f7fe1e16,community_07,Mercy,Yakubu,male,1979-02-15,,08079677931,https://www.commcarehq.org/photos/farmer_164.jpg,6,mixed_farming,10,owned,3,rain-fed,---,maize,---,0.8,---,---,---,---,10.2888575 7.574266 0.0 20.0,yes,f1a2842a-4c2d-4a6c-9101-1587e09cf675,2026-01-06 00:02:00,2026-01-06,tester,2026-01-06 00:02:19,https://www.commcarehq.org/form/b9daf44c-015e-4562-b215-66c9f7fe1e16,tester
165,be281424-f24c-40de-9ee5-5c4e3fbc3b0e,community_05,Fatima,Yakubu,male,1976-09-07,60108380090,08037430334,https://www.commcarehq.org/photos/farmer_165.jpg,2,crop_farming,29,owned,3,rain-fed,---,groundnuts rice,0.9,---,1.6,---,---,---,10.3341667 7.5732612 0.0 20.0,yes,fff6e8b9-7519-4f1d-8b16-a6264b25f881,2026-04-07 00:02:00,2026-04-07,tester,2026-04-07 00:02:05,https://www.commcarehq.org/form/be281424-f24c-40de-9ee5-5c4e3fbc3b0e,tester
166,eb48ab08-6f21-4783-9995-d6f68cea0ac8,community_03,Elizabeth,Mohammed,male,1977-05-04,65114238912,08024835472,https://www.commcarehq.org/photos/farmer_166.jpg,3,mixed_farming,21,owned,3,rain-fed,---,maize,---,5.9,---,rabbits,---,19,10.3972201 7.5882501 0.0 20.0,yes,b8507283-3b1e-403c-a4a6-2cf3d0ddd478,2026-04-03 00:06:00,2026-04-03,tester,2026-04-03 00:06:20,https://www.commcarehq.org/form/eb48ab08-6f21-4783-9995-d6f68cea0ac8,tester
167,918545c7-341c-4352-a8a3-f8bd24d1790b,community_04,Deborah,Mohammed,female,1985-01-01,12470738735,08081038112,https://www.commcarehq.org/photos/farmer_167.jpg,6,crop_farming,10,owned,1,borehole,---,groundnuts,2.0,---,---,goats,12,---,10.5307288 7.4739869 0.0 20.0,yes,de75fe05-fdd6-4f76-8f80-c3b9a02c9a0f,2026-06-25 00:07:00,2026-06-25,tester,2026-06-25 00:07:16,https://www.commcarehq.org/form/918545c7-341c-4352-a8a3-f8bd24d1790b,tester
168,94525692-5fe8-4591-b44a-88e81a3d3934,community_01,Blessing,Samuel,female,2000-02-14,67917200288,08039112186,https://www.commcarehq.org/photos/farmer_168.jpg,7,mixed_farming,2,owned,4,irrigation_scheme,---,maize rice,---,4.6,1.0,goats,21,---,10.5880446 7.2688829 0.0 20.0,yes,5759fccf-8914-4ee3-a2aa-5ef145de266a,2026-01-31 00:03:00,2026-01-31,tester,2026-01-31 00:03:09,https://www.commcarehq.org/form/94525692-5fe8-4591-b44a-88e81a3d3934,tester
169,8a4613d5-cc72-4e63-aa89-f47023b494eb,community_06,Sarah,Ogunleye,male,2006-05-27,19069777766,08004410654,https://www.commcarehq.org/photos/farmer_169.jpg,2,mixed_farming,1,leased,1,rain-fed,---,maize groundnuts rice,0.9,5.0,1.5,---,---,---,10.5420552 7.5123209 0.0 20.0,yes,0f096f23-1321-4a2b-8190-df47e774f4d1,2026-05-10 00:06:00,2026-05-10,tester,2026-05-10 00:06:07,https://www.commcarehq.org/form/8a4613d5-cc72-4e63-aa89-f47023b494eb,tester
170,9b9bad92-e19e-495e-a57a-554e4612cd20,community_01,Blessing,Lawal,male,1993-02-15,86252926140,08007998461,https://www.commcarehq.org/photos/farmer_170.jpg,8,crop_farming,7,owned,3,rain-fed,---,groundnuts maize,0.8,1.3,---,---,---,---,10.4228528 7.2162434 0.0 20.0,yes,3b9e3ef7-c2fc-4f62-bc9a-522b0a9c0a6c,2026-01-30 00:05:00,2026-01-30,tester,2026-01-30 00:05:14,https://www.commcarehq.org/form/9b9bad92-e19e-495e-a57a-554e4612cd20,tester
171,db8e8204-743c-4f16-a2cf-c2bbb8f5071b,community_03,Suleiman,Ahmed,female,1972-10-04,37607885145,08088893066,https://www.commcarehq.org/photos/farmer_171.jpg,6,crop_farming,10,owned,3,rain-fed,---,groundnuts,1.4,---,---,goats,8,---,10.5962645 7.2491049 0.0 20.0,yes,139f41dc-b9d3-4d42-8d38-9c820c74099a,2026-05-08 00:04:00,2026-05-08,tester,2026-05-08 00:04:13,https://www.commcarehq.org/form/db8e8204-743c-4f16-a2cf-c2bbb8f5071b,tester
172,8490a9d5-828a-45e1-8b2c-de37b96607f3,community_05,Paul,Ojo,female,1986-12-16,,+2348051414290,https://www.commcarehq.org/photos/farmer_172.jpg,1,crop_farming,6,owned,3,rain-fed,---,groundnuts rice maize,2.5,1.7,2.8,---,---,---,10.3374463 7.5438689 0.0 20.0,yes,e00b7e8c-20f3-4eeb-9cac-220c540d720b,2026-01-09 00:05:00,2026-01-09,tester,2026-01-09 00:05:08,https://www.commcarehq.org/form/8490a9d5-828a-45e1-8b2c-de37b96607f3,tester
173,5ae57ed9-4fc6-4b3b-9c94-2403e0432367,community_03,Ibrahim,Tanko,male,1996-04-09,34507337695,08041741666,https://www.commcarehq.org/photos/farmer_173.jpg,7,crop_farming,1,owned,2,rain-fed,---,maize rice groundnuts,0.7,4.0,0.9,goats,25,---,10.5060776 7.4500612 0.0 20.0,yes,7bd1282e-0cea-47c0-b25d-4eab0340b345,2026-04-20 00:04:00,2026-04-20,tester,2026-04-20 00:04:16,https://www.commcarehq.org/form/5ae57ed9-4fc6-4b3b-9c94-2403e0432367,tester
174,afdcd247-1775-4b45-8238-f9d8a25ae390,community_03,Grace,Adeyemi,male,1991-09-10,21544834587,08081150645,https://www.commcarehq.org/photos/farmer_174.jpg,6,mixed_farming,11,owned,2,rain-fed,---,groundnuts rice,1.3,---,2.3,---,---,---,10.4459311 7.3453337 0.0 20.0,yes,c51e20bc-5b46-4015-8d69-0d9e116e13a0,2026-05-08 00:07:00,2026-05-08,tester,2026-05-08 00:07:07,https://www.commcarehq.org/form/afdcd247-1775-4b45-8238-f9d8a25ae390,tester
175,f6e8c7f3-d4fc-4d96-9464-ffb62a956df6,community_06,Mercy,Daniel,male,1998-12-15,,08069755255,https://www.commcarehq.org/photos/farmer_175.jpg,6,mixed_farming,5,owned,2,rain-fed,---,maize,---,2.9,---,---,---,---,10.5053769 7.2722403 0.0 20.0,no,0af477a8-f604-4fd8-94bc-cc102b440ea4,2026-06-30 00:06:00,2026-06-30,tester,2026-06-30 00:06:10,https://www.commcarehq.org/form/f6e8c7f3-d4fc-4d96-9464-ffb62a956df6,tester
176,df1068c3-e009-4ecd-821d-d389c1242ebc,community_04,John,Adeyemi,female,1969-02-28,,08056745653,https://www.commcarehq.org/photos/farmer_176.jpg,4,mixed_farming,28,owned,1,river_stream,---,maize groundnuts,1.1,4.1,---,goats rabbits,5,3,10.2982346 7.5308915 0.0 20.0,yes,7af87267-8fa5-4695-83f0-ef1764f3746f,2026-05-24 00:05:00,2026-05-24,tester,2026-05-24 00:05:18,https://www.commcarehq.org/form/df1068c3-e009-4ecd-821d-d389c1242ebc,tester
177,6d889737-4240-42aa-9d7f-897189d10fb3,community_05,Grace,Daniel,male,2004-02-15,,08018940806,https://www.commcarehq.org/photos/farmer_177.jpg,3,crop_farming,1,owned,3,rain-fed,---,rice groundnuts maize,1.7,1.0,2.6,---,---,---,10.5329337 7.4948945 0.0 20.0,yes,2f0b2863-3869-405c-8525-8be6e1b56311,2026-03-02 00:05:00,2026-03-02,tester,2026-03-02 00:05:11,https://www.commcarehq.org/form/6d889737-4240-42aa-9d7f-897189d10fb3,tester
178,1f758e92-416d-4aaa-8382-ab0163feb40c,community_01,Rebecca,Daniel,female,1991-09-12,59535876341,+2348061542271,https://www.commcarehq.org/photos/farmer_178.jpg,6,crop_farming,2,family_land,3,rain-fed,---,groundnuts maize rice,1.3,6.3,1.8,rabbits,---,17,10.5430589 7.3553884 0.0 20.0,yes,8cf04393-b66c-48dd-a310-d59d5a0f59d1,2026-04-11 00:04:00,2026-04-11,tester,2026-04-11 00:04:14,https://www.commcarehq.org/form/1f758e92-416d-4aaa-8382-ab0163feb40c,tester
179,b1481c48-0fac-445b-8862-7cdaab0a83f2,community_01,Joy,Lawal,male,1993-11-27,99192473014,08040889448,https://www.commcarehq.org/photos/farmer_179.jpg,8,crop_farming,3,family_land,5,rain-fed,---,rice maize groundnuts,2.2,5.1,2.7,goats,16,---,10.2544369 7.3602647 0.0 20.0,yes,7647fa49-918a-43db-a59e-f9d171d9b50d,2026-03-22 00:06:00,2026-03-22,tester,2026-03-22 00:06:07,https://www.commcarehq.org/form/b1481c48-0fac-445b-8862-7cdaab0a83f2,tester
180,9208c628-3c56-4728-b4eb-402b1531c28a,community_01,Peter,Yakubu,female,1973-09-13,,08073472687,https://www.commcarehq.org/photos/farmer_180.jpg,2,livestock_farming,15,owned,1,rain-fed,---,groundnuts rice maize,1.0,4.7,1.1,goats,15,---,10.2597005 7.5832131 0.0 20.0,yes,225ef6ed-15b4-4ee8-914d-ec0ed83b7a42,2026-05-26 00:02:00,2026-05-26,tester,2026-05-26 00:02:05,https://www.commcarehq.org/form/9208c628-3c56-4728-b4eb-402b1531c28a,tester
181,e356e2c8-2b1e-4792-bac3-330f9304de5e,community_05,David,Lawal,female,1989-05-11,36642306493,08098273422,https://www.commcarehq.org/photos/farmer_181.jpg,5,crop_farming,5,owned,2,rain-fed,---,maize,---,4.0,---,rabbits,---,32,10.253282 7.3292984 0.0 20.0,yes,5e5b11c5-cd36-4d3c-b25d-4243a0bffc27,2026-06-25 00:03:00,2026-06-25,tester,2026-06-25 00:03:17,https://www.commcarehq.org/form/e356e2c8-2b1e-4792-bac3-330f9304de5e,tester
182,309d8473-4448-44e6-86a9-ae7d17a48862,community_05,Suleiman,Eze,male,2008-06-09,75433145755,08099995702,https://www.commcarehq.org/photos/farmer_182.jpg,7,mixed_farming,1,leased,4,rain-fed,---,maize rice groundnuts,0.8,2.4,2.4,goats,5,---,10.5914066 7.3996842 0.0 20.0,yes,ad314722-31a0-4545-904f-3a1272ab7de5,2026-03-13 00:07:00,2026-03-13,tester,2026-03-13 00:07:16,https://www.commcarehq.org/form/309d8473-4448-44e6-86a9-ae7d17a48862,tester
183,78ede1fd-30c0-4314-943c-b0186e7eca7d,community_07,Musa,Michael,female,1981-10-21,35308832733,08039718670,https://www.commcarehq.org/photos/farmer_183.jpg,11,crop_farming,15,owned,5,other,Spring Water,maize rice,---,1.2,3.0,goats rabbits,13,20,10.272262 7.267318 0.0 20.0,yes,8b46252b-89e8-4217-a21a-babd9d2343e1,2026-03-11 00:06:00,2026-03-11,tester,2026-03-11 00:06:11,https://www.commcarehq.org/form/78ede1fd-30c0-4314-943c-b0186e7eca7d,tester
184,ab4a722d-1456-49b9-8b6a-7c0b0c5df0cc,community_04,Amina,Yakubu,female,1995-03-05,,08068066359,https://www.commcarehq.org/photos/farmer_184.jpg,12,crop_farming,5,owned,1,rain-fed,---,maize rice groundnuts,1.0,0.8,2.8,goats,3,---,10.4188625 7.4409166 0.0 20.0,yes,050ff393-c925-4df9-9f16-09a2f367e35d,2026-03-07 00:03:00,2026-03-07,tester,2026-03-07 00:03:12,https://www.commcarehq.org/form/ab4a722d-1456-49b9-8b6a-7c0b0c5df0cc,tester
185,46792c9c-8bad-4a01-b9f8-639a609f0412,community_07,Deborah,David,male,1973-12-28,,08027614483,https://www.commcarehq.org/photos/farmer_185.jpg,8,crop_farming,24,owned,2,rain-fed,---,rice maize,---,1.0,2.0,goats,7,---,10.3704068 7.2161752 0.0 20.0,yes,439b87a1-3912-4ad7-a2ad-c7036009a76c,2026-04-29 00:07:00,2026-04-29,tester,2026-04-29 00:07:12,https://www.commcarehq.org/form/46792c9c-8bad-4a01-b9f8-639a609f0412,tester
186,c549cb04-f0c0-44c2-af49-f0128583b531,community_05,Yusuf,Peter,female,1978-06-01,20468362271,08094119852,https://www.commcarehq.org/photos/farmer_186.jpg,3,mixed_farming,17,owned,1,borehole,---,maize rice,---,4.0,3.2,goats,25,---,10.2718209 7.2728833 0.0 20.0,yes,c5291973-bb1b-46f4-8e74-dee2d2fc647f,2026-01-22 00:05:00,2026-01-22,tester,2026-01-22 00:05:14,https://www.commcarehq.org/form/c549cb04-f0c0-44c2-af49-f0128583b531,tester
187,3305ee62-f85a-4b0d-b028-90290a03030a,community_02,Suleiman,Ali,female,1992-01-17,,08081176815,https://www.commcarehq.org/photos/farmer_187.jpg,12,crop_farming,13,leased,3,rain-fed,---,rice maize groundnuts,2.5,1.0,1.0,goats,2,---,10.2752884 7.2107261 0.0 20.0,yes,b5db22f3-e005-4097-900c-b1b460809116,2026-02-07 00:07:00,2026-02-07,tester,2026-02-07 00:07:12,https://www.commcarehq.org/form/3305ee62-f85a-4b0d-b028-90290a03030a,tester
188,22564077-b1ce-4665-a1fc-bc06af11193c,community_03,Binta,Tanko,female,1991-11-15,11811957488,08019744042,https://www.commcarehq.org/photos/farmer_188.jpg,5,crop_farming,1,owned,3,rain-fed,---,rice maize,---,0.7,1.9,---,---,---,10.5741124 7.5620293 0.0 20.0,yes,ed28347c-69ac-4364-918b-3f7a4477514a,2026-03-01 00:07:00,2026-03-01,tester,2026-03-01 00:07:06,https://www.commcarehq.org/form/22564077-b1ce-4665-a1fc-bc06af11193c,tester
189,93b39f87-7bd3-42ac-9e21-59e741ac716e,community_04,David,Okafor,male,1997-12-07,,08016644174,https://www.commcarehq.org/photos/farmer_189.jpg,6,livestock_farming,6,leased,3,rain-fed,---,rice maize,---,6.3,3.4,---,---,---,10.5183891 7.519902 0.0 20.0,yes,1aa7acbf-fa49-442f-b2ac-f31bf4233cf5,2026-06-09 00:03:00,2026-06-09,tester,2026-06-09 00:03:14,https://www.commcarehq.org/form/93b39f87-7bd3-42ac-9e21-59e741ac716e,tester
190,a2872dc3-43da-41f4-8d84-1bda24fce12e,community_05,Fatima,Adeyemi,male,2005-08-30,69242556032,08094259326,https://www.commcarehq.org/photos/farmer_190.jpg,4,crop_farming,1,owned,1,rain-fed,---,maize,---,2.0,---,goats,13,---,10.508038 7.4228089 0.0 20.0,yes,8a6b2b2e-3b2e-4cc6-91fb-1edd92b7b937,2026-06-26 00:08:00,2026-06-26,tester,2026-06-26 00:08:08,https://www.commcarehq.org/form/a2872dc3-43da-41f4-8d84-1bda24fce12e,tester
191,5e535936-abfe-46f4-8412-29ec2d907603,community_05,Elizabeth,Ali,female,1963-05-24,,08068155112,https://www.commcarehq.org/photos/farmer_191.jpg,5,crop_farming,33,owned,5,rain-fed,---,groundnuts,2.6,---,---,goats,15,---,10.202635 7.5339253 0.0 20.0,yes,704eb006-fce7-41e7-98ee-c9a286754fab,2026-03-15 00:06:00,2026-03-15,tester,2026-03-15 00:06:10,https://www.commcarehq.org/form/5e535936-abfe-46f4-8412-29ec2d907603,tester
192,d834ed2f-77e1-4eb2-8bc0-65ffaa280ec1,community_01,Daniel,Ogunleye,female,1993-04-23,,08057149895,https://www.commcarehq.org/photos/farmer_192.jpg,10,mixed_farming,12,family_land,5,rain-fed,---,maize,---,0.9,---,---,---,---,10.4565863 7.5610045 0.0 20.0,yes,5f1eb4e8-2902-413d-a74f-6d2599552fb4,2026-06-11 00:07:00,2026-06-11,tester,2026-06-11 00:07:14,https://www.commcarehq.org/form/d834ed2f-77e1-4eb2-8bc0-65ffaa280ec1,tester
193,69511ffa-51ab-4ce8-a83b-531df1900aaa,community_03,Naomi,Adeyemi,female,1971-01-20,93871226876,08097425766,https://www.commcarehq.org/photos/farmer_193.jpg,8,crop_farming,3,owned,2,borehole,---,rice,---,---,4.0,goats,4,---,10.324901 7.3362836 0.0 20.0,yes,a29d776e-9e41-413a-ba0d-d7981f7ffe5a,2026-01-06 00:02:00,2026-01-06,tester,2026-01-06 00:02:13,https://www.commcarehq.org/form/69511ffa-51ab-4ce8-a83b-531df1900aaa,tester
194,d5f4540b-8573-44f8-99d8-9bbe341c53e4,community_02,Emmanuel,Ahmed,female,1963-06-17,,08025179450,https://www.commcarehq.org/photos/farmer_194.jpg,5,livestock_farming,37,family_land,3,river_stream,---,maize,---,2.3,---,---,---,---,10.4291063 7.2559886 0.0 20.0,yes,28a26cc3-b252-4430-947f-efb045b51a59,2026-03-05 00:02:00,2026-03-05,tester,2026-03-05 00:02:15,https://www.commcarehq.org/form/d5f4540b-8573-44f8-99d8-9bbe341c53e4,tester
195,1514806a-ad06-4ecf-88de-840cede3b31f,community_04,John,Haruna,female,1993-07-10,20359688573,08004120645,https://www.commcarehq.org/photos/farmer_195.jpg,6,mixed_farming,8,family_land,2,rain-fed,---,groundnuts,1.8,---,---,---,---,---,10.5872127 7.4052742 0.0 20.0,yes,6b52ec7f-7d5f-4528-af23-39a021894e8a,2026-06-27 00:03:00,2026-06-27,tester,2026-06-27 00:03:19,https://www.commcarehq.org/form/1514806a-ad06-4ecf-88de-840cede3b31f,tester
196,6eecbb76-95ed-4d50-84ec-53940d8e9c2c,community_03,suleiman,Isa,female,1994-09-04,,08013251332,https://www.commcarehq.org/photos/farmer_196.jpg,3,mixed_farming,1,leased,2,rain-fed,---,maize groundnuts rice,1.9,0.9,0.7,---,---,---,10.3809498 7.3351293 0.0 20.0,yes,35acaeae-9bd2-4eb8-a37f-4f8231d61c8b,2026-06-05 00:03:00,2026-06-05,tester,2026-06-05 00:03:09,https://www.commcarehq.org/form/6eecbb76-95ed-4d50-84ec-53940d8e9c2c,tester
197,80a10735-67bc-41a6-85bb-f6af596d1125,community_04,Samuel,Lawal,male,1991-05-26,,08064235987,https://www.commcarehq.org/photos/farmer_197.jpg,1,mixed_farming,10,owned,1,rain-fed,---,rice groundnuts maize,2.4,3.5,0.6,---,---,---,10.5849507 7.309985 0.0 20.0,yes,e210dce0-e502-4fdf-89f4-2003545cab6c,2026-06-30 00:08:00,2026-06-30,tester,2026-06-30 00:08:19,https://www.commcarehq.org/form/80a10735-67bc-41a6-85bb-f6af596d1125,tester
198,33cd22bc-54c2-42aa-95ce-2f7560dbf521,community_01,Mercy,Eze,male,1979-07-02,66609850824,08005309521,https://www.commcarehq.org/photos/farmer_198.jpg,3,mixed_farming,2,family_land,6,rain-fed,---,groundnuts maize,0.9,5.9,---,goats rabbits,5,17,10.5008535 7.4344116 0.0 20.0,yes,f2c07d6d-1e21-4f7a-ab2f-431ac951e239,2026-05-10 00:05:00,2026-05-10,tester,2026-05-10 00:05:08,https://www.commcarehq.org/form/33cd22bc-54c2-42aa-95ce-2f7560dbf521,tester
199,5aa514f7-b708-4e83-b21f-8ee1f523691e,community_02,Ibrahim,Ali,male,2007-12-10,44439722839,08055176154,https://www.commcarehq.org/photos/farmer_199.jpg,8,crop_farming,1,family_land,3,dam_reservoir,---,maize groundnuts rice,2.5,6.3,2.7,rabbits,---,5,10.5734027 7.3928745 0.0 20.0,yes,afa6495e-bdbd-4cbf-ad2f-a0b5ad569e48,2026-06-24 00:05:00,2026-06-24,tester,2026-06-24 00:05:16,https://www.commcarehq.org/form/5aa514f7-b708-4e83-b21f-8ee1f523691e,tester
200,69bcfd22-d397-46b3-815b-4ea70c09d274,community_06,John,Okafor,female,1993-10-09,19881166487,08031152469,https://www.commcarehq.org/photos/farmer_200.jpg,5,mixed_farming,13,family_land,2,other,Community Well,maize,---,6.3,---,goats rabbits,24,2,10.4435147 7.2017117 0.0 20.0,no,3ed5387d-b33e-4f63-85a6-b28c80899388,2026-02-14 00:05:00,2026-02-14,tester,2026-02-14 00:05:20,https://www.commcarehq.org/form/69bcfd22-d397-46b3-815b-4ea70c09d274,tester
201,55801ec4-7335-4ed4-b479-2864d5f5e757,community_06,Mercy,Bello,female,1984-10-09,73014098354,08063883176,https://www.commcarehq.org/photos/farmer_201.jpg,2,crop_farming,8,family_land,2,borehole,---,groundnuts,2.5,---,---,---,---,---,10.2884591 7.5920476 0.0 20.0,yes,4e9ac667-557e-4c61-9d2e-ed631aea13d3,2026-01-10 00:04:00,2026-01-10,tester,2026-01-10 00:04:20,https://www.commcarehq.org/form/55801ec4-7335-4ed4-b479-2864d5f5e757,tester
202,64677076-96ff-43df-b44d-b25cddc052c5,community_07,Yusuf,Eze,male,1990-05-15,,08054565650,https://www.commcarehq.org/photos/farmer_202.jpg,4,livestock_farming,8,leased,3,rain-fed,---,groundnuts maize rice,0.5,3.1,2.9,---,---,---,10.3291997 7.5377366 0.0 20.0,yes,371392f7-ad59-46e2-8866-18e285080d46,2026-02-01 00:07:00,2026-02-01,tester,2026-02-01 00:07:19,https://www.commcarehq.org/form/64677076-96ff-43df-b44d-b25cddc052c5,tester
203,7ceb382d-58cd-4aae-b46d-c09cf8b09424,community_04,Esther,Lawal,male,1976-02-22,,08053338892,https://www.commcarehq.org/photos/farmer_203.jpg,10,crop_farming,22,owned,3,rain-fed,---,groundnuts maize,2.6,2.0,---,---,---,---,10.533007 7.5286535 0.0 20.0,yes,a9a51c23-a551-443a-9e4c-ea78045e023c,2026-03-02 00:02:00,2026-03-02,tester,2026-03-02 00:02:19,https://www.commcarehq.org/form/7ceb382d-58cd-4aae-b46d-c09cf8b09424,tester
204,66175002-a434-4e56-997e-7d82ca4b830b,community_06,Binta,Ali,female,2008-06-18,21567908867,08070806410,https://www.commcarehq.org/photos/farmer_204.jpg,3,crop_farming,1,owned,3,rain-fed,---,maize rice,---,5.3,3.6,---,---,---,10.5750339 7.5131717 0.0 20.0,yes,15206265-84e3-4c49-976e-98058f7f186b,2026-03-26 00:06:00,2026-03-26,tester,2026-03-26 00:06:11,https://www.commcarehq.org/form/66175002-a434-4e56-997e-7d82ca4b830b,tester
205,cb51ddb4-dc2d-4d62-9d61-90de4dbb7fbf,community_01,Amina,Eze,female,1982-09-22,46545438659,08034611015,https://www.commcarehq.org/photos/farmer_205.jpg,7,crop_farming,18,family_land,1,rain-fed,---,maize groundnuts,1.8,4.4,---,goats,9,---,10.53407 7.5434809 0.0 20.0,yes,866d7cce-9633-4827-af3a-ee040aa4ea8f,2026-02-20 00:03:00,2026-02-20,tester,2026-02-20 00:03:11,https://www.commcarehq.org/form/cb51ddb4-dc2d-4d62-9d61-90de4dbb7fbf,tester
206,59dbd985-d943-47a7-901a-c39abac6dbf8,community_06,Ibrahim,Daniel,female,1978-09-09,,08085323189,https://www.commcarehq.org/photos/farmer_206.jpg,10,mixed_farming,15,family_land,1,borehole,---,rice maize,---,1.7,1.1,---,---,---,10.2294925 7.212007 0.0 20.0,yes,01021e27-01c5-427f-a7a1-5ba6764e822d,2026-03-16 00:05:00,2026-03-16,tester,2026-03-16 00:05:11,https://www.commcarehq.org/form/59dbd985-d943-47a7-901a-c39abac6dbf8,tester
207,097a029c-2c5a-4180-8ad9-2f7fb7701d1a,community_05,elizabeth,LAWAL,male,1960-04-07,53698219274,08082112181,https://www.commcarehq.org/photos/farmer_207.jpg,8,livestock_farming,20,owned,2,borehole,---,rice maize groundnuts,0.8,5.8,1.0,goats,19,---,10.3497021 7.4398197 0.0 20.0,yes,2a219e18-0244-4e28-8fd8-249770d56796,2026-03-04 00:02:00,2026-03-04,tester,2026-03-04 00:02:11,https://www.commcarehq.org/form/097a029c-2c5a-4180-8ad9-2f7fb7701d1a,tester
208,0c00f639-8ea3-4325-aa39-c695fdccf4cd,community_06,Musa,Abdullahi,male,1992-05-06,,08098204605,https://www.commcarehq.org/photos/farmer_208.jpg,8,mixed_farming,6,owned,2,rain-fed,---,maize rice,---,4.0,2.7,---,---,---,10.2828798 7.5579539 0.0 20.0,yes,47c92c7f-323c-45b7-ae51-722e6f2e2ba6,2026-03-02 00:05:00,2026-03-02,tester,2026-03-02 00:05:11,https://www.commcarehq.org/form/0c00f639-8ea3-4325-aa39-c695fdccf4cd,tester
209,56828461-8ccc-4c56-9e28-a8bebfcb60f9,community_02,Naomi,David,female,1955-03-11,49015603832,08043546444,https://www.commcarehq.org/photos/farmer_209.jpg,6,crop_farming,15,owned,1,rain-fed,---,rice groundnuts maize,2.8,1.1,0.7,goats,8,---,10.4700429 7.3000095 0.0 20.0,yes,61bf1ce5-bf05-4499-9539-930a7d1e5246,2026-06-24 00:08:00,2026-06-24,tester,2026-06-24 00:08:13,https://www.commcarehq.org/form/56828461-8ccc-4c56-9e28-a8bebfcb60f9,tester
210,a80815d4-e296-4824-a8aa-76984cf0cbe2,community_02,Hauwa,Peter,female,1968-03-04,49940937355,08087445645,https://www.commcarehq.org/photos/farmer_210.jpg,4,mixed_farming,14,owned,3,rain-fed,---,rice maize,---,2.5,0.8,---,---,---,10.5767719 7.3670751 0.0 20.0,yes,71021403-6770-453b-894c-9b2d6da60f85,2026-05-23 00:02:00,2026-05-23,tester,2026-05-23 00:02:16,https://www.commcarehq.org/form/a80815d4-e296-4824-a8aa-76984cf0cbe2,tester
211,cb5d80de-e3ab-4574-9775-e72322a6c513,community_01,Deborah,Peter,male,1968-08-12,,08034647530,https://www.commcarehq.org/photos/farmer_211.jpg,3,livestock_farming,22,owned,3,rain-fed,---,maize groundnuts,2.9,0.9,---,goats rabbits,17,38,10.5847753 7.4556013 0.0 20.0,yes,1a300bee-61dd-4037-9f15-bce008ecd1bc,2026-02-13 00:02:00,2026-02-13,tester,2026-02-13 00:02:10,https://www.commcarehq.org/form/cb5d80de-e3ab-4574-9775-e72322a6c513,tester
212,f18729d8-6cd8-415e-8887-cd9f352eeb19,community_01,Yusuf,Eze,male,1994-12-24,49655602393,08060051841,https://www.commcarehq.org/photos/farmer_212.jpg,2,crop_farming,14,owned,1,river_stream,---,maize groundnuts rice,2.0,3.5,2.9,goats,2,---,10.3782926 7.529833 0.0 20.0,yes,53629660-bceb-456f-9951-6ab233edd7c0,2026-03-05 00:06:00,2026-03-05,tester,2026-03-05 00:06:15,https://www.commcarehq.org/form/f18729d8-6cd8-415e-8887-cd9f352eeb19,tester
213,7fb1341f-0357-4ed8-9484-45aa07a1b9ce,community_07,Naomi,Ibrahim,male,1985-02-14,74076169840,08038738841,https://www.commcarehq.org/photos/farmer_213.jpg,7,livestock_farming,6,family_land,1,dam_reservoir,---,groundnuts,1.2,---,---,---,---,---,10.5665185 7.4792176 0.0 20.0,yes,5011135e-256b-49b3-9022-8b1e37887864,2026-02-25 00:05:00,2026-02-25,tester,2026-02-25 00:05:18,https://www.commcarehq.org/form/7fb1341f-0357-4ed8-9484-45aa07a1b9ce,tester
214,b24992ae-a8c7-49b7-803e-b2d91ccd2758,community_07,Mercy,James,female,2006-10-21,,08034254067,https://www.commcarehq.org/photos/farmer_214.jpg,6,crop_farming,1,owned,1,rain-fed,---,rice maize groundnuts,1.7,1.0,2.8,---,---,---,10.3883151 7.3116568 0.0 20.0,yes,3306b975-b366-43d0-8054-9cbd5b8ac2e2,2026-01-05 00:06:00,2026-01-05,tester,2026-01-05 00:06:08,https://www.commcarehq.org/form/b24992ae-a8c7-49b7-803e-b2d91ccd2758,tester
215,ed25254b-6ff3-4002-8a98-e4199b770a84,community_01,Mary,Sani,female,1998-07-03,,08013206268,https://www.commcarehq.org/photos/farmer_215.jpg,7,livestock_farming,7,family_land,4,rain-fed,---,groundnuts rice,1.4,---,1.3,goats rabbits,15,2,10.3348467 7.2768607 0.0 20.0,yes,9a8c2e32-566b-4cc6-8a69-bcd4fcf91e54,2026-02-26 00:02:00,2026-02-26,tester,2026-02-26 00:02:10,https://www.commcarehq.org/form/ed25254b-6ff3-4002-8a98-e4199b770a84,tester
216,d969731a-927a-4c22-b71c-43ea55cc3c71,community_05,Grace,Usman,male,1970-10-01,38452755404,08093421306,https://www.commcarehq.org/photos/farmer_216.jpg,3,crop_farming,18,family_land,4,rain-fed,---,maize groundnuts rice,1.1,1.1,1.6,---,---,---,10.5698214 7.5085626 0.0 20.0,yes,a0205a90-5419-4492-a332-047dc7436592,2026-02-14 00:07:00,2026-02-14,tester,2026-02-14 00:07:15,https://www.commcarehq.org/form/d969731a-927a-4c22-b71c-43ea55cc3c71,tester
217,81ca04af-4afb-4f64-b850-d7e8cf04c788,community_07,Ahmed,Ibrahim,male,1998-11-21,79717736545,08059268377,https://www.commcarehq.org/photos/farmer_217.jpg,1,crop_farming,3,owned,6,rain-fed,---,rice maize,---,1.3,1.6,rabbits,---,28,10.4592186 7.315382 0.0 20.0,yes,e0a64426-fd9f-4121-ab25-82ccdb14e5b6,2026-03-26 00:04:00,2026-03-26,tester,2026-03-26 00:04:12,https://www.commcarehq.org/form/81ca04af-4afb-4f64-b850-d7e8cf04c788,tester
218,7c71156f-dda8-4a0a-9ca4-be573550cc34,community_02,Grace,Philip,female,1958-09-10,,08051604909,https://www.commcarehq.org/photos/farmer_218.jpg,1,mixed_farming,14,owned,1,rain-fed,---,rice,---,---,1.2,goats,21,---,10.3141412 7.3793085 0.0 20.0,yes,ddbe5ef1-c198-4c3c-8dbd-4d61f4155bf4,2026-03-11 00:08:00,2026-03-11,tester,2026-03-11 00:08:20,https://www.commcarehq.org/form/7c71156f-dda8-4a0a-9ca4-be573550cc34,tester
219,ef33ed9f-894d-41f9-b968-11ea8db32ded,community_01,Daniel,David,male,1979-10-28,12070177372,08074093551,https://www.commcarehq.org/photos/farmer_219.jpg,6,crop_farming,20,owned,5,rain-fed,---,groundnuts,0.5,---,---,---,---,---,10.3965815 7.5702764 0.0 20.0,yes,0bee498a-08aa-4024-9368-c2a7034bddb9,2026-04-06 00:05:00,2026-04-06,tester,2026-04-06 00:05:20,https://www.commcarehq.org/form/ef33ed9f-894d-41f9-b968-11ea8db32ded,tester
220,e8ce6a4b-4317-4b8a-bd7a-836368fb9f00,community_02,Blessing,Bello,male,2006-12-21,,08017977376,https://www.commcarehq.org/photos/farmer_220.jpg,5,livestock_farming,1,owned,1,rain-fed,---,rice groundnuts maize,1.2,3.2,2.9,goats,21,---,10.4650419 7.264571 0.0 20.0,yes,2aa62f0f-e989-4841-8dc6-18b02f7cae51,2026-01-24 00:07:00,2026-01-24,tester,2026-01-24 00:07:17,https://www.commcarehq.org/form/e8ce6a4b-4317-4b8a-bd7a-836368fb9f00,tester
221,4a113990-46d3-431e-ba59-226a1ec532f6,community_03,Blessing,Michael,male,1953-04-26,,08023963348,https://www.commcarehq.org/photos/farmer_221.jpg,8,mixed_farming,52,owned,1,rain-fed,---,maize rice groundnuts,3.0,5.4,0.5,goats,24,---,10.3667369 7.3153361 0.0 20.0,yes,d2181473-1bd6-4118-8fc4-23a11220ed10,2026-02-15 00:04:00,2026-02-15,tester,2026-02-15 00:04:10,https://www.commcarehq.org/form/4a113990-46d3-431e-ba59-226a1ec532f6,tester
222,f41446ba-7c3d-4a5f-953b-363b7402b4e4,community_05,John,Ibrahim,male,1951-10-03,,08010172946,https://www.commcarehq.org/photos/farmer_222.jpg,9,crop_farming,18,owned,1,rain-fed,---,groundnuts rice maize,1.2,6.2,2.8,rabbits,---,15,10.4089338 7.2029048 0.0 20.0,yes,8b1c9dd4-756d-4a4d-a2d5-2cc68d0a760a,2026-03-10 00:05:00,2026-03-10,tester,2026-03-10 00:05:20,https://www.commcarehq.org/form/f41446ba-7c3d-4a5f-953b-363b7402b4e4,tester
223,02834f93-6f97-4c39-8b96-f4932382ef0b,community_05,Hauwa,Usman,male,1981-02-01,,+2348096303314,https://www.commcarehq.org/photos/farmer_223.jpg,8,livestock_farming,1,family_land,3,borehole,---,maize,---,3.2,---,---,---,---,10.4059656 7.4640914 0.0 20.0,no,1f6634e4-4e15-4c8b-9063-300fa5bb1b90,2026-06-13 00:08:00,2026-06-13,tester,2026-06-13 00:08:15,https://www.commcarehq.org/form/02834f93-6f97-4c39-8b96-f4932382ef0b,tester
224,3993a658-eb80-41ad-b5c6-ac225aaf4f00,community_01,Daniel,Tanko,male,1970-08-02,77030536743,8046049998,https://www.commcarehq.org/photos/farmer_224.jpg,3,crop_farming,10,leased,3,borehole,---,groundnuts,1.7,---,---,goats,23,---,10.5948878 7.3867212 0.0 20.0,yes,b0e63e64-4932-4083-8d52-1ca5ff51aeda,2026-01-30 00:05:00,2026-01-30,tester,2026-01-30 00:05:12,https://www.commcarehq.org/form/3993a658-eb80-41ad-b5c6-ac225aaf4f00,tester
225,5a589edc-d683-47e1-a688-ca5b522a6645,community_02,Rebecca,Lawal,female,1984-12-01,,08009332769,https://www.commcarehq.org/photos/farmer_225.jpg,1,mixed_farming,16,owned,3,rain-fed,---,rice groundnuts maize,1.4,4.8,3.1,goats,22,---,10.5864992 7.3747849 0.0 20.0,yes,fc28d177-11b2-475f-bf23-01cef841bb61,2026-03-08 00:02:00,2026-03-08,tester,2026-03-08 00:02:14,https://www.commcarehq.org/form/5a589edc-d683-47e1-a688-ca5b522a6645,tester
226,7a002a57-2fa0-4f24-bdda-e1d5e1aa83b5,community_01,Fatima,Johnson,female,1962-09-27,56614698720,8095005893,https://www.commcarehq.org/photos/farmer_226.jpg,5,crop_farming,43,family_land,4,rain-fed,---,maize groundnuts,2.5,2.3,---,goats,23,---,10.4405862 7.2583483 0.0 20.0,yes,5b05cf70-38c2-4474-a072-1ce38929e77b,2026-06-29 00:02:00,2026-06-29,tester,2026-06-29 00:02:15,https://www.commcarehq.org/form/7a002a57-2fa0-4f24-bdda-e1d5e1aa83b5,tester
227,b3ddbba1-68c6-44cf-a5ca-8611dade4ce4,community_02,Yusuf,James,male,1966-11-14,75350955632,08029081789,https://www.commcarehq.org/photos/farmer_227.jpg,10,livestock_farming,26,owned,3,rain-fed,---,rice,---,---,1.9,goats,17,---,10.5030857 7.3564252 0.0 20.0,yes,99db0a02-77bf-4422-96d8-1e6b52abbb7e,2026-03-14 00:04:00,2026-03-14,tester,2026-03-14 00:04:11,https://www.commcarehq.org/form/b3ddbba1-68c6-44cf-a5ca-8611dade4ce4,tester
228,c3986cc6-7628-4b82-98f9-c64a66a71be2,community_05,Mercy,David,male,1987-06-14,,08074116212,https://www.commcarehq.org/photos/farmer_228.jpg,8,crop_farming,19,owned,1,other,Spring Water,groundnuts,0.7,---,---,rabbits,---,5,10.2469387 7.4061741 0.0 20.0,yes,3801f7f5-7d61-4128-a7f9-49078da687ad,2026-04-22 00:03:00,2026-04-22,tester,2026-04-22 00:03:17,https://www.commcarehq.org/form/c3986cc6-7628-4b82-98f9-c64a66a71be2,tester
229,3838bab1-edfa-4ef2-a229-55e509242139,community_02,Mary,Garba,male,1987-04-14,,08036767862,https://www.commcarehq.org/photos/farmer_229.jpg,9,crop_farming,16,family_land,3,rain-fed,---,maize rice groundnuts,2.5,1.6,2.2,---,---,---,10.4285692 7.2397765 0.0 20.0,yes,81f93239-a064-41f3-b28b-72b85cdcbd4c,2026-05-18 00:03:00,2026-05-18,tester,2026-05-18 00:03:17,https://www.commcarehq.org/form/3838bab1-edfa-4ef2-a229-55e509242139,tester
230,0c7707e4-b08f-49b5-a4aa-c43cc35b8d29,community_06,Amina,David,male,1977-11-05,90904917173,08058672618,https://www.commcarehq.org/photos/farmer_230.jpg,8,mixed_farming,4,owned,3,rain-fed,---,maize groundnuts rice,2.9,3.5,1.8,---,---,---,10.5780914 7.2000342 0.0 20.0,yes,ed50daa1-615a-4f71-954d-298f39725fec,2026-05-13 00:08:00,2026-05-13,tester,2026-05-13 00:08:14,https://www.commcarehq.org/form/0c7707e4-b08f-49b5-a4aa-c43cc35b8d29,tester
231,0a9af76b-fbf4-4104-b598-5c4dd6b9b228,community_05,Samuel,Peter,female,1978-01-14,37962772622,8066001821,https://www.commcarehq.org/photos/farmer_231.jpg,7,crop_farming,20,owned,3,rain-fed,---,maize,---,3.2,---,---,---,---,10.5760797 7.2572976 0.0 20.0,yes,f2a07641-85bf-49c8-a1ca-c2aa80cc7030,2026-06-11 00:07:00,2026-06-11,tester,2026-06-11 00:07:13,https://www.commcarehq.org/form/0a9af76b-fbf4-4104-b598-5c4dd6b9b228,tester
232,a881f37c-dfbf-478e-904f-1355816b008d,community_07,Yusuf,Ojo,male,1987-09-05,30708476039,08037392256,https://www.commcarehq.org/photos/farmer_232.jpg,1,crop_farming,9,owned,1,rain-fed,---,maize,---,6.2,---,rabbits,---,35,10.491331 7.3226198 0.0 20.0,yes,c345f231-ce86-4e0b-8141-bf540e1de49d,2026-05-06 00:02:00,2026-05-06,tester,2026-05-06 00:02:16,https://www.commcarehq.org/form/a881f37c-dfbf-478e-904f-1355816b008d,tester
233,207b75ec-9068-41ce-8d3a-0dc53a31ec63,community_05,Deborah,Ahmed,male,1986-04-15,64768877128,08018675845,https://www.commcarehq.org/photos/farmer_233.jpg,1,crop_farming,19,family_land,1,rain-fed,---,rice groundnuts,2.2,---,2.0,---,---,---,10.3416006 7.3874663 0.0 20.0,yes,735d27c1-e6ea-4c14-930f-42211d651be0,2026-04-20 00:06:00,2026-04-20,tester,2026-04-20 00:06:12,https://www.commcarehq.org/form/207b75ec-9068-41ce-8d3a-0dc53a31ec63,tester
234,b6c0c554-806e-406d-bdc2-30c3043171ba,community_02,Deborah,Bello,female,1991-05-25,31876989787,08050298096,https://www.commcarehq.org/photos/farmer_234.jpg,2,livestock_farming,4,owned,6,rain-fed,---,rice maize,---,2.0,3.1,---,---,---,10.5521328 7.4112446 0.0 20.0,yes,23836698-9f80-45d7-a27a-36af06e3c2cc,2026-06-05 00:05:00,2026-06-05,tester,2026-06-05 00:05:10,https://www.commcarehq.org/form/b6c0c554-806e-406d-bdc2-30c3043171ba,tester
235,d139f4bb-79f4-49ee-b7c1-1225b836d700,community_05,Naomi,Lawal,male,1995-01-03,,08059433192,https://www.commcarehq.org/photos/farmer_235.jpg,7,crop_farming,8,owned,6,rain-fed,---,maize,---,6.1,---,---,---,---,10.5573671 7.5741658 0.0 20.0,yes,1ffed767-0b5e-410b-964a-d822bec31099,2026-05-05 00:02:00,2026-05-05,tester,2026-05-05 00:02:16,https://www.commcarehq.org/form/d139f4bb-79f4-49ee-b7c1-1225b836d700,tester
236,7a1314b9-6e37-4ac7-9e9f-d3728dc97aa9,community_01,Samuel,Johnson,male,2003-04-03,22922971351,+2348041584907,https://www.commcarehq.org/photos/farmer_236.jpg,5,crop_farming,4,leased,3,rain-fed,---,rice maize,---,1.5,1.7,goats,13,---,10.4836878 7.2442663 0.0 20.0,yes,9ffcf68a-0206-4ac3-bff1-0e070986f3d0,2026-02-04 00:05:00,2026-02-04,tester,2026-02-04 00:05:18,https://www.commcarehq.org/form/7a1314b9-6e37-4ac7-9e9f-d3728dc97aa9,tester
237,10e6b5e1-5e35-42cb-b759-92d0f41ef7db,community_05,Naomi,Musa,male,1988-08-04,,08014461773,https://www.commcarehq.org/photos/farmer_237.jpg,8,crop_farming,4,leased,5,rain-fed,---,groundnuts rice maize,1.6,4.1,0.5,---,---,---,10.233046 7.3715808 0.0 20.0,yes,126d044e-85d7-4aeb-90fc-1dfd245ab012,2026-05-11 00:03:00,2026-05-11,tester,2026-05-11 00:03:12,https://www.commcarehq.org/form/10e6b5e1-5e35-42cb-b759-92d0f41ef7db,tester
238,b2ada473-6c62-44e9-afdb-41e58ff5e3fb,community_02,mary,TANKO,male,1980-04-02,81856764442,08061861142,https://www.commcarehq.org/photos/farmer_238.jpg,4,mixed_farming,3,leased,2,rain-fed,---,groundnuts rice maize,1.6,0.9,2.0,goats,5,---,10.3122224 7.3404098 0.0 20.0,yes,9a4fd3b2-8740-4792-a439-92d0a05b0ff2,2026-03-23 00:02:00,2026-03-23,tester,2026-03-23 00:02:10,https://www.commcarehq.org/form/b2ada473-6c62-44e9-afdb-41e58ff5e3fb,tester
239,5853639a-45bd-41f4-8eeb-82518129c9d9,community_01,Grace,Adeyemi,female,1989-02-17,,08011933005,https://www.commcarehq.org/photos/farmer_239.jpg,4,crop_farming,19,owned,2,rain-fed,---,maize groundnuts rice,0.8,5.0,0.9,---,---,---,10.4617421 7.2761734 0.0 20.0,yes,f79ea93b-3fad-4bb4-8184-e41f08dc7f4c,2026-01-26 00:02:00,2026-01-26,tester,2026-01-26 00:02:15,https://www.commcarehq.org/form/5853639a-45bd-41f4-8eeb-82518129c9d9,tester
240,d6d351c1-f44c-40c5-88ea-8cd8c242a586,community_02,Ruth,Lawal,male,1976-05-09,86909184154,08098479049,https://www.commcarehq.org/photos/farmer_240.jpg,7,crop_farming,9,owned,6,rain-fed,---,maize groundnuts,0.9,5.0,---,goats,14,---,10.3085977 7.2736265 0.0 20.0,yes,bf8964f2-6db5-4772-a026-922ce977d592,2026-02-25 00:06:00,2026-02-25,tester,2026-02-25 00:06:05,https://www.commcarehq.org/form/d6d351c1-f44c-40c5-88ea-8cd8c242a586,tester
241,f2793f2b-d035-4d80-bbbc-b72a59b6a967,community_06,Paul,Yakubu,male,1978-03-03,49601042989,08075102018,https://www.commcarehq.org/photos/farmer_241.jpg,4,mixed_farming,8,leased,1,rain-fed,---,rice maize,---,2.4,3.8,---,---,---,10.2534446 7.5593343 0.0 20.0,yes,dcbc03cd-b9e4-4081-ad23-1425875d06a0,2026-01-15 00:07:00,2026-01-15,tester,2026-01-15 00:07:05,https://www.commcarehq.org/form/f2793f2b-d035-4d80-bbbc-b72a59b6a967,tester
242,b7dbd04b-af37-432b-9e90-bff1f6b70248,community_06,Peter,Balogun,female,2007-10-04,,08089576926,https://www.commcarehq.org/photos/farmer_242.jpg,7,crop_farming,1,owned,3,borehole,---,maize,---,1.9,---,---,---,---,10.5608673 7.2374764 0.0 20.0,yes,61623770-25bc-49bb-9ab3-ea008c56341f,2026-02-17 00:08:00,2026-02-17,tester,2026-02-17 00:08:10,https://www.commcarehq.org/form/b7dbd04b-af37-432b-9e90-bff1f6b70248,tester
243,f67bb4e5-8692-4013-9304-db5090c9119a,community_02,Ruth,Balogun,male,1992-04-17,,08086114464,https://www.commcarehq.org/photos/farmer_243.jpg,8,mixed_farming,4,owned,4,borehole,---,groundnuts rice maize,2.4,2.1,3.8,---,---,---,10.2037585 7.5166643 0.0 20.0,yes,7c06a6cd-fc88-4c0d-b956-2ca00b5993b0,2026-03-28 00:08:00,2026-03-28,tester,2026-03-28 00:08:07,https://www.commcarehq.org/form/f67bb4e5-8692-4013-9304-db5090c9119a,tester
244,d0975325-a813-400e-acbf-c535593faaa9,community_02,Ruth,Lawal,female,1994-02-02,40728400736,08006618125,https://www.commcarehq.org/photos/farmer_244.jpg,12,crop_farming,6,family_land,1,borehole,---,rice groundnuts maize,0.9,1.2,0.9,---,---,---,10.4462787 7.2473404 0.0 20.0,yes,991cecb8-280e-4104-a061-ed4dfdc77766,2026-01-22 00:02:00,2026-01-22,tester,2026-01-22 00:02:09,https://www.commcarehq.org/form/d0975325-a813-400e-acbf-c535593faaa9,tester
245,064ccafd-1e56-4c8e-951f-18d4ca06fd14,community_01,Esther,Johnson,female,1983-08-05,,08062824329,https://www.commcarehq.org/photos/farmer_245.jpg,3,livestock_farming,25,family_land,5,borehole,---,groundnuts rice,1.9,---,3.9,goats,4,---,10.2510143 7.5070142 0.0 20.0,yes,c0803b0c-6c09-4559-93f1-1d0fc0fb98ee,2026-05-07 00:05:00,2026-05-07,tester,2026-05-07 00:05:20,https://www.commcarehq.org/form/064ccafd-1e56-4c8e-951f-18d4ca06fd14,tester
246,34ad1fd5-0bbf-4ff3-9baf-2477069fddf9,community_05,David,Eze,female,1992-12-25,85149482121,08055835456,https://www.commcarehq.org/photos/farmer_246.jpg,11,crop_farming,1,owned,2,irrigation_scheme,---,maize,---,2.7,---,---,---,---,10.2557397 7.3841554 0.0 20.0,yes,f9c6b0d1-5409-4c5b-9c47-989acdde31fb,2026-05-22 00:05:00,2026-05-22,tester,2026-05-22 00:05:12,https://www.commcarehq.org/form/34ad1fd5-0bbf-4ff3-9baf-2477069fddf9,tester
247,46fccab8-4b80-4aa9-a10f-1897743e1abe,community_02,Peter,Musa,female,1996-07-13,13148561166,08064015451,https://www.commcarehq.org/photos/farmer_247.jpg,9,crop_farming,7,owned,1,rain-fed,---,rice maize groundnuts,1.5,2.5,3.2,---,---,---,10.2623549 7.5524629 0.0 20.0,yes,55f01fa2-6f77-413d-bcf2-6c39ac3a1259,2026-02-14 00:06:00,2026-02-14,tester,2026-02-14 00:06:10,https://www.commcarehq.org/form/46fccab8-4b80-4aa9-a10f-1897743e1abe,tester
248,d592861f-d55b-4ff6-adc2-a4b3168bd2fc,community_01,Joy,Usman,female,1967-07-17,,08095741959,https://www.commcarehq.org/photos/farmer_248.jpg,4,crop_farming,26,owned,3,rain-fed,---,rice,---,---,2.1,goats,22,---,10.352188 7.2218687 0.0 20.0,yes,913896f4-fcc5-4d63-8b93-cf934cdb6480,2026-04-19 00:03:00,2026-04-19,tester,2026-04-19 00:03:13,https://www.commcarehq.org/form/d592861f-d55b-4ff6-adc2-a4b3168bd2fc,tester
249,37998437-802f-4da5-8c6d-73717667e42b,community_01,Fatima,Samuel,female,1976-03-13,25210918377,08005735602,https://www.commcarehq.org/photos/farmer_249.jpg,7,mixed_farming,3,owned,1,rain-fed,---,maize rice,---,3.5,1.6,goats,13,---,10.4810627 7.2389519 0.0 20.0,yes,2551e6c5-b34f-40e4-af0d-a0b06783df31,2026-05-09 00:02:00,2026-05-09,tester,2026-05-09 00:02:09,https://www.commcarehq.org/form/37998437-802f-4da5-8c6d-73717667e42b,tester
250,6b3f6378-1216-4731-a2d2-2e777d8ad31d,community_01,Paul,David,male,1976-02-16,73060316089,08006922617,https://www.commcarehq.org/photos/farmer_250.jpg,7,mixed_farming,22,owned,1,rain-fed,---,groundnuts maize,1.1,6.5,---,---,---,---,10.4267603 7.5977618 0.0 20.0,yes,a9a1db1d-47d0-4c45-ad8c-7767d482f5cf,2026-01-04 00:03:00,2026-01-04,tester,2026-01-04 00:03:14,https://www.commcarehq.org/form/6b3f6378-1216-4731-a2d2-2e777d8ad31d,tester
251,f10c1fee-16fc-42e2-ac4d-eabf2381a999,community_04,Paul,Abdullahi,female,1979-02-03,32744463946,08005307499,https://www.commcarehq.org/photos/farmer_251.jpg,6,crop_farming,19,owned,2,rain-fed,---,rice groundnuts maize,1.4,5.6,3.8,goats,23,---,5.4869161 9.6465638 0.0 20.0,yes,c78b2fa1-339f-4086-8535-27c795a8f798,2026-01-11 00:06:00,2026-01-11,tester,2026-01-11 00:06:06,https://www.commcarehq.org/form/f10c1fee-16fc-42e2-ac4d-eabf2381a999,tester
252,05c87bad-7e18-4f90-ae1a-4076704b9547,community_05,Peter,Ogunleye,female,2007-02-08,63988313275,08082863458,https://www.commcarehq.org/photos/farmer_252.jpg,1,livestock_farming,1,owned,5,other,Community Well,rice,---,---,3.1,goats rabbits,16,11,10.5794135 7.2582055 0.0 20.0,yes,8688fe49-e318-465b-ba9e-0d1dd0319389,2026-05-26 00:02:00,2026-05-26,tester,2026-05-26 00:02:17,https://www.commcarehq.org/form/05c87bad-7e18-4f90-ae1a-4076704b9547,tester
253,93f7d250-8eed-4d1c-af7c-b7a4d0ef3bef,community_01,Paul,Samuel,female,1960-06-20,46176167454,08021120844,https://www.commcarehq.org/photos/farmer_253.jpg,4,mixed_farming,6,leased,2,borehole,---,groundnuts,1.4,---,---,goats,17,---,10.513543 7.5862359 0.0 20.0,yes,cb350b90-200c-4ade-b746-c8bd98abbfbb,2026-06-27 00:06:00,2026-06-27,tester,2026-06-27 00:06:17,https://www.commcarehq.org/form/93f7d250-8eed-4d1c-af7c-b7a4d0ef3bef,tester
254,cd07d768-2837-4791-8dd6-fc928d0fb2f4,community_06,Mercy,Abdullahi,female,1986-08-30,56098427837,08008943762,https://www.commcarehq.org/photos/farmer_254.jpg,2,livestock_farming,21,owned,4,borehole,---,maize,---,4.7,---,---,---,---,10.2864549 7.2839052 0.0 20.0,yes,eff54770-1309-4544-ad0d-91e243008a53,2026-06-23 00:06:00,2026-06-23,tester,2026-06-23 00:06:05,https://www.commcarehq.org/form/cd07d768-2837-4791-8dd6-fc928d0fb2f4,tester
255,24ce2794-7319-4234-89f4-ce6c9e6b75fd,community_03,Daniel,Yusuf,male,1994-07-16,74420421366,08043849394,https://www.commcarehq.org/photos/farmer_255.jpg,5,mixed_farming,7,owned,3,rain-fed,---,rice groundnuts,3.0,---,3.3,goats rabbits,22,28,10.2414701 7.4999775 0.0 20.0,yes,ae4a63be-d85b-460f-a845-6659257f70df,2026-05-20 00:02:00,2026-05-20,tester,2026-05-20 00:02:19,https://www.commcarehq.org/form/24ce2794-7319-4234-89f4-ce6c9e6b75fd,tester
256,e0f7627f-0be0-4b8a-9850-ecc47c72ef18,community_04,Paul,Musa,female,1973-03-22,,08051893749,https://www.commcarehq.org/photos/farmer_256.jpg,8,crop_farming,24,family_land,3,river_stream,---,maize rice,---,4.5,0.5,rabbits,---,3,10.2613501 7.3497623 0.0 20.0,yes,8ef4a8ec-a245-435f-9f14-c41688d41d55,2026-06-03 00:04:00,2026-06-03,tester,2026-06-03 00:04:15,https://www.commcarehq.org/form/e0f7627f-0be0-4b8a-9850-ecc47c72ef18,tester
257,6af30756-2f65-4d4a-83b6-38d040ff0cdc,community_01,Blessing,Usman,male,1959-09-06,17853562047,08085169195,https://www.commcarehq.org/photos/farmer_257.jpg,6,crop_farming,8,family_land,2,rain-fed,---,rice groundnuts,2.9,---,1.2,goats rabbits,15,39,10.2612194 7.4472399 0.0 20.0,yes,6fbbff2b-9f20-42c6-86e0-6c7b601ebb03,2026-01-21 00:06:00,2026-01-21,tester,2026-01-21 00:06:17,https://www.commcarehq.org/form/6af30756-2f65-4d4a-83b6-38d040ff0cdc,tester
258,355a974e-1cce-4ed6-aadc-d9766421a581,community_01,Suleiman,Peter,female,1981-04-08,43921261900,08025277762,https://www.commcarehq.org/photos/farmer_258.jpg,4,mixed_farming,4,owned,4,rain-fed,---,groundnuts,0.7,---,---,---,---,---,10.283189 7.2402687 0.0 20.0,yes,98df9768-2bff-49c5-890f-f24275b58cb1,2026-04-16 00:02:00,2026-04-16,tester,2026-04-16 00:02:20,https://www.commcarehq.org/form/355a974e-1cce-4ed6-aadc-d9766421a581,tester
259,536a53bd-368c-4206-8915-23145fad5091,community_07,Fatima,Daniel,female,1990-08-20,,08081015609,https://www.commcarehq.org/photos/farmer_259.jpg,5,mixed_farming,6,owned,2,rain-fed,---,rice,---,---,0.6,rabbits,---,25,10.2459154 7.2867831 0.0 20.0,yes,b1e27ec4-c23f-44a6-ae65-5cb652c9aac2,2026-02-26 00:02:00,2026-02-26,tester,2026-02-26 00:02:09,https://www.commcarehq.org/form/536a53bd-368c-4206-8915-23145fad5091,tester
260,76d9596b-98c3-417a-83f5-80786d168a5f,community_02,Ruth,Daniel,female,1987-08-12,67964026963,08053116823,https://www.commcarehq.org/photos/farmer_260.jpg,7,crop_farming,7,leased,2,rain-fed,---,rice maize groundnuts,2.1,4.1,2.0,---,---,---,10.4530794 7.2257065 0.0 20.0,yes,58e75349-602e-4945-b675-c556ae60ab6e,2026-01-09 00:06:00,2026-01-09,tester,2026-01-09 00:06:13,https://www.commcarehq.org/form/76d9596b-98c3-417a-83f5-80786d168a5f,tester
261,95bd31ae-9128-4626-ac31-9c29b439ee72,community_04,Musa,Eze,female,1978-01-14,31967254280,08084122313,https://www.commcarehq.org/photos/farmer_261.jpg,11,crop_farming,19,family_land,1,rain-fed,---,groundnuts rice maize,1.9,4.8,3.8,---,---,---,8.3040704 11.5172744 0.0 20.0,yes,2456b68c-8c3f-4a3c-ab61-45cc0c8c77bd,2026-04-22 00:04:00,2026-04-22,tester,2026-04-22 00:04:15,https://www.commcarehq.org/form/95bd31ae-9128-4626-ac31-9c29b439ee72,tester
262,c0dcd839-3149-4bf7-93c9-d03629f0f4c4,community_02,Grace,Abdullahi,male,2003-12-04,33419533723,08065200750,https://www.commcarehq.org/photos/farmer_262.jpg,6,crop_farming,5,leased,1,rain-fed,---,groundnuts maize,2.3,2.1,---,---,---,---,10.4225801 7.3252699 0.0 20.0,yes,0d4c4cc0-5db0-4fc0-a9b5-58605b63ed5d,2026-04-11 00:04:00,2026-04-11,tester,2026-04-11 00:04:19,https://www.commcarehq.org/form/c0dcd839-3149-4bf7-93c9-d03629f0f4c4,tester
263,a4750c03-0914-4ad5-b900-faf58229cffd,community_04,Binta,Philip,male,1987-05-20,27224519780,08013641193,https://www.commcarehq.org/photos/farmer_263.jpg,7,livestock_farming,9,leased,5,rain-fed,---,rice maize,---,2.1,1.1,goats rabbits,16,22,10.544758 7.5012139 0.0 20.0,yes,60601f60-d83b-463f-b024-f3aff434965c,2026-04-16 00:07:00,2026-04-16,tester,2026-04-16 00:07:19,https://www.commcarehq.org/form/a4750c03-0914-4ad5-b900-faf58229cffd,tester
264,01c22e2b-f34d-4c95-a389-7ec50ede694d,community_05,Esther,Yakubu,male,1979-02-20,77563548926,08022205867,https://www.commcarehq.org/photos/farmer_264.jpg,12,crop_farming,1,family_land,2,rain-fed,---,maize,---,1.8,---,---,---,---,10.5433835 7.5041952 0.0 20.0,yes,d100f010-9b0a-4483-8270-909f011d472f,2026-04-27 00:07:00,2026-04-27,tester,2026-04-27 00:07:09,https://www.commcarehq.org/form/01c22e2b-f34d-4c95-a389-7ec50ede694d,tester
265,937a6bb6-0fe9-4562-9030-fb13b633b1b5,community_06,Mary,Philip,male,1953-11-30,,08057121386,https://www.commcarehq.org/photos/farmer_265.jpg,4,crop_farming,2,leased,1,rain-fed,---,maize rice groundnuts,0.8,3.8,1.7,goats,14,---,10.4031707 7.2212628 0.0 20.0,yes,947f4cbc-9fc5-4704-8cfc-18916e8f833c,2026-01-26 00:02:00,2026-01-26,tester,2026-01-26 00:02:17,https://www.commcarehq.org/form/937a6bb6-0fe9-4562-9030-fb13b633b1b5,tester
266,af04f63e-4b89-4d3e-9b1f-b1e329129536,community_05,David,Daniel,male,1987-02-20,80839542298,08046692002,https://www.commcarehq.org/photos/farmer_266.jpg,3,livestock_farming,13,owned,1,river_stream,---,maize rice groundnuts,0.9,1.7,2.7,---,---,---,10.2012427 7.2740315 0.0 20.0,yes,5b9957ed-1d30-4658-859e-89e2374b17a7,2026-06-09 00:05:00,2026-06-09,tester,2026-06-09 00:05:14,https://www.commcarehq.org/form/af04f63e-4b89-4d3e-9b1f-b1e329129536,tester
267,b07b03c1-a4f8-4759-9ed6-9bf37e94687a,community_06,Yusuf,Garba,male,1984-04-07,29135008396,08096409817,https://www.commcarehq.org/photos/farmer_267.jpg,3,mixed_farming,16,leased,4,rain-fed,---,groundnuts rice,2.4,---,3.2,goats,25,---,10.3962647 7.3403124 0.0 20.0,yes,0f1c5c2c-3cdd-4d7d-9a76-689eab7b6a33,2026-06-19 00:05:00,2026-06-19,tester,2026-06-19 00:05:13,https://www.commcarehq.org/form/b07b03c1-a4f8-4759-9ed6-9bf37e94687a,tester
268,c637de6f-c41c-4f05-b1d0-f3e5dc5e2658,community_03,Amina,Haruna,male,1967-08-11,,08095167098,https://www.commcarehq.org/photos/farmer_268.jpg,8,crop_farming,37,family_land,2,borehole,---,maize,---,4.3,---,---,---,---,10.4715206 7.5596886 0.0 20.0,yes,591e90a4-3297-460c-bd00-ca5cde481dbb,2026-05-15 00:03:00,2026-05-15,tester,2026-05-15 00:03:13,https://www.commcarehq.org/form/c637de6f-c41c-4f05-b1d0-f3e5dc5e2658,tester
269,dbc08106-e033-4ed5-8cb2-c831a2743bf1,community_07,Daniel,Michael,male,1982-02-04,81208482577,08078175731,https://www.commcarehq.org/photos/farmer_269.jpg,3,crop_farming,5,owned,2,borehole,---,maize rice,---,0.9,1.5,---,---,---,10.5301882 7.2493743 0.0 20.0,yes,78d6ce31-9da1-4d32-9e6d-ad390ebfb68f,2026-01-02 00:05:00,2026-01-02,tester,2026-01-02 00:05:16,https://www.commcarehq.org/form/dbc08106-e033-4ed5-8cb2-c831a2743bf1,tester
270,57d0cec3-1e13-4890-a531-7971561c5b91,community_05,Amina,Musa,male,1991-10-26,,08071029150,https://www.commcarehq.org/photos/farmer_270.jpg,2,mixed_farming,13,owned,1,irrigation_scheme,---,maize groundnuts rice,2.2,2.4,2.5,rabbits,---,10,10.3665249 7.2798093 0.0 20.0,yes,2abb9f97-271c-48fd-991b-0acf14e5c8d4,2026-03-18 00:06:00,2026-03-18,tester,2026-03-18 00:06:19,https://www.commcarehq.org/form/57d0cec3-1e13-4890-a531-7971561c5b91,tester
271,5284d51d-e932-46c0-901c-8a14d33a9ec3,community_04,Joseph,Abdullahi,female,1993-10-13,80064920161,08097444405,https://www.commcarehq.org/photos/farmer_271.jpg,1,crop_farming,4,owned,6,irrigation_scheme,---,groundnuts maize,0.8,4.5,---,---,---,---,10.4072033 7.5356792 0.0 20.0,yes,8e78a114-7025-404c-ad28-8f8d4d933a48,2026-03-11 00:08:00,2026-03-11,tester,2026-03-11 00:08:08,https://www.commcarehq.org/form/5284d51d-e932-46c0-901c-8a14d33a9ec3,tester
272,e70222d7-c406-4d5b-9af1-795382a3007c,community_02,Mary,Haruna,male,1981-06-11,17374250039,08075591861,https://www.commcarehq.org/photos/farmer_272.jpg,8,crop_farming,16,family_land,4,rain-fed,---,rice,---,---,0.8,goats rabbits,17,34,10.3775263 7.2222613 0.0 20.0,yes,35eb71cd-7867-4020-859d-9f7b03095e85,2026-04-14 00:05:00,2026-04-14,tester,2026-04-14 00:05:10,https://www.commcarehq.org/form/e70222d7-c406-4d5b-9af1-795382a3007c,tester
273,302599f9-6163-4073-a136-13c6037eeaa9,community_06,Joy,Tanko,male,1968-08-13,29036814176,08061861754,https://www.commcarehq.org/photos/farmer_273.jpg,5,mixed_farming,24,family_land,2,borehole,---,maize rice,---,1.4,1.5,goats rabbits,14,21,10.2136334 7.4601689 0.0 20.0,yes,3aede9b3-0132-494a-b4f0-5f72a093d818,2026-04-24 00:02:00,2026-04-24,tester,2026-04-24 00:02:16,https://www.commcarehq.org/form/302599f9-6163-4073-a136-13c6037eeaa9,tester
274,14676863-b169-4044-bb12-06d2cd16e436,community_07,Samuel,Michael,female,1994-01-07,82417538760,08029551165,https://www.commcarehq.org/photos/farmer_274.jpg,6,crop_farming,13,family_land,6,rain-fed,---,rice groundnuts,1.9,---,3.7,---,---,---,10.2517688 7.3296306 0.0 20.0,yes,eb1bf15c-14fa-4811-bcf1-92bdaea98262,2026-03-31 00:06:00,2026-03-31,tester,2026-03-31 00:06:17,https://www.commcarehq.org/form/14676863-b169-4044-bb12-06d2cd16e436,tester
275,3b17606c-16d2-4f5a-ad32-5e8a58c6558c,community_01,Amina,Tanko,female,1994-10-27,,08047987281,https://www.commcarehq.org/photos/farmer_275.jpg,6,crop_farming,10,owned,1,rain-fed,---,rice groundnuts,2.8,---,1.6,---,---,---,10.5955483 7.4295119 0.0 20.0,yes,1ef81e6b-9a2a-4868-a87b-7fe2a61dca3c,2026-03-06 00:05:00,2026-03-06,tester,2026-03-06 00:05:19,https://www.commcarehq.org/form/3b17606c-16d2-4f5a-ad32-5e8a58c6558c,tester
276,ab1a5513-47f1-4e6f-a626-d0f273b28a2b,community_05,Peter,Daniel,female,1988-04-03,96003469046,08090010758,https://www.commcarehq.org/photos/farmer_276.jpg,5,livestock_farming,17,owned,1,rain-fed,---,maize groundnuts,2.5,3.1,---,---,---,---,10.427661 7.250877 0.0 20.0,yes,b17b60a8-1b5c-491a-938c-f639b9186dae,2026-01-26 00:02:00,2026-01-26,tester,2026-01-26 00:02:20,https://www.commcarehq.org/form/ab1a5513-47f1-4e6f-a626-d0f273b28a2b,tester
277,01a4402c-c3ce-4c0f-acd8-151a26dd8453,community_02,Hauwa,Sani,male,1992-03-03,20127125726,08081252563,https://www.commcarehq.org/photos/farmer_277.jpg,1,livestock_farming,9,family_land,1,rain-fed,---,groundnuts rice,1.0,---,3.4,goats,23,---,10.2249314 7.397422 0.0 20.0,yes,62975d7e-56d6-46a6-a69b-3ec8fd937bfc,2026-05-25 00:06:00,2026-05-25,tester,2026-05-25 00:06:06,https://www.commcarehq.org/form/01a4402c-c3ce-4c0f-acd8-151a26dd8453,tester
278,14614f84-01a5-49ad-91f7-acc7990eba98,community_03,Fatima,Usman,female,1984-10-02,44915784501,08071423478,https://www.commcarehq.org/photos/farmer_278.jpg,10,mixed_farming,13,family_land,5,rain-fed,---,rice groundnuts,1.6,---,2.0,goats rabbits,16,25,10.3407156 7.3372503 0.0 20.0,yes,4d46f7f9-5b37-407a-881e-6843ac73c7ba,2026-03-02 00:03:00,2026-03-02,tester,2026-03-02 00:03:07,https://www.commcarehq.org/form/14614f84-01a5-49ad-91f7-acc7990eba98,tester
279,3320b7a6-2422-4af1-b744-44795c146ef8,community_04,Peter,Usman,female,1967-09-29,13443563465,08082004236,https://www.commcarehq.org/photos/farmer_279.jpg,4,crop_farming,8,family_land,1,rain-fed,---,rice maize,---,5.9,3.5,goats,11,---,10.5120834 7.3170734 0.0 20.0,yes,f144dc10-7019-42f7-8878-cbd76f3b4098,2026-05-15 00:04:00,2026-05-15,tester,2026-05-15 00:04:15,https://www.commcarehq.org/form/3320b7a6-2422-4af1-b744-44795c146ef8,tester
280,4f3e1257-544a-439f-a679-8e2e3d264728,community_05,Esther,JAMES,male,1951-02-27,31097090725,08085351770,https://www.commcarehq.org/photos/farmer_280.jpg,4,crop_farming,8,owned,1,rain-fed,---,groundnuts rice,1.2,---,2.6,---,---,---,10.3538653 7.2177662 0.0 20.0,yes,eb4795f9-acce-4021-a288-d21da9dbe624,2026-02-17 00:07:00,2026-02-17,tester,2026-02-17 00:07:18,https://www.commcarehq.org/form/4f3e1257-544a-439f-a679-8e2e3d264728,tester
281,b03cb5f9-dbdb-4cc1-a44c-805154ad4ca5,community_04,Ahmed,Ahmed,male,1975-09-06,,08038272076,https://www.commcarehq.org/photos/farmer_281.jpg,6,mixed_farming,7,owned,3,rain-fed,---,maize rice groundnuts,0.9,2.8,3.1,rabbits,---,2,10.3122801 7.4730395 0.0 20.0,yes,4c7e5e18-8750-40ba-b662-87447e2e238e,2026-03-05 00:08:00,2026-03-05,tester,2026-03-05 00:08:14,https://www.commcarehq.org/form/b03cb5f9-dbdb-4cc1-a44c-805154ad4ca5,tester
282,e4d1606a-dc65-418d-b08a-fccacbf3f093,community_02,Joseph,Musa,female,1991-08-10,,08061532144,https://www.commcarehq.org/photos/farmer_282.jpg,2,mixed_farming,7,owned,3,rain-fed,---,rice maize groundnuts,1.6,2.0,3.3,goats rabbits,17,13,10.2587607 7.4471797 0.0 20.0,yes,7da16586-7938-40e1-af35-e401416a3e4f,2026-01-30 00:07:00,2026-01-30,tester,2026-01-30 00:07:06,https://www.commcarehq.org/form/e4d1606a-dc65-418d-b08a-fccacbf3f093,tester
283,faa0fe4c-1919-4610-8c04-abf5da865c72,community_02,Esther,Tanko,male,1988-03-16,11105718202,08068376304,https://www.commcarehq.org/photos/farmer_283.jpg,1,crop_farming,14,owned,2,rain-fed,---,rice maize,---,2.5,1.9,---,---,---,10.5894005 7.4487665 0.0 20.0,yes,8d58fe63-a848-4386-9585-db469a1b6a47,2026-01-12 00:04:00,2026-01-12,tester,2026-01-12 00:04:09,https://www.commcarehq.org/form/faa0fe4c-1919-4610-8c04-abf5da865c72,tester
284,367aec73-6b2d-4d2f-8ff0-2286a58efaac,community_07,Amina,James,female,1967-10-29,,08079356176,https://www.commcarehq.org/photos/farmer_284.jpg,3,mixed_farming,37,family_land,3,borehole,---,groundnuts maize rice,1.3,1.7,2.5,---,---,---,10.5196024 7.5909899 0.0 20.0,yes,a3b73fd0-6f50-489a-b754-bcd8e06bbc7c,2026-03-22 00:07:00,2026-03-22,tester,2026-03-22 00:07:08,https://www.commcarehq.org/form/367aec73-6b2d-4d2f-8ff0-2286a58efaac,tester
285,484f4d60-621b-46e3-af69-b625877dab6a,community_05,Samuel,Balogun,female,1995-01-10,97455399654,08042728992,https://www.commcarehq.org/photos/farmer_285.jpg,6,mixed_farming,13,owned,5,rain-fed,---,rice,---,---,2.2,rabbits,---,13,10.5505623 7.2062049 0.0 20.0,yes,d8dd775f-17fc-41d7-8b7a-4be5e77dc3e0,2026-03-09 00:08:00,2026-03-09,tester,2026-03-09 00:08:20,https://www.commcarehq.org/form/484f4d60-621b-46e3-af69-b625877dab6a,tester
286,7c5f2f48-2925-49cd-89d2-3a62f8725fba,community_05,Sarah,Tanko,male,1994-06-02,82442697940,08099345718,https://www.commcarehq.org/photos/farmer_286.jpg,5,livestock_farming,1,owned,2,irrigation_scheme,---,maize rice groundnuts,2.4,4.7,3.1,---,---,---,10.5280424 7.4037496 0.0 20.0,yes,a70c55ce-ae3b-49c7-b7b1-ee25ae561249,2026-01-02 00:06:00,2026-01-02,tester,2026-01-02 00:06:16,https://www.commcarehq.org/form/7c5f2f48-2925-49cd-89d2-3a62f8725fba,tester
287,070bcda9-be01-4d30-b386-ca2b436f12d3,community_05,Samuel,David,male,1996-09-10,26204938773,08024055592,https://www.commcarehq.org/photos/farmer_287.jpg,6,crop_farming,12,leased,3,rain-fed,---,rice maize groundnuts,1.4,1.5,1.5,---,---,---,10.2677283 7.575682 0.0 20.0,yes,8f15a4c7-078a-49da-92c4-4a21b73b8873,2026-06-05 00:08:00,2026-06-05,tester,2026-06-05 00:08:08,https://www.commcarehq.org/form/070bcda9-be01-4d30-b386-ca2b436f12d3,tester
288,384bb8ba-8fdb-4e40-84ae-1c6451e5e15b,community_07,Ahmed,Mohammed,male,1988-04-15,18171352692,08095708029,https://www.commcarehq.org/photos/farmer_288.jpg,7,crop_farming,15,owned,1,irrigation_scheme,---,maize,---,5.8,---,rabbits,---,10,10.5972309 7.4926535 0.0 20.0,yes,1a486c9d-a67d-4380-8bb5-c7f1a788a508,2026-04-01 00:08:00,2026-04-01,tester,2026-04-01 00:08:07,https://www.commcarehq.org/form/384bb8ba-8fdb-4e40-84ae-1c6451e5e15b,tester
289,185b80ad-1394-43c1-8567-f039311eeaad,community_05,Peter,Balogun,male,2003-02-16,81878518578,08060680175,https://www.commcarehq.org/photos/farmer_289.jpg,4,livestock_farming,1,leased,4,rain-fed,---,rice,---,---,1.2,---,---,---,10.2748419 7.3986906 0.0 20.0,yes,78411d57-844c-4dd7-b9ef-444ebc5ed14f,2026-06-12 00:02:00,2026-06-12,tester,2026-06-12 00:02:11,https://www.commcarehq.org/form/185b80ad-1394-43c1-8567-f039311eeaad,tester
290,1df83166-3b24-4dbb-b6d6-f36ce13d3798,community_01,Fatima,Ibrahim,male,1994-06-20,92734272063,08035646132,https://www.commcarehq.org/photos/farmer_290.jpg,5,mixed_farming,10,owned,2,rain-fed,---,maize rice,---,2.5,2.8,goats,16,---,10.4642451 7.3390314 0.0 20.0,yes,a6c17048-46e5-484c-9d68-2a21a2a23619,2026-02-02 00:08:00,2026-02-02,tester,2026-02-02 00:08:20,https://www.commcarehq.org/form/1df83166-3b24-4dbb-b6d6-f36ce13d3798,tester
291,75d99004-ba5a-4d68-a2b9-fd51a61d2f9e,community_06,Deborah,Ibrahim,female,1986-02-13,16051633920,08053648420,https://www.commcarehq.org/photos/farmer_291.jpg,6,mixed_farming,10,owned,1,rain-fed,---,rice,---,---,0.9,---,---,---,10.2516861 7.4159069 0.0 20.0,yes,cab3f096-e206-4185-a9f1-832ae7102ab4,2026-01-06 00:08:00,2026-01-06,tester,2026-01-06 00:08:17,https://www.commcarehq.org/form/75d99004-ba5a-4d68-a2b9-fd51a61d2f9e,tester
292,c1a6e2b1-056a-4874-bf55-3b94132ff07c,community_01,Yusuf,Johnson,female,1968-06-13,,08053115828,https://www.commcarehq.org/photos/farmer_292.jpg,5,mixed_farming,1,owned,1,rain-fed,---,maize rice groundnuts,0.9,2.3,1.3,---,---,---,10.3089833 7.2494571 0.0 20.0,yes,a2947778-dd96-40b3-813a-999e8118d3ce,2026-06-17 00:05:00,2026-06-17,tester,2026-06-17 00:05:09,https://www.commcarehq.org/form/c1a6e2b1-056a-4874-bf55-3b94132ff07c,tester
293,d2f7260b-46ca-4b8d-b7b8-b7ad9ea270fe,community_06,Naomi,Mohammed,female,1999-07-13,,08040861771,https://www.commcarehq.org/photos/farmer_293.jpg,7,crop_farming,1,owned,2,rain-fed,---,rice maize groundnuts,1.2,1.1,3.9,---,---,---,10.5630663 7.4132816 0.0 20.0,yes,0b988b32-bbfd-4a3a-890c-311941e6e2ca,2026-01-05 00:05:00,2026-01-05,tester,2026-01-05 00:05:17,https://www.commcarehq.org/form/d2f7260b-46ca-4b8d-b7b8-b7ad9ea270fe,tester
294,cf2f3db0-5149-4af6-9dc1-695d620a899d,community_07,Emmanuel,Sani,female,1987-06-29,71126470839,08035638901,https://www.commcarehq.org/photos/farmer_294.jpg,12,mixed_farming,16,owned,3,rain-fed,---,maize rice,---,2.4,1.7,goats,12,---,10.439492 7.5485712 0.0 20.0,yes,5e8ff806-be57-4806-9a5f-35a6c27a20dc,2026-02-23 00:08:00,2026-02-23,tester,2026-02-23 00:08:20,https://www.commcarehq.org/form/cf2f3db0-5149-4af6-9dc1-695d620a899d,tester
295,cac15069-4d40-4e4b-b40b-fbdf905db12c,community_04,Ibrahim,Ojo,male,1978-10-23,21738443338,08094010511,https://www.commcarehq.org/photos/farmer_295.jpg,2,mixed_farming,17,owned,3,rain-fed,---,maize,---,1.2,---,---,---,---,10.5520905 7.3084431 0.0 20.0,yes,796405a0-6a36-4bee-b164-7b6a204e1456,2026-04-06 00:06:00,2026-04-06,tester,2026-04-06 00:06:10,https://www.commcarehq.org/form/cac15069-4d40-4e4b-b40b-fbdf905db12c,tester
296,7aa65291-74d6-42de-a0f9-751b1113f348,community_01,Esther,Adeyemi,male,1980-10-20,72157239307,08023799174,https://www.commcarehq.org/photos/farmer_296.jpg,5,crop_farming,1,owned,4,rain-fed,---,groundnuts rice,2.1,---,2.6,goats,22,---,10.2904118 7.4515287 0.0 20.0,yes,844c5db7-9e3d-4b70-bea5-a0f105afbdb1,2026-03-12 00:04:00,2026-03-12,tester,2026-03-12 00:04:18,https://www.commcarehq.org/form/7aa65291-74d6-42de-a0f9-751b1113f348,tester
297,b572dd5c-b6ec-406b-9f2a-dba5dd50db92,community_04,Musa,Samuel,female,1991-09-26,38601765923,08001722175,https://www.commcarehq.org/photos/farmer_297.jpg,6,mixed_farming,9,leased,3,borehole,---,groundnuts rice,0.5,---,1.3,goats rabbits,21,12,10.3901856 7.2000987 0.0 20.0,yes,819197b8-05c3-4c90-ba2a-bc5bcc23e3eb,2026-01-14 00:03:00,2026-01-14,tester,2026-01-14 00:03:19,https://www.commcarehq.org/form/b572dd5c-b6ec-406b-9f2a-dba5dd50db92,tester
298,ef343d83-5c24-4a36-a638-bfe6a20c5f77,community_03,Ruth,Johnson,male,1972-10-01,64863567025,08073830621,https://www.commcarehq.org/photos/farmer_298.jpg,8,mixed_farming,36,owned,3,borehole,---,maize rice groundnuts,0.6,2.7,2.1,---,---,---,10.285512 7.4239176 0.0 20.0,yes,8021a13c-88c1-4c93-924c-4463d6ffe849,2026-02-18 00:05:00,2026-02-18,tester,2026-02-18 00:05:16,https://www.commcarehq.org/form/ef343d83-5c24-4a36-a638-bfe6a20c5f77,tester
299,f29dd850-7416-4e86-9827-ff2c6aebf065,community_01,Suleiman,Yusuf,male,1993-07-07,24295590542,+2348099502663,https://www.commcarehq.org/photos/farmer_299.jpg,8,crop_farming,10,family_land,3,other,Spring Water,maize groundnuts,1.7,5.7,---,---,---,---,10.2152774 7.2115348 0.0 20.0,yes,5b3f154e-f80c-42e6-a2d4-aa918f783b9f,2026-02-09 00:07:00,2026-02-09,tester,2026-02-09 00:07:10,https://www.commcarehq.org/form/f29dd850-7416-4e86-9827-ff2c6aebf065,tester
300,946a3965-e3c9-404d-aef5-4d1a06d0ed35,community_06,Sarah,Bello,male,1975-11-29,53217358824,08005916088,https://www.commcarehq.org/photos/farmer_300.jpg,5,livestock_farming,24,owned,3,river_stream,---,groundnuts rice maize,2.6,3.5,3.1,goats rabbits,16,40,10.2794734 7.4021863 0.0 20.0,yes,8a3461c4-2f4a-4ccc-9e9a-867da752c47b,2026-01-01 00:04:00,2026-01-01,tester,2026-01-01 00:04:13,https://www.commcarehq.org/form/946a3965-e3c9-404d-aef5-4d1a06d0ed35,tester
301,658f10f2-6765-414b-a977-5c5295b4d29e,community_04,Mary,Johnson,male,1974-09-28,,08009103601,https://www.commcarehq.org/photos/farmer_301.jpg,3,crop_farming,16,owned,3,irrigation_scheme,---,rice,---,---,3.1,goats,3,---,10.3148306 7.3115854 0.0 20.0,yes,d31d49b5-2608-45da-a4eb-229f35530a59,2026-04-16 00:03:00,2026-04-16,tester,2026-04-16 00:03:11,https://www.commcarehq.org/form/658f10f2-6765-414b-a977-5c5295b4d29e,tester
302,e9d4baca-fa16-440a-88d0-8789cfb885e3,community_02,John,Isa,female,1989-02-25,88834782293,08037586195,https://www.commcarehq.org/photos/farmer_302.jpg,4,mixed_farming,12,family_land,3,rain-fed,---,rice maize groundnuts,1.8,1.8,1.3,goats,5,---,10.4524455 7.3900839 0.0 20.0,yes,4496af1e-aea6-4fe0-a948-e100b1931c14,2026-03-24 00:04:00,2026-03-24,tester,2026-03-24 00:04:17,https://www.commcarehq.org/form/e9d4baca-fa16-440a-88d0-8789cfb885e3,tester
303,3662f4c7-c873-46e9-96b9-e4d9ce4cb47d,community_05,Naomi,Musa,male,2003-07-03,54991912411,08039131574,https://www.commcarehq.org/photos/farmer_303.jpg,7,crop_farming,4,owned,1,rain-fed,---,maize rice,---,2.3,3.9,---,---,---,10.5603462 7.4027843 0.0 20.0,yes,e4eb6731-c4fd-4c2d-abb0-65c689b6e875,2026-03-10 00:06:00,2026-03-10,tester,2026-03-10 00:06:17,https://www.commcarehq.org/form/3662f4c7-c873-46e9-96b9-e4d9ce4cb47d,tester
304,138cc616-836d-448f-bf94-d6f57e43ceff,community_04,Rebecca,Yakubu,male,1986-07-19,,08019713993,https://www.commcarehq.org/photos/farmer_304.jpg,4,crop_farming,1,family_land,1,rain-fed,---,groundnuts,1.1,---,---,goats,4,---,10.2616552 7.4221393 0.0 20.0,yes,7d118468-6537-4edb-b1f9-c01a9401fe62,2026-01-02 00:05:00,2026-01-02,tester,2026-01-02 00:05:10,https://www.commcarehq.org/form/138cc616-836d-448f-bf94-d6f57e43ceff,tester
305,54ff8f4d-95ce-4b36-8009-922e383936c2,community_03,Ruth,Sani,female,1978-08-05,26823171034,08033933268,https://www.commcarehq.org/photos/farmer_305.jpg,12,mixed_farming,19,owned,4,rain-fed,---,rice groundnuts,2.0,---,3.1,---,---,---,10.255232 7.2751882 0.0 20.0,yes,30c8d001-e39a-4f7d-9ffa-54ba23507497,2026-04-22 00:02:00,2026-04-22,tester,2026-04-22 00:02:15,https://www.commcarehq.org/form/54ff8f4d-95ce-4b36-8009-922e383936c2,tester
306,7055dac8-77c1-441b-bca8-afa898aa628e,community_03,Rebecca,Usman,male,1989-06-23,69936341946,8013518376,https://www.commcarehq.org/photos/farmer_306.jpg,11,crop_farming,17,owned,6,dam_reservoir,---,maize groundnuts,1.3,2.1,---,---,---,---,10.5209674 7.380108 0.0 20.0,yes,082919e7-aaa3-4f2d-9140-032d385c2136,2026-05-02 00:07:00,2026-05-02,tester,2026-05-02 00:07:15,https://www.commcarehq.org/form/7055dac8-77c1-441b-bca8-afa898aa628e,tester
307,98475557-f8f3-4c35-bc45-139af9216d55,community_06,Daniel,James,female,1953-08-08,52979551883,08097256844,https://www.commcarehq.org/photos/farmer_307.jpg,2,crop_farming,39,family_land,2,borehole,---,rice,---,---,1.4,goats rabbits,15,22,10.3190733 7.214246 0.0 20.0,yes,73369d2b-bbd4-481e-88ad-d9b46dd723be,2026-01-10 00:06:00,2026-01-10,tester,2026-01-10 00:06:17,https://www.commcarehq.org/form/98475557-f8f3-4c35-bc45-139af9216d55,tester
308,231f8bf3-bdb9-4c9b-bd0c-4b9c29e89343,community_02,Fatima,Sani,male,1968-12-07,,08034699985,https://www.commcarehq.org/photos/farmer_308.jpg,9,crop_farming,6,owned,3,rain-fed,---,groundnuts,2.9,---,---,goats,22,---,10.2317133 7.5649387 0.0 20.0,yes,dea2f32e-3590-4e7d-ae5c-083b954e25f0,2026-02-19 00:06:00,2026-02-19,tester,2026-02-19 00:06:13,https://www.commcarehq.org/form/231f8bf3-bdb9-4c9b-bd0c-4b9c29e89343,tester
309,472269ee-eddd-4786-9280-86f9e5ab825e,community_07,Hauwa,Yakubu,male,1976-01-04,69852423409,08026150312,https://www.commcarehq.org/photos/farmer_309.jpg,12,mixed_farming,18,owned,3,rain-fed,---,groundnuts,1.1,---,---,---,---,---,10.4445545 7.4912656 0.0 20.0,yes,8e8701b5-b101-4dc1-8bfc-45d60181a149,2026-04-28 00:06:00,2026-04-28,tester,2026-04-28 00:06:18,https://www.commcarehq.org/form/472269ee-eddd-4786-9280-86f9e5ab825e,tester
310,80879727-63f2-4b35-9535-95c8f4e2fc9f,community_05,Ibrahim,Sani,male,1966-01-22,29088479934,08047266208,https://www.commcarehq.org/photos/farmer_310.jpg,3,crop_farming,14,family_land,3,rain-fed,---,maize rice,---,0.7,2.7,goats,13,---,10.3661572 7.5059761 0.0 20.0,yes,3bcbdd74-efc2-46fa-9f70-08f65dd5d89f,2026-03-14 00:06:00,2026-03-14,tester,2026-03-14 00:06:20,https://www.commcarehq.org/form/80879727-63f2-4b35-9535-95c8f4e2fc9f,tester
311,29e567f7-6f8b-44a7-a846-8fc9a8cd369e,community_07,Joseph,Philip,male,1995-05-21,87784575441,08028799532,https://www.commcarehq.org/photos/farmer_311.jpg,7,mixed_farming,11,leased,3,rain-fed,---,rice maize groundnuts,2.6,3.5,2.1,---,---,---,10.5695642 7.2710507 0.0 20.0,yes,3c20abb6-9f3e-4322-a640-d913aa09a2fc,2026-05-17 00:08:00,2026-05-17,tester,2026-05-17 00:08:15,https://www.commcarehq.org/form/29e567f7-6f8b-44a7-a846-8fc9a8cd369e,tester
312,19328b84-315b-4b01-8741-d36d094cf601,community_06,Binta,Isa,female,1998-08-08,67631029021,08010265054,https://www.commcarehq.org/photos/farmer_312.jpg,3,mixed_farming,8,family_land,6,irrigation_scheme,---,maize groundnuts rice,1.6,4.8,1.3,---,---,---,10.2799141 7.25306 0.0 20.0,yes,77b6a5fc-ea76-4339-90cc-22b60ab98cf8,2026-01-08 00:03:00,2026-01-08,tester,2026-01-08 00:03:19,https://www.commcarehq.org/form/19328b84-315b-4b01-8741-d36d094cf601,tester
313,9a313030-dbc4-4db2-a6fe-2e421075b522,community_03,Ahmed,Eze,male,1993-11-15,40748815843,08049006898,https://www.commcarehq.org/photos/farmer_313.jpg,3,livestock_farming,9,owned,3,rain-fed,---,maize,---,3.4,---,---,---,---,10.3593587 7.5289263 0.0 20.0,yes,c5185496-877d-4378-9bc9-38fe1991bfda,2026-04-04 00:05:00,2026-04-04,tester,2026-04-04 00:05:19,https://www.commcarehq.org/form/9a313030-dbc4-4db2-a6fe-2e421075b522,tester
314,07d82847-8f87-4e92-85f1-f4e1df647600,community_03,Mary,James,male,1987-05-15,,08036124236,https://www.commcarehq.org/photos/farmer_314.jpg,6,crop_farming,9,owned,3,borehole,---,maize rice groundnuts,2.4,1.4,1.5,goats,13,---,10.4855213 7.3226651 0.0 20.0,yes,3adb6485-4bd2-4688-a28e-1dbaf0827ccd,2026-05-26 00:07:00,2026-05-26,tester,2026-05-26 00:07:14,https://www.commcarehq.org/form/07d82847-8f87-4e92-85f1-f4e1df647600,tester
315,96f3cd9e-055c-4922-9271-ade5aea1f87e,community_03,Samuel,Adeyemi,male,1974-04-30,65229618497,08022851035,https://www.commcarehq.org/photos/farmer_315.jpg,7,crop_farming,23,family_land,3,rain-fed,---,maize rice,---,4.4,3.5,---,---,---,10.3519489 7.4674979 0.0 20.0,yes,c377edaa-f3da-4b35-8474-6a9aed21c4f1,2026-02-27 00:04:00,2026-02-27,tester,2026-02-27 00:04:11,https://www.commcarehq.org/form/96f3cd9e-055c-4922-9271-ade5aea1f87e,tester
316,9d3a3d0a-5773-4ac9-97ed-5845ca326556,community_02,James,Eze,female,1973-01-13,82102559810,08087306952,https://www.commcarehq.org/photos/farmer_316.jpg,7,crop_farming,4,owned,3,rain-fed,---,groundnuts rice maize,2.2,3.2,0.6,---,---,---,10.2365437 7.2760057 0.0 20.0,yes,368e77f6-0ec0-4a75-aac8-d882f3f872bf,2026-01-17 00:03:00,2026-01-17,tester,2026-01-17 00:03:14,https://www.commcarehq.org/form/9d3a3d0a-5773-4ac9-97ed-5845ca326556,tester
317,3e7ab921-a0fb-4c6b-a7b7-adc0e4ab0078,community_01,Peter,Garba,female,1979-05-24,17651108815,08036110152,https://www.commcarehq.org/photos/farmer_317.jpg,12,livestock_farming,4,family_land,2,rain-fed,---,rice maize groundnuts,1.1,2.9,1.4,---,---,---,10.3933119 7.3135023 0.0 20.0,yes,6ccab50b-8a53-49a0-81e2-588503244c08,2026-03-09 00:08:00,2026-03-09,tester,2026-03-09 00:08:12,https://www.commcarehq.org/form/3e7ab921-a0fb-4c6b-a7b7-adc0e4ab0078,tester
318,1191e031-00d2-49a2-b964-a9b46d90da96,community_03,Ahmed,Sani,male,1985-04-09,82904296987,08041043946,https://www.commcarehq.org/photos/farmer_318.jpg,7,crop_farming,8,owned,3,borehole,---,groundnuts maize,2.8,1.8,---,---,---,---,10.2767616 7.358496 0.0 20.0,yes,73c5e2f1-8e64-4aca-be41-199e8326d33b,2026-02-10 00:06:00,2026-02-10,tester,2026-02-10 00:06:10,https://www.commcarehq.org/form/1191e031-00d2-49a2-b964-a9b46d90da96,tester
319,0c0a87ea-210a-4a87-8948-9044f2780862,community_02,Esther,Ibrahim,female,1972-03-19,,08048313374,https://www.commcarehq.org/photos/farmer_319.jpg,6,crop_farming,26,owned,2,river_stream,---,maize groundnuts,2.5,1.7,---,---,---,---,10.5330207 7.2094716 0.0 20.0,yes,cce95e3f-dce6-4d08-afe5-f75f6ce41392,2026-04-08 00:04:00,2026-04-08,tester,2026-04-08 00:04:11,https://www.commcarehq.org/form/0c0a87ea-210a-4a87-8948-9044f2780862,tester
320,58fe95cc-31a0-4f70-86fe-18233f718156,community_06,Hauwa,Yakubu,male,1995-03-07,77529122887,08095997397,https://www.commcarehq.org/photos/farmer_320.jpg,4,crop_farming,2,owned,2,rain-fed,---,groundnuts maize,0.8,5.0,---,goats,25,---,10.260709 7.2601678 0.0 20.0,yes,0c9d5262-d8b0-44f9-80a5-6e5af1ab89d7,2026-02-21 00:06:00,2026-02-21,tester,2026-02-21 00:06:07,https://www.commcarehq.org/form/58fe95cc-31a0-4f70-86fe-18233f718156,tester
321,15a05f3e-27ab-4cb7-8889-8f6b36ae9709,community_03,Ibrahim,Okafor,male,1977-10-15,,08061786793,https://www.commcarehq.org/photos/farmer_321.jpg,6,crop_farming,8,owned,6,rain-fed,---,rice groundnuts maize,0.8,3.0,1.9,rabbits,---,35,10.2241145 7.5958572 0.0 20.0,yes,5d61f8f3-f21d-4dd7-b324-05101f56b40d,2026-05-25 00:05:00,2026-05-25,tester,2026-05-25 00:05:06,https://www.commcarehq.org/form/15a05f3e-27ab-4cb7-8889-8f6b36ae9709,tester
322,5d92aef6-643b-4d31-8811-017d5add7145,community_07,Deborah,Abdullahi,male,1981-09-21,87633907147,08005115854,https://www.commcarehq.org/photos/farmer_322.jpg,8,mixed_farming,14,family_land,2,irrigation_scheme,---,groundnuts maize rice,1.0,4.0,2.1,---,---,---,10.5794015 7.5557588 0.0 20.0,yes,c36348a6-bce6-42a4-a410-182255ea85b8,2026-03-17 00:02:00,2026-03-17,tester,2026-03-17 00:02:17,https://www.commcarehq.org/form/5d92aef6-643b-4d31-8811-017d5add7145,tester
323,311f20c8-d741-4b6c-ae15-8dc95565c183,community_01,Peter,Johnson,male,1992-09-13,,08034675388,https://www.commcarehq.org/photos/farmer_323.jpg,4,crop_farming,4,owned,3,rain-fed,---,rice,---,---,1.7,goats,12,---,10.4632668 7.2806806 0.0 20.0,yes,86cd5321-cd31-43ba-9416-285f3e59fc26,2026-03-11 00:03:00,2026-03-11,tester,2026-03-11 00:03:11,https://www.commcarehq.org/form/311f20c8-d741-4b6c-ae15-8dc95565c183,tester
324,ba247059-1a3e-4735-9f62-d15f9c97fd77,community_06,Amina,Peter,female,1963-01-06,62435470498,+2348004175195,https://www.commcarehq.org/photos/farmer_324.jpg,7,mixed_farming,8,leased,3,borehole,---,maize groundnuts,1.0,1.0,---,---,---,---,10.4034941 7.5779587 0.0 20.0,no,9e2ff44f-3f09-4858-8a36-65d2da8489b7,2026-04-08 00:08:00,2026-04-08,tester,2026-04-08 00:08:18,https://www.commcarehq.org/form/ba247059-1a3e-4735-9f62-d15f9c97fd77,tester
325,2f63f3d7-e5f4-44e3-b028-7a6a72b7629d,community_03,Deborah,James,male,1963-12-07,,08062768809,https://www.commcarehq.org/photos/farmer_325.jpg,8,crop_farming,16,owned,4,rain-fed,---,groundnuts rice,2.0,---,1.2,---,---,---,10.447022 7.5293003 0.0 20.0,yes,26d6cd81-fada-4a71-8031-e38e3ae687a6,2026-02-14 00:06:00,2026-02-14,tester,2026-02-14 00:06:09,https://www.commcarehq.org/form/2f63f3d7-e5f4-44e3-b028-7a6a72b7629d,tester
326,b0c0794e-8272-44cc-b21e-c0a5efc19447,community_05,Paul,Adeyemi,male,1975-04-22,49531209279,8043860004,https://www.commcarehq.org/photos/farmer_326.jpg,8,crop_farming,25,family_land,3,rain-fed,---,maize,---,5.9,---,goats rabbits,4,32,10.3857733 7.3660307 0.0 20.0,yes,cb9b50f0-cbb2-400f-8127-2905601b48f3,2026-04-23 00:03:00,2026-04-23,tester,2026-04-23 00:03:05,https://www.commcarehq.org/form/b0c0794e-8272-44cc-b21e-c0a5efc19447,tester
327,4e2df6a7-4011-474c-a5f3-7e514dcc42bf,community_02,Ruth,Michael,female,1997-10-05,25961452647,08047812192,https://www.commcarehq.org/photos/farmer_327.jpg,3,crop_farming,10,owned,1,borehole,---,maize rice,---,4.5,2.3,---,---,---,10.5039574 7.2526828 0.0 20.0,yes,90b8c039-d7a6-4f8b-b629-2eb627fc21dd,2026-06-19 00:03:00,2026-06-19,tester,2026-06-19 00:03:06,https://www.commcarehq.org/form/4e2df6a7-4011-474c-a5f3-7e514dcc42bf,tester
328,dec26db8-2d3b-4b6f-9a6c-38c11fdb42cb,community_05,Paul,David,female,1974-07-07,43478291751,08013543685,https://www.commcarehq.org/photos/farmer_328.jpg,6,crop_farming,29,owned,2,rain-fed,---,maize groundnuts,1.1,5.3,---,---,---,---,10.4652992 7.4672051 0.0 20.0,yes,d51b5edd-c535-45a2-997b-24dc23a29515,2026-05-13 00:04:00,2026-05-13,tester,2026-05-13 00:04:07,https://www.commcarehq.org/form/dec26db8-2d3b-4b6f-9a6c-38c11fdb42cb,tester
329,4b82a102-043f-4ee9-b827-d828dc7fbf50,community_06,David,Ojo,male,1985-03-17,,08081713459,https://www.commcarehq.org/photos/farmer_329.jpg,7,livestock_farming,17,owned,3,rain-fed,---,rice maize groundnuts,1.9,3.7,0.7,---,---,---,10.4774779 7.5988699 0.0 20.0,yes,1a8ee437-a0d8-48c7-9ef8-989a2cc7b0d3,2026-02-10 00:02:00,2026-02-10,tester,2026-02-10 00:02:10,https://www.commcarehq.org/form/4b82a102-043f-4ee9-b827-d828dc7fbf50,tester
330,2ede4462-7963-405a-9226-7dbafbc9ee75,community_05,Deborah,Eze,male,1961-10-14,,08068299299,https://www.commcarehq.org/photos/farmer_330.jpg,6,livestock_farming,1,owned,3,rain-fed,---,rice groundnuts maize,2.4,1.3,2.2,goats,9,---,10.2637772 7.3676037 0.0 20.0,yes,72c1a0cc-3369-4d7e-89fc-4030f674eb46,2026-03-05 00:08:00,2026-03-05,tester,2026-03-05 00:08:16,https://www.commcarehq.org/form/2ede4462-7963-405a-9226-7dbafbc9ee75,tester
331,9273c035-a9ca-42e7-a7b8-8a8bd15dff4d,community_01,James,Peter,female,1996-09-12,,08014670131,https://www.commcarehq.org/photos/farmer_331.jpg,8,crop_farming,2,owned,3,rain-fed,---,maize rice groundnuts,1.5,5.8,0.9,---,---,---,10.5504969 7.4765748 0.0 20.0,yes,a01c6d31-e2cc-4bef-8c22-bcabaab22b45,2026-03-16 00:03:00,2026-03-16,tester,2026-03-16 00:03:08,https://www.commcarehq.org/form/9273c035-a9ca-42e7-a7b8-8a8bd15dff4d,tester
332,93d3713e-22d8-4c30-9d04-6f1a863c916a,community_01,Suleiman,Eze,female,1972-08-08,67692050763,08001787963,https://www.commcarehq.org/photos/farmer_332.jpg,8,crop_farming,7,family_land,2,rain-fed,---,maize rice groundnuts,3.0,5.5,2.2,---,---,---,10.4426511 7.5481574 0.0 20.0,yes,d163b360-0310-4c90-978e-8939bdb259ea,2026-01-11 00:06:00,2026-01-11,tester,2026-01-11 00:06:08,https://www.commcarehq.org/form/93d3713e-22d8-4c30-9d04-6f1a863c916a,tester
333,e326e411-eb76-4da7-a521-4286a526acb0,community_04,Paul,Ojo,female,1985-03-11,95486125412,08043737855,https://www.commcarehq.org/photos/farmer_333.jpg,6,mixed_farming,22,leased,1,rain-fed,---,groundnuts maize,2.8,5.3,---,---,---,---,10.3014057 7.5273474 0.0 20.0,yes,2830e8bf-f7d2-418e-80b6-84d976d1293f,2026-03-05 00:04:00,2026-03-05,tester,2026-03-05 00:04:19,https://www.commcarehq.org/form/e326e411-eb76-4da7-a521-4286a526acb0,tester
334,795e3e56-386b-4e75-95d7-a406e4b8e8c6,community_06,Ibrahim,Ali,female,1984-03-26,86723074873,08067771403,https://www.commcarehq.org/photos/farmer_334.jpg,7,crop_farming,10,owned,5,rain-fed,---,rice groundnuts,2.4,---,1.2,---,---,---,10.3348005 7.3751076 0.0 20.0,yes,88dfaa37-3d38-4232-aca0-fa35045fb729,2026-02-10 00:03:00,2026-02-10,tester,2026-02-10 00:03:15,https://www.commcarehq.org/form/795e3e56-386b-4e75-95d7-a406e4b8e8c6,tester
335,9415a624-6100-45f2-b261-ed45c3f01410,community_01,John,Okafor,male,1978-02-12,,08053610584,https://www.commcarehq.org/photos/farmer_335.jpg,2,crop_farming,30,owned,3,irrigation_scheme,---,rice groundnuts,1.3,---,1.3,---,---,---,10.2620047 7.5970709 0.0 20.0,yes,a93cac7b-ce44-41b4-9efb-601c4192c079,2026-02-27 00:08:00,2026-02-27,tester,2026-02-27 00:08:12,https://www.commcarehq.org/form/9415a624-6100-45f2-b261-ed45c3f01410,tester
336,a55b8d64-1f5f-4f69-ad36-41c7bae29161,community_02,Peter,Ali,female,1996-02-08,77053976518,+2348084554856,https://www.commcarehq.org/photos/farmer_336.jpg,6,livestock_farming,5,owned,2,dam_reservoir,---,rice maize,---,1.0,2.9,goats,24,---,10.4153102 7.2515059 0.0 20.0,yes,d6a29f66-7806-442e-b185-887aa82372cd,2026-05-10 00:07:00,2026-05-10,tester,2026-05-10 00:07:20,https://www.commcarehq.org/form/a55b8d64-1f5f-4f69-ad36-41c7bae29161,tester
337,9aadee51-31c9-4a40-8e64-26e27fc5fe91,community_04,Mary,Abdullahi,female,1990-07-16,44295644929,08045064491,https://www.commcarehq.org/photos/farmer_337.jpg,7,livestock_farming,16,leased,5,rain-fed,---,maize rice groundnuts,2.3,3.4,3.0,---,---,---,10.2860817 7.3808447 0.0 20.0,yes,867eb0f4-a2a9-4256-9784-ab7b410e2332,2026-06-22 00:04:00,2026-06-22,tester,2026-06-22 00:04:15,https://www.commcarehq.org/form/9aadee51-31c9-4a40-8e64-26e27fc5fe91,tester
338,b0f57348-b799-44a3-9b77-9530c54389b7,community_02,Paul,Michael,male,1987-07-28,13705414652,08090757004,https://www.commcarehq.org/photos/farmer_338.jpg,4,mixed_farming,6,family_land,1,rain-fed,---,maize,---,1.0,---,---,---,---,10.579612 7.3549805 0.0 20.0,yes,0ebf818e-0b38-4215-952c-df016f9c9021,2026-06-28 00:05:00,2026-06-28,tester,2026-06-28 00:05:09,https://www.commcarehq.org/form/b0f57348-b799-44a3-9b77-9530c54389b7,tester
339,912299fd-c8be-46dc-a6a9-63ad1644b10d,community_06,Rebecca,James,male,2002-02-28,45152444945,08042963750,https://www.commcarehq.org/photos/farmer_339.jpg,1,crop_farming,1,leased,5,rain-fed,---,rice,---,---,2.5,---,---,---,10.2753928 7.448349 0.0 20.0,yes,7c6706b2-16e5-4f41-b695-c503bb17572d,2026-02-25 00:04:00,2026-02-25,tester,2026-02-25 00:04:08,https://www.commcarehq.org/form/912299fd-c8be-46dc-a6a9-63ad1644b10d,tester
340,6b473f88-2f33-4dce-9a70-a1c23372f153,community_06,Elizabeth,Peter,female,1978-07-17,,08075846987,https://www.commcarehq.org/photos/farmer_340.jpg,3,crop_farming,12,family_land,3,irrigation_scheme,---,groundnuts rice,3.0,---,3.7,---,---,---,10.4191922 7.3555383 0.0 20.0,yes,84b3dfbe-ca73-48f4-83a1-232e9a8deac5,2026-01-30 00:07:00,2026-01-30,tester,2026-01-30 00:07:07,https://www.commcarehq.org/form/6b473f88-2f33-4dce-9a70-a1c23372f153,tester
341,ee769f2b-7890-4aa8-b362-0e476a0c4709,community_02,Daniel,Peter,male,1972-12-20,25423799715,08080695757,https://www.commcarehq.org/photos/farmer_341.jpg,8,crop_farming,13,owned,3,rain-fed,---,maize,---,0.6,---,goats,19,---,10.3555235 7.3990458 0.0 20.0,yes,be98417a-438b-40b8-a6ef-d3a1a307d3cf,2026-03-15 00:08:00,2026-03-15,tester,2026-03-15 00:08:06,https://www.commcarehq.org/form/ee769f2b-7890-4aa8-b362-0e476a0c4709,tester
342,4fc9ba5e-22aa-4390-b28f-38fd975543bf,community_04,Grace,Daniel,female,1986-09-22,55702456798,08075031908,https://www.commcarehq.org/photos/farmer_342.jpg,6,crop_farming,12,family_land,1,rain-fed,---,groundnuts,2.3,---,---,goats,8,---,10.4284581 7.4452068 0.0 20.0,yes,58545dda-9df1-45c2-82a8-cc1ffda0ea96,2026-04-08 00:03:00,2026-04-08,tester,2026-04-08 00:03:08,https://www.commcarehq.org/form/4fc9ba5e-22aa-4390-b28f-38fd975543bf,tester
343,8c8a60f6-ec29-460b-b20b-1b91937512d0,community_07,Amina,Michael,male,1971-04-16,,08083801268,https://www.commcarehq.org/photos/farmer_343.jpg,6,livestock_farming,20,owned,3,rain-fed,---,groundnuts maize rice,1.4,5.6,1.2,---,---,---,10.2041719 7.4770093 0.0 20.0,yes,40254d52-7cc8-44a5-89c8-7e54cf709f4a,2026-04-25 00:03:00,2026-04-25,tester,2026-04-25 00:03:12,https://www.commcarehq.org/form/8c8a60f6-ec29-460b-b20b-1b91937512d0,tester
344,0bac56cc-c78f-4dfb-8080-a589edf8a74b,community_01,Mary,James,male,1975-04-12,47538413359,08097622827,https://www.commcarehq.org/photos/farmer_344.jpg,6,livestock_farming,32,owned,3,rain-fed,---,groundnuts,1.1,---,---,rabbits,---,6,10.2967007 7.4461283 0.0 20.0,yes,16aa2a09-a52b-4e8f-bff9-2c32fbe7df54,2026-02-06 00:05:00,2026-02-06,tester,2026-02-06 00:05:06,https://www.commcarehq.org/form/0bac56cc-c78f-4dfb-8080-a589edf8a74b,tester
345,39c5b6a6-5bb8-4248-8fe9-bff619a07d76,community_05,Esther,Lawal,female,1971-06-23,31254029708,08039932631,https://www.commcarehq.org/photos/farmer_345.jpg,5,mixed_farming,22,family_land,5,rain-fed,---,rice,---,---,2.3,rabbits,---,22,10.2226853 7.4739051 0.0 20.0,yes,0419804d-b155-4ee0-9e7a-978b03bd4ac1,2026-05-17 00:02:00,2026-05-17,tester,2026-05-17 00:02:10,https://www.commcarehq.org/form/39c5b6a6-5bb8-4248-8fe9-bff619a07d76,tester
346,24a3426a-d5d4-4fb7-90b7-36c549c9b44f,community_05,Ibrahim,Samuel,male,1959-07-15,16711795478,08087126506,https://www.commcarehq.org/photos/farmer_346.jpg,6,crop_farming,40,owned,3,rain-fed,---,maize rice,---,3.4,3.6,---,---,---,10.2895359 7.3147454 0.0 20.0,yes,bdce3b4b-cad5-4699-961a-9d419eb682b7,2026-04-10 00:04:00,2026-04-10,tester,2026-04-10 00:04:10,https://www.commcarehq.org/form/24a3426a-d5d4-4fb7-90b7-36c549c9b44f,tester
347,4e902c33-8d79-4d76-a4f7-b8e8ef3c9f7d,community_03,Amina,Usman,female,2000-12-09,,08052483944,https://www.commcarehq.org/photos/farmer_347.jpg,8,crop_farming,6,owned,6,rain-fed,---,rice,---,---,1.2,goats,25,---,10.4475505 7.5601417 0.0 20.0,yes,84294fb9-aec6-416f-8f32-d7db8739b809,2026-04-15 00:04:00,2026-04-15,tester,2026-04-15 00:04:14,https://www.commcarehq.org/form/4e902c33-8d79-4d76-a4f7-b8e8ef3c9f7d,tester
348,7c74ebe5-96c8-4159-b8c2-076734a65bfe,community_02,Sarah,Ibrahim,male,1981-08-27,36626262113,08038694902,https://www.commcarehq.org/photos/farmer_348.jpg,7,mixed_farming,19,family_land,3,borehole,---,groundnuts,1.5,---,---,---,---,---,10.252222 7.572501 0.0 20.0,yes,ee980c5a-0341-440d-a486-252505475722,2026-06-06 00:06:00,2026-06-06,tester,2026-06-06 00:06:06,https://www.commcarehq.org/form/7c74ebe5-96c8-4159-b8c2-076734a65bfe,tester
349,c6a8a5a3-2665-407d-9be2-b0f81b862793,community_05,Paul,Bello,male,2008-01-18,,08039212839,https://www.commcarehq.org/photos/farmer_349.jpg,7,crop_farming,1,owned,1,rain-fed,---,groundnuts,1.5,---,---,---,---,---,10.2633122 7.4209285 0.0 20.0,yes,6df29d6b-a3bd-47f8-b881-076b74c2915b,2026-03-13 00:07:00,2026-03-13,tester,2026-03-13 00:07:12,https://www.commcarehq.org/form/c6a8a5a3-2665-407d-9be2-b0f81b862793,tester
350,6bb58987-7844-43f3-bd11-8587c21a3d3e,community_07,Ahmed,Peter,female,2008-04-27,,08044759345,https://www.commcarehq.org/photos/farmer_350.jpg,6,livestock_farming,1,leased,1,rain-fed,---,rice,---,---,1.6,goats rabbits,6,14,10.58463 7.3282794 0.0 20.0,yes,bff87a0a-2d32-4ee4-af74-f4794e9cb7f5,2026-01-22 00:04:00,2026-01-22,tester,2026-01-22 00:04:20,https://www.commcarehq.org/form/6bb58987-7844-43f3-bd11-8587c21a3d3e,tester
351,fb1fb372-48e4-404e-ae7a-77b1a1f304c4,community_01,Naomi,Okafor,male,2004-03-30,82937290927,08090316729,https://www.commcarehq.org/photos/farmer_351.jpg,2,crop_farming,1,owned,6,rain-fed,---,groundnuts maize,1.5,0.7,---,---,---,---,10.334254 7.5212584 0.0 20.0,yes,a5f8e0fb-530c-4b56-9dfd-45370773df5a,2026-04-19 00:05:00,2026-04-19,tester,2026-04-19 00:05:15,https://www.commcarehq.org/form/fb1fb372-48e4-404e-ae7a-77b1a1f304c4,tester
352,660b6212-d83f-45e0-8453-dc096c418462,community_01,Daniel,Balogun,male,1992-02-24,21475327679,08089880172,https://www.commcarehq.org/photos/farmer_352.jpg,4,mixed_farming,3,leased,1,borehole,---,rice groundnuts,0.9,---,2.7,---,---,---,10.5493606 7.5144527 0.0 20.0,yes,c8550514-fece-43b3-ba9b-b1af4df230ec,2026-02-01 00:02:00,2026-02-01,tester,2026-02-01 00:02:09,https://www.commcarehq.org/form/660b6212-d83f-45e0-8453-dc096c418462,tester
353,ed5daba3-e499-4fc0-9076-da3b8171fd14,community_02,Suleiman,Philip,male,2007-07-05,43009404934,08027361874,https://www.commcarehq.org/photos/farmer_353.jpg,8,mixed_farming,1,owned,4,other,Community Well,rice,---,---,2.5,goats,5,---,10.2303119 7.2748192 0.0 20.0,yes,ea21c46c-4dca-43a3-b156-4eefbf18da97,2026-02-28 00:03:00,2026-02-28,tester,2026-02-28 00:03:17,https://www.commcarehq.org/form/ed5daba3-e499-4fc0-9076-da3b8171fd14,tester
354,b97a0d04-23a4-42c5-b4a5-65c2a8a35015,community_05,Blessing,Ahmed,female,1982-03-23,60785705807,08075692700,https://www.commcarehq.org/photos/farmer_354.jpg,12,crop_farming,25,leased,6,borehole,---,rice maize,---,4.7,2.6,---,---,---,10.4908596 7.3276256 0.0 20.0,yes,40a5404b-bfb6-4385-b923-093020afb27c,2026-05-03 00:04:00,2026-05-03,tester,2026-05-03 00:04:20,https://www.commcarehq.org/form/b97a0d04-23a4-42c5-b4a5-65c2a8a35015,tester
355,49b1698f-6309-4310-90be-999c888f5fb7,community_02,Ruth,Johnson,male,1972-09-17,60211881192,08048379484,https://www.commcarehq.org/photos/farmer_355.jpg,2,crop_farming,9,family_land,2,rain-fed,---,maize groundnuts,1.6,5.4,---,rabbits,---,13,10.2867975 7.2065557 0.0 20.0,yes,ba1259b1-3b06-464e-be82-2711661506bb,2026-03-11 00:04:00,2026-03-11,tester,2026-03-11 00:04:11,https://www.commcarehq.org/form/49b1698f-6309-4310-90be-999c888f5fb7,tester
356,27f94a8b-81b9-48d8-8113-f18d86e346ed,community_01,Joseph,Isa,male,1958-03-24,67978351466,08048463197,https://www.commcarehq.org/photos/farmer_356.jpg,7,livestock_farming,14,owned,1,rain-fed,---,rice maize,---,4.6,2.0,goats,6,---,10.3364389 7.3493419 0.0 20.0,yes,a2e8c21f-50dd-498c-9cde-6766f3e78c4a,2026-02-02 00:04:00,2026-02-02,tester,2026-02-02 00:04:20,https://www.commcarehq.org/form/27f94a8b-81b9-48d8-8113-f18d86e346ed,tester
357,31353184-0b30-46a0-b503-52d1f2d32f9c,community_01,Samuel,Samuel,male,1990-07-23,97241682280,08099755311,https://www.commcarehq.org/photos/farmer_357.jpg,5,livestock_farming,8,family_land,1,rain-fed,---,maize,---,3.6,---,goats,6,---,10.2325231 7.3963762 0.0 20.0,yes,7e18bde0-6b1d-40b3-802e-7f3ebb3cad15,2026-03-10 00:02:00,2026-03-10,tester,2026-03-10 00:02:19,https://www.commcarehq.org/form/31353184-0b30-46a0-b503-52d1f2d32f9c,tester
358,323cddf6-7da4-4b02-9c86-44176b0ac3a5,community_03,John,Abdullahi,female,1971-06-15,96858555202,08003657943,https://www.commcarehq.org/photos/farmer_358.jpg,7,crop_farming,8,owned,1,rain-fed,---,maize groundnuts rice,1.6,5.4,0.5,goats,6,---,10.2115285 7.4575953 0.0 20.0,yes,9107adcf-1cdd-4786-aacb-dbef519294dd,2026-04-05 00:05:00,2026-04-05,tester,2026-04-05 00:05:09,https://www.commcarehq.org/form/323cddf6-7da4-4b02-9c86-44176b0ac3a5,tester
359,0cbc6d2b-37d5-406f-adfa-c9cf48707481,community_03,Joseph,Sani,male,1991-05-16,,08041625300,https://www.commcarehq.org/photos/farmer_359.jpg,5,crop_farming,13,owned,3,rain-fed,---,maize,---,4.2,---,---,---,---,10.3296057 7.5025965 0.0 20.0,yes,90ad2b04-2b42-4f3b-bef5-23fad718ec75,2026-05-11 00:02:00,2026-05-11,tester,2026-05-11 00:02:09,https://www.commcarehq.org/form/0cbc6d2b-37d5-406f-adfa-c9cf48707481,tester
360,ab2d65e1-4767-4a5d-b69b-958294f447d3,community_04,Elizabeth,Bello,male,2006-03-08,54483324328,08003040476,https://www.commcarehq.org/photos/farmer_360.jpg,7,crop_farming,1,family_land,2,rain-fed,---,rice groundnuts maize,2.1,4.7,2.2,goats,9,---,10.5817684 7.2550692 0.0 20.0,yes,52c40b4f-1554-4b58-9846-36867c4eccfa,2026-04-10 00:08:00,2026-04-10,tester,2026-04-10 00:08:17,https://www.commcarehq.org/form/ab2d65e1-4767-4a5d-b69b-958294f447d3,tester
361,0c8b5ede-ac2a-4e63-8647-de8da05ab638,community_01,Emmanuel,Ahmed,male,1979-10-05,88168939101,08002430858,https://www.commcarehq.org/photos/farmer_361.jpg,6,livestock_farming,24,family_land,2,rain-fed,---,groundnuts,2.4,---,---,goats,8,---,10.3041367 7.2476671 0.0 20.0,yes,fee177e1-521d-4dcc-9f24-d459db250adc,2026-01-08 00:05:00,2026-01-08,tester,2026-01-08 00:05:17,https://www.commcarehq.org/form/0c8b5ede-ac2a-4e63-8647-de8da05ab638,tester
362,c353d819-d03f-451e-9b11-93b6511c49fe,community_02,Mary,Musa,male,2005-03-26,,8072625346,https://www.commcarehq.org/photos/farmer_362.jpg,4,crop_farming,3,owned,1,rain-fed,---,groundnuts maize,2.9,2.8,---,goats,14,---,10.2661029 7.3966729 0.0 20.0,yes,9cca5c35-eb30-4cb2-adcf-d6a909e8f2d5,2026-03-15 00:08:00,2026-03-15,tester,2026-03-15 00:08:12,https://www.commcarehq.org/form/c353d819-d03f-451e-9b11-93b6511c49fe,tester
363,fe76de13-25f6-4c37-8d78-d3bfb2d21119,community_01,Mary,Michael,male,2008-06-30,,08093351021,https://www.commcarehq.org/photos/farmer_363.jpg,6,crop_farming,1,owned,1,rain-fed,---,maize groundnuts,0.8,4.3,---,---,---,---,10.5521162 7.5728173 0.0 20.0,yes,52c8cc78-8ec1-43c9-94e2-b1a7c9b6f1af,2026-01-29 00:02:00,2026-01-29,tester,2026-01-29 00:02:12,https://www.commcarehq.org/form/fe76de13-25f6-4c37-8d78-d3bfb2d21119,tester
364,30c279c8-baf0-461e-a9df-23e1e51f51c9,community_03,Naomi,Okafor,female,1995-07-15,30151134092,08023304410,https://www.commcarehq.org/photos/farmer_364.jpg,3,livestock_farming,12,owned,2,rain-fed,---,maize groundnuts rice,2.2,5.4,4.0,goats,20,---,10.3741378 7.5808586 0.0 20.0,yes,bb8eb7af-ec33-4a29-9547-a31e24e0f25f,2026-03-01 00:07:00,2026-03-01,tester,2026-03-01 00:07:06,https://www.commcarehq.org/form/30c279c8-baf0-461e-a9df-23e1e51f51c9,tester
365,f437e9f5-0ada-445e-9969-4fbcd3b90bac,community_02,Fatima,Eze,male,1968-04-23,61117931491,08075364539,https://www.commcarehq.org/photos/farmer_365.jpg,2,crop_farming,28,owned,2,rain-fed,---,rice maize,---,3.2,2.4,---,---,---,10.3373815 7.5673195 0.0 20.0,yes,17c357b6-3f6e-4e71-8d76-25bed91db1a5,2026-02-07 00:06:00,2026-02-07,tester,2026-02-07 00:06:15,https://www.commcarehq.org/form/f437e9f5-0ada-445e-9969-4fbcd3b90bac,tester
366,09ea1f73-8d3a-4f1b-838e-012c5e9fc046,community_04,Joy,Balogun,male,1974-03-31,,08038895552,https://www.commcarehq.org/photos/farmer_366.jpg,7,crop_farming,22,owned,2,borehole,---,maize rice groundnuts,1.9,5.0,2.9,---,---,---,10.4575609 7.2622805 0.0 20.0,yes,52b0a3ff-ce77-4483-9faa-63c1b3476fb4,2026-02-18 00:07:00,2026-02-18,tester,2026-02-18 00:07:05,https://www.commcarehq.org/form/09ea1f73-8d3a-4f1b-838e-012c5e9fc046,tester
367,51997241-a54a-4a42-9f48-288fcd2795e8,community_07,Esther,Abdullahi,male,2006-07-16,,08024850800,https://www.commcarehq.org/photos/farmer_367.jpg,3,mixed_farming,1,owned,1,rain-fed,---,groundnuts maize,1.4,2.7,---,goats,21,---,10.3913758 7.4459213 0.0 20.0,yes,21d9e057-1752-4d62-90af-b8349f5f9350,2026-05-06 00:02:00,2026-05-06,tester,2026-05-06 00:02:20,https://www.commcarehq.org/form/51997241-a54a-4a42-9f48-288fcd2795e8,tester
368,0895f8ad-75b4-4497-8c16-de82bb856cbd,community_02,Amina,Mohammed,female,1969-10-13,,08045896939,https://www.commcarehq.org/photos/farmer_368.jpg,3,crop_farming,7,owned,3,rain-fed,---,groundnuts maize,1.3,5.2,---,---,---,---,10.3642428 7.2041176 0.0 20.0,yes,7badddab-7904-4759-b8a1-8b2d806ca13b,2026-06-22 00:08:00,2026-06-22,tester,2026-06-22 00:08:05,https://www.commcarehq.org/form/0895f8ad-75b4-4497-8c16-de82bb856cbd,tester
369,4adc78de-5b1a-4676-9120-c15f75e3423f,community_07,Samuel,Bello,male,1976-12-27,,08057215148,https://www.commcarehq.org/photos/farmer_369.jpg,3,crop_farming,10,leased,5,rain-fed,---,rice groundnuts,2.4,---,0.7,goats,12,---,10.4334279 7.3973404 0.0 20.0,yes,fd0ecd47-c705-4ba4-bc69-30579c0cf73b,2026-06-29 00:02:00,2026-06-29,tester,2026-06-29 00:02:08,https://www.commcarehq.org/form/4adc78de-5b1a-4676-9120-c15f75e3423f,tester
370,b80a4b1c-de87-44bb-a3bd-f35f0c7701c1,community_01,Sarah,Balogun,female,1985-11-29,11846721961,08078354047,https://www.commcarehq.org/photos/farmer_370.jpg,2,mixed_farming,16,owned,1,river_stream,---,groundnuts,0.9,---,---,---,---,---,10.3784408 7.5986082 0.0 20.0,yes,dbbe23b0-3a18-4adb-9507-b04fac53ba4a,2026-03-09 00:05:00,2026-03-09,tester,2026-03-09 00:05:07,https://www.commcarehq.org/form/b80a4b1c-de87-44bb-a3bd-f35f0c7701c1,tester
371,5eab12ac-1581-455e-b0b6-6b4dabfd2d1f,community_07,Ahmed,Isa,female,2008-03-09,28469832995,08073350525,https://www.commcarehq.org/photos/farmer_371.jpg,5,livestock_farming,1,family_land,1,rain-fed,---,groundnuts,0.9,---,---,---,---,---,10.5434771 7.2283674 0.0 20.0,yes,ded4d470-09b8-4f7f-8acd-f8907cfc6b6b,2026-05-11 00:03:00,2026-05-11,tester,2026-05-11 00:03:07,https://www.commcarehq.org/form/5eab12ac-1581-455e-b0b6-6b4dabfd2d1f,tester
372,9029167b-2221-434e-8f11-f7dd9d224bad,community_03,Fatima,Okafor,male,1979-08-27,66961868287,08004870693,https://www.commcarehq.org/photos/farmer_372.jpg,7,livestock_farming,16,family_land,3,rain-fed,---,groundnuts rice maize,1.7,1.0,2.6,goats rabbits,19,11,10.5091672 7.2159794 0.0 20.0,yes,aea0d8c8-08a0-4224-a69b-c2f26a2c5247,2026-03-13 00:05:00,2026-03-13,tester,2026-03-13 00:05:15,https://www.commcarehq.org/form/9029167b-2221-434e-8f11-f7dd9d224bad,tester
373,86cfa33b-5bfd-427c-9f58-0f44024271d8,community_02,Mercy,Eze,male,1988-10-22,94534335686,08057136956,https://www.commcarehq.org/photos/farmer_373.jpg,3,crop_farming,10,owned,1,irrigation_scheme,---,rice,---,---,1.2,rabbits,---,23,10.4070687 7.3646157 0.0 20.0,yes,f4d43356-22cf-4cb5-a91a-127fbeadf90c,2026-04-19 00:07:00,2026-04-19,tester,2026-04-19 00:07:11,https://www.commcarehq.org/form/86cfa33b-5bfd-427c-9f58-0f44024271d8,tester
374,6b661391-08b5-4cd9-9c4e-031eae9ee1c6,community_06,Naomi,Abdullahi,male,1972-04-08,,08035375178,https://www.commcarehq.org/photos/farmer_374.jpg,8,mixed_farming,22,owned,3,rain-fed,---,maize rice,---,6.1,2.1,goats,10,---,10.3010143 7.5866055 0.0 20.0,yes,8b39f551-07a3-4950-9c64-d0f373d7ce36,2026-04-11 00:02:00,2026-04-11,tester,2026-04-11 00:02:07,https://www.commcarehq.org/form/6b661391-08b5-4cd9-9c4e-031eae9ee1c6,tester
375,5a065d0f-1d15-49a4-8d92-7641b6e5503e,community_02,Elizabeth,Mohammed,female,1987-09-16,,+2348054296414,https://www.commcarehq.org/photos/farmer_375.jpg,1,mixed_farming,2,owned,1,rain-fed,---,groundnuts rice,2.8,---,2.9,goats,23,---,10.2039424 7.3350424 0.0 20.0,yes,184d07e3-9cb6-43b4-89c5-de1710e499f3,2026-03-12 00:04:00,2026-03-12,tester,2026-03-12 00:04:18,https://www.commcarehq.org/form/5a065d0f-1d15-49a4-8d92-7641b6e5503e,tester
376,8731a8e1-43cd-4a61-b146-9949fc78d023,community_02,Peter,Eze,female,1968-01-16,,08015328826,https://www.commcarehq.org/photos/farmer_376.jpg,2,crop_farming,16,family_land,1,rain-fed,---,groundnuts,1.2,---,---,goats,23,---,10.431855 7.4398865 0.0 20.0,yes,54034359-a8a8-4005-9b6b-4a3cf4d76f17,2026-02-24 00:03:00,2026-02-24,tester,2026-02-24 00:03:08,https://www.commcarehq.org/form/8731a8e1-43cd-4a61-b146-9949fc78d023,tester
377,00b7d71c-108c-4e27-8e8e-221cefb57239,community_06,David,Ogunleye,male,2001-08-27,,08007264830,https://www.commcarehq.org/photos/farmer_377.jpg,7,mixed_farming,3,owned,1,borehole,---,groundnuts maize,1.0,2.4,---,goats,9,---,10.559381 7.3517776 0.0 20.0,yes,68d16057-1acb-41cd-943a-237dd5892a46,2026-01-07 00:07:00,2026-01-07,tester,2026-01-07 00:07:12,https://www.commcarehq.org/form/00b7d71c-108c-4e27-8e8e-221cefb57239,tester
378,5aa46c55-4669-4b44-ac08-ed5d96dd4db2,community_05,Fatima,Ali,female,1999-01-13,74512531011,08044443292,https://www.commcarehq.org/photos/farmer_378.jpg,4,mixed_farming,9,family_land,1,rain-fed,---,groundnuts,2.3,---,---,goats,21,---,10.220026 7.2317021 0.0 20.0,yes,dcc53433-b99c-4c30-a3a0-ab40018315d3,2026-04-26 00:03:00,2026-04-26,tester,2026-04-26 00:03:14,https://www.commcarehq.org/form/5aa46c55-4669-4b44-ac08-ed5d96dd4db2,tester
379,8e572c29-fc63-4573-beec-d2965033ddb7,community_01,David,Mohammed,female,1990-02-01,40351584282,08086578872,https://www.commcarehq.org/photos/farmer_379.jpg,6,crop_farming,7,family_land,4,rain-fed,---,rice,---,---,0.9,---,---,---,10.4892834 7.2610874 0.0 20.0,yes,441c4b2a-b0fe-4edb-9b4b-88757678a2e5,2026-03-04 00:08:00,2026-03-04,tester,2026-03-04 00:08:05,https://www.commcarehq.org/form/8e572c29-fc63-4573-beec-d2965033ddb7,tester
380,b8a25075-0929-4778-86a0-30257c9fbc78,community_02,Rebecca,Lawal,male,1967-10-31,,08031482637,https://www.commcarehq.org/photos/farmer_380.jpg,6,crop_farming,16,owned,3,rain-fed,---,groundnuts rice,1.2,---,2.4,---,---,---,10.4201263 7.490494 0.0 20.0,yes,d5e317ae-bb74-41ed-9364-9b694556401b,2026-04-30 00:07:00,2026-04-30,tester,2026-04-30 00:07:16,https://www.commcarehq.org/form/b8a25075-0929-4778-86a0-30257c9fbc78,tester
381,b98c577d-c647-40ca-9b85-f2eccf3454cb,community_06,Blessing,Ogunleye,female,1991-10-15,,08018100981,https://www.commcarehq.org/photos/farmer_381.jpg,6,crop_farming,16,owned,1,borehole,---,maize,---,5.7,---,---,---,---,10.4596285 7.3207889 0.0 20.0,yes,ce320fcd-a93f-41d1-9c2c-c721c1857726,2026-01-05 00:03:00,2026-01-05,tester,2026-01-05 00:03:19,https://www.commcarehq.org/form/b98c577d-c647-40ca-9b85-f2eccf3454cb,tester
382,1ed5ed1e-5ada-4262-888d-960cb40e5c9f,community_02,Joseph,Ali,female,1992-11-14,18416496794,08021613398,https://www.commcarehq.org/photos/farmer_382.jpg,2,mixed_farming,16,owned,5,rain-fed,---,groundnuts rice maize,0.9,4.8,1.4,goats,8,---,10.3485066 7.3793435 0.0 20.0,yes,0ba2a757-8565-4c5e-b98d-5a8b3907c69c,2026-06-06 00:05:00,2026-06-06,tester,2026-06-06 00:05:16,https://www.commcarehq.org/form/1ed5ed1e-5ada-4262-888d-960cb40e5c9f,tester
383,cee736d3-99fa-4499-b916-ecf9200fffd9,community_04,Musa,Samuel,male,1984-11-29,,08045657591,https://www.commcarehq.org/photos/farmer_383.jpg,6,mixed_farming,21,owned,1,rain-fed,---,maize rice groundnuts,1.1,0.8,0.5,goats,15,---,10.3670356 7.5303688 0.0 20.0,yes,f5e416ab-a7a4-49fc-8a82-75f3601959e2,2026-05-21 00:06:00,2026-05-21,tester,2026-05-21 00:06:13,https://www.commcarehq.org/form/cee736d3-99fa-4499-b916-ecf9200fffd9,tester
384,33eedb79-8aa6-4015-987c-4a94dd90df77,community_07,John,Yusuf,female,2008-02-21,,08072916168,https://www.commcarehq.org/photos/farmer_384.jpg,5,livestock_farming,1,owned,3,river_stream,---,rice maize,---,3.7,2.8,---,---,---,10.4730406 7.5224756 0.0 20.0,yes,9e538b22-2664-4a3b-99de-49975288084b,2026-03-04 00:03:00,2026-03-04,tester,2026-03-04 00:03:05,https://www.commcarehq.org/form/33eedb79-8aa6-4015-987c-4a94dd90df77,tester
385,ab422b81-ae99-46d9-adaf-929aa70a1980,community_03,James,Johnson,female,1990-06-14,,08038112782,https://www.commcarehq.org/photos/farmer_385.jpg,4,mixed_farming,14,family_land,2,rain-fed,---,groundnuts,2.1,---,---,---,---,---,10.5099864 7.5704498 0.0 20.0,yes,bbe7172e-7fc7-4fbb-b251-84f4bb7a5470,2026-04-14 00:08:00,2026-04-14,tester,2026-04-14 00:08:18,https://www.commcarehq.org/form/ab422b81-ae99-46d9-adaf-929aa70a1980,tester
386,966dd168-45d6-4215-8dbb-ae3e19e56a1d,community_01,Ruth,Yusuf,male,1992-03-11,78710021446,08093242283,https://www.commcarehq.org/photos/farmer_386.jpg,7,crop_farming,3,owned,6,rain-fed,---,rice,---,---,2.8,rabbits,---,13,10.2130739 7.3165692 0.0 20.0,yes,0b1de4bd-3537-4157-9c96-270f9dd61d2e,2026-06-23 00:07:00,2026-06-23,tester,2026-06-23 00:07:16,https://www.commcarehq.org/form/966dd168-45d6-4215-8dbb-ae3e19e56a1d,tester
387,56caa8a4-e436-4348-8720-99888b634af6,community_05,Fatima,Musa,male,1995-06-20,,08000097884,https://www.commcarehq.org/photos/farmer_387.jpg,5,mixed_farming,10,owned,1,river_stream,---,rice,---,---,3.2,---,---,---,10.2895168 7.3134788 0.0 20.0,yes,bcd97617-2017-43bd-9066-ffcf9fa3ac8e,2026-03-28 00:07:00,2026-03-28,tester,2026-03-28 00:07:10,https://www.commcarehq.org/form/56caa8a4-e436-4348-8720-99888b634af6,tester
388,2310c50b-5df7-4b65-ba23-f27932d35f7a,community_05,Paul,Ali,male,1981-08-12,,08048293321,https://www.commcarehq.org/photos/farmer_388.jpg,1,crop_farming,4,leased,4,rain-fed,---,rice maize,---,4.0,3.0,goats,5,---,10.4673077 7.4686563 0.0 20.0,yes,c2a89f8a-d3f9-4315-bb03-5a8ea04166d2,2026-03-19 00:07:00,2026-03-19,tester,2026-03-19 00:07:11,https://www.commcarehq.org/form/2310c50b-5df7-4b65-ba23-f27932d35f7a,tester
389,2c14588d-efae-4410-956f-cf22b85f63f7,community_07,Binta,Musa,male,1991-06-07,47811291681,08038497848,https://www.commcarehq.org/photos/farmer_389.jpg,8,crop_farming,6,owned,1,rain-fed,---,maize groundnuts,0.6,1.3,---,---,---,---,10.3111449 7.2809022 0.0 20.0,yes,d3a854bd-ffd2-4c02-9944-36f9ba1f95ee,2026-01-10 00:08:00,2026-01-10,tester,2026-01-10 00:08:05,https://www.commcarehq.org/form/2c14588d-efae-4410-956f-cf22b85f63f7,tester
390,4a4cd9e7-006b-4d40-837e-2007b9150be4,community_05,Yusuf,Johnson,female,1996-05-16,37921912660,08023675589,https://www.commcarehq.org/photos/farmer_390.jpg,7,mixed_farming,12,family_land,2,rain-fed,---,rice maize,---,0.8,1.7,goats,22,---,10.2251194 7.5318211 0.0 20.0,yes,a7f4eecc-8086-4854-9cd7-ce8af1716aa4,2026-04-29 00:06:00,2026-04-29,tester,2026-04-29 00:06:12,https://www.commcarehq.org/form/4a4cd9e7-006b-4d40-837e-2007b9150be4,tester
391,8a10f2b3-62e4-47f1-8e4b-5c2046e65f3c,community_07,Joy,Okafor,male,1996-03-13,,08053022820,https://www.commcarehq.org/photos/farmer_391.jpg,3,crop_farming,9,leased,1,dam_reservoir,---,maize groundnuts rice,3.0,1.8,2.8,goats,5,---,10.5702517 7.3556106 0.0 20.0,yes,97d8be09-9f78-45c7-b5df-ea831af2f716,2026-02-15 00:06:00,2026-02-15,tester,2026-02-15 00:06:11,https://www.commcarehq.org/form/8a10f2b3-62e4-47f1-8e4b-5c2046e65f3c,tester
392,c4fcb5e6-7425-4f69-94cf-d00ef4eee34e,community_01,David,Bello,male,1989-06-30,47499430674,08012214737,https://www.commcarehq.org/photos/farmer_392.jpg,5,mixed_farming,3,owned,1,river_stream,---,groundnuts,0.7,---,---,---,---,---,10.3080204 7.2715882 0.0 20.0,yes,6967c719-37e1-47f1-92de-e97b581649e3,2026-03-28 00:02:00,2026-03-28,tester,2026-03-28 00:02:19,https://www.commcarehq.org/form/c4fcb5e6-7425-4f69-94cf-d00ef4eee34e,tester
393,019fc820-8ded-457a-8ccc-736127577010,community_04,Ruth,Adeyemi,female,1971-05-29,83827482031,08097969791,https://www.commcarehq.org/photos/farmer_393.jpg,5,mixed_farming,31,leased,3,rain-fed,---,maize groundnuts,2.5,5.2,---,goats rabbits,7,32,10.5093854 7.4990937 0.0 20.0,yes,5f6480ab-7db1-42d2-ab6d-e09a8c0c0dc8,2026-02-28 00:08:00,2026-02-28,tester,2026-02-28 00:08:20,https://www.commcarehq.org/form/019fc820-8ded-457a-8ccc-736127577010,tester
394,2adfad1c-95a4-4b3f-a463-34044b72f9f2,community_04,Samuel,David,male,1996-06-20,87325396070,08039964898,https://www.commcarehq.org/photos/farmer_394.jpg,1,mixed_farming,2,owned,2,other,Spring Water,groundnuts rice,2.5,---,2.7,goats,19,---,10.3173805 7.5434628 0.0 20.0,yes,1d1f73e2-4c83-4f99-b99c-aca7f1d9789e,2026-03-18 00:07:00,2026-03-18,tester,2026-03-18 00:07:09,https://www.commcarehq.org/form/2adfad1c-95a4-4b3f-a463-34044b72f9f2,tester
395,fba64ad2-407d-4321-9f73-9be4373cc497,community_05,Joy,David,female,1990-06-02,,08034740210,https://www.commcarehq.org/photos/farmer_395.jpg,4,livestock_farming,12,owned,2,rain-fed,---,groundnuts,1.9,---,---,rabbits,---,5,10.310606 7.5365869 0.0 20.0,yes,8d7d7c6b-a2d9-4a76-8ed2-9f8438e2ca08,2026-05-19 00:08:00,2026-05-19,tester,2026-05-19 00:08:07,https://www.commcarehq.org/form/fba64ad2-407d-4321-9f73-9be4373cc497,tester
396,0564e8a2-5bda-4886-bd72-ba76ce7be144,community_06,Mercy,Philip,female,1981-10-03,,08014938037,https://www.commcarehq.org/photos/farmer_396.jpg,1,crop_farming,16,family_land,2,rain-fed,---,rice groundnuts maize,1.3,1.6,3.7,rabbits,---,3,10.3881263 7.4914995 0.0 20.0,yes,76e2c4f8-3f6a-494f-b47d-74cebea63f36,2026-06-24 00:06:00,2026-06-24,tester,2026-06-24 00:06:12,https://www.commcarehq.org/form/0564e8a2-5bda-4886-bd72-ba76ce7be144,tester
397,1c5a8644-8863-4430-be61-cfd2a7052dce,community_07,Amina,Adeyemi,male,1992-10-30,66089574201,08026153459,https://www.commcarehq.org/photos/farmer_397.jpg,5,livestock_farming,14,owned,3,other,Community Well,groundnuts maize rice,1.9,5.4,2.5,---,---,---,10.4844273 7.2923423 0.0 20.0,yes,dfb34a14-1ffa-4034-9cf8-8fad840f58fa,2026-01-12 00:07:00,2026-01-12,tester,2026-01-12 00:07:07,https://www.commcarehq.org/form/1c5a8644-8863-4430-be61-cfd2a7052dce,tester
398,004af2df-0158-4b43-ad9f-c091311d1115,community_05,Sarah,Daniel,male,2007-08-07,12990259848,08043416139,https://www.commcarehq.org/photos/farmer_398.jpg,6,crop_farming,1,leased,1,rain-fed,---,rice groundnuts maize,1.7,2.1,0.7,goats rabbits,16,5,10.4993297 7.4097128 0.0 20.0,yes,3ea17efc-45e5-4c5d-bcea-039ce9b15295,2026-01-29 00:04:00,2026-01-29,tester,2026-01-29 00:04:09,https://www.commcarehq.org/form/004af2df-0158-4b43-ad9f-c091311d1115,tester
399,8e9031e1-5e68-4e78-af8a-b1e57b0867e0,community_02,Rebecca,Usman,female,1978-06-10,50148679900,8064624312,https://www.commcarehq.org/photos/farmer_399.jpg,1,crop_farming,18,owned,6,rain-fed,---,rice groundnuts,1.2,---,2.8,---,---,---,10.2081198 7.4268623 0.0 20.0,yes,40af90ca-af2f-47e6-a70d-4694970b296e,2026-03-03 00:04:00,2026-03-03,tester,2026-03-03 00:04:13,https://www.commcarehq.org/form/8e9031e1-5e68-4e78-af8a-b1e57b0867e0,tester
400,1e061566-34cd-4783-a592-24b7a926b022,community_06,Emmanuel,Adeyemi,female,1966-10-18,,8069093655,https://www.commcarehq.org/photos/farmer_400.jpg,3,mixed_farming,28,owned,2,rain-fed,---,rice maize groundnuts,1.4,4.2,3.6,goats,12,---,10.5035706 7.4129944 0.0 20.0,yes,06641e2d-eda6-41bc-9122-1b55d734ef39,2026-04-21 00:06:00,2026-04-21,tester,2026-04-21 00:06:05,https://www.commcarehq.org/form/1e061566-34cd-4783-a592-24b7a926b022,tester
401,76ba1851-9adf-4bce-9725-1dfe32d6449e,community_05,Mary,Okafor,female,1996-03-26,21762263451,08019572230,https://www.commcarehq.org/photos/farmer_401.jpg,3,livestock_farming,11,owned,2,rain-fed,---,rice,---,---,0.9,---,---,---,10.4147564 7.4516428 0.0 20.0,yes,0ae88278-3c4a-4f54-be9e-76346c6c625c,2026-01-12 00:05:00,2026-01-12,tester,2026-01-12 00:05:13,https://www.commcarehq.org/form/76ba1851-9adf-4bce-9725-1dfe32d6449e,tester
402,11ec8b79-dfaf-41e9-991c-11737abb3bd8,community_04,Ahmed,Lawal,female,2001-03-19,,08081525069,https://www.commcarehq.org/photos/farmer_402.jpg,6,mixed_farming,6,owned,3,rain-fed,---,groundnuts,2.3,---,---,rabbits,---,15,10.2790579 7.318 0.0 20.0,yes,05d01a32-74f1-4f9c-ae42-8584d6e0c0e5,2026-04-26 00:03:00,2026-04-26,tester,2026-04-26 00:03:09,https://www.commcarehq.org/form/11ec8b79-dfaf-41e9-991c-11737abb3bd8,tester
403,c5f39945-d87e-4549-ae08-a6fb8b054305,community_01,Suleiman,Philip,female,1991-07-24,21544516184,08081310184,https://www.commcarehq.org/photos/farmer_403.jpg,3,crop_farming,4,owned,3,rain-fed,---,rice maize groundnuts,0.9,6.5,2.4,---,---,---,10.3699545 7.4443795 0.0 20.0,yes,4132e907-5fbf-434a-baba-e9ef6e0843c9,2026-03-13 00:04:00,2026-03-13,tester,2026-03-13 00:04:13,https://www.commcarehq.org/form/c5f39945-d87e-4549-ae08-a6fb8b054305,tester
404,140e4ead-ec9d-48c8-8aea-336c12a3c2e8,community_04,Elizabeth,Balogun,female,1972-12-19,86332555658,08040571075,https://www.commcarehq.org/photos/farmer_404.jpg,3,mixed_farming,9,owned,1,rain-fed,---,groundnuts,2.8,---,---,---,---,---,10.5537684 7.2965979 0.0 20.0,yes,087a6ebd-f12f-44cc-9007-0f32080ff545,2026-03-28 00:06:00,2026-03-28,tester,2026-03-28 00:06:07,https://www.commcarehq.org/form/140e4ead-ec9d-48c8-8aea-336c12a3c2e8,tester
405,180162d9-9ef0-40c8-ac63-f64c3f93691b,community_02,Ibrahim,Sani,male,2001-10-29,,08028265607,https://www.commcarehq.org/photos/farmer_405.jpg,2,mixed_farming,7,owned,1,borehole,---,rice groundnuts maize,0.7,1.5,3.1,rabbits,---,14,13.7377041 9.0293035 0.0 20.0,yes,7f16f555-4aec-42f0-b7ac-6f8e985935a1,2026-05-18 00:07:00,2026-05-18,tester,2026-05-18 00:07:16,https://www.commcarehq.org/form/180162d9-9ef0-40c8-ac63-f64c3f93691b,tester
406,f3300afd-e18d-4b51-94a7-2b9e844c519e,community_01,Binta,Balogun,female,2006-01-07,25771886824,08075221516,https://www.commcarehq.org/photos/farmer_406.jpg,7,livestock_farming,1,owned,2,borehole,---,maize rice,---,0.7,2.0,goats rabbits,21,18,10.5543171 7.3511583 0.0 20.0,yes,368d893c-fe28-49fd-93f5-1c2547e35277,2026-01-23 00:04:00,2026-01-23,tester,2026-01-23 00:04:13,https://www.commcarehq.org/form/f3300afd-e18d-4b51-94a7-2b9e844c519e,tester
407,5fd3e6e5-d090-48c6-adfd-6a61105176c2,community_04,Joseph,David,female,1994-02-22,57204557661,08030315750,https://www.commcarehq.org/photos/farmer_407.jpg,1,mixed_farming,10,owned,3,other,Spring Water,rice groundnuts maize,0.7,2.1,0.7,goats,14,---,10.4114303 7.556082 0.0 20.0,yes,177d564d-8c9a-499b-a7aa-b811df28bfe8,2026-01-02 00:04:00,2026-01-02,tester,2026-01-02 00:04:13,https://www.commcarehq.org/form/5fd3e6e5-d090-48c6-adfd-6a61105176c2,tester
408,b21932d1-c8b0-43c8-b031-13c98026180d,community_07,Binta,Isa,male,1982-10-21,79525573383,08063261467,https://www.commcarehq.org/photos/farmer_408.jpg,7,mixed_farming,14,owned,1,rain-fed,---,groundnuts maize rice,1.0,2.4,3.2,goats,3,---,10.3166501 7.5928834 0.0 20.0,yes,6c159e91-1267-4da0-b0e1-e751ba844cf3,2026-04-01 00:08:00,2026-04-01,tester,2026-04-01 00:08:16,https://www.commcarehq.org/form/b21932d1-c8b0-43c8-b031-13c98026180d,tester
409,4047fc9b-5ed5-4661-a5da-5825811f890d,community_05,Deborah,Tanko,male,1992-07-29,49457672611,08018764378,https://www.commcarehq.org/photos/farmer_409.jpg,7,mixed_farming,1,family_land,4,rain-fed,---,rice groundnuts maize,1.3,6.3,2.1,rabbits,---,23,10.2150164 7.474731 0.0 20.0,yes,28b6bfab-36d9-4789-8362-029d3f902592,2026-03-16 00:03:00,2026-03-16,tester,2026-03-16 00:03:11,https://www.commcarehq.org/form/4047fc9b-5ed5-4661-a5da-5825811f890d,tester
410,9a77de5f-904d-459a-a36a-dabd4ed26ee0,community_07,John,Lawal,female,1988-03-01,62064368465,08078807448,https://www.commcarehq.org/photos/farmer_410.jpg,3,crop_farming,19,owned,4,rain-fed,---,maize groundnuts rice,2.7,5.6,3.0,---,---,---,10.4447501 7.4019546 0.0 20.0,yes,75464b3d-5957-4d2f-9c7e-ee55c04cedc7,2026-03-25 00:05:00,2026-03-25,tester,2026-03-25 00:05:08,https://www.commcarehq.org/form/9a77de5f-904d-459a-a36a-dabd4ed26ee0,tester
411,83d6d0ca-a18a-4158-9ef9-69bc1958cf59,community_03,Esther,Tanko,male,1978-07-09,36563637499,8089017115,https://www.commcarehq.org/photos/farmer_411.jpg,3,crop_farming,23,owned,3,other,Rainwater Harvesting,maize groundnuts rice,1.5,4.2,1.7,rabbits,---,40,10.2283651 7.2492695 0.0 20.0,yes,7582c76f-0ad4-44ca-ac51-1c4c76b00331,2026-05-28 00:04:00,2026-05-28,tester,2026-05-28 00:04:08,https://www.commcarehq.org/form/83d6d0ca-a18a-4158-9ef9-69bc1958cf59,tester
412,20b642b4-d3aa-4d18-b90f-6ada0638534c,community_04,Peter,Garba,male,1985-09-14,70116369023,08018126122,https://www.commcarehq.org/photos/farmer_412.jpg,9,mixed_farming,10,owned,3,borehole,---,rice groundnuts,2.4,---,1.7,---,---,---,10.3741485 7.5162928 0.0 20.0,yes,44aaf6c5-f92e-443d-ab1b-9f00f798da68,2026-06-27 00:02:00,2026-06-27,tester,2026-06-27 00:02:08,https://www.commcarehq.org/form/20b642b4-d3aa-4d18-b90f-6ada0638534c,tester
413,35069f23-c553-44b8-8920-e979b91d5d15,community_05,David,Lawal,female,1960-06-19,58117301215,08038080143,https://www.commcarehq.org/photos/farmer_413.jpg,8,mixed_farming,17,leased,5,rain-fed,---,maize,---,3.9,---,---,---,---,10.3697894 7.4245483 0.0 20.0,yes,c06db01a-a80d-4423-8a42-3b51ad0a62ad,2026-06-09 00:03:00,2026-06-09,tester,2026-06-09 00:03:13,https://www.commcarehq.org/form/35069f23-c553-44b8-8920-e979b91d5d15,tester
414,414d82c5-9fda-40d4-9fae-2273ef0c2971,community_02,Grace,James,male,1965-10-19,,08073289754,https://www.commcarehq.org/photos/farmer_414.jpg,4,mixed_farming,4,owned,2,borehole,---,groundnuts maize rice,2.5,2.2,1.1,goats,16,---,10.4331596 7.2662404 0.0 20.0,yes,b90bbb67-64a8-4775-a531-434165107bd7,2026-06-30 00:06:00,2026-06-30,tester,2026-06-30 00:06:18,https://www.commcarehq.org/form/414d82c5-9fda-40d4-9fae-2273ef0c2971,tester
415,4aa81827-4282-470c-8968-491a0a5e1ffa,community_06,Blessing,Abdullahi,male,1971-10-06,94866383293,08076780517,https://www.commcarehq.org/photos/farmer_415.jpg,7,crop_farming,22,owned,6,irrigation_scheme,---,rice groundnuts maize,2.7,1.2,3.4,---,---,---,10.5122112 7.5105075 0.0 20.0,yes,22c515fc-76be-4074-8026-ba5cb1abb024,2026-05-25 00:06:00,2026-05-25,tester,2026-05-25 00:06:06,https://www.commcarehq.org/form/4aa81827-4282-470c-8968-491a0a5e1ffa,tester
416,189535ad-5a78-4bd9-9c04-b435043f5311,community_03,Yusuf,Yusuf,female,1979-08-20,69115034859,08090473975,https://www.commcarehq.org/photos/farmer_416.jpg,4,livestock_farming,21,owned,6,borehole,---,groundnuts maize,2.9,5.8,---,goats,6,---,10.4265071 7.3736593 0.0 20.0,yes,4d90e5ae-b9e1-4d6a-b454-645c8c38e736,2026-02-07 00:05:00,2026-02-07,tester,2026-02-07 00:05:16,https://www.commcarehq.org/form/189535ad-5a78-4bd9-9c04-b435043f5311,tester
417,d0992770-e9ea-48d5-83d8-0af43e284cb7,community_04,Sarah,Usman,female,1999-12-25,67315124925,08069258088,https://www.commcarehq.org/photos/farmer_417.jpg,4,crop_farming,2,owned,1,rain-fed,---,groundnuts,2.0,---,---,---,---,---,10.3087606 7.5595976 0.0 20.0,yes,ba1f3799-2551-4530-8d43-752f8cb91569,2026-02-12 00:05:00,2026-02-12,tester,2026-02-12 00:05:12,https://www.commcarehq.org/form/d0992770-e9ea-48d5-83d8-0af43e284cb7,tester
418,d551cff0-1b59-43ba-99be-bac02de30151,community_01,Ahmed,Tanko,male,1980-06-10,,08019320168,https://www.commcarehq.org/photos/farmer_418.jpg,1,crop_farming,21,owned,2,rain-fed,---,maize groundnuts rice,1.5,1.6,2.7,goats,20,---,10.4568293 7.4507911 0.0 20.0,yes,ec565691-6dca-4370-8aed-bd63d719d0ee,2026-04-05 00:03:00,2026-04-05,tester,2026-04-05 00:03:13,https://www.commcarehq.org/form/d551cff0-1b59-43ba-99be-bac02de30151,tester
419,b26ff12e-67ce-44e5-ada8-6d31dd02e571,community_02,Naomi,Ibrahim,male,1980-04-20,74179399649,08087741107,https://www.commcarehq.org/photos/farmer_419.jpg,8,mixed_farming,13,leased,1,dam_reservoir,---,maize,---,0.6,---,---,---,---,10.3051196 7.5881188 0.0 20.0,yes,902990d6-e92c-47ea-bf49-024e0199d552,2026-04-27 00:03:00,2026-04-27,tester,2026-04-27 00:03:07,https://www.commcarehq.org/form/b26ff12e-67ce-44e5-ada8-6d31dd02e571,tester
420,c0b58b5a-835b-4fb8-bd7b-7953fdd189dc,community_07,Elizabeth,Johnson,male,1960-01-23,,08044942996,https://www.commcarehq.org/photos/farmer_420.jpg,9,crop_farming,28,owned,3,rain-fed,---,maize rice,---,2.8,1.2,goats,23,---,10.3228393 7.437022 0.0 20.0,yes,7e209c90-4f7c-49a7-b33c-620284c79652,2026-02-13 00:08:00,2026-02-13,tester,2026-02-13 00:08:15,https://www.commcarehq.org/form/c0b58b5a-835b-4fb8-bd7b-7953fdd189dc,tester
421,a2ed440e-9f2c-45f8-b5ad-2a0beff980e3,community_01,Deborah,David,male,2006-11-28,18568154197,08022214114,https://www.commcarehq.org/photos/farmer_421.jpg,6,crop_farming,1,family_land,5,irrigation_scheme,---,rice groundnuts maize,2.1,2.1,3.8,goats,20,---,10.4938192 7.3965223 0.0 20.0,yes,16b642ea-3970-43bd-b3f1-57a1d7677c8b,2026-06-05 00:05:00,2026-06-05,tester,2026-06-05 00:05:12,https://www.commcarehq.org/form/a2ed440e-9f2c-45f8-b5ad-2a0beff980e3,tester
422,ab9933fe-0b3b-4a63-9e55-241f6deb636f,community_05,Deborah,Haruna,male,1973-05-17,,08016302790,https://www.commcarehq.org/photos/farmer_422.jpg,8,crop_farming,8,owned,5,rain-fed,---,rice groundnuts,2.7,---,0.6,---,---,---,10.2574518 7.4635642 0.0 20.0,yes,6db21031-5722-442c-bd8e-62af7f344f46,2026-02-27 00:07:00,2026-02-27,tester,2026-02-27 00:07:16,https://www.commcarehq.org/form/ab9933fe-0b3b-4a63-9e55-241f6deb636f,tester
423,b52caad0-22c4-4b8e-906e-dde997269f46,community_02,Rebecca,Bello,female,1981-07-05,,08054125757,https://www.commcarehq.org/photos/farmer_423.jpg,1,crop_farming,15,family_land,1,rain-fed,---,maize groundnuts rice,2.1,3.8,3.2,---,---,---,10.2507496 7.5674344 0.0 20.0,yes,f84a134c-cdea-44f3-8883-3f971e5b44aa,2026-01-09 00:06:00,2026-01-09,tester,2026-01-09 00:06:12,https://www.commcarehq.org/form/b52caad0-22c4-4b8e-906e-dde997269f46,tester
424,4048c144-6032-4ea7-a0e6-771ad0b3b04c,community_05,Mercy,Usman,female,1981-10-26,,08062686500,https://www.commcarehq.org/photos/farmer_424.jpg,5,crop_farming,26,family_land,1,rain-fed,---,groundnuts rice,2.7,---,1.9,goats,8,---,10.5888438 7.2747044 0.0 20.0,yes,1bbf1888-493b-49a0-93a5-14d8200636f8,2026-04-26 00:04:00,2026-04-26,tester,2026-04-26 00:04:17,https://www.commcarehq.org/form/4048c144-6032-4ea7-a0e6-771ad0b3b04c,tester
425,844d3f67-14c5-4245-865f-a7c46b6eaa8f,community_06,Hauwa,Bello,female,1978-11-02,63654755153,08058544881,https://www.commcarehq.org/photos/farmer_425.jpg,7,mixed_farming,26,family_land,2,rain-fed,---,groundnuts rice maize,0.6,2.1,0.6,---,---,---,10.5977892 7.3523757 0.0 20.0,yes,93ef12af-111e-4f2b-ac95-6ea40c039777,2026-06-25 00:05:00,2026-06-25,tester,2026-06-25 00:05:06,https://www.commcarehq.org/form/844d3f67-14c5-4245-865f-a7c46b6eaa8f,tester
426,d22f4756-8d03-4228-893b-b22827783776,community_01,Mary,Isa,male,1981-01-02,63788387456,08043186129,https://www.commcarehq.org/photos/farmer_426.jpg,8,crop_farming,13,family_land,1,rain-fed,---,groundnuts maize rice,0.9,1.0,2.9,goats,19,---,8.2378097 11.1405714 0.0 20.0,yes,a34de681-49cb-4dc1-a3a0-51f2c12d0bca,2026-03-29 00:05:00,2026-03-29,tester,2026-03-29 00:05:10,https://www.commcarehq.org/form/d22f4756-8d03-4228-893b-b22827783776,tester
427,ee26b0e3-70db-4ee2-9a5c-9213ad592964,community_07,Rebecca,David,female,1993-01-15,24474262651,8029553394,https://www.commcarehq.org/photos/farmer_427.jpg,5,mixed_farming,1,family_land,2,rain-fed,---,groundnuts rice,1.0,---,2.7,goats,23,---,10.5297314 7.2298039 0.0 20.0,yes,86e624fc-47ca-41a6-b1eb-3ecc1a5219c6,2026-05-04 00:06:00,2026-05-04,tester,2026-05-04 00:06:20,https://www.commcarehq.org/form/ee26b0e3-70db-4ee2-9a5c-9213ad592964,tester
428,bd0f6587-54e1-4875-93fe-c67f1c7e54bf,community_01,John,Yakubu,female,1993-02-22,,08003302182,https://www.commcarehq.org/photos/farmer_428.jpg,4,livestock_farming,14,owned,3,rain-fed,---,maize,---,3.2,---,goats,2,---,10.3063018 7.538642 0.0 20.0,yes,8e261dfd-383e-484b-9cf5-96bc7fc596e3,2026-06-14 00:08:00,2026-06-14,tester,2026-06-14 00:08:08,https://www.commcarehq.org/form/bd0f6587-54e1-4875-93fe-c67f1c7e54bf,tester
429,9bcbdac7-9f73-4ab4-8947-9e4fd0c5608b,community_02,Emmanuel,Abdullahi,male,1973-11-23,27169533338,+2348065568703,https://www.commcarehq.org/photos/farmer_429.jpg,4,livestock_farming,23,owned,1,rain-fed,---,maize groundnuts,2.9,5.7,---,---,---,---,10.501716 7.415566 0.0 20.0,yes,b9aea56c-a539-47a4-bed6-f80a8f4b5937,2026-02-12 00:03:00,2026-02-12,tester,2026-02-12 00:03:20,https://www.commcarehq.org/form/9bcbdac7-9f73-4ab4-8947-9e4fd0c5608b,tester
430,be67e539-83f2-49f1-806a-5ff1acce34ac,community_05,Esther,Johnson,female,1957-10-14,90457140472,08043878253,https://www.commcarehq.org/photos/farmer_430.jpg,7,mixed_farming,28,leased,4,irrigation_scheme,---,groundnuts,2.5,---,---,goats,9,---,10.5513631 7.2290993 0.0 20.0,yes,44b85872-3c6c-4324-b2a2-12ac72bc30d5,2026-06-14 00:08:00,2026-06-14,tester,2026-06-14 00:08:08,https://www.commcarehq.org/form/be67e539-83f2-49f1-806a-5ff1acce34ac,tester
431,c2467ceb-976d-483f-9c17-d9fd9dcf601e,community_06,Deborah,Johnson,male,2002-11-03,96775911233,08065113853,https://www.commcarehq.org/photos/farmer_431.jpg,7,crop_farming,6,leased,1,irrigation_scheme,---,rice maize,---,4.4,1.0,goats,13,---,10.593916 7.4814737 0.0 20.0,yes,4c58294f-4e1b-4355-a1b8-eebaa35655fe,2026-03-15 00:03:00,2026-03-15,tester,2026-03-15 00:03:07,https://www.commcarehq.org/form/c2467ceb-976d-483f-9c17-d9fd9dcf601e,tester
432,1d381c6d-4b87-4f78-8c99-e847eda833da,community_04,paul,HARUNA,male,1985-05-04,27450089586,08021803030,https://www.commcarehq.org/photos/farmer_432.jpg,3,crop_farming,7,family_land,2,rain-fed,---,maize groundnuts,2.2,1.6,---,goats,13,---,10.3283395 7.4987306 0.0 20.0,yes,83ab93c3-673a-4efb-a189-e517e4a285d1,2026-06-10 00:04:00,2026-06-10,tester,2026-06-10 00:04:20,https://www.commcarehq.org/form/1d381c6d-4b87-4f78-8c99-e847eda833da,tester
433,bc6f38b6-84bc-4a0a-95b0-a6c753125ce9,community_01,Sarah,Tanko,female,2005-08-24,73315984151,08036210879,https://www.commcarehq.org/photos/farmer_433.jpg,10,crop_farming,3,family_land,3,dam_reservoir,---,maize,---,1.6,---,goats,20,---,10.2856394 7.3647761 0.0 20.0,yes,7e82689c-d1bf-4b69-aedf-a871398c573d,2026-01-26 00:07:00,2026-01-26,tester,2026-01-26 00:07:18,https://www.commcarehq.org/form/bc6f38b6-84bc-4a0a-95b0-a6c753125ce9,tester
434,98b23cba-6120-4b0e-81d9-6ea42ce89e7c,community_06,Ahmed,Tanko,female,1982-10-02,53665059166,08067258253,https://www.commcarehq.org/photos/farmer_434.jpg,2,livestock_farming,8,owned,2,dam_reservoir,---,maize rice groundnuts,1.9,6.2,2.2,rabbits,---,30,10.441443 7.5391775 0.0 20.0,yes,eb63ebb6-457f-4f0b-a75c-3c51ab2d2860,2026-01-01 00:03:00,2026-01-01,tester,2026-01-01 00:03:10,https://www.commcarehq.org/form/98b23cba-6120-4b0e-81d9-6ea42ce89e7c,tester
435,ef33a162-b229-4ebf-a985-7633548eb883,community_03,Rebecca,Musa,male,1976-11-16,,08097278199,https://www.commcarehq.org/photos/farmer_435.jpg,7,mixed_farming,7,owned,2,borehole,---,rice,---,---,1.2,goats,3,---,10.421684 7.442632 0.0 20.0,yes,92191b8c-a039-4356-8af4-8c77dbfe76ec,2026-04-30 00:06:00,2026-04-30,tester,2026-04-30 00:06:19,https://www.commcarehq.org/form/ef33a162-b229-4ebf-a985-7633548eb883,tester
436,261a0b25-49a4-4cff-a309-e58a7362e378,community_03,John,Ogunleye,female,1980-08-05,40857863442,08063087972,https://www.commcarehq.org/photos/farmer_436.jpg,5,crop_farming,3,family_land,3,rain-fed,---,groundnuts rice,2.7,---,2.5,rabbits,---,11,10.4571647 7.266992 0.0 20.0,yes,42a47e6f-86df-4850-b7ae-4c8317429026,2026-05-31 00:07:00,2026-05-31,tester,2026-05-31 00:07:16,https://www.commcarehq.org/form/261a0b25-49a4-4cff-a309-e58a7362e378,tester
437,90a13f28-307d-4dde-bfb2-486b2428a8e8,community_05,Fatima,Ahmed,male,1988-04-03,39305632034,08095906461,https://www.commcarehq.org/photos/farmer_437.jpg,1,crop_farming,6,owned,3,dam_reservoir,---,maize groundnuts,0.6,4.1,---,rabbits,---,9,10.3530328 7.2418022 0.0 20.0,yes,40efed35-1b32-4af5-a08e-05897467a67c,2026-01-11 00:02:00,2026-01-11,tester,2026-01-11 00:02:06,https://www.commcarehq.org/form/90a13f28-307d-4dde-bfb2-486b2428a8e8,tester
438,b885489b-488e-4056-924a-b0da7d59fb7a,community_03,Suleiman,Johnson,female,1952-03-14,38903759526,08005435648,https://www.commcarehq.org/photos/farmer_438.jpg,5,mixed_farming,19,owned,1,borehole,---,maize groundnuts rice,2.6,4.0,1.6,goats,21,---,10.251523 7.5359966 0.0 20.0,yes,87e51a00-3665-47bd-a0c5-51bc286df936,2026-06-29 00:08:00,2026-06-29,tester,2026-06-29 00:08:16,https://www.commcarehq.org/form/b885489b-488e-4056-924a-b0da7d59fb7a,tester
439,9c83a91c-a0f4-4a31-a0fd-23f03f86a610,community_07,Daniel,Balogun,male,1976-03-26,,08053758724,https://www.commcarehq.org/photos/farmer_439.jpg,4,crop_farming,21,owned,2,irrigation_scheme,---,groundnuts,1.1,---,---,goats,25,---,10.2102582 7.59604 0.0 20.0,yes,5d94f2ad-4a5c-4e44-ad97-cc8a32f68151,2026-04-19 00:02:00,2026-04-19,tester,2026-04-19 00:02:16,https://www.commcarehq.org/form/9c83a91c-a0f4-4a31-a0fd-23f03f86a610,tester
440,a34e9a4c-7def-42c9-a622-286a9fc891d1,community_04,Ruth,Garba,male,1993-09-06,66201251633,08045418591,https://www.commcarehq.org/photos/farmer_440.jpg,5,mixed_farming,11,family_land,1,borehole,---,groundnuts rice,0.6,---,0.6,goats,14,---,10.4257713 7.507365 0.0 20.0,yes,944c3008-ba98-432c-af38-6ff0e194fc95,2026-04-19 00:08:00,2026-04-19,tester,2026-04-19 00:08:14,https://www.commcarehq.org/form/a34e9a4c-7def-42c9-a622-286a9fc891d1,tester
441,779bb8ad-effe-4d33-8a69-cc35a6774474,community_04,Daniel,Ali,female,1971-01-06,35097664218,08092818400,https://www.commcarehq.org/photos/farmer_441.jpg,3,mixed_farming,3,owned,3,rain-fed,---,maize,---,2.9,---,rabbits,---,12,10.3695221 7.2170494 0.0 20.0,no,b569c381-5988-4f81-9cc8-2f869d5aed02,2026-01-25 00:08:00,2026-01-25,tester,2026-01-25 00:08:16,https://www.commcarehq.org/form/779bb8ad-effe-4d33-8a69-cc35a6774474,tester
442,0c44d6c0-5623-4c32-b448-0fd4a963dd2e,community_03,Sarah,Okafor,male,1970-07-20,36132449292,08054107398,https://www.commcarehq.org/photos/farmer_442.jpg,5,crop_farming,20,owned,6,rain-fed,---,rice,---,---,2.0,goats,18,---,10.3787279 7.4813631 0.0 20.0,yes,2453cdc9-4e0d-4e92-b4ff-e0fdd88ecc3a,2026-05-08 00:02:00,2026-05-08,tester,2026-05-08 00:02:11,https://www.commcarehq.org/form/0c44d6c0-5623-4c32-b448-0fd4a963dd2e,tester
443,3eb7ad27-22ff-45f7-a061-89b8640a51ac,community_01,Amina,Johnson,male,1982-09-05,67525177348,08080558640,https://www.commcarehq.org/photos/farmer_443.jpg,5,crop_farming,11,family_land,1,borehole,---,maize,---,4.0,---,rabbits,---,18,10.2149403 7.4996091 0.0 20.0,yes,9dc86734-a82e-4063-9ff5-28291c561b06,2026-03-02 00:06:00,2026-03-02,tester,2026-03-02 00:06:07,https://www.commcarehq.org/form/3eb7ad27-22ff-45f7-a061-89b8640a51ac,tester
444,55afeb09-5eb3-491c-ab20-4acab2fd715b,community_06,Blessing,Lawal,female,1981-09-22,53232190878,08070658288,https://www.commcarehq.org/photos/farmer_444.jpg,6,crop_farming,8,family_land,1,rain-fed,---,maize,---,2.8,---,---,---,---,10.3643549 7.3528016 0.0 20.0,yes,03bb24d7-cfac-4ca7-82e7-d1a8b80bf1a4,2026-02-25 00:05:00,2026-02-25,tester,2026-02-25 00:05:14,https://www.commcarehq.org/form/55afeb09-5eb3-491c-ab20-4acab2fd715b,tester
445,0d92d5dd-3daa-48cc-8236-7cd8b827090c,community_07,ruth,IBRAHIM,female,1994-01-25,94142597191,08025168082,https://www.commcarehq.org/photos/farmer_445.jpg,6,crop_farming,4,owned,3,irrigation_scheme,---,groundnuts,0.7,---,---,goats,7,---,10.4637055 7.4523299 0.0 20.0,yes,8750c446-c8e6-43c0-a843-05578529b2e4,2026-03-08 00:02:00,2026-03-08,tester,2026-03-08 00:02:07,https://www.commcarehq.org/form/0d92d5dd-3daa-48cc-8236-7cd8b827090c,tester
446,db8b00fd-727e-4bd2-915e-b3d133bb036e,community_02,Ahmed,Ogunleye,female,1976-10-28,,08074119975,https://www.commcarehq.org/photos/farmer_446.jpg,8,mixed_farming,2,family_land,1,irrigation_scheme,---,maize groundnuts,0.9,1.2,---,---,---,---,10.4087785 7.4949782 0.0 20.0,yes,02ce334b-52f6-4b6e-9fd6-67f0b7d0b270,2026-04-23 00:06:00,2026-04-23,tester,2026-04-23 00:06:16,https://www.commcarehq.org/form/db8b00fd-727e-4bd2-915e-b3d133bb036e,tester
447,fbe84700-86fd-4b9d-88e8-d4e56c77ce07,community_03,Amina,Sani,male,1971-10-12,54986808749,08040883050,https://www.commcarehq.org/photos/farmer_447.jpg,8,mixed_farming,32,family_land,3,rain-fed,---,maize groundnuts rice,2.3,2.9,3.8,---,---,---,10.4658334 7.2200102 0.0 20.0,yes,0d38e3c2-1d87-4d22-80b0-987f5289386c,2026-04-01 00:03:00,2026-04-01,tester,2026-04-01 00:03:08,https://www.commcarehq.org/form/fbe84700-86fd-4b9d-88e8-d4e56c77ce07,tester
448,1cb3aed3-bea5-4344-aa7a-08f1b814e8e1,community_02,Paul,Bello,female,1990-12-04,86878140707,08061286533,https://www.commcarehq.org/photos/farmer_448.jpg,3,mixed_farming,13,owned,6,irrigation_scheme,---,rice maize groundnuts,1.5,2.0,1.4,rabbits,---,30,10.4046802 7.2606758 0.0 20.0,yes,d3f04ad2-0521-4ec6-917b-9917af51b20b,2026-02-09 00:06:00,2026-02-09,tester,2026-02-09 00:06:15,https://www.commcarehq.org/form/1cb3aed3-bea5-4344-aa7a-08f1b814e8e1,tester
449,0843eb60-3d88-4b53-8726-a0c8d022055b,community_01,Sarah,Isa,female,1992-08-21,85344977713,08015572555,https://www.commcarehq.org/photos/farmer_449.jpg,2,crop_farming,16,owned,3,rain-fed,---,groundnuts rice,0.7,---,0.8,rabbits,---,17,10.5481064 6.0237917 0.0 20.0,yes,45d93af4-b1e0-4cc7-baed-d47539e160a0,2026-02-11 00:08:00,2026-02-11,tester,2026-02-11 00:08:11,https://www.commcarehq.org/form/0843eb60-3d88-4b53-8726-a0c8d022055b,tester
450,e8070c51-bba5-4990-af43-d723adadd998,community_05,Mary,garba,male,1976-01-21,15362805151,08093547793,https://www.commcarehq.org/photos/farmer_450.jpg,5,crop_farming,7,owned,4,borehole,---,groundnuts maize,1.5,0.9,---,---,---,---,10.5646216 7.4990087 0.0 20.0,yes,3807056f-991e-46ac-ad9b-20e841f42c58,2026-02-02 00:07:00,2026-02-02,tester,2026-02-02 00:07:13,https://www.commcarehq.org/form/e8070c51-bba5-4990-af43-d723adadd998,tester
451,2bcf3b72-04ba-4688-b66c-dc34bbe3ffd7,community_04,Blessing,Lawal,male,2000-07-06,,08045002597,https://www.commcarehq.org/photos/farmer_451.jpg,5,mixed_farming,5,owned,3,rain-fed,---,rice,---,---,3.9,goats,21,---,10.3246463 7.4026893 0.0 20.0,yes,60a1d1be-1211-4168-bb29-50324725dc4e,2026-06-26 00:08:00,2026-06-26,tester,2026-06-26 00:08:07,https://www.commcarehq.org/form/2bcf3b72-04ba-4688-b66c-dc34bbe3ffd7,tester
452,c32e797f-30db-458d-8e02-00539460aa29,community_02,Blessing,Mohammed,female,1976-05-18,15070558596,08087929801,https://www.commcarehq.org/photos/farmer_452.jpg,1,mixed_farming,26,owned,2,other,Spring Water,groundnuts,1.8,---,---,goats,13,---,10.3515932 7.2030713 0.0 20.0,yes,12f0dbce-caa4-4768-93a9-080b7d65f788,2026-06-17 00:07:00,2026-06-17,tester,2026-06-17 00:07:14,https://www.commcarehq.org/form/c32e797f-30db-458d-8e02-00539460aa29,tester
453,a9bbbb88-bef2-4164-921f-33e80f6d6b68,community_06,Musa,Yakubu,female,1996-02-09,,08096298644,https://www.commcarehq.org/photos/farmer_453.jpg,5,crop_farming,5,owned,2,rain-fed,---,groundnuts maize rice,2.4,6.3,1.2,---,---,---,10.3700606 7.2970067 0.0 20.0,yes,269e7272-54f2-4c22-aa1e-8a0db60ad6d1,2026-03-08 00:08:00,2026-03-08,tester,2026-03-08 00:08:17,https://www.commcarehq.org/form/a9bbbb88-bef2-4164-921f-33e80f6d6b68,tester
454,b33c5fb8-7134-43fe-95de-08786c0c725a,community_06,Paul,Peter,female,1990-01-19,,08003362066,https://www.commcarehq.org/photos/farmer_454.jpg,4,crop_farming,6,leased,2,irrigation_scheme,---,rice maize groundnuts,1.5,5.1,2.6,goats rabbits,5,19,10.4836564 7.2399659 0.0 20.0,yes,99d457df-935a-4ea6-9eeb-02976eb19159,2026-05-09 00:08:00,2026-05-09,tester,2026-05-09 00:08:13,https://www.commcarehq.org/form/b33c5fb8-7134-43fe-95de-08786c0c725a,tester
455,f1aebb53-4d39-4e2c-9f1c-5f10d7888826,community_04,Esther,Ojo,male,2000-06-30,81248396098,08094451058,https://www.commcarehq.org/photos/farmer_455.jpg,5,crop_farming,5,owned,3,rain-fed,---,rice,---,---,3.3,goats rabbits,25,12,10.2213885 7.4115048 0.0 20.0,yes,9a5b3cde-970a-4921-b392-0b71ddff6945,2026-05-03 00:04:00,2026-05-03,tester,2026-05-03 00:04:12,https://www.commcarehq.org/form/f1aebb53-4d39-4e2c-9f1c-5f10d7888826,tester
456,cda2cd09-8ea1-4a59-8a3e-fcffb749023c,community_03,Yusuf,Okafor,female,1968-06-21,99416928372,08019911662,https://www.commcarehq.org/photos/farmer_456.jpg,5,mixed_farming,18,owned,3,rain-fed,---,maize rice groundnuts,1.3,1.4,1.2,rabbits,---,14,10.2616655 7.4851701 0.0 20.0,yes,1c886860-5d48-4691-8018-7bd790cf824d,2026-05-18 00:06:00,2026-05-18,tester,2026-05-18 00:06:20,https://www.commcarehq.org/form/cda2cd09-8ea1-4a59-8a3e-fcffb749023c,tester
457,f7abd42b-b8b9-4cb7-9829-984c62215606,community_05,Hauwa,Balogun,female,2000-12-16,,08022674085,https://www.commcarehq.org/photos/farmer_457.jpg,6,livestock_farming,6,family_land,3,river_stream,---,rice,---,---,3.2,---,---,---,10.301972 7.4859033 0.0 20.0,yes,d0302a9b-c502-471f-b1a5-7985450b2b70,2026-04-09 00:06:00,2026-04-09,tester,2026-04-09 00:06:12,https://www.commcarehq.org/form/f7abd42b-b8b9-4cb7-9829-984c62215606,tester
458,a563d87b-dab5-4501-bda6-0f85362f0504,community_02,Mercy,Yakubu,female,1993-01-21,,08080887757,https://www.commcarehq.org/photos/farmer_458.jpg,6,mixed_farming,2,family_land,2,rain-fed,---,rice maize,---,2.1,2.0,---,---,---,10.4140321 7.3446527 0.0 20.0,yes,fa7b6f3c-ae16-4ca2-94c1-b04422e2fb9e,2026-06-04 00:06:00,2026-06-04,tester,2026-06-04 00:06:11,https://www.commcarehq.org/form/a563d87b-dab5-4501-bda6-0f85362f0504,tester
459,9de1b993-3e55-43e0-9410-c53432c82468,community_03,Paul,Sani,male,1981-03-11,27709579721,08059525365,https://www.commcarehq.org/photos/farmer_459.jpg,7,livestock_farming,25,family_land,1,other,Community Well,rice groundnuts maize,0.8,5.5,2.9,goats rabbits,9,7,10.5447392 7.5945983 0.0 20.0,yes,63cc5c05-9dd0-47e5-8638-28b6e03a822c,2026-04-08 00:07:00,2026-04-08,tester,2026-04-08 00:07:13,https://www.commcarehq.org/form/9de1b993-3e55-43e0-9410-c53432c82468,tester
460,6cc7777d-792e-4701-820a-e67aea22a836,community_01,Sarah,Michael,male,1982-09-12,42304439574,08027116509,https://www.commcarehq.org/photos/farmer_460.jpg,4,livestock_farming,17,leased,1,rain-fed,---,groundnuts,0.9,---,---,goats rabbits,5,16,10.2702917 7.200845 0.0 20.0,yes,8d0abe29-ca30-4767-8538-74d2d1f0d128,2026-05-14 00:05:00,2026-05-14,tester,2026-05-14 00:05:19,https://www.commcarehq.org/form/6cc7777d-792e-4701-820a-e67aea22a836,tester
461,915fe36e-8788-4f41-ace4-aed76894a9df,community_03,Mary,Musa,female,1976-08-04,,08096715813,https://www.commcarehq.org/photos/farmer_461.jpg,3,crop_farming,19,leased,3,dam_reservoir,---,rice groundnuts maize,1.2,5.2,3.2,rabbits,---,22,10.323732 7.5465418 0.0 20.0,yes,44085288-ab36-4a97-8ad9-cf7090ac93a0,2026-06-23 00:08:00,2026-06-23,tester,2026-06-23 00:08:08,https://www.commcarehq.org/form/915fe36e-8788-4f41-ace4-aed76894a9df,tester
462,ecbb351e-430a-4dd2-9354-51c456944126,community_01,John,Balogun,female,2002-04-05,90497112402,08038390483,https://www.commcarehq.org/photos/farmer_462.jpg,1,crop_farming,3,owned,1,borehole,---,maize,---,0.5,---,goats rabbits,12,39,10.3075458 7.4474455 0.0 20.0,yes,9bfd497a-803f-41af-a538-6db1fc216b27,2026-06-07 00:02:00,2026-06-07,tester,2026-06-07 00:02:16,https://www.commcarehq.org/form/ecbb351e-430a-4dd2-9354-51c456944126,tester
463,4013ca1b-ad66-4884-ab19-9a972416c871,community_06,Emmanuel,Daniel,male,1981-10-02,89746668055,08061675555,https://www.commcarehq.org/photos/farmer_463.jpg,8,livestock_farming,22,family_land,4,rain-fed,---,maize groundnuts rice,1.6,1.0,2.1,goats,24,---,10.2506017 7.5773072 0.0 20.0,yes,24930034-0fef-43a8-b7b7-624b08e358d2,2026-06-29 00:08:00,2026-06-29,tester,2026-06-29 00:08:16,https://www.commcarehq.org/form/4013ca1b-ad66-4884-ab19-9a972416c871,tester
464,e7a69573-5102-4d74-a960-ab752e6604dd,community_03,Binta,Yakubu,female,1974-01-01,22789458540,08050983104,https://www.commcarehq.org/photos/farmer_464.jpg,5,crop_farming,32,owned,6,rain-fed,---,maize groundnuts,2.5,1.1,---,---,---,---,10.4205703 7.3121324 0.0 20.0,yes,3a7f88e9-9451-48c6-aab2-1050c81b83f3,2026-06-01 00:05:00,2026-06-01,tester,2026-06-01 00:05:09,https://www.commcarehq.org/form/e7a69573-5102-4d74-a960-ab752e6604dd,tester
465,d35cd0a9-2614-4681-a1dc-2ff37ec6c01f,community_03,Rebecca,Isa,male,1955-10-30,16224606339,08088927218,https://www.commcarehq.org/photos/farmer_465.jpg,5,mixed_farming,3,owned,6,rain-fed,---,maize groundnuts,2.3,0.6,---,rabbits,---,27,10.2878229 7.4816507 0.0 20.0,yes,e5d704d7-099d-4e2f-b432-f64fdea112a4,2026-03-12 00:02:00,2026-03-12,tester,2026-03-12 00:02:19,https://www.commcarehq.org/form/d35cd0a9-2614-4681-a1dc-2ff37ec6c01f,tester
466,af528f2c-c886-44b5-84b2-e81e8cac0fd0,community_01,Joy,Peter,male,1973-10-30,94009517385,08037700598,https://www.commcarehq.org/photos/farmer_466.jpg,4,crop_farming,6,owned,6,irrigation_scheme,---,groundnuts maize,0.7,5.2,---,---,---,---,10.5012232 7.2236007 0.0 20.0,yes,e13cb747-9621-42e8-9a6c-0838dc6c24d8,2026-04-06 00:02:00,2026-04-06,tester,2026-04-06 00:02:10,https://www.commcarehq.org/form/af528f2c-c886-44b5-84b2-e81e8cac0fd0,tester
467,cba50774-61f6-4bae-9ed1-b7c3143f394f,community_06,Naomi,Abdullahi,male,1975-02-03,18075019327,08072870510,https://www.commcarehq.org/photos/farmer_467.jpg,3,mixed_farming,1,leased,2,river_stream,---,groundnuts maize rice,2.2,1.9,2.8,---,---,---,10.3652817 7.4221332 0.0 20.0,yes,0aa368e2-588f-4b75-8981-3daf29ca9ea9,2026-04-16 00:04:00,2026-04-16,tester,2026-04-16 00:04:09,https://www.commcarehq.org/form/cba50774-61f6-4bae-9ed1-b7c3143f394f,tester
468,b24498f7-d6f9-413a-bb01-1ad53f7bc446,community_04,James,Ibrahim,female,1994-08-24,,08051488097,https://www.commcarehq.org/photos/farmer_468.jpg,11,mixed_farming,11,family_land,1,rain-fed,---,groundnuts maize,1.6,3.6,---,---,---,---,10.5485428 7.2605536 0.0 20.0,yes,704544c0-5585-4dec-a41e-133907fad090,2026-04-14 00:08:00,2026-04-14,tester,2026-04-14 00:08:13,https://www.commcarehq.org/form/b24498f7-d6f9-413a-bb01-1ad53f7bc446,tester
469,59c4997c-5dff-45a4-8916-840e55624e6a,community_07,David,Musa,female,1986-10-04,81047099986,08013183999,https://www.commcarehq.org/photos/farmer_469.jpg,5,crop_farming,11,owned,2,borehole,---,maize rice,---,4.2,1.7,goats rabbits,14,38,10.2731089 7.5298608 0.0 20.0,yes,ec2d3802-4697-4b82-bfe8-8116c23f11f3,2026-05-19 00:04:00,2026-05-19,tester,2026-05-19 00:04:15,https://www.commcarehq.org/form/59c4997c-5dff-45a4-8916-840e55624e6a,tester
470,075d9033-250a-4956-8c14-9bbd25b2b487,community_01,Ruth,Ojo,female,1967-05-25,,08000179090,https://www.commcarehq.org/photos/farmer_470.jpg,5,crop_farming,25,owned,6,rain-fed,---,rice maize groundnuts,1.3,6.0,1.4,---,---,---,10.5992844 7.5571875 0.0 20.0,yes,9e7003ee-f2cb-4bc4-b5e7-67fe0d3b8080,2026-02-16 00:05:00,2026-02-16,tester,2026-02-16 00:05:15,https://www.commcarehq.org/form/075d9033-250a-4956-8c14-9bbd25b2b487,tester
471,c8e02470-acdc-4391-aee8-e32d0a536296,community_06,Naomi,Okafor,male,1966-04-27,,08076033899,https://www.commcarehq.org/photos/farmer_471.jpg,5,mixed_farming,17,owned,3,rain-fed,---,maize,---,1.1,---,goats,8,---,10.3854782 7.4202978 0.0 20.0,yes,cba1ce53-6a50-4a66-a081-b0bf416f38b2,2026-06-01 00:07:00,2026-06-01,tester,2026-06-01 00:07:16,https://www.commcarehq.org/form/c8e02470-acdc-4391-aee8-e32d0a536296,tester
472,27b68d25-fbeb-4d44-8f2f-d0cd73a9f3ad,community_05,Elizabeth,Garba,female,1976-07-09,,08026237281,https://www.commcarehq.org/photos/farmer_472.jpg,5,livestock_farming,28,owned,3,borehole,---,groundnuts,1.9,---,---,---,---,---,10.5821647 7.5961943 0.0 20.0,yes,272e652f-83f0-481b-8fd5-3c94ce2dd5a1,2026-06-07 00:06:00,2026-06-07,tester,2026-06-07 00:06:10,https://www.commcarehq.org/form/27b68d25-fbeb-4d44-8f2f-d0cd73a9f3ad,tester
473,6aedc895-858a-469e-9f7c-080db4a61584,community_07,daniel,samuel,female,1990-07-24,14924214050,08030095563,https://www.commcarehq.org/photos/farmer_473.jpg,6,mixed_farming,3,owned,3,rain-fed,---,groundnuts maize rice,2.2,1.3,3.6,goats,8,---,10.3155904 7.4324213 0.0 20.0,yes,32a05100-93a4-4061-bc4c-3e479e49ba11,2026-04-06 00:08:00,2026-04-06,tester,2026-04-06 00:08:12,https://www.commcarehq.org/form/6aedc895-858a-469e-9f7c-080db4a61584,tester
474,d2c1b26a-487d-4ef0-a779-626f7f19198b,community_01,Joseph,Ibrahim,male,1974-01-24,32410994216,08068023281,https://www.commcarehq.org/photos/farmer_474.jpg,3,mixed_farming,12,family_land,3,rain-fed,---,maize,---,2.5,---,goats,2,---,10.2127793 7.2159335 0.0 20.0,yes,0d8c20e1-c24e-4c37-97c2-65d2b5eecbcd,2026-04-18 00:08:00,2026-04-18,tester,2026-04-18 00:08:06,https://www.commcarehq.org/form/d2c1b26a-487d-4ef0-a779-626f7f19198b,tester
475,fd28d892-796d-4a8f-a68c-8ba78155f5f5,community_03,Amina,Ojo,female,1979-10-25,27239760325,08081347608,https://www.commcarehq.org/photos/farmer_475.jpg,5,crop_farming,25,leased,3,other,Community Well,rice groundnuts,0.7,---,2.6,---,---,---,10.2669948 7.2185705 0.0 20.0,yes,6aa39f55-3755-46a7-aec1-d5cec2247cc2,2026-03-03 00:05:00,2026-03-03,tester,2026-03-03 00:05:10,https://www.commcarehq.org/form/fd28d892-796d-4a8f-a68c-8ba78155f5f5,tester
476,970f86c3-6c6a-4195-b991-22a278d7d689,community_06,Naomi,Ogunleye,male,1988-04-06,29738972795,08004031751,https://www.commcarehq.org/photos/farmer_476.jpg,6,mixed_farming,20,family_land,6,borehole,---,rice maize groundnuts,2.2,3.9,2.0,---,---,---,10.2845744 7.3485714 0.0 20.0,yes,778c0d36-0172-4f49-8ccb-45551cea46cf,2026-01-21 00:07:00,2026-01-21,tester,2026-01-21 00:07:15,https://www.commcarehq.org/form/970f86c3-6c6a-4195-b991-22a278d7d689,tester
477,947a0164-b04d-454e-a3e1-410c21eadb69,community_04,Samuel,Ogunleye,female,1997-05-21,16514451913,08077794768,https://www.commcarehq.org/photos/farmer_477.jpg,3,livestock_farming,9,leased,2,river_stream,---,maize rice,---,5.7,2.8,rabbits,---,32,10.2650054 7.2215897 0.0 20.0,yes,81160a77-971d-4843-ae60-0234286d0fed,2026-06-07 00:04:00,2026-06-07,tester,2026-06-07 00:04:09,https://www.commcarehq.org/form/947a0164-b04d-454e-a3e1-410c21eadb69,tester
478,86b5b865-44c6-470e-a67b-ea86f1939886,community_05,Joy,Garba,male,1965-03-09,75621708428,08096798709,https://www.commcarehq.org/photos/farmer_478.jpg,5,mixed_farming,9,family_land,4,rain-fed,---,maize,---,6.1,---,---,---,---,10.2524802 7.4867758 0.0 20.0,yes,b28c24a5-8d84-48b5-ba70-ee16f15893ba,2026-02-02 00:07:00,2026-02-02,tester,2026-02-02 00:07:08,https://www.commcarehq.org/form/86b5b865-44c6-470e-a67b-ea86f1939886,tester
479,83c3f45b-3607-4ee8-9305-876c8ae820ff,community_02,Yusuf,Daniel,male,1973-10-30,66036587907,08021683728,https://www.commcarehq.org/photos/farmer_479.jpg,6,mixed_farming,35,owned,1,borehole,---,groundnuts maize rice,1.7,2.8,2.6,rabbits,---,35,10.2872679 7.577645 0.0 20.0,yes,f3902036-a7fa-4330-9d3c-1efdc849643c,2026-03-05 00:08:00,2026-03-05,tester,2026-03-05 00:08:13,https://www.commcarehq.org/form/83c3f45b-3607-4ee8-9305-876c8ae820ff,tester
480,f8008045-c331-449c-a9fd-c0382394df1a,community_01,Joseph,David,male,1983-05-13,78779572368,08004894939,https://www.commcarehq.org/photos/farmer_480.jpg,3,livestock_farming,3,owned,2,rain-fed,---,maize rice groundnuts,2.1,3.1,2.0,---,---,---,10.4418637 7.2754258 0.0 20.0,yes,a5c94b6a-49a0-4086-9f85-414517fb8e34,2026-04-17 00:04:00,2026-04-17,tester,2026-04-17 00:04:05,https://www.commcarehq.org/form/f8008045-c331-449c-a9fd-c0382394df1a,tester
481,de5f20f9-e2ee-4e6b-9a1a-eceee12d99a6,community_02,Hauwa,David,male,1993-12-24,19094469340,08021241836,https://www.commcarehq.org/photos/farmer_481.jpg,8,crop_farming,9,leased,3,rain-fed,---,maize groundnuts rice,0.9,1.9,1.6,rabbits,---,40,10.4283575 7.3521065 0.0 20.0,yes,b3b43305-03c2-4330-8c1e-4beb0d0fa6fe,2026-05-24 00:04:00,2026-05-24,tester,2026-05-24 00:04:12,https://www.commcarehq.org/form/de5f20f9-e2ee-4e6b-9a1a-eceee12d99a6,tester
482,4cdce98d-a512-42a4-9a06-0c2040f82eb0,community_07,Suleiman,Ahmed,female,1961-01-11,,08032299060,https://www.commcarehq.org/photos/farmer_482.jpg,8,mixed_farming,26,owned,3,river_stream,---,maize rice groundnuts,1.3,3.2,2.6,---,---,---,10.3073005 7.5088355 0.0 20.0,yes,59372579-56a6-496c-af24-820fa451fb3e,2026-06-12 00:04:00,2026-06-12,tester,2026-06-12 00:04:11,https://www.commcarehq.org/form/4cdce98d-a512-42a4-9a06-0c2040f82eb0,tester
483,9da41c83-14d2-4266-9408-22396758e165,community_03,Peter,Usman,male,1981-12-23,94731687993,08073849112,https://www.commcarehq.org/photos/farmer_483.jpg,3,mixed_farming,27,leased,2,river_stream,---,maize,---,4.1,---,goats,13,---,10.35883 7.5376958 0.0 20.0,yes,13149881-9f65-4f64-8352-235a894473ae,2026-03-03 00:02:00,2026-03-03,tester,2026-03-03 00:02:19,https://www.commcarehq.org/form/9da41c83-14d2-4266-9408-22396758e165,tester
484,d0a223e8-c9bc-4491-afbf-519466fab704,community_06,James,Peter,male,1967-05-17,24537630933,8092996528,https://www.commcarehq.org/photos/farmer_484.jpg,6,crop_farming,20,owned,1,rain-fed,---,maize groundnuts rice,2.9,4.6,0.6,---,---,---,10.2487928 7.5760587 0.0 20.0,yes,a29f28c4-2c42-489a-a739-8b2736b71e46,2026-02-12 00:03:00,2026-02-12,tester,2026-02-12 00:03:08,https://www.commcarehq.org/form/d0a223e8-c9bc-4491-afbf-519466fab704,tester
485,8a8d64dd-eaea-436d-85b2-401ccba5ba10,community_01,Suleiman,Sani,male,1958-02-06,35324248881,08049728660,https://www.commcarehq.org/photos/farmer_485.jpg,6,livestock_farming,44,owned,3,rain-fed,---,groundnuts rice maize,1.7,1.3,2.0,---,---,---,10.2779917 7.2013621 0.0 20.0,yes,ba59cfed-a7be-44db-904a-d08f54e3038e,2026-01-16 00:07:00,2026-01-16,tester,2026-01-16 00:07:06,https://www.commcarehq.org/form/8a8d64dd-eaea-436d-85b2-401ccba5ba10,tester
486,579a0ab7-c9e8-4372-957a-7dfbd91846ab,community_07,Binta,Ogunleye,male,2000-10-06,54528020380,08066001811,https://www.commcarehq.org/photos/farmer_486.jpg,5,mixed_farming,4,owned,1,rain-fed,---,rice groundnuts maize,2.4,3.7,2.7,goats,7,---,10.2793838 7.2792462 0.0 20.0,yes,177fca9f-cb82-4763-986a-764b8faa279c,2026-03-31 00:07:00,2026-03-31,tester,2026-03-31 00:07:09,https://www.commcarehq.org/form/579a0ab7-c9e8-4372-957a-7dfbd91846ab,tester
487,77fb5d84-639b-4e6b-ae9c-2b7aa2075ed5,community_04,Joseph,Isa,female,1998-04-04,58301765921,08013688691,https://www.commcarehq.org/photos/farmer_487.jpg,4,crop_farming,10,owned,3,rain-fed,---,maize rice,---,4.6,3.4,---,---,---,10.3416155 7.2516811 0.0 20.0,yes,ec282b1f-e968-4fd2-94ca-4f5373288a62,2026-01-23 00:06:00,2026-01-23,tester,2026-01-23 00:06:16,https://www.commcarehq.org/form/77fb5d84-639b-4e6b-ae9c-2b7aa2075ed5,tester
488,65c8d6e7-d583-4888-ab3f-070a4082b0b7,community_07,Ruth,David,male,2001-06-14,93275507281,08049788100,https://www.commcarehq.org/photos/farmer_488.jpg,10,livestock_farming,5,family_land,3,borehole,---,rice maize,---,6.0,3.2,---,---,---,10.3610149 7.2801216 0.0 20.0,yes,08e196af-81a1-4951-b3af-1acc053cacf7,2026-03-09 00:03:00,2026-03-09,tester,2026-03-09 00:03:09,https://www.commcarehq.org/form/65c8d6e7-d583-4888-ab3f-070a4082b0b7,tester
489,e9b97f53-5c96-458e-b8f2-c5dac09b0325,community_02,John,Ogunleye,female,2005-07-07,25611091312,08072939857,https://www.commcarehq.org/photos/farmer_489.jpg,8,crop_farming,3,leased,4,river_stream,---,maize groundnuts rice,2.1,5.9,1.3,---,---,---,10.3915154 7.5194952 0.0 20.0,yes,cbc1fa7c-53a5-42d6-8357-188898c12c17,2026-06-15 00:02:00,2026-06-15,tester,2026-06-15 00:02:06,https://www.commcarehq.org/form/e9b97f53-5c96-458e-b8f2-c5dac09b0325,tester
490,266afff1-7a78-4d9d-812c-7b516e5f96ad,community_02,Ahmed,Abdullahi,male,2005-07-03,41418782332,08089763062,https://www.commcarehq.org/photos/farmer_490.jpg,6,mixed_farming,2,family_land,1,borehole,---,maize rice groundnuts,1.3,2.2,2.2,goats,10,---,10.5197129 7.5747134 0.0 20.0,yes,96c54eaf-d33e-4c0a-9b69-c2c2556c20e4,2026-04-05 00:02:00,2026-04-05,tester,2026-04-05 00:02:18,https://www.commcarehq.org/form/266afff1-7a78-4d9d-812c-7b516e5f96ad,tester
491,8e80a6cb-b24e-433d-958d-fb7c80d16b62,community_07,James,Bello,male,1971-01-28,87382026272,08090752353,https://www.commcarehq.org/photos/farmer_491.jpg,1,crop_farming,11,owned,1,rain-fed,---,maize groundnuts rice,2.3,1.0,1.6,---,---,---,10.5007591 7.3719986 0.0 20.0,yes,de8a1c2f-294d-40b2-9146-60c8906a9b7f,2026-04-14 00:05:00,2026-04-14,tester,2026-04-14 00:05:19,https://www.commcarehq.org/form/8e80a6cb-b24e-433d-958d-fb7c80d16b62,tester
492,16f5365f-9625-47ac-867f-275a53cf92a9,community_03,Blessing,yakubu,male,2001-10-29,,8027914374,https://www.commcarehq.org/photos/farmer_492.jpg,5,mixed_farming,4,family_land,2,river_stream,---,rice,---,---,2.9,---,---,---,10.323507 7.2461153 0.0 20.0,yes,13f80b68-1ceb-41ea-84d0-26fb8df537c7,2026-04-08 00:04:00,2026-04-08,tester,2026-04-08 00:04:14,https://www.commcarehq.org/form/16f5365f-9625-47ac-867f-275a53cf92a9,tester
493,97ef1000-662d-4a87-b802-efea8b6ff655,community_02,Esther,Adeyemi,female,1981-04-10,14916585311,08015303822,https://www.commcarehq.org/photos/farmer_493.jpg,8,crop_farming,23,owned,1,rain-fed,---,maize rice,---,3.8,3.2,---,---,---,10.3791304 7.3800556 0.0 20.0,yes,10af0419-c065-45ea-9140-e016a5927866,2026-01-23 00:05:00,2026-01-23,tester,2026-01-23 00:05:11,https://www.commcarehq.org/form/97ef1000-662d-4a87-b802-efea8b6ff655,tester
494,a2470e29-9ee0-4069-b653-0c64146aff22,community_03,Daniel,Usman,female,2003-06-21,58293745808,08032153241,https://www.commcarehq.org/photos/farmer_494.jpg,6,mixed_farming,3,owned,3,rain-fed,---,rice,---,---,1.8,rabbits,---,25,10.3399058 7.2646048 0.0 20.0,yes,6bdcf2cd-8537-4662-b5dd-8cfd3a9ad9db,2026-04-16 00:07:00,2026-04-16,tester,2026-04-16 00:07:11,https://www.commcarehq.org/form/a2470e29-9ee0-4069-b653-0c64146aff22,tester
495,f52cd891-3d5d-4d6c-8c36-8556dc2697d0,community_03,Peter,Bello,female,1977-08-30,,08087632629,https://www.commcarehq.org/photos/farmer_495.jpg,5,crop_farming,8,owned,2,borehole,---,rice groundnuts,1.5,---,3.7,---,---,---,10.2969832 7.4822749 0.0 20.0,yes,e1eabd2b-8c7c-4ed6-a056-aded5d80d638,2026-03-12 00:06:00,2026-03-12,tester,2026-03-12 00:06:19,https://www.commcarehq.org/form/f52cd891-3d5d-4d6c-8c36-8556dc2697d0,tester
496,29db4473-8d3b-4d7f-b1c2-962eea00bcf1,community_02,BLESSING,Michael,male,1995-10-13,,08086125517,https://www.commcarehq.org/photos/farmer_496.jpg,8,mixed_farming,9,family_land,3,dam_reservoir,---,groundnuts,0.9,---,---,---,---,---,10.5040995 7.3782172 0.0 20.0,yes,57cd1be5-9e8b-4366-a2af-d3a3bd7d6fa6,2026-02-14 00:02:00,2026-02-14,tester,2026-02-14 00:02:20,https://www.commcarehq.org/form/29db4473-8d3b-4d7f-b1c2-962eea00bcf1,tester
497,70d6f2e5-b69c-4ffe-8ffc-dcd95d4c2b8f,community_06,Ruth,Johnson,male,1971-04-08,59017596537,08038170035,https://www.commcarehq.org/photos/farmer_497.jpg,10,mixed_farming,2,owned,3,rain-fed,---,groundnuts,2.3,---,---,---,---,---,10.5457277 7.411506 0.0 20.0,yes,1dcdc996-d227-4bc4-ba0f-e40be3a3ed51,2026-02-18 00:04:00,2026-02-18,tester,2026-02-18 00:04:15,https://www.commcarehq.org/form/70d6f2e5-b69c-4ffe-8ffc-dcd95d4c2b8f,tester
498,4e1b17a3-36dc-4d33-b048-8b7cbc95654d,community_05,Joy,Ibrahim,female,1980-06-02,,08069232233,https://www.commcarehq.org/photos/farmer_498.jpg,10,crop_farming,6,owned,6,borehole,---,groundnuts,1.0,---,---,rabbits,---,28,10.2831649 7.2431126 0.0 20.0,yes,f2c34ec2-6876-4482-925e-99b53d7ccb90,2026-06-19 00:05:00,2026-06-19,tester,2026-06-19 00:05:18,https://www.commcarehq.org/form/4e1b17a3-36dc-4d33-b048-8b7cbc95654d,tester
499,8d5da4e3-bf2d-45b4-92f2-04671703e870,community_04,Yusuf,Adeyemi,female,1988-06-26,55746234009,08078527918,https://www.commcarehq.org/photos/farmer_499.jpg,3,crop_farming,10,owned,4,rain-fed,---,groundnuts rice,1.1,---,3.3,---,---,---,10.2653478 7.5260267 0.0 20.0,yes,b6a5aa07-5fce-427a-bc37-de6187aaee85,2026-03-13 00:05:00,2026-03-13,tester,2026-03-13 00:05:17,https://www.commcarehq.org/form/8d5da4e3-bf2d-45b4-92f2-04671703e870,tester
500,fc8a7906-1491-490e-a3e7-cf5341559e5d,community_02,samuel,LAWAL,male,1974-04-04,92262874450,08070035120,https://www.commcarehq.org/photos/farmer_500.jpg,3,crop_farming,5,family_land,1,rain-fed,---,maize groundnuts,1.6,3.1,---,---,---,---,10.3389494 7.5255323 0.0 20.0,yes,7b04df39-a9a9-48ae-97dd-0881d7d0bac2,2026-01-15 00:03:00,2026-01-15,tester,2026-01-15 00:03:13,https://www.commcarehq.org/form/fc8a7906-1491-490e-a3e7-cf5341559e5d,tester
501,51691b69-9eeb-42df-a490-18500f57a886,community_05,John,Musa,male,1958-09-24,33569218238,+2348022791120,https://www.commcarehq.org/photos/farmer_501.jpg,7,livestock_farming,2,owned,4,borehole,---,maize,---,0.8,---,goats,16,---,10.4888849 7.5665167 0.0 20.0,yes,179e0b16-2362-4f20-9cf9-50b7ee85edbf,2026-05-20 00:05:00,2026-05-20,tester,2026-05-20 00:05:08,https://www.commcarehq.org/form/51691b69-9eeb-42df-a490-18500f57a886,tester
502,57507671-a7c2-471c-af37-4239eca80682,community_06,Ruth,Ojo,female,1981-12-13,35178238709,08090355916,https://www.commcarehq.org/photos/farmer_502.jpg,1,crop_farming,2,family_land,3,rain-fed,---,rice maize,---,4.8,3.7,rabbits,---,17,10.3941871 7.4508804 0.0 20.0,yes,e7bee426-5f15-4c68-a122-f3ea2c214e18,2026-01-20 00:08:00,2026-01-20,tester,2026-01-20 00:08:10,https://www.commcarehq.org/form/57507671-a7c2-471c-af37-4239eca80682,tester
503,0f1529aa-dce3-4f77-b3d6-878864dd94c0,community_01,Fatima,Bello,female,2000-10-18,60237756037,08095870990,https://www.commcarehq.org/photos/farmer_503.jpg,3,mixed_farming,4,owned,6,rain-fed,---,maize groundnuts rice,2.3,5.9,0.9,goats rabbits,7,33,10.5781386 7.4993753 0.0 20.0,yes,484d25a6-b27c-4ec3-81a8-af09e46170b7,2026-05-23 00:05:00,2026-05-23,tester,2026-05-23 00:05:10,https://www.commcarehq.org/form/0f1529aa-dce3-4f77-b3d6-878864dd94c0,tester
504,dcbaf204-fc1c-4103-aa50-7c56a6b63d41,community_01,Daniel,Tanko,male,2002-04-08,47842565441,08056811768,https://www.commcarehq.org/photos/farmer_504.jpg,4,crop_farming,1,owned,3,rain-fed,---,groundnuts maize,1.7,5.3,---,goats,13,---,10.3510093 7.4029947 0.0 20.0,yes,995ee13b-b27c-49b1-a910-7a08e45b466a,2026-06-06 00:08:00,2026-06-06,tester,2026-06-06 00:08:15,https://www.commcarehq.org/form/dcbaf204-fc1c-4103-aa50-7c56a6b63d41,tester
505,32c662e4-3628-4617-ac11-a87fe92a09e0,community_02,AHMED,ali,male,1983-12-21,38595602886,08018742443,https://www.commcarehq.org/photos/farmer_505.jpg,4,crop_farming,14,owned,2,rain-fed,---,groundnuts rice maize,1.9,6.1,1.0,goats,4,---,10.5458741 7.5715748 0.0 20.0,yes,466f5d40-7a21-41d8-939b-63cae4cf4cce,2026-01-11 00:03:00,2026-01-11,tester,2026-01-11 00:03:15,https://www.commcarehq.org/form/32c662e4-3628-4617-ac11-a87fe92a09e0,tester
506,f9280086-bccb-453b-8155-0d2eec8e1bb4,community_02,Ahmed,Ogunleye,female,1992-11-14,,08086162714,https://www.commcarehq.org/photos/farmer_506.jpg,3,mixed_farming,11,owned,1,rain-fed,---,groundnuts rice maize,1.9,5.6,1.3,rabbits,---,7,10.2707121 7.260736 0.0 20.0,yes,208a8a75-7d4b-4b57-8b76-a22d0ce87a1f,2026-02-14 00:08:00,2026-02-14,tester,2026-02-14 00:08:07,https://www.commcarehq.org/form/f9280086-bccb-453b-8155-0d2eec8e1bb4,tester
507,18136d64-d82b-4690-8578-1fb1c11b25b4,community_03,Musa,Yakubu,female,1970-10-13,84884645534,08044481552,https://www.commcarehq.org/photos/farmer_507.jpg,2,mixed_farming,1,owned,6,irrigation_scheme,---,maize rice,---,2.0,1.6,goats,25,---,10.4551224 7.3127076 0.0 20.0,yes,b8eca17d-8973-4196-b2f9-2f8912985358,2026-03-21 00:08:00,2026-03-21,tester,2026-03-21 00:08:08,https://www.commcarehq.org/form/18136d64-d82b-4690-8578-1fb1c11b25b4,tester
508,b9241665-5e3f-4528-8bb9-41114579e1e5,community_04,Suleiman,Peter,male,1984-09-02,69829590188,08081106012,https://www.commcarehq.org/photos/farmer_508.jpg,4,mixed_farming,17,leased,3,borehole,---,groundnuts,1.7,---,---,rabbits,---,28,10.435251 7.4376246 0.0 20.0,yes,bfe2fbf0-a57d-423a-930d-a871194180d2,2026-05-28 00:07:00,2026-05-28,tester,2026-05-28 00:07:08,https://www.commcarehq.org/form/b9241665-5e3f-4528-8bb9-41114579e1e5,tester
509,07f904e5-90dc-42b8-8e6b-b7e519d3136c,community_05,Esther,Ogunleye,male,1976-06-14,67689962001,08047770311,https://www.commcarehq.org/photos/farmer_509.jpg,5,livestock_farming,1,owned,1,rain-fed,---,rice,---,---,3.6,rabbits,---,24,10.4212603 7.2647355 0.0 20.0,yes,86859491-6a23-43e2-a469-bd188f8aacde,2026-06-07 00:03:00,2026-06-07,tester,2026-06-07 00:03:06,https://www.commcarehq.org/form/07f904e5-90dc-42b8-8e6b-b7e519d3136c,tester
510,c91e7dcd-e4ad-4c17-a468-3ba92ddf5fbb,community_01,Joseph,Sani,female,2000-11-26,,08081588586,https://www.commcarehq.org/photos/farmer_510.jpg,4,livestock_farming,2,owned,6,dam_reservoir,---,groundnuts maize,1.6,2.0,---,---,---,---,10.2434641 7.589259 0.0 20.0,yes,486927e4-dd85-496e-aab6-e85b42b95ce5,2026-06-19 00:06:00,2026-06-19,tester,2026-06-19 00:06:10,https://www.commcarehq.org/form/c91e7dcd-e4ad-4c17-a468-3ba92ddf5fbb,tester
511,d350e624-2f52-4c46-b5be-62cab0b6d430,community_02,Peter,Ogunleye,female,1999-10-21,,08028468539,https://www.commcarehq.org/photos/farmer_511.jpg,12,crop_farming,2,family_land,2,borehole,---,groundnuts rice maize,2.6,5.4,1.4,goats,6,---,10.3778379 7.3639006 0.0 20.0,yes,73748f05-cf1d-4cd8-b9be-0d6b2ff5f72f,2026-05-09 00:07:00,2026-05-09,tester,2026-05-09 00:07:08,https://www.commcarehq.org/form/d350e624-2f52-4c46-b5be-62cab0b6d430,tester
512,5f3180ce-643e-4fa7-930f-1cdc24602a5b,community_03,Blessing,Usman,female,1982-10-08,,08034707773,https://www.commcarehq.org/photos/farmer_512.jpg,8,crop_farming,6,family_land,2,rain-fed,---,maize groundnuts,1.3,3.5,---,---,---,---,10.3373714 7.2894063 0.0 20.0,yes,f7c3035c-7b0c-4b96-af67-b4fa150df616,2026-04-22 00:07:00,2026-04-22,tester,2026-04-22 00:07:05,https://www.commcarehq.org/form/5f3180ce-643e-4fa7-930f-1cdc24602a5b,tester
513,c72fd1df-d7c3-4681-a295-44e01642aad5,community_06,Suleiman,Ahmed,female,1977-07-02,77119178718,08016493753,https://www.commcarehq.org/photos/farmer_513.jpg,3,mixed_farming,10,family_land,2,rain-fed,---,rice maize groundnuts,1.2,6.2,1.2,---,---,---,10.3209076 7.3643814 0.0 20.0,yes,2cb70c6b-ca34-48c0-b85f-17ec9f8c3162,2026-04-28 00:06:00,2026-04-28,tester,2026-04-28 00:06:15,https://www.commcarehq.org/form/c72fd1df-d7c3-4681-a295-44e01642aad5,tester
514,ac29fbd0-7701-4a80-8ffc-5cccd20d0be2,community_02,Suleiman,Okafor,male,1980-02-14,,08052371688,https://www.commcarehq.org/photos/farmer_514.jpg,5,livestock_farming,2,owned,1,rain-fed,---,maize groundnuts,0.5,3.8,---,goats,10,---,10.2417499 7.2885758 0.0 20.0,yes,b2e7705c-6fce-4126-afdb-f4c4c7b8d2d0,2026-05-19 00:06:00,2026-05-19,tester,2026-05-19 00:06:11,https://www.commcarehq.org/form/ac29fbd0-7701-4a80-8ffc-5cccd20d0be2,tester
515,d37a5594-b945-450d-9f76-a3ba5ecb28c1,community_06,Paul,Musa,male,1987-10-02,46394379580,08087139219,https://www.commcarehq.org/photos/farmer_515.jpg,10,crop_farming,12,family_land,3,rain-fed,---,maize groundnuts rice,2.8,6.2,1.9,goats,10,---,10.2766328 7.37531 0.0 20.0,yes,bdc6dbc9-c715-4a4c-a2c7-6115b1437da0,2026-03-17 00:05:00,2026-03-17,tester,2026-03-17 00:05:19,https://www.commcarehq.org/form/d37a5594-b945-450d-9f76-a3ba5ecb28c1,tester
516,885f1d59-a0af-42a6-a0b3-8e55a5593e23,community_04,Esther,Lawal,male,1975-08-14,33502508110,08046017481,https://www.commcarehq.org/photos/farmer_516.jpg,4,livestock_farming,17,owned,3,rain-fed,---,rice maize,---,6.2,2.5,---,---,---,10.3496901 7.3203534 0.0 20.0,yes,b8599076-763b-44cb-b9c1-6c25a7ff520b,2026-02-06 00:08:00,2026-02-06,tester,2026-02-06 00:08:09,https://www.commcarehq.org/form/885f1d59-a0af-42a6-a0b3-8e55a5593e23,tester
517,da561502-7d49-4b8c-ae30-5dc9d8b51ca1,community_01,Elizabeth,Samuel,female,1989-05-01,32240459211,08091632664,https://www.commcarehq.org/photos/farmer_517.jpg,3,livestock_farming,10,owned,3,rain-fed,---,rice,---,---,2.0,goats,9,---,10.3250159 7.3956396 0.0 20.0,yes,d6121bae-82b8-4d2d-8608-0a44480b8ad0,2026-02-05 00:04:00,2026-02-05,tester,2026-02-05 00:04:15,https://www.commcarehq.org/form/da561502-7d49-4b8c-ae30-5dc9d8b51ca1,tester
518,5d1c6b31-c912-4ff7-b397-c65689341338,community_05,John,James,male,1967-06-18,62609642181,08011089727,https://www.commcarehq.org/photos/farmer_518.jpg,4,crop_farming,18,owned,3,rain-fed,---,maize rice groundnuts,0.9,4.0,1.6,---,---,---,10.4851211 7.3250511 0.0 20.0,yes,709ceb64-d747-44e8-a000-05564896d593,2026-05-09 00:04:00,2026-05-09,tester,2026-05-09 00:04:20,https://www.commcarehq.org/form/5d1c6b31-c912-4ff7-b397-c65689341338,tester
519,4f31e7a0-cb01-4207-8ef1-05d42a6859f2,community_03,Fatima,Ali,male,1995-10-12,,08003043476,https://www.commcarehq.org/photos/farmer_519.jpg,5,livestock_farming,12,family_land,3,river_stream,---,groundnuts maize,2.0,4.7,---,---,---,---,10.303983 7.5389622 0.0 20.0,yes,cc95274e-8830-4a75-b4f3-e0dc3b8e6362,2026-01-10 00:04:00,2026-01-10,tester,2026-01-10 00:04:12,https://www.commcarehq.org/form/4f31e7a0-cb01-4207-8ef1-05d42a6859f2,tester
520,d3319df2-c1ac-4f58-af53-3c06b2f17372,community_04,Mercy,Yusuf,male,2004-12-03,21972287072,08062699404,https://www.commcarehq.org/photos/farmer_520.jpg,7,mixed_farming,3,family_land,2,rain-fed,---,rice maize,---,1.6,2.9,goats,5,---,10.3222918 7.3306859 0.0 20.0,yes,6e13b39d-142e-46eb-92d4-1d91649af921,2026-03-25 00:07:00,2026-03-25,tester,2026-03-25 00:07:12,https://www.commcarehq.org/form/d3319df2-c1ac-4f58-af53-3c06b2f17372,tester
521,9d0f77dc-3e95-41fb-8f9c-0c8f40e31d21,community_03,Paul,Abdullahi,male,1999-05-15,77368963249,08012304795,https://www.commcarehq.org/photos/farmer_521.jpg,11,crop_farming,7,owned,3,irrigation_scheme,---,maize rice groundnuts,0.6,4.0,2.6,goats rabbits,3,36,10.438231 7.3361137 0.0 20.0,yes,898e9ee8-df32-4d07-8a9c-e5c91eb51cd8,2026-01-05 00:06:00,2026-01-05,tester,2026-01-05 00:06:12,https://www.commcarehq.org/form/9d0f77dc-3e95-41fb-8f9c-0c8f40e31d21,tester
522,86f6ea48-88c8-4fe1-a47f-56e555d13ec1,community_06,Ahmed,Ogunleye,male,2006-10-03,81569493004,08022637556,https://www.commcarehq.org/photos/farmer_522.jpg,8,crop_farming,1,owned,2,irrigation_scheme,---,rice maize,---,5.0,0.9,rabbits,---,39,10.2205369 7.2573837 0.0 20.0,yes,b9851eee-2e12-4170-b2e5-814efa984653,2026-05-30 00:05:00,2026-05-30,tester,2026-05-30 00:05:07,https://www.commcarehq.org/form/86f6ea48-88c8-4fe1-a47f-56e555d13ec1,tester
523,9ac998df-34c0-47eb-a969-a2523ee331d0,community_06,Musa,Yakubu,male,1979-06-02,56927801639,08075923029,https://www.commcarehq.org/photos/farmer_523.jpg,6,mixed_farming,13,leased,6,rain-fed,---,groundnuts,1.8,---,---,goats,15,---,10.2456308 7.2327664 0.0 20.0,yes,06f5290d-af27-49f8-bf8a-70736e694b30,2026-05-06 00:08:00,2026-05-06,tester,2026-05-06 00:08:07,https://www.commcarehq.org/form/9ac998df-34c0-47eb-a969-a2523ee331d0,tester
524,0396a538-f633-4e06-8a16-6c49f6862b2d,community_02,Elizabeth,Johnson,female,1975-09-01,,08088588453,https://www.commcarehq.org/photos/farmer_524.jpg,4,crop_farming,14,owned,6,rain-fed,---,rice groundnuts maize,2.9,0.6,3.4,goats,6,---,10.2079901 7.4977653 0.0 20.0,yes,a4a7f43f-5c53-410f-8f12-1f2182e36514,2026-03-03 00:08:00,2026-03-03,tester,2026-03-03 00:08:07,https://www.commcarehq.org/form/0396a538-f633-4e06-8a16-6c49f6862b2d,tester
525,47eb9e1a-3d01-4773-8771-b6b80118e90e,community_01,Deborah,Sani,male,1979-02-06,56669714072,08032456351,https://www.commcarehq.org/photos/farmer_525.jpg,11,crop_farming,5,owned,3,rain-fed,---,rice maize,---,1.7,3.2,goats rabbits,16,24,10.4038628 7.4398335 0.0 20.0,yes,f05e2e18-1be6-4017-ae3a-51af60ef409e,2026-02-23 00:04:00,2026-02-23,tester,2026-02-23 00:04:12,https://www.commcarehq.org/form/47eb9e1a-3d01-4773-8771-b6b80118e90e,tester
526,025b0a16-dc7f-4cf1-91aa-20478ba54845,community_06,Grace,Ogunleye,male,1990-12-02,71383237855,08060333553,https://www.commcarehq.org/photos/farmer_526.jpg,2,livestock_farming,2,family_land,3,rain-fed,---,maize,---,0.7,---,goats,21,---,10.5062837 7.3512841 0.0 20.0,no,95b410c3-1678-4683-8a28-7a06af0224b8,2026-03-05 00:04:00,2026-03-05,tester,2026-03-05 00:04:10,https://www.commcarehq.org/form/025b0a16-dc7f-4cf1-91aa-20478ba54845,tester
527,3af70871-14b5-4fe7-94f6-28cf825bcbc5,community_04,Joseph,Abdullahi,male,1996-07-24,92054676347,08094962589,https://www.commcarehq.org/photos/farmer_527.jpg,11,livestock_farming,1,owned,3,rain-fed,---,groundnuts,1.2,---,---,---,---,---,10.2537284 7.542886 0.0 20.0,yes,84f68e82-35e1-4bbf-8d90-9d4f79355079,2026-03-09 00:07:00,2026-03-09,tester,2026-03-09 00:07:13,https://www.commcarehq.org/form/3af70871-14b5-4fe7-94f6-28cf825bcbc5,tester
528,450ae7e8-1755-49e5-a649-43651b1dbbf6,community_05,Samuel,James,male,1977-02-01,,08095504279,https://www.commcarehq.org/photos/farmer_528.jpg,7,crop_farming,6,owned,3,rain-fed,---,rice maize groundnuts,2.7,5.0,1.7,---,---,---,10.5325731 7.3314605 0.0 20.0,yes,02a46779-a893-478d-bead-1610732d6cc3,2026-04-27 00:03:00,2026-04-27,tester,2026-04-27 00:03:20,https://www.commcarehq.org/form/450ae7e8-1755-49e5-a649-43651b1dbbf6,tester
529,af70ddf3-f873-4de6-adf6-cb96233c916c,community_01,James,Michael,male,1979-10-03,,08097788770,https://www.commcarehq.org/photos/farmer_529.jpg,5,mixed_farming,29,owned,2,rain-fed,---,rice maize groundnuts,2.3,1.8,1.5,rabbits,---,18,10.2377172 7.4869841 0.0 20.0,yes,f909ac19-fc88-47d5-b6c3-930de82db2cc,2026-06-09 00:02:00,2026-06-09,tester,2026-06-09 00:02:16,https://www.commcarehq.org/form/af70ddf3-f873-4de6-adf6-cb96233c916c,tester
530,ab8bca7f-6675-43e5-9f33-84153872cfd2,community_02,Joy,Ojo,female,1960-10-11,57816902819,08021026188,https://www.commcarehq.org/photos/farmer_530.jpg,2,crop_farming,18,family_land,6,borehole,---,rice maize groundnuts,1.9,1.5,1.8,---,---,---,10.4572986 7.2237989 0.0 20.0,yes,75419c0a-f9a4-40e8-b748-721fd63a45d7,2026-06-07 00:04:00,2026-06-07,tester,2026-06-07 00:04:08,https://www.commcarehq.org/form/ab8bca7f-6675-43e5-9f33-84153872cfd2,tester
531,6a3f6b07-7023-434c-af40-2488dbf97544,community_07,Elizabeth,Peter,male,1989-06-26,86172871536,08047985210,https://www.commcarehq.org/photos/farmer_531.jpg,6,crop_farming,1,owned,3,rain-fed,---,groundnuts rice,1.8,---,2.7,goats,11,---,10.3726485 7.4750169 0.0 20.0,yes,4c9441c1-f5bb-4a95-b943-fefb31bec8d2,2026-05-02 00:02:00,2026-05-02,tester,2026-05-02 00:02:09,https://www.commcarehq.org/form/6a3f6b07-7023-434c-af40-2488dbf97544,tester
532,caffcac8-222d-441e-8751-e48cc3160272,community_04,Samuel,Ogunleye,female,2006-06-19,43468199801,08038703450,https://www.commcarehq.org/photos/farmer_532.jpg,5,crop_farming,1,owned,1,borehole,---,groundnuts,2.5,---,---,goats rabbits,16,4,10.4617394 7.2686661 0.0 20.0,yes,c77bac0b-394c-4033-b53c-5a9e166e4d5d,2026-02-22 00:06:00,2026-02-22,tester,2026-02-22 00:06:17,https://www.commcarehq.org/form/caffcac8-222d-441e-8751-e48cc3160272,tester
533,cc6f33f1-dd7d-47ae-9236-ec7451f40f8c,community_04,Suleiman,yakubu,male,2001-10-27,10515182601,08082872414,https://www.commcarehq.org/photos/farmer_533.jpg,7,livestock_farming,4,family_land,2,rain-fed,---,groundnuts,2.6,---,---,---,---,---,10.5146074 7.5609566 0.0 20.0,yes,62f5a71f-da40-442d-ae08-10ee99b18ccf,2026-02-06 00:02:00,2026-02-06,tester,2026-02-06 00:02:17,https://www.commcarehq.org/form/cc6f33f1-dd7d-47ae-9236-ec7451f40f8c,tester
534,a2a74853-3d27-4573-a3a1-9bd3bbd3e7f9,community_01,Ibrahim,Isa,male,1985-04-30,,08096027488,https://www.commcarehq.org/photos/farmer_534.jpg,6,crop_farming,21,family_land,4,rain-fed,---,rice,---,---,2.1,---,---,---,10.2096426 7.5882698 0.0 20.0,yes,ecf01648-3962-42bd-bcd4-56ac5e855b06,2026-03-30 00:08:00,2026-03-30,tester,2026-03-30 00:08:16,https://www.commcarehq.org/form/a2a74853-3d27-4573-a3a1-9bd3bbd3e7f9,tester
535,6907bd8e-75a9-4ebe-80b1-fc947c970217,community_04,Daniel,James,male,2006-09-15,,08039581489,https://www.commcarehq.org/photos/farmer_535.jpg,8,mixed_farming,2,owned,3,river_stream,---,rice maize groundnuts,1.0,2.8,0.7,goats,18,---,10.3824746 7.2094542 0.0 20.0,yes,bc3a1aa9-c45f-4731-a892-4ff91af04dae,2026-04-23 00:08:00,2026-04-23,tester,2026-04-23 00:08:07,https://www.commcarehq.org/form/6907bd8e-75a9-4ebe-80b1-fc947c970217,tester
536,c81d5458-3c91-407a-9d97-e28b63067cc6,community_07,Mary,Okafor,male,1987-05-06,15586788407,08005758893,https://www.commcarehq.org/photos/farmer_536.jpg,8,mixed_farming,8,owned,2,rain-fed,---,rice,---,---,1.1,goats,18,---,10.3097284 7.2749967 0.0 20.0,yes,b3b5bdac-9da3-45ca-ab7b-2beb68e252e7,2026-01-03 00:03:00,2026-01-03,tester,2026-01-03 00:03:07,https://www.commcarehq.org/form/c81d5458-3c91-407a-9d97-e28b63067cc6,tester
537,1c7bbb3d-22a4-410b-b439-a4437733c00c,community_07,John,Balogun,female,1984-07-04,11412414932,08087005377,https://www.commcarehq.org/photos/farmer_537.jpg,6,mixed_farming,1,owned,3,rain-fed,---,groundnuts,1.1,---,---,goats rabbits,2,7,10.3537932 7.5011874 0.0 20.0,yes,13777ede-facd-4da9-b1f0-9b29693f2c8d,2026-03-02 00:03:00,2026-03-02,tester,2026-03-02 00:03:20,https://www.commcarehq.org/form/1c7bbb3d-22a4-410b-b439-a4437733c00c,tester
538,67f22c43-079c-4d78-9b23-def0eb2f4469,community_02,Samuel,Balogun,female,1976-11-20,,08063573999,https://www.commcarehq.org/photos/farmer_538.jpg,7,crop_farming,3,owned,3,other,Spring Water,rice groundnuts,1.1,---,0.9,goats,9,---,10.2329928 7.2384485 0.0 20.0,yes,822e1f6c-9435-4559-b7f8-c79764b57907,2026-03-23 00:02:00,2026-03-23,tester,2026-03-23 00:02:16,https://www.commcarehq.org/form/67f22c43-079c-4d78-9b23-def0eb2f4469,tester
539,bb82d460-d3ca-4d84-be96-48f67e4ec620,community_05,Ibrahim,Yakubu,male,1982-04-27,,08012803324,https://www.commcarehq.org/photos/farmer_539.jpg,3,mixed_farming,20,owned,3,rain-fed,---,maize rice,---,1.4,0.7,goats,6,---,10.457585 7.2064128 0.0 20.0,yes,c228978f-406e-40a7-be66-9f5ba0a8c6f1,2026-05-19 00:02:00,2026-05-19,tester,2026-05-19 00:02:09,https://www.commcarehq.org/form/bb82d460-d3ca-4d84-be96-48f67e4ec620,tester
540,125b1273-d55a-4845-bd23-43563b925f48,community_07,Binta,Garba,male,1982-07-12,65365061563,08015502312,https://www.commcarehq.org/photos/farmer_540.jpg,5,crop_farming,8,owned,5,rain-fed,---,groundnuts rice maize,0.8,1.2,2.0,goats,7,---,10.5898211 7.3383806 0.0 20.0,no,a5c4d682-1811-4416-b49f-c33dce0d003a,2026-06-20 00:08:00,2026-06-20,tester,2026-06-20 00:08:17,https://www.commcarehq.org/form/125b1273-d55a-4845-bd23-43563b925f48,tester
541,c911c35d-c0d6-4d41-975f-5aff45baf853,community_01,Grace,Musa,male,2008-02-21,14396034898,08005540771,https://www.commcarehq.org/photos/farmer_541.jpg,4,mixed_farming,1,owned,5,dam_reservoir,---,maize groundnuts rice,2.3,3.1,1.6,---,---,---,10.4922053 7.5894215 0.0 20.0,yes,d74f81b6-3821-491b-b300-c0a6f8467d4b,2026-04-08 00:07:00,2026-04-08,tester,2026-04-08 00:07:06,https://www.commcarehq.org/form/c911c35d-c0d6-4d41-975f-5aff45baf853,tester
542,de78b17e-0ec5-4c5e-917f-8d827cddc959,community_07,Musa,Ojo,male,2000-12-05,,08082806304,https://www.commcarehq.org/photos/farmer_542.jpg,8,livestock_farming,5,owned,1,rain-fed,---,groundnuts maize,3.0,3.7,---,goats,12,---,10.4997813 7.250487 0.0 20.0,yes,a663cac3-7a0a-4124-8e99-b4ed0142179a,2026-02-16 00:05:00,2026-02-16,tester,2026-02-16 00:05:19,https://www.commcarehq.org/form/de78b17e-0ec5-4c5e-917f-8d827cddc959,tester
543,5d77e04c-446e-41af-a16b-80c6c75d9b6d,community_07,Esther,David,female,1980-01-15,,08079820988,https://www.commcarehq.org/photos/farmer_543.jpg,6,livestock_farming,9,family_land,2,river_stream,---,groundnuts rice maize,1.4,0.7,3.9,goats,18,---,10.4262501 7.5973687 0.0 20.0,yes,d3dc6050-c735-4f3c-97fb-d806caf9e14f,2026-02-02 00:03:00,2026-02-02,tester,2026-02-02 00:03:15,https://www.commcarehq.org/form/5d77e04c-446e-41af-a16b-80c6c75d9b6d,tester
544,8dcaba0e-0f38-40f8-8da4-5e82bbd63b99,community_06,Paul,Daniel,male,1989-12-29,26954272945,08013686712,https://www.commcarehq.org/photos/farmer_544.jpg,2,crop_farming,10,family_land,1,rain-fed,---,rice maize groundnuts,1.9,1.0,1.0,goats,23,---,10.3226892 7.3349453 0.0 20.0,yes,4f6a511c-3a1b-4997-8c77-7b6b894f766a,2026-03-15 00:06:00,2026-03-15,tester,2026-03-15 00:06:10,https://www.commcarehq.org/form/8dcaba0e-0f38-40f8-8da4-5e82bbd63b99,tester
545,228ca1d1-fac6-4fa4-b410-a19ea10d590a,community_05,Esther,Yakubu,male,1968-07-04,,08048088911,https://www.commcarehq.org/photos/farmer_545.jpg,5,crop_farming,12,owned,5,rain-fed,---,rice maize groundnuts,2.6,1.9,1.0,---,---,---,10.4020946 7.2211486 0.0 20.0,yes,672f5940-cc33-4e2c-8897-e83d2e3d5723,2026-02-11 00:02:00,2026-02-11,tester,2026-02-11 00:02:11,https://www.commcarehq.org/form/228ca1d1-fac6-4fa4-b410-a19ea10d590a,tester
546,10a884d5-effa-4598-a24b-4bec595d2927,community_01,Samuel,Sani,female,1986-05-31,15480474821,08092941167,https://www.commcarehq.org/photos/farmer_546.jpg,7,mixed_farming,2,family_land,1,borehole,---,maize,---,4.6,---,---,---,---,10.2203714 7.4029307 0.0 20.0,yes,ad457cd7-8f34-4c74-b02a-ff2a6161dcbd,2026-06-15 00:04:00,2026-06-15,tester,2026-06-15 00:04:19,https://www.commcarehq.org/form/10a884d5-effa-4598-a24b-4bec595d2927,tester
547,2ebb04f5-b884-434a-9683-84cbe0ec5ead,community_06,Ibrahim,Tanko,male,2007-05-28,54828933799,08025709568,https://www.commcarehq.org/photos/farmer_547.jpg,7,mixed_farming,1,family_land,5,rain-fed,---,rice,---,---,2.9,goats,21,---,10.5339158 7.2519114 0.0 20.0,yes,9b02051d-03ad-4493-a81d-73762302388a,2026-06-02 00:08:00,2026-06-02,tester,2026-06-02 00:08:17,https://www.commcarehq.org/form/2ebb04f5-b884-434a-9683-84cbe0ec5ead,tester
548,a4a0ba51-9da9-427f-9de4-d87bea3ba230,community_02,Ruth,Lawal,male,1991-03-16,69606873234,08051912075,https://www.commcarehq.org/photos/farmer_548.jpg,5,crop_farming,6,family_land,3,rain-fed,---,groundnuts,2.7,---,---,rabbits,---,9,10.3562812 7.2152206 0.0 20.0,yes,779e9415-bbbb-40d3-95b8-dc8ab1894917,2026-06-04 00:07:00,2026-06-04,tester,2026-06-04 00:07:17,https://www.commcarehq.org/form/a4a0ba51-9da9-427f-9de4-d87bea3ba230,tester
549,f2c71836-4efd-4849-a7e3-101db7d828e4,community_04,Deborah,Ali,male,1985-12-24,,08063462893,https://www.commcarehq.org/photos/farmer_549.jpg,8,crop_farming,2,family_land,2,river_stream,---,groundnuts rice,1.7,---,0.5,goats,3,---,10.5819965 7.4595111 0.0 20.0,yes,2f2c3070-1fa1-43be-88fa-091a231bee1c,2026-02-10 00:04:00,2026-02-10,tester,2026-02-10 00:04:11,https://www.commcarehq.org/form/f2c71836-4efd-4849-a7e3-101db7d828e4,tester
550,c8065ca0-9282-4adb-9dcf-99872af504b9,community_05,Yusuf,James,female,1967-05-07,52328102967,08052097688,https://www.commcarehq.org/photos/farmer_550.jpg,9,crop_farming,5,owned,3,river_stream,---,maize rice groundnuts,2.3,2.0,2.8,---,---,---,10.293069 7.4199802 0.0 20.0,yes,6aa2146d-f651-4b1b-a99e-17cfe99d5a5d,2026-03-25 00:02:00,2026-03-25,tester,2026-03-25 00:02:08,https://www.commcarehq.org/form/c8065ca0-9282-4adb-9dcf-99872af504b9,tester
551,84eb7c7c-91da-4b9b-b2eb-fe4669da364b,community_06,James,Philip,male,1993-10-31,90781397642,08078145378,https://www.commcarehq.org/photos/farmer_551.jpg,12,livestock_farming,6,family_land,1,rain-fed,---,maize groundnuts rice,1.4,1.4,3.5,---,---,---,10.5248393 7.3847439 0.0 20.0,yes,a209bd89-dcfb-44ed-a51b-dc8237da063f,2026-04-09 00:02:00,2026-04-09,tester,2026-04-09 00:02:09,https://www.commcarehq.org/form/84eb7c7c-91da-4b9b-b2eb-fe4669da364b,tester
552,f6ca6450-043f-4b60-b270-4004fb274cc3,community_02,Musa,Usman,female,1971-02-22,72116290872,08013402843,https://www.commcarehq.org/photos/farmer_552.jpg,5,livestock_farming,15,owned,4,rain-fed,---,groundnuts rice,2.4,---,3.6,goats,4,---,10.4013019 7.329727 0.0 20.0,yes,837eb879-da1c-40ba-a437-3be845c894b1,2026-02-16 00:05:00,2026-02-16,tester,2026-02-16 00:05:06,https://www.commcarehq.org/form/f6ca6450-043f-4b60-b270-4004fb274cc3,tester
553,843afb1c-d742-4054-a7e7-c4371f9d4546,community_01,Rebecca,Johnson,male,1967-12-22,,08081530420,https://www.commcarehq.org/photos/farmer_553.jpg,8,crop_farming,5,leased,3,rain-fed,---,rice maize groundnuts,1.5,1.3,2.6,goats,18,---,10.4015799 7.3900734 0.0 20.0,yes,e47df03d-34cb-4ac5-9b5f-2a6825b0b002,2026-06-21 00:07:00,2026-06-21,tester,2026-06-21 00:07:05,https://www.commcarehq.org/form/843afb1c-d742-4054-a7e7-c4371f9d4546,tester
554,011da882-9e96-4fd2-af2c-14748399ba13,community_06,Esther,Philip,female,1959-04-19,45370417368,08007696124,https://www.commcarehq.org/photos/farmer_554.jpg,3,livestock_farming,28,leased,1,borehole,---,maize rice groundnuts,0.6,3.3,2.6,---,---,---,10.3377048 7.2635141 0.0 20.0,yes,deec9acc-e481-405b-a0b7-254553361bca,2026-05-31 00:07:00,2026-05-31,tester,2026-05-31 00:07:05,https://www.commcarehq.org/form/011da882-9e96-4fd2-af2c-14748399ba13,tester
555,110f762a-a7bb-4f2e-9997-e57e1952d3d2,community_02,Paul,Yakubu,male,1969-03-30,,08071717164,https://www.commcarehq.org/photos/farmer_555.jpg,3,mixed_farming,32,owned,1,rain-fed,---,groundnuts,2.4,---,---,goats,19,---,10.31558 7.5348599 0.0 20.0,yes,a72c9fa1-0606-48e5-8894-2b1e2d2140ad,2026-05-22 00:03:00,2026-05-22,tester,2026-05-22 00:03:06,https://www.commcarehq.org/form/110f762a-a7bb-4f2e-9997-e57e1952d3d2,tester
556,0f6637a2-ff65-4444-8dc5-f495e2020d19,community_03,mary,Haruna,male,1982-09-16,,08010149550,https://www.commcarehq.org/photos/farmer_556.jpg,5,crop_farming,3,owned,4,rain-fed,---,groundnuts,2.5,---,---,goats,8,---,10.511413 7.5552689 0.0 20.0,yes,9c536aef-cc76-44b2-b54f-26dadd12ec81,2026-01-09 00:04:00,2026-01-09,tester,2026-01-09 00:04:11,https://www.commcarehq.org/form/0f6637a2-ff65-4444-8dc5-f495e2020d19,tester
557,09507510-4597-4f0c-8f01-c044f46cabd3,community_02,David,Haruna,male,1991-12-30,26547699561,08084574255,https://www.commcarehq.org/photos/farmer_557.jpg,2,crop_farming,2,owned,2,rain-fed,---,maize groundnuts rice,2.3,1.8,2.1,goats rabbits,17,7,10.2640261 7.4290368 0.0 20.0,yes,5e644796-ada5-4fc9-bad7-004058089bf1,2026-02-26 00:04:00,2026-02-26,tester,2026-02-26 00:04:06,https://www.commcarehq.org/form/09507510-4597-4f0c-8f01-c044f46cabd3,tester
558,7d6848c5-8c9d-48df-87cb-ca90241055af,community_02,EMMANUEL,okafor,female,2001-12-05,55723713541,08084163246,https://www.commcarehq.org/photos/farmer_558.jpg,9,mixed_farming,5,owned,1,rain-fed,---,maize groundnuts,0.9,3.8,---,---,---,---,10.4260179 7.5369619 0.0 20.0,yes,9265985f-2848-4a7f-93c7-987f9264807e,2026-01-12 00:03:00,2026-01-12,tester,2026-01-12 00:03:10,https://www.commcarehq.org/form/7d6848c5-8c9d-48df-87cb-ca90241055af,tester
559,e7ebe648-862d-4905-8d7b-e2f6507734b4,community_06,Naomi,Samuel,female,1958-09-04,84127046998,+2348050283120,https://www.commcarehq.org/photos/farmer_559.jpg,10,mixed_farming,42,family_land,2,rain-fed,---,rice groundnuts maize,1.2,5.3,2.9,goats,14,---,10.5252638 7.5234144 0.0 20.0,yes,72e1db72-5be6-4dde-8a6a-868a14698601,2026-02-23 00:06:00,2026-02-23,tester,2026-02-23 00:06:11,https://www.commcarehq.org/form/e7ebe648-862d-4905-8d7b-e2f6507734b4,tester
560,62536cd6-a804-4e3e-9af0-668be299341e,community_05,Peter,Daniel,female,1992-12-20,,08051805792,https://www.commcarehq.org/photos/farmer_560.jpg,4,mixed_farming,3,owned,5,borehole,---,maize groundnuts,2.9,1.2,---,goats,17,---,10.2301016 7.3839143 0.0 20.0,yes,2820b8c6-79b8-4376-827b-dc23e920ffe7,2026-03-13 00:03:00,2026-03-13,tester,2026-03-13 00:03:07,https://www.commcarehq.org/form/62536cd6-a804-4e3e-9af0-668be299341e,tester
561,fd9aea23-b7d1-44c9-a0e4-e34da0a6a1e1,community_07,Joseph,Isa,female,1974-09-28,54874405508,08067514703,https://www.commcarehq.org/photos/farmer_561.jpg,8,livestock_farming,18,owned,1,rain-fed,---,maize rice,---,1.1,3.7,---,---,---,10.3702894 7.3794275 0.0 20.0,yes,0c68d526-c14c-444f-9f39-63a55919da97,2026-01-07 00:02:00,2026-01-07,tester,2026-01-07 00:02:10,https://www.commcarehq.org/form/fd9aea23-b7d1-44c9-a0e4-e34da0a6a1e1,tester
562,737f1b55-39d4-434b-adf4-94d7b4f53f39,community_05,Naomi,Sani,female,1994-02-21,19044748963,08032300271,https://www.commcarehq.org/photos/farmer_562.jpg,1,crop_farming,14,owned,3,rain-fed,---,rice groundnuts,1.4,---,3.1,rabbits,---,7,10.4006874 7.2945068 0.0 20.0,yes,04b19f9d-97db-4ef5-b5be-95ef06471458,2026-06-10 00:08:00,2026-06-10,tester,2026-06-10 00:08:15,https://www.commcarehq.org/form/737f1b55-39d4-434b-adf4-94d7b4f53f39,tester
563,a038b9db-35cc-4129-b457-318f2c60aea6,community_05,Mercy,Abdullahi,male,1996-02-05,,08040435987,https://www.commcarehq.org/photos/farmer_563.jpg,7,crop_farming,6,leased,5,borehole,---,maize rice groundnuts,0.6,3.6,2.7,---,---,---,10.4109167 7.2768422 0.0 20.0,yes,9021a410-1135-48e6-8afd-1ac750a1e642,2026-02-13 00:08:00,2026-02-13,tester,2026-02-13 00:08:15,https://www.commcarehq.org/form/a038b9db-35cc-4129-b457-318f2c60aea6,tester
564,ab14b4dd-cfaa-4bfd-bb43-41632ace3bb1,community_05,Yusuf,Abdullahi,male,1994-06-30,,08024673986,https://www.commcarehq.org/photos/farmer_564.jpg,12,crop_farming,3,owned,4,rain-fed,---,rice maize,---,1.5,3.6,goats,7,---,10.2754812 7.5041916 0.0 20.0,yes,b46b7462-f247-43d5-a9e7-352839f7a3d7,2026-06-15 00:02:00,2026-06-15,tester,2026-06-15 00:02:07,https://www.commcarehq.org/form/ab14b4dd-cfaa-4bfd-bb43-41632ace3bb1,tester
565,f1f2b3cc-ae34-48b7-82aa-b710c5359cf1,community_06,Rebecca,Abdullahi,male,1964-02-20,92356011239,08000741604,https://www.commcarehq.org/photos/farmer_565.jpg,3,crop_farming,4,leased,2,rain-fed,---,maize groundnuts,0.5,1.9,---,goats,25,---,10.4299683 7.2982441 0.0 20.0,yes,65f64084-b886-4b83-ba49-51bb7cce8043,2026-05-18 00:06:00,2026-05-18,tester,2026-05-18 00:06:10,https://www.commcarehq.org/form/f1f2b3cc-ae34-48b7-82aa-b710c5359cf1,tester
566,aff26142-3885-422f-a1fc-e9e3dd1eec3c,community_01,Musa,Haruna,male,1999-03-17,66035480141,08099140349,https://www.commcarehq.org/photos/farmer_566.jpg,8,crop_farming,7,leased,2,borehole,---,maize groundnuts rice,1.9,1.9,1.1,goats,4,---,10.3702443 7.2586453 0.0 20.0,yes,fad93624-c5a5-444a-8668-8c2de2c79988,2026-01-29 00:03:00,2026-01-29,tester,2026-01-29 00:03:11,https://www.commcarehq.org/form/aff26142-3885-422f-a1fc-e9e3dd1eec3c,tester
567,970d43d1-0331-4f67-a124-7bbb85b8600f,community_06,Mary,Yusuf,female,1972-02-21,,08092973281,https://www.commcarehq.org/photos/farmer_567.jpg,8,crop_farming,25,owned,2,irrigation_scheme,---,maize,---,5.7,---,goats,10,---,10.2720243 7.5898712 0.0 20.0,yes,710e3a31-eccb-4db7-bbba-837a613f4eaa,2026-04-20 00:08:00,2026-04-20,tester,2026-04-20 00:08:07,https://www.commcarehq.org/form/970d43d1-0331-4f67-a124-7bbb85b8600f,tester
568,56481965-4177-4e0d-a605-e7c0c40a91e6,community_03,Deborah,Johnson,male,1986-05-28,,8046121822,https://www.commcarehq.org/photos/farmer_568.jpg,5,mixed_farming,6,owned,2,rain-fed,---,rice,---,---,3.4,---,---,---,10.5043422 7.2043121 0.0 20.0,yes,efd10088-f7f0-4697-92a9-17c82f907697,2026-03-17 00:08:00,2026-03-17,tester,2026-03-17 00:08:16,https://www.commcarehq.org/form/56481965-4177-4e0d-a605-e7c0c40a91e6,tester
569,8816417f-45d2-4182-93e4-8e679beca93b,community_05,Joseph,Haruna,female,1987-06-20,33483208207,08014700952,https://www.commcarehq.org/photos/farmer_569.jpg,5,mixed_farming,9,owned,2,rain-fed,---,rice groundnuts maize,2.0,1.8,2.4,goats rabbits,15,33,10.538572 7.4540364 0.0 20.0,yes,6244c32e-52cd-4a7f-a573-4d59eaa04366,2026-03-17 00:03:00,2026-03-17,tester,2026-03-17 00:03:19,https://www.commcarehq.org/form/8816417f-45d2-4182-93e4-8e679beca93b,tester
570,68a098aa-62c4-4cbc-a36d-db406aa2fcc9,community_04,Elizabeth,Yakubu,male,1995-12-19,,08007893488,https://www.commcarehq.org/photos/farmer_570.jpg,4,crop_farming,9,leased,1,rain-fed,---,groundnuts maize rice,2.8,1.4,2.2,---,---,---,10.2439986 7.5108284 0.0 20.0,yes,6854f1b3-3b99-459e-b94e-6b2702567d01,2026-01-11 00:07:00,2026-01-11,tester,2026-01-11 00:07:19,https://www.commcarehq.org/form/68a098aa-62c4-4cbc-a36d-db406aa2fcc9,tester
571,da90e0c4-86eb-4b2b-be9b-5772f4946019,community_05,Joy,Sani,male,1993-01-04,69624034969,08008222452,https://www.commcarehq.org/photos/farmer_571.jpg,6,crop_farming,14,owned,3,irrigation_scheme,---,groundnuts rice maize,1.6,5.8,2.2,---,---,---,10.2325129 7.2064579 0.0 20.0,yes,c3b4cc06-0342-4703-82e2-ce5dae544b1c,2026-05-11 00:07:00,2026-05-11,tester,2026-05-11 00:07:18,https://www.commcarehq.org/form/da90e0c4-86eb-4b2b-be9b-5772f4946019,tester
572,725d1ab7-0acd-43a0-a3b6-cb01f0f1606d,community_02,Esther,Lawal,male,1985-12-25,88190937048,08043866854,https://www.commcarehq.org/photos/farmer_572.jpg,2,mixed_farming,1,family_land,3,rain-fed,---,rice,---,---,2.1,goats,19,---,10.4800635 7.2310998 0.0 20.0,yes,7d5c5c14-4e00-40de-8ac2-049008930982,2026-06-24 00:07:00,2026-06-24,tester,2026-06-24 00:07:19,https://www.commcarehq.org/form/725d1ab7-0acd-43a0-a3b6-cb01f0f1606d,tester
573,939aac7c-665a-4030-9d66-97b3b5c2297d,community_01,Joseph,Daniel,male,2006-12-13,,08059801857,https://www.commcarehq.org/photos/farmer_573.jpg,10,crop_farming,1,owned,2,borehole,---,maize,---,1.0,---,---,---,---,10.4135574 7.5289434 0.0 20.0,yes,c0e98965-7961-4cc5-b38a-9f3dc76a1a3c,2026-03-09 00:03:00,2026-03-09,tester,2026-03-09 00:03:17,https://www.commcarehq.org/form/939aac7c-665a-4030-9d66-97b3b5c2297d,tester
574,299c370e-81e3-47d1-bbc0-078ac5798fb0,community_04,Rebecca,Yusuf,male,1977-07-27,,08028623666,https://www.commcarehq.org/photos/farmer_574.jpg,3,mixed_farming,14,owned,2,rain-fed,---,rice maize,---,1.6,1.8,---,---,---,10.583436 7.3086217 0.0 20.0,yes,0415aa4d-4527-4c2f-99ba-52cae2208e29,2026-05-12 00:07:00,2026-05-12,tester,2026-05-12 00:07:13,https://www.commcarehq.org/form/299c370e-81e3-47d1-bbc0-078ac5798fb0,tester
575,3fb8d76f-6d80-4c4f-8678-73f0f0078c53,community_05,Peter,Abdullahi,male,1996-07-26,,08007148069,https://www.commcarehq.org/photos/farmer_575.jpg,5,crop_farming,11,owned,6,river_stream,---,rice groundnuts maize,1.3,1.7,2.1,goats rabbits,17,40,10.5909306 7.3649065 0.0 20.0,yes,4a241564-e09b-4f3d-8189-70b344d495f1,2026-04-25 00:02:00,2026-04-25,tester,2026-04-25 00:02:11,https://www.commcarehq.org/form/3fb8d76f-6d80-4c4f-8678-73f0f0078c53,tester
576,7a4070e4-0eab-4aec-91aa-be70fe458bf3,community_01,Binta,Sani,male,1984-11-21,79364678049,08019567883,https://www.commcarehq.org/photos/farmer_576.jpg,10,mixed_farming,22,owned,2,rain-fed,---,maize rice groundnuts,0.7,3.7,2.0,rabbits,---,40,10.5538233 7.3539514 0.0 20.0,yes,03dfecd3-a361-48d9-85bc-9c5d5730fc7b,2026-05-01 00:05:00,2026-05-01,tester,2026-05-01 00:05:17,https://www.commcarehq.org/form/7a4070e4-0eab-4aec-91aa-be70fe458bf3,tester
577,089c5c94-fc1c-45e3-98a7-4dc4ad781ba5,community_01,Mercy,Musa,male,1972-08-29,96143379901,08071919223,https://www.commcarehq.org/photos/farmer_577.jpg,7,mixed_farming,22,leased,3,rain-fed,---,groundnuts,0.9,---,---,---,---,---,10.4647696 7.4630999 0.0 20.0,yes,6ddc66ea-b46a-4118-83b3-12b8184e9c72,2026-06-18 00:04:00,2026-06-18,tester,2026-06-18 00:04:11,https://www.commcarehq.org/form/089c5c94-fc1c-45e3-98a7-4dc4ad781ba5,tester
578,f5c9b454-a66d-4c39-bc28-d0e7e942d75f,community_03,Amina,Okafor,male,1958-11-26,31513297641,+2348052489066,https://www.commcarehq.org/photos/farmer_578.jpg,2,crop_farming,49,leased,5,rain-fed,---,maize groundnuts,2.2,5.4,---,---,---,---,10.3113525 7.2065073 0.0 20.0,yes,72fb77ec-5f85-4c38-a0a8-721f1acc5b77,2026-04-13 00:08:00,2026-04-13,tester,2026-04-13 00:08:13,https://www.commcarehq.org/form/f5c9b454-a66d-4c39-bc28-d0e7e942d75f,tester
579,aeb02c06-a969-4716-a863-86e3cfdad6f5,community_06,Naomi,Yakubu,male,1996-09-20,42205438472,08052749920,https://www.commcarehq.org/photos/farmer_579.jpg,6,mixed_farming,9,owned,5,rain-fed,---,maize groundnuts rice,2.4,6.2,1.2,rabbits,---,28,10.4254702 7.2515243 0.0 20.0,yes,1941c44a-22cb-4cfd-bab0-e8c87adec60d,2026-04-12 00:02:00,2026-04-12,tester,2026-04-12 00:02:19,https://www.commcarehq.org/form/aeb02c06-a969-4716-a863-86e3cfdad6f5,tester
580,b76fef4b-0a24-4904-b670-7043f2cef285,community_07,Blessing,Okafor,male,1990-12-29,30706556829,08057772354,https://www.commcarehq.org/photos/farmer_580.jpg,6,crop_farming,6,owned,4,rain-fed,---,groundnuts rice maize,2.7,5.4,0.8,goats,18,---,10.5904193 7.4397962 0.0 20.0,yes,da051fa6-cfef-449a-9370-3d4c36e7fdd9,2026-02-02 00:05:00,2026-02-02,tester,2026-02-02 00:05:05,https://www.commcarehq.org/form/b76fef4b-0a24-4904-b670-7043f2cef285,tester
581,bd1f5e35-02bb-4e03-b051-61b77b3140b9,community_01,Naomi,Bello,male,1997-07-16,28893115150,08087993620,https://www.commcarehq.org/photos/farmer_581.jpg,5,crop_farming,2,owned,3,rain-fed,---,rice,---,---,3.5,rabbits,---,36,10.3739115 7.33089 0.0 20.0,yes,a1284800-b77f-48b5-82b1-759a325c98e9,2026-03-18 00:03:00,2026-03-18,tester,2026-03-18 00:03:09,https://www.commcarehq.org/form/bd1f5e35-02bb-4e03-b051-61b77b3140b9,tester
582,36a4c4ed-6087-4529-9425-e440516db4a7,community_02,Amina,Johnson,female,1984-06-13,53952686327,08080994919,https://www.commcarehq.org/photos/farmer_582.jpg,7,livestock_farming,19,leased,3,other,Rainwater Harvesting,maize rice groundnuts,2.7,1.0,2.8,goats,2,---,10.3633965 7.2402016 0.0 20.0,yes,181e4df4-8357-4022-a267-260fb9673c69,2026-05-27 00:04:00,2026-05-27,tester,2026-05-27 00:04:20,https://www.commcarehq.org/form/36a4c4ed-6087-4529-9425-e440516db4a7,tester
583,ce3c2a80-6ed9-4440-b968-b833107ae457,community_01,Emmanuel,Ojo,female,1982-07-09,75744583179,08027396468,https://www.commcarehq.org/photos/farmer_583.jpg,2,crop_farming,6,owned,5,rain-fed,---,rice groundnuts maize,0.9,2.5,2.7,---,---,---,10.2283931 7.2793104 0.0 20.0,yes,2c95ce9c-8087-4669-8167-553a8791b483,2026-02-23 00:05:00,2026-02-23,tester,2026-02-23 00:05:06,https://www.commcarehq.org/form/ce3c2a80-6ed9-4440-b968-b833107ae457,tester
584,3113621c-53d7-4d5c-b8c2-84e9284e9400,community_02,Suleiman,Isa,female,1972-02-25,,08026740758,https://www.commcarehq.org/photos/farmer_584.jpg,9,mixed_farming,31,owned,1,rain-fed,---,rice groundnuts,2.9,---,2.9,---,---,---,10.2359314 7.4780306 0.0 20.0,yes,8a1e3af4-03e6-4ea2-829a-19b41e005730,2026-02-12 00:08:00,2026-02-12,tester,2026-02-12 00:08:16,https://www.commcarehq.org/form/3113621c-53d7-4d5c-b8c2-84e9284e9400,tester
585,f9f2356f-f5fb-41c0-81e0-eb604cac3577,community_01,Daniel,David,male,1987-06-04,80239971349,08003778382,https://www.commcarehq.org/photos/farmer_585.jpg,8,crop_farming,20,family_land,5,river_stream,---,groundnuts,1.2,---,---,---,---,---,10.5204638 7.4867298 0.0 20.0,yes,c45e197d-4140-451c-8238-49eeba2072e8,2026-03-21 00:02:00,2026-03-21,tester,2026-03-21 00:02:13,https://www.commcarehq.org/form/f9f2356f-f5fb-41c0-81e0-eb604cac3577,tester
586,da98ac71-ab6e-47c0-8282-5c590ce5d10b,community_07,Emmanuel,Garba,female,1968-04-30,86468765551,08002377705,https://www.commcarehq.org/photos/farmer_586.jpg,7,crop_farming,2,family_land,3,rain-fed,---,groundnuts maize,0.7,5.9,---,goats,15,---,10.2826586 7.2814895 0.0 20.0,yes,936b1db7-0949-452f-b68e-35082e0355f8,2026-04-17 00:03:00,2026-04-17,tester,2026-04-17 00:03:11,https://www.commcarehq.org/form/da98ac71-ab6e-47c0-8282-5c590ce5d10b,tester
587,97f631a8-0e2f-42f0-90f3-ddd88d5686be,community_01,John,Eze,female,1995-10-25,,08097845959,https://www.commcarehq.org/photos/farmer_587.jpg,9,mixed_farming,10,owned,3,rain-fed,---,groundnuts rice,0.7,---,2.9,---,---,---,10.3514289 7.2384994 0.0 20.0,yes,6ef58de1-5ed3-4f0a-ad2c-81b1f800e9c4,2026-05-22 00:04:00,2026-05-22,tester,2026-05-22 00:04:06,https://www.commcarehq.org/form/97f631a8-0e2f-42f0-90f3-ddd88d5686be,tester
588,db811008-294e-4dab-92b5-e66f1664d222,community_03,Paul,David,male,1984-09-10,,08009761029,https://www.commcarehq.org/photos/farmer_588.jpg,2,crop_farming,9,owned,3,borehole,---,rice groundnuts maize,0.7,5.0,1.5,---,---,---,10.428918 7.4916779 0.0 20.0,yes,5ea57f08-8692-4c78-87e1-095dc658fc0f,2026-04-18 00:08:00,2026-04-18,tester,2026-04-18 00:08:20,https://www.commcarehq.org/form/db811008-294e-4dab-92b5-e66f1664d222,tester
589,88254400-ad87-4937-a867-43cc4d1eee2f,community_06,David,Peter,female,2002-07-13,,08030207050,https://www.commcarehq.org/photos/farmer_589.jpg,5,crop_farming,2,leased,3,rain-fed,---,maize,---,1.9,---,goats,9,---,10.2033455 7.2176067 0.0 20.0,yes,60211589-7b67-47c2-92b5-b2312f40e140,2026-06-14 00:02:00,2026-06-14,tester,2026-06-14 00:02:18,https://www.commcarehq.org/form/88254400-ad87-4937-a867-43cc4d1eee2f,tester
590,f9c7d8a7-e419-4df8-adfc-770c3c40d568,community_02,Amina,Eze,male,2004-09-09,15003245233,08082030212,https://www.commcarehq.org/photos/farmer_590.jpg,6,mixed_farming,3,owned,1,river_stream,---,groundnuts rice,2.1,---,2.4,goats,16,---,10.525891 7.3971987 0.0 20.0,yes,72b7d6c0-700c-4ff6-8634-be14bb2dbd7a,2026-03-24 00:04:00,2026-03-24,tester,2026-03-24 00:04:13,https://www.commcarehq.org/form/f9c7d8a7-e419-4df8-adfc-770c3c40d568,tester
591,66eeed9f-86db-4a78-a01e-6980a972378f,community_07,Blessing,Peter,male,1987-09-05,41479437404,08051057533,https://www.commcarehq.org/photos/farmer_591.jpg,4,crop_farming,11,owned,4,rain-fed,---,maize groundnuts rice,1.7,3.5,1.6,goats,2,---,10.5246471 7.2410196 0.0 20.0,yes,c7c95889-afa9-4371-af8f-0bce584b89fe,2026-02-05 00:04:00,2026-02-05,tester,2026-02-05 00:04:18,https://www.commcarehq.org/form/66eeed9f-86db-4a78-a01e-6980a972378f,tester
592,1af17d62-e05b-4163-8213-467802a50273,community_01,Amina,Ahmed,male,1979-12-18,58089633547,08070503104,https://www.commcarehq.org/photos/farmer_592.jpg,8,crop_farming,26,owned,6,rain-fed,---,maize,---,1.3,---,goats,4,---,10.4362922 7.3230363 0.0 20.0,yes,23d37be7-6e09-4107-ab34-80a8b3bb821a,2026-01-15 00:07:00,2026-01-15,tester,2026-01-15 00:07:17,https://www.commcarehq.org/form/1af17d62-e05b-4163-8213-467802a50273,tester
593,5965a162-748c-4c05-90fd-927f6c055b36,community_07,Suleiman,Balogun,male,2002-07-17,,08095345779,https://www.commcarehq.org/photos/farmer_593.jpg,8,livestock_farming,3,family_land,2,rain-fed,---,groundnuts rice,1.0,---,1.6,---,---,---,10.4682211 7.3840024 0.0 20.0,yes,248ed7f8-e9f1-4647-b8f3-24d73842eac4,2026-01-02 00:04:00,2026-01-02,tester,2026-01-02 00:04:19,https://www.commcarehq.org/form/5965a162-748c-4c05-90fd-927f6c055b36,tester
594,f5fbe2bb-29dd-43b1-adb2-68e7bd0bba8c,community_01,Rebecca,Garba,female,1979-05-29,25643941808,08051642186,https://www.commcarehq.org/photos/farmer_594.jpg,7,mixed_farming,7,owned,2,rain-fed,---,groundnuts maize rice,2.4,5.4,3.8,---,---,---,10.4469246 7.4374957 0.0 20.0,yes,9ae4f9a8-bec3-4fb4-a925-03b9d042e159,2026-02-12 00:05:00,2026-02-12,tester,2026-02-12 00:05:20,https://www.commcarehq.org/form/f5fbe2bb-29dd-43b1-adb2-68e7bd0bba8c,tester
595,6f59b7e3-040b-4345-ac93-ff55fe1fd7dc,community_07,Hauwa,Philip,female,1988-01-19,,08002152906,https://www.commcarehq.org/photos/farmer_595.jpg,4,crop_farming,5,owned,2,rain-fed,---,rice groundnuts maize,2.5,3.4,3.4,---,---,---,10.3074916 7.3368386 0.0 20.0,yes,13830dad-a3e1-4fa3-b6c2-67ae72414088,2026-01-15 00:05:00,2026-01-15,tester,2026-01-15 00:05:15,https://www.commcarehq.org/form/6f59b7e3-040b-4345-ac93-ff55fe1fd7dc,tester
596,218863ca-064a-4c6e-9ee3-feb8272cca03,community_03,Yusuf,Eze,female,1993-05-07,36825742515,08061797114,https://www.commcarehq.org/photos/farmer_596.jpg,6,crop_farming,12,owned,1,rain-fed,---,rice maize,---,0.7,3.3,goats,19,---,10.2952161 7.5190282 0.0 20.0,yes,9fc0e849-fe55-498b-96d5-77053c42d927,2026-03-22 00:03:00,2026-03-22,tester,2026-03-22 00:03:14,https://www.commcarehq.org/form/218863ca-064a-4c6e-9ee3-feb8272cca03,tester
597,a337f4ec-4de8-4b47-8231-b43c715ae103,community_01,Musa,Bello,female,2000-07-10,27410275929,+2348082684754,https://www.commcarehq.org/photos/farmer_597.jpg,1,crop_farming,3,owned,1,rain-fed,---,rice maize groundnuts,2.7,5.3,3.8,---,---,---,10.3791267 7.3260245 0.0 20.0,yes,a491460e-a94f-4a2b-aff0-e9f633b03801,2026-05-31 00:03:00,2026-05-31,tester,2026-05-31 00:03:08,https://www.commcarehq.org/form/a337f4ec-4de8-4b47-8231-b43c715ae103,tester
598,ef4779b2-0729-4dd2-a101-c1516300dd16,community_04,John,Okafor,female,1978-09-22,,08078505745,https://www.commcarehq.org/photos/farmer_598.jpg,7,crop_farming,10,owned,3,river_stream,---,maize groundnuts,0.8,5.0,---,---,---,---,10.3524024 7.2523049 0.0 20.0,yes,9048cb05-e7a7-4ad9-81ad-9fe093e3fd94,2026-05-21 00:06:00,2026-05-21,tester,2026-05-21 00:06:07,https://www.commcarehq.org/form/ef4779b2-0729-4dd2-a101-c1516300dd16,tester
599,8512c9aa-576a-4c1d-8344-72e4f338aa8a,community_05,Elizabeth,James,male,1991-03-16,31789375011,08064691989,https://www.commcarehq.org/photos/farmer_599.jpg,8,crop_farming,6,owned,3,rain-fed,---,groundnuts rice,2.8,---,1.0,---,---,---,10.4595726 7.2231234 0.0 20.0,yes,310d95b5-17b5-4dab-a034-b60e80af3284,2026-03-16 00:02:00,2026-03-16,tester,2026-03-16 00:02:17,https://www.commcarehq.org/form/8512c9aa-576a-4c1d-8344-72e4f338aa8a,tester
600,217f4f28-135e-44dd-8345-a308bdc50fe5,community_04,Joseph,Ogunleye,male,1971-09-24,50376188914,08049599373,https://www.commcarehq.org/photos/farmer_600.jpg,6,mixed_farming,25,owned,3,other,Spring Water,groundnuts rice,1.5,---,0.9,rabbits,---,11,10.3668723 7.3536764 0.0 20.0,yes,6f5719a6-7c58-48c3-9b89-c0d5a4c0aa9a,2026-01-26 00:05:00,2026-01-26,tester,2026-01-26 00:05:15,https://www.commcarehq.org/form/217f4f28-135e-44dd-8345-a308bdc50fe5,tester
601,0d0cb980-2f44-498e-81f3-3d039df832c9,community_03,Ibrahim,Balogun,male,1982-01-24,82700005391,08093734092,https://www.commcarehq.org/photos/farmer_601.jpg,12,mixed_farming,11,owned,2,river_stream,---,rice groundnuts,1.4,---,2.0,goats rabbits,12,13,10.5567096 7.5446299 0.0 20.0,yes,368612e6-ec23-4232-af69-c05ee2800d9e,2026-05-12 00:06:00,2026-05-12,tester,2026-05-12 00:06:20,https://www.commcarehq.org/form/0d0cb980-2f44-498e-81f3-3d039df832c9,tester
602,3251578c-5c58-4f73-aea9-86af0e268c5b,community_07,Amina,Peter,female,1972-10-17,11828799704,08052340002,https://www.commcarehq.org/photos/farmer_602.jpg,2,crop_farming,14,owned,4,borehole,---,rice groundnuts,1.9,---,3.1,goats,21,---,10.3111908 7.2276653 0.0 20.0,yes,8eddb2dd-c91b-48d4-8e33-dd82f4441d2e,2026-05-29 00:02:00,2026-05-29,tester,2026-05-29 00:02:18,https://www.commcarehq.org/form/3251578c-5c58-4f73-aea9-86af0e268c5b,tester
603,0396e578-9882-4e08-83c5-5a0faf70fdaf,community_05,joy,eze,male,1976-11-06,54121065086,08095136529,https://www.commcarehq.org/photos/farmer_603.jpg,6,crop_farming,32,owned,3,rain-fed,---,maize groundnuts,1.9,4.6,---,---,---,---,10.4511749 7.4194027 0.0 20.0,yes,f3764319-7085-4e21-8519-61b72329836f,2026-04-21 00:02:00,2026-04-21,tester,2026-04-21 00:02:10,https://www.commcarehq.org/form/0396e578-9882-4e08-83c5-5a0faf70fdaf,tester
604,2374f7ed-bca4-4bda-8c6f-b5770ff4a614,community_05,James,Mohammed,male,1976-03-16,,08035915684,https://www.commcarehq.org/photos/farmer_604.jpg,5,mixed_farming,29,family_land,2,rain-fed,---,rice maize,---,6.2,0.9,goats,18,---,10.4951256 7.5973719 0.0 20.0,yes,2c5b35de-756b-42bd-af40-5dfa1d64ccda,2026-02-10 00:03:00,2026-02-10,tester,2026-02-10 00:03:05,https://www.commcarehq.org/form/2374f7ed-bca4-4bda-8c6f-b5770ff4a614,tester
605,2f8131e1-b1ad-48d4-bb3c-615d5f42c671,community_04,Emmanuel,Balogun,male,1977-12-23,,08082516294,https://www.commcarehq.org/photos/farmer_605.jpg,8,crop_farming,20,family_land,1,river_stream,---,rice groundnuts,0.7,---,3.9,goats,2,---,10.2727173 7.4361422 0.0 20.0,yes,3fce7a5d-ae8c-45c6-83a8-5377092fa874,2026-06-14 00:07:00,2026-06-14,tester,2026-06-14 00:07:07,https://www.commcarehq.org/form/2f8131e1-b1ad-48d4-bb3c-615d5f42c671,tester
606,179ab9f2-c5a8-4b29-9c76-fc5b8044ff0c,community_03,Paul,Yakubu,female,1974-11-17,49297152755,08078885458,https://www.commcarehq.org/photos/farmer_606.jpg,6,crop_farming,10,owned,6,rain-fed,---,groundnuts rice maize,1.1,4.6,2.5,goats,15,---,10.3090931 7.5197813 0.0 20.0,yes,25312987-c193-4d98-8072-ac25bbeb15aa,2026-06-13 00:05:00,2026-06-13,tester,2026-06-13 00:05:06,https://www.commcarehq.org/form/179ab9f2-c5a8-4b29-9c76-fc5b8044ff0c,tester
607,9769b884-4c40-48b2-a1a0-b34d4a65c18e,community_05,Mercy,Mohammed,female,1955-07-24,67746565558,08043508856,https://www.commcarehq.org/photos/farmer_607.jpg,6,crop_farming,38,owned,2,rain-fed,---,maize rice,---,1.5,3.4,goats,10,---,10.3773175 7.2821452 0.0 20.0,yes,9f49c365-2938-47ec-b45b-2ae1dda75647,2026-02-09 00:02:00,2026-02-09,tester,2026-02-09 00:02:20,https://www.commcarehq.org/form/9769b884-4c40-48b2-a1a0-b34d4a65c18e,tester
608,65fa6e11-3c11-4db4-9ff3-335338f88bbb,community_03,Sarah,Garba,female,1984-05-14,,08076630851,https://www.commcarehq.org/photos/farmer_608.jpg,7,mixed_farming,21,family_land,1,rain-fed,---,rice,---,---,3.4,goats,14,---,10.50417 7.5862896 0.0 20.0,yes,35be3719-4144-48b4-bc6e-7a1f1aa72d8b,2026-01-31 00:02:00,2026-01-31,tester,2026-01-31 00:02:19,https://www.commcarehq.org/form/65fa6e11-3c11-4db4-9ff3-335338f88bbb,tester
609,532d9646-5a20-44bd-b641-68786f22251b,community_04,Peter,Ibrahim,female,1983-12-26,43902176508,08029594399,https://www.commcarehq.org/photos/farmer_609.jpg,12,crop_farming,17,family_land,3,river_stream,---,maize,---,2.6,---,goats,17,---,10.495894 7.5063769 0.0 20.0,yes,a9cb820e-993a-4326-9618-78de73af4191,2026-06-18 00:03:00,2026-06-18,tester,2026-06-18 00:03:08,https://www.commcarehq.org/form/532d9646-5a20-44bd-b641-68786f22251b,tester
610,897c1349-b3ce-4738-86aa-4404ad8143d7,community_02,Ibrahim,Ojo,male,1970-12-02,,08001046822,https://www.commcarehq.org/photos/farmer_610.jpg,5,livestock_farming,35,owned,1,rain-fed,---,groundnuts rice,2.4,---,3.8,---,---,---,10.6109519 10.9555071 0.0 20.0,yes,712405d7-23a7-4a81-a71d-dd0dd6df50bf,2026-04-24 00:02:00,2026-04-24,tester,2026-04-24 00:02:15,https://www.commcarehq.org/form/897c1349-b3ce-4738-86aa-4404ad8143d7,tester
611,b87a2dde-27d2-4652-af33-b078411da290,community_05,Joseph,Haruna,female,1985-06-22,73877809514,08065816372,https://www.commcarehq.org/photos/farmer_611.jpg,6,livestock_farming,19,family_land,1,other,Community Well,maize rice groundnuts,0.7,1.8,1.0,goats,8,---,10.4024128 7.283325 0.0 20.0,yes,9149805d-5f3c-4e71-abaa-085b3e349ebb,2026-05-30 00:05:00,2026-05-30,tester,2026-05-30 00:05:16,https://www.commcarehq.org/form/b87a2dde-27d2-4652-af33-b078411da290,tester
612,c3fbb271-4c88-471a-8eb3-d4ac3174ecdd,community_03,Elizabeth,Isa,female,1983-08-07,79168131535,08035771833,https://www.commcarehq.org/photos/farmer_612.jpg,8,livestock_farming,8,owned,6,rain-fed,---,maize rice groundnuts,2.0,5.3,0.6,---,---,---,10.3166548 7.3537203 0.0 20.0,yes,b6e784e9-bb23-4472-85a1-867f7c522c91,2026-03-07 00:05:00,2026-03-07,tester,2026-03-07 00:05:10,https://www.commcarehq.org/form/c3fbb271-4c88-471a-8eb3-d4ac3174ecdd,tester
613,dc6ea64b-5c8b-47b2-8680-fa4333a3543d,community_05,Daniel,Balogun,female,1991-08-12,77117933064,08029910001,https://www.commcarehq.org/photos/farmer_613.jpg,1,mixed_farming,10,leased,1,borehole,---,rice maize,---,2.8,3.6,---,---,---,10.4249811 7.4775979 0.0 20.0,yes,11e98054-95ca-4595-b508-278b34ef0ac8,2026-03-15 00:02:00,2026-03-15,tester,2026-03-15 00:02:09,https://www.commcarehq.org/form/dc6ea64b-5c8b-47b2-8680-fa4333a3543d,tester
614,8ee1a08d-cb4c-49e1-afec-fee95088840b,community_04,Suleiman,Tanko,male,1993-03-28,,08001969756,https://www.commcarehq.org/photos/farmer_614.jpg,6,mixed_farming,4,owned,2,rain-fed,---,maize rice,---,3.1,0.8,goats,12,---,10.5661082 7.3111539 0.0 20.0,yes,b9dcd4cd-a861-4d7e-b2e9-dfde7760999b,2026-01-09 00:03:00,2026-01-09,tester,2026-01-09 00:03:09,https://www.commcarehq.org/form/8ee1a08d-cb4c-49e1-afec-fee95088840b,tester
615,d4a748b2-8e19-4539-a679-b1886d7057ea,community_01,Yusuf,Garba,male,1986-06-04,,08024424370,https://www.commcarehq.org/photos/farmer_615.jpg,6,mixed_farming,9,family_land,1,rain-fed,---,groundnuts,1.1,---,---,rabbits,---,21,10.5405865 7.5631863 0.0 20.0,yes,1980bdf0-ee0c-4394-8529-206c0fbce0b9,2026-03-20 00:03:00,2026-03-20,tester,2026-03-20 00:03:17,https://www.commcarehq.org/form/d4a748b2-8e19-4539-a679-b1886d7057ea,tester
616,7edaf97e-bf38-4c26-82f9-d95e2123135d,community_06,Mary,Sani,male,1983-12-30,89747284809,08073936351,https://www.commcarehq.org/photos/farmer_616.jpg,4,livestock_farming,9,family_land,2,rain-fed,---,maize groundnuts rice,2.4,2.5,0.7,---,---,---,10.5747165 7.5874175 0.0 20.0,yes,6545a807-6ee2-415f-933c-e1640c75ae30,2026-06-24 00:04:00,2026-06-24,tester,2026-06-24 00:04:17,https://www.commcarehq.org/form/7edaf97e-bf38-4c26-82f9-d95e2123135d,tester
617,a64ab122-8e70-4ccc-bec9-8a9df5ea74c0,community_03,Rebecca,Sani,female,1996-02-06,19592487992,08023370628,https://www.commcarehq.org/photos/farmer_617.jpg,4,mixed_farming,10,owned,3,river_stream,---,groundnuts,0.8,---,---,---,---,---,10.4332652 7.314166 0.0 20.0,yes,2f833939-9a56-45a0-a576-a135a239dc4a,2026-06-16 00:05:00,2026-06-16,tester,2026-06-16 00:05:18,https://www.commcarehq.org/form/a64ab122-8e70-4ccc-bec9-8a9df5ea74c0,tester
618,e208c6fe-5e3d-41e1-9664-00fd6e162d56,community_01,John,Musa,female,1968-06-19,76726240618,+2348090200024,https://www.commcarehq.org/photos/farmer_618.jpg,6,mixed_farming,32,family_land,1,rain-fed,---,rice maize groundnuts,1.6,1.3,3.2,---,---,---,10.4191664 7.535141 0.0 20.0,yes,387544c5-7358-4bd5-a202-a0405f1b5310,2026-04-20 00:08:00,2026-04-20,tester,2026-04-20 00:08:11,https://www.commcarehq.org/form/e208c6fe-5e3d-41e1-9664-00fd6e162d56,tester
619,e1b03043-45bb-47fa-8bba-f4826b5b9a2b,community_02,Paul,Balogun,male,1960-07-21,,08000109436,https://www.commcarehq.org/photos/farmer_619.jpg,11,livestock_farming,9,owned,5,borehole,---,maize,---,3.0,---,goats rabbits,12,22,10.4954141 7.4265559 0.0 20.0,no,3cf3498b-eac4-420e-8585-f7571ecff8ad,2026-04-13 00:05:00,2026-04-13,tester,2026-04-13 00:05:12,https://www.commcarehq.org/form/e1b03043-45bb-47fa-8bba-f4826b5b9a2b,tester
620,11397676-76af-4149-8037-b9979acb1728,community_02,Suleiman,Yakubu,male,2006-02-14,57206903812,08029160360,https://www.commcarehq.org/photos/farmer_620.jpg,8,livestock_farming,1,family_land,2,rain-fed,---,groundnuts rice maize,2.1,2.7,2.3,rabbits,---,15,10.2633295 7.493175 0.0 20.0,yes,e20d0062-7618-4b39-9ca9-309f43675501,2026-04-16 00:07:00,2026-04-16,tester,2026-04-16 00:07:14,https://www.commcarehq.org/form/11397676-76af-4149-8037-b9979acb1728,tester
621,ff907291-6d30-4ae0-9f6c-b07bcd3d2d14,community_02,John,Ahmed,male,1991-09-01,13406129334,08015411089,https://www.commcarehq.org/photos/farmer_621.jpg,4,mixed_farming,8,owned,3,rain-fed,---,rice,---,---,2.2,goats,14,---,10.2368461 7.4753431 0.0 20.0,yes,8301f6d9-eb74-4914-a70c-5a4c43da150c,2026-04-14 00:04:00,2026-04-14,tester,2026-04-14 00:04:15,https://www.commcarehq.org/form/ff907291-6d30-4ae0-9f6c-b07bcd3d2d14,tester
622,8a6a67d9-9c86-4198-a2cf-08e2bf14ec32,community_04,Fatima,Mohammed,male,1961-01-09,,08085643273,https://www.commcarehq.org/photos/farmer_622.jpg,4,crop_farming,19,leased,2,rain-fed,---,maize groundnuts rice,1.0,4.0,2.9,rabbits,---,38,10.4205777 7.3356336 0.0 20.0,yes,1ad52c53-7424-4e33-b2d7-766030faeb7d,2026-03-16 00:03:00,2026-03-16,tester,2026-03-16 00:03:17,https://www.commcarehq.org/form/8a6a67d9-9c86-4198-a2cf-08e2bf14ec32,tester
623,ba81ad05-6fcd-4f82-b8ab-a0958c81c939,community_04,Blessing,Peter,male,1995-04-20,99607669169,08064169326,https://www.commcarehq.org/photos/farmer_623.jpg,6,crop_farming,11,owned,2,rain-fed,---,groundnuts maize rice,2.0,1.9,2.6,---,---,---,10.4629092 7.3661122 0.0 20.0,yes,25a681ce-0145-4860-b1d0-d4fdec45f952,2026-02-27 00:07:00,2026-02-27,tester,2026-02-27 00:07:07,https://www.commcarehq.org/form/ba81ad05-6fcd-4f82-b8ab-a0958c81c939,tester
624,5f5a3714-187d-49ad-b44b-2fe3e4c99a5e,community_01,Naomi,Abdullahi,male,1989-05-26,74523815205,08084341800,https://www.commcarehq.org/photos/farmer_624.jpg,7,livestock_farming,1,owned,1,rain-fed,---,groundnuts,0.8,---,---,goats,11,---,10.2785837 7.5072855 0.0 20.0,yes,f32f4023-ee00-4846-9027-a40f71d8b01d,2026-04-24 00:05:00,2026-04-24,tester,2026-04-24 00:05:10,https://www.commcarehq.org/form/5f5a3714-187d-49ad-b44b-2fe3e4c99a5e,tester
625,23c843da-a681-4718-8551-f7ef452695af,community_02,James,Haruna,male,1983-12-26,,08027285475,https://www.commcarehq.org/photos/farmer_625.jpg,7,crop_farming,19,owned,6,rain-fed,---,maize rice groundnuts,1.9,1.0,1.9,rabbits,---,37,10.2896786 7.3314546 0.0 20.0,yes,d9bd7b22-f0b4-43ff-9d0a-12e55cc6e5ec,2026-01-09 00:02:00,2026-01-09,tester,2026-01-09 00:02:17,https://www.commcarehq.org/form/23c843da-a681-4718-8551-f7ef452695af,tester
626,c2f0498a-1554-4a2a-97dd-51cef3239741,community_01,Daniel,Abdullahi,female,2002-03-03,16807957738,08070222468,https://www.commcarehq.org/photos/farmer_626.jpg,8,crop_farming,1,owned,3,borehole,---,rice,---,---,0.7,goats,15,---,10.286604 7.2295654 0.0 20.0,yes,f1de3aa7-d1ce-4583-a1b7-43e37ba054b9,2026-05-20 00:02:00,2026-05-20,tester,2026-05-20 00:02:08,https://www.commcarehq.org/form/c2f0498a-1554-4a2a-97dd-51cef3239741,tester
627,9390d183-3859-4f0d-a1cb-aba3f9a83878,community_03,Musa,Okafor,female,1985-06-29,97237445223,08081915889,https://www.commcarehq.org/photos/farmer_627.jpg,6,mixed_farming,3,leased,5,rain-fed,---,maize,---,3.5,---,---,---,---,10.4214069 7.5552621 0.0 20.0,yes,ad612b23-6999-4b3b-a345-6a7d64516b31,2026-02-23 00:04:00,2026-02-23,tester,2026-02-23 00:04:11,https://www.commcarehq.org/form/9390d183-3859-4f0d-a1cb-aba3f9a83878,tester
628,962b5043-5a6a-46e3-8032-499589370e47,community_01,Grace,Ogunleye,male,1962-11-11,,08090930707,https://www.commcarehq.org/photos/farmer_628.jpg,3,livestock_farming,46,owned,3,river_stream,---,groundnuts,1.3,---,---,---,---,---,10.2646288 7.573141 0.0 20.0,yes,fc4045c1-8913-45d4-b64a-6caee7c78f1f,2026-06-17 00:02:00,2026-06-17,tester,2026-06-17 00:02:14,https://www.commcarehq.org/form/962b5043-5a6a-46e3-8032-499589370e47,tester
629,28f42e5c-4eac-4031-b6df-d8dff60a1c20,community_01,Sarah,Haruna,male,1972-02-03,21584387450,8076945424,https://www.commcarehq.org/photos/farmer_629.jpg,12,crop_farming,8,family_land,6,other,Rainwater Harvesting,rice,---,---,1.0,goats rabbits,3,17,10.2329605 7.3342062 0.0 20.0,yes,70a1565c-b1ff-4ddc-8b96-d8379b85b59d,2026-04-16 00:06:00,2026-04-16,tester,2026-04-16 00:06:18,https://www.commcarehq.org/form/28f42e5c-4eac-4031-b6df-d8dff60a1c20,tester
630,0f315f46-210c-4ef7-86a2-4837288004e6,community_07,Rebecca,David,male,1981-01-21,32862862438,08074301348,https://www.commcarehq.org/photos/farmer_630.jpg,8,mixed_farming,9,owned,2,rain-fed,---,rice groundnuts maize,0.6,1.1,4.0,---,---,---,10.3805671 7.575632 0.0 20.0,yes,d32a971d-9cb1-4c9c-afa5-7e5fa5ef71fd,2026-02-23 00:04:00,2026-02-23,tester,2026-02-23 00:04:16,https://www.commcarehq.org/form/0f315f46-210c-4ef7-86a2-4837288004e6,tester
631,57a67efb-c1fc-4969-903c-9ac2d9f814aa,community_06,musa,michael,male,1951-08-28,,08043164030,https://www.commcarehq.org/photos/farmer_631.jpg,11,crop_farming,15,owned,2,dam_reservoir,---,groundnuts maize,0.6,4.7,---,goats,5,---,10.2013722 7.4552686 0.0 20.0,yes,134adf6f-ae8b-4f16-a376-3332b160bf8b,2026-04-15 00:06:00,2026-04-15,tester,2026-04-15 00:06:06,https://www.commcarehq.org/form/57a67efb-c1fc-4969-903c-9ac2d9f814aa,tester
632,6e12b60d-b50a-408c-bab8-dac9d31e6282,community_05,Paul,Lawal,male,2006-07-03,36493508045,08051371251,https://www.commcarehq.org/photos/farmer_632.jpg,11,crop_farming,1,owned,2,rain-fed,---,groundnuts rice,1.2,---,0.6,---,---,---,10.4421358 7.2463288 0.0 20.0,yes,41f9f41b-433f-4ea9-b170-84775ca614a9,2026-01-27 00:07:00,2026-01-27,tester,2026-01-27 00:07:08,https://www.commcarehq.org/form/6e12b60d-b50a-408c-bab8-dac9d31e6282,tester
633,8f4119cf-02e0-409b-bda2-490140701be0,community_07,Daniel,Adeyemi,male,1971-04-07,32100264909,08075187417,https://www.commcarehq.org/photos/farmer_633.jpg,8,livestock_farming,30,owned,6,rain-fed,---,groundnuts,2.7,---,---,goats,11,---,10.484918 7.3317713 0.0 20.0,yes,1705201a-62d7-467c-a9a9-44df48ad6c11,2026-06-06 00:04:00,2026-06-06,tester,2026-06-06 00:04:09,https://www.commcarehq.org/form/8f4119cf-02e0-409b-bda2-490140701be0,tester
634,aed3e594-89f8-4604-95eb-083273c0c298,community_06,Esther,Lawal,female,1958-02-21,50605188850,08076516692,https://www.commcarehq.org/photos/farmer_634.jpg,6,livestock_farming,36,family_land,1,rain-fed,---,rice groundnuts maize,0.7,5.4,2.7,---,---,---,10.5724652 7.5615438 0.0 20.0,yes,4ebc0d70-1785-4091-b842-d238297d3007,2026-04-14 00:06:00,2026-04-14,tester,2026-04-14 00:06:05,https://www.commcarehq.org/form/aed3e594-89f8-4604-95eb-083273c0c298,tester
635,a8aa66e3-3fe3-43ee-a89a-613ae9859baf,community_02,Ibrahim,Sani,male,1989-01-01,13299204248,08052578646,https://www.commcarehq.org/photos/farmer_635.jpg,8,mixed_farming,18,owned,4,rain-fed,---,maize groundnuts,1.1,5.0,---,goats rabbits,3,22,10.2575607 7.3657498 0.0 20.0,yes,1aabb9b9-6d53-4aad-a8fa-95664f072ff4,2026-04-18 00:07:00,2026-04-18,tester,2026-04-18 00:07:07,https://www.commcarehq.org/form/a8aa66e3-3fe3-43ee-a89a-613ae9859baf,tester
636,7b60188b-77c8-4179-8e0e-d1d7f5b99e48,community_02,Naomi,SANI,male,1995-10-20,93315786788,08066823749,https://www.commcarehq.org/photos/farmer_636.jpg,5,mixed_farming,11,owned,5,rain-fed,---,rice groundnuts,2.4,---,1.5,rabbits,---,9,10.4880585 7.3368032 0.0 20.0,yes,2c650148-a4cd-48da-ada4-3085c54ac9c0,2026-04-12 00:06:00,2026-04-12,tester,2026-04-12 00:06:08,https://www.commcarehq.org/form/7b60188b-77c8-4179-8e0e-d1d7f5b99e48,tester
637,c77c4fe1-ae59-418d-a207-29e22f017c68,community_02,Ibrahim,Johnson,male,1967-07-02,78006926011,08053114272,https://www.commcarehq.org/photos/farmer_637.jpg,4,mixed_farming,23,owned,1,rain-fed,---,groundnuts maize rice,0.6,0.6,3.4,---,---,---,10.5619284 7.4760634 0.0 20.0,yes,94bf9197-b0bc-4b51-b448-6830680b5c49,2026-04-24 00:03:00,2026-04-24,tester,2026-04-24 00:03:08,https://www.commcarehq.org/form/c77c4fe1-ae59-418d-a207-29e22f017c68,tester
638,2840c956-a5b1-4606-b187-67f3f4c0472e,community_04,Rebecca,Eze,male,2004-05-23,34778089965,08093214649,https://www.commcarehq.org/photos/farmer_638.jpg,3,mixed_farming,1,leased,1,rain-fed,---,groundnuts maize rice,0.5,1.4,2.0,rabbits,---,38,10.2957438 7.2974075 0.0 20.0,yes,3c26243e-b296-4c83-b53a-3de00dbf90db,2026-02-27 00:05:00,2026-02-27,tester,2026-02-27 00:05:20,https://www.commcarehq.org/form/2840c956-a5b1-4606-b187-67f3f4c0472e,tester
639,2342fd4e-c92e-40b1-9034-45714b2f4e2c,community_01,Grace,Yusuf,male,1996-09-14,24732970113,+2348031376707,https://www.commcarehq.org/photos/farmer_639.jpg,5,mixed_farming,10,leased,1,rain-fed,---,rice groundnuts,0.8,---,1.3,---,---,---,10.3874892 7.5664196 0.0 20.0,yes,72161ab0-6de9-42ac-8c5e-987263c360a7,2026-01-20 00:04:00,2026-01-20,tester,2026-01-20 00:04:15,https://www.commcarehq.org/form/2342fd4e-c92e-40b1-9034-45714b2f4e2c,tester
640,48bb907e-729b-449d-b460-99fc8993e28b,community_03,Samuel,Balogun,male,1996-05-09,37284826719,08066104497,https://www.commcarehq.org/photos/farmer_640.jpg,1,mixed_farming,7,owned,1,rain-fed,---,rice,---,---,2.8,rabbits,---,6,10.5188614 7.449979 0.0 20.0,yes,157e892a-a56a-4cb1-8a18-36c5f5bbb4c8,2026-03-04 00:02:00,2026-03-04,tester,2026-03-04 00:02:08,https://www.commcarehq.org/form/48bb907e-729b-449d-b460-99fc8993e28b,tester
641,74d0fb5f-e15e-4797-8f84-9be3b487e236,community_03,Binta,Sani,female,1989-08-22,,08062216131,https://www.commcarehq.org/photos/farmer_641.jpg,4,mixed_farming,17,owned,1,rain-fed,---,groundnuts maize,1.0,0.7,---,---,---,---,10.5320712 7.5091637 0.0 20.0,yes,03bdf723-ef35-49f3-a0e1-2e4e7e1fe75a,2026-05-18 00:06:00,2026-05-18,tester,2026-05-18 00:06:09,https://www.commcarehq.org/form/74d0fb5f-e15e-4797-8f84-9be3b487e236,tester
642,90b414a9-bdef-4651-a291-7be2bb87c534,community_06,Yusuf,Ogunleye,male,2002-01-12,81409711603,08083297524,https://www.commcarehq.org/photos/farmer_642.jpg,7,crop_farming,5,owned,2,irrigation_scheme,---,groundnuts,0.7,---,---,---,---,---,10.2121335 7.3551341 0.0 20.0,yes,91036895-808a-40a7-b47c-1182dfdc313e,2026-06-29 00:05:00,2026-06-29,tester,2026-06-29 00:05:17,https://www.commcarehq.org/form/90b414a9-bdef-4651-a291-7be2bb87c534,tester
643,e1c637e0-6c93-46e8-8c88-597ef10403dc,community_02,david,ali,female,1971-06-13,,08049339948,https://www.commcarehq.org/photos/farmer_643.jpg,8,crop_farming,31,leased,2,rain-fed,---,maize groundnuts rice,1.2,5.3,1.5,goats rabbits,5,28,10.4501897 7.3259606 0.0 20.0,yes,202bfefb-d99d-41a8-9879-0e6ee3365923,2026-05-29 00:03:00,2026-05-29,tester,2026-05-29 00:03:18,https://www.commcarehq.org/form/e1c637e0-6c93-46e8-8c88-597ef10403dc,tester
644,0b554f64-4079-4ae4-b7a8-4de1afc07379,community_02,Mercy,Philip,male,1998-06-11,,08077871977,https://www.commcarehq.org/photos/farmer_644.jpg,7,crop_farming,5,leased,4,rain-fed,---,maize groundnuts rice,0.9,1.7,3.6,---,---,---,10.4758293 7.5418406 0.0 20.0,yes,127126df-e638-412e-80b1-8e9c25aae50c,2026-06-28 00:02:00,2026-06-28,tester,2026-06-28 00:02:14,https://www.commcarehq.org/form/0b554f64-4079-4ae4-b7a8-4de1afc07379,tester
645,0db53d4f-bf04-4ee2-8a38-c4a0ee681476,community_07,Ruth,Balogun,female,1974-01-04,50887025210,08060026125,https://www.commcarehq.org/photos/farmer_645.jpg,4,mixed_farming,10,family_land,3,rain-fed,---,rice,---,---,3.7,---,---,---,10.3781068 7.3581697 0.0 20.0,yes,74b8f5cd-b43e-42bb-a077-7b7c58027775,2026-02-26 00:07:00,2026-02-26,tester,2026-02-26 00:07:09,https://www.commcarehq.org/form/0db53d4f-bf04-4ee2-8a38-c4a0ee681476,tester
646,20e6fbc0-b048-4861-9753-cafd71f2efa4,community_06,Paul,Abdullahi,male,1995-06-05,,08088090862,https://www.commcarehq.org/photos/farmer_646.jpg,2,livestock_farming,4,owned,1,rain-fed,---,maize groundnuts rice,2.8,4.6,2.6,---,---,---,10.2343176 7.2827382 0.0 20.0,no,7886a687-eb6f-459a-acdf-a9de19035315,2026-03-27 00:07:00,2026-03-27,tester,2026-03-27 00:07:13,https://www.commcarehq.org/form/20e6fbc0-b048-4861-9753-cafd71f2efa4,tester
647,425abc97-0f2a-4aa1-966f-a2bba8de2757,community_04,Musa,Michael,male,1962-07-05,46160646124,08058112389,https://www.commcarehq.org/photos/farmer_647.jpg,4,livestock_farming,1,owned,2,rain-fed,---,rice groundnuts,1.9,---,0.7,---,---,---,10.4308308 7.5029328 0.0 20.0,yes,414b6491-714f-4781-857d-371720ff8b8d,2026-03-15 00:04:00,2026-03-15,tester,2026-03-15 00:04:07,https://www.commcarehq.org/form/425abc97-0f2a-4aa1-966f-a2bba8de2757,tester
648,67ff7372-fa75-4aab-a0f2-89375291e6b4,community_01,Grace,Mohammed,male,1989-10-23,38720891179,08081615233,https://www.commcarehq.org/photos/farmer_648.jpg,1,crop_farming,13,owned,2,rain-fed,---,maize rice,---,0.7,3.9,rabbits,---,31,10.5161239 7.4628232 0.0 20.0,yes,f27dc2d6-418e-4622-ab86-89769459930f,2026-06-05 00:06:00,2026-06-05,tester,2026-06-05 00:06:11,https://www.commcarehq.org/form/67ff7372-fa75-4aab-a0f2-89375291e6b4,tester
649,2c7c5677-d87c-44ed-bd55-11748f82ea33,community_03,Mary,Usman,male,1989-12-05,,08054058337,https://www.commcarehq.org/photos/farmer_649.jpg,7,crop_farming,16,leased,3,rain-fed,---,groundnuts maize rice,1.1,4.4,0.7,goats,12,---,10.2599805 7.347847 0.0 20.0,yes,84b139f5-6767-4995-8ec7-b4049f29c16c,2026-03-03 00:03:00,2026-03-03,tester,2026-03-03 00:03:10,https://www.commcarehq.org/form/2c7c5677-d87c-44ed-bd55-11748f82ea33,tester
650,babe89ae-1ad9-45dc-a647-729800909379,community_02,Joseph,David,female,1996-11-04,18775968349,08065245628,https://www.commcarehq.org/photos/farmer_650.jpg,2,livestock_farming,8,owned,2,rain-fed,---,groundnuts maize rice,0.7,2.7,3.1,goats rabbits,12,35,10.3482467 7.3199297 0.0 20.0,yes,4229cf83-4aca-456b-9636-049f9a791f2f,2026-03-03 00:02:00,2026-03-03,tester,2026-03-03 00:02:19,https://www.commcarehq.org/form/babe89ae-1ad9-45dc-a647-729800909379,tester
651,836fc4db-abfc-4b02-b09b-c82f7a432e6b,community_06,Elizabeth,Yusuf,male,1979-05-10,,08086728897,https://www.commcarehq.org/photos/farmer_651.jpg,6,mixed_farming,4,leased,3,rain-fed,---,rice maize groundnuts,1.0,5.2,0.7,goats rabbits,4,5,10.5309121 7.4865312 0.0 20.0,yes,fbcbd5aa-21c9-4e50-a0f5-dcce91cf90d0,2026-02-19 00:04:00,2026-02-19,tester,2026-02-19 00:04:14,https://www.commcarehq.org/form/836fc4db-abfc-4b02-b09b-c82f7a432e6b,tester
652,bdb1cef7-6498-4d3d-bc0b-ba1d50fdf907,community_04,Naomi,Adeyemi,female,1988-07-21,,08090697415,https://www.commcarehq.org/photos/farmer_652.jpg,8,mixed_farming,14,owned,2,rain-fed,---,groundnuts maize,1.8,1.9,---,goats rabbits,10,25,10.2609357 7.5744677 0.0 20.0,yes,cb491dea-36cf-4783-b193-e5fe8429830b,2026-02-05 00:07:00,2026-02-05,tester,2026-02-05 00:07:17,https://www.commcarehq.org/form/bdb1cef7-6498-4d3d-bc0b-ba1d50fdf907,tester
653,bd3d0beb-0dea-412c-a723-c5304296174e,community_05,Daniel,Daniel,female,1984-05-07,,08057260064,https://www.commcarehq.org/photos/farmer_653.jpg,4,crop_farming,21,owned,1,rain-fed,---,rice groundnuts maize,0.7,4.8,3.7,goats,2,---,10.2538201 7.3394596 0.0 20.0,yes,524cbe9f-100b-438e-9f7f-4ab03441f423,2026-02-23 00:07:00,2026-02-23,tester,2026-02-23 00:07:13,https://www.commcarehq.org/form/bd3d0beb-0dea-412c-a723-c5304296174e,tester
654,14ddd6b5-4d00-4274-abae-52ef678ef82d,community_06,Elizabeth,Johnson,female,1973-03-24,80899602528,08073861540,https://www.commcarehq.org/photos/farmer_654.jpg,5,mixed_farming,27,leased,2,borehole,---,groundnuts,0.6,---,---,goats,17,---,10.5269147 7.3630673 0.0 20.0,yes,33968dc6-b7be-4c2f-aa31-fb217cb36d6f,2026-05-13 00:03:00,2026-05-13,tester,2026-05-13 00:03:14,https://www.commcarehq.org/form/14ddd6b5-4d00-4274-abae-52ef678ef82d,tester
655,33dfb105-ef9f-4119-bada-5f5b8cd87a37,community_03,Ibrahim,Mohammed,female,1983-10-30,,08020086156,https://www.commcarehq.org/photos/farmer_655.jpg,3,mixed_farming,11,owned,1,rain-fed,---,groundnuts,1.7,---,---,goats,22,---,10.222808 7.4579859 0.0 20.0,yes,899c76e9-63a0-492d-a2dc-5de45f4ed7c8,2026-03-02 00:04:00,2026-03-02,tester,2026-03-02 00:04:18,https://www.commcarehq.org/form/33dfb105-ef9f-4119-bada-5f5b8cd87a37,tester
656,5c2c350c-8d95-42c0-91ab-5668611ca5d7,community_06,Elizabeth,Daniel,male,1973-07-08,14544987672,08075552557,https://www.commcarehq.org/photos/farmer_656.jpg,5,crop_farming,34,family_land,1,dam_reservoir,---,maize,---,3.8,---,---,---,---,10.4499973 7.2202289 0.0 20.0,yes,e662387d-7c62-4125-ac74-f3c3f004be95,2026-01-13 00:04:00,2026-01-13,tester,2026-01-13 00:04:12,https://www.commcarehq.org/form/5c2c350c-8d95-42c0-91ab-5668611ca5d7,tester
657,4f6b6128-d0d0-4f93-9c7a-dfd62d7c18fb,community_05,David,Usman,male,1970-04-19,12760363497,08058116539,https://www.commcarehq.org/photos/farmer_657.jpg,7,mixed_farming,17,family_land,1,irrigation_scheme,---,groundnuts,3.0,---,---,rabbits,---,24,10.4723523 7.5787511 0.0 20.0,yes,fb541c62-bc9f-4643-9d08-3017b887c2c3,2026-03-04 00:02:00,2026-03-04,tester,2026-03-04 00:02:18,https://www.commcarehq.org/form/4f6b6128-d0d0-4f93-9c7a-dfd62d7c18fb,tester
658,a346b12b-e836-4fa0-83e9-04eb4f066b9f,community_04,John,Eze,male,1984-05-24,27125904798,08071429730,https://www.commcarehq.org/photos/farmer_658.jpg,2,mixed_farming,4,owned,2,irrigation_scheme,---,rice groundnuts maize,2.8,3.1,2.3,---,---,---,10.2351126 7.4618961 0.0 20.0,yes,7a8ef938-f2d9-4ca1-9568-4c046eec551e,2026-06-13 00:03:00,2026-06-13,tester,2026-06-13 00:03:19,https://www.commcarehq.org/form/a346b12b-e836-4fa0-83e9-04eb4f066b9f,tester
659,69f1074a-3d2b-4cc7-a825-d97748929c5a,community_07,Rebecca,Okafor,male,1989-11-25,81687856885,08006160381,https://www.commcarehq.org/photos/farmer_659.jpg,7,livestock_farming,18,leased,1,rain-fed,---,maize,---,3.9,---,goats,12,---,10.3906485 7.3859413 0.0 20.0,yes,79ac87d4-b403-4d46-b413-1115f615f85d,2026-06-04 00:08:00,2026-06-04,tester,2026-06-04 00:08:20,https://www.commcarehq.org/form/69f1074a-3d2b-4cc7-a825-d97748929c5a,tester
660,93658d90-6766-499a-84a6-9e0503de36a6,community_03,Amina,Sani,female,1954-10-20,52670791622,08014873510,https://www.commcarehq.org/photos/farmer_660.jpg,4,crop_farming,26,owned,1,rain-fed,---,groundnuts maize rice,0.6,5.7,1.8,goats,24,---,10.3047561 7.4377463 0.0 20.0,yes,ee3ca618-e443-446c-bbc0-0c87ae1466c3,2026-05-14 00:05:00,2026-05-14,tester,2026-05-14 00:05:20,https://www.commcarehq.org/form/93658d90-6766-499a-84a6-9e0503de36a6,tester
661,eeb1d320-f5bb-4c9b-9608-69c46b09b6ef,community_03,Samuel,Musa,female,1983-09-14,23415292532,08071605802,https://www.commcarehq.org/photos/farmer_661.jpg,11,crop_farming,6,owned,1,rain-fed,---,rice,---,---,2.5,goats rabbits,3,33,10.4555755 7.2079252 0.0 20.0,yes,fe07e6f9-8eb6-406c-ab72-26ee20168565,2026-03-08 00:08:00,2026-03-08,tester,2026-03-08 00:08:10,https://www.commcarehq.org/form/eeb1d320-f5bb-4c9b-9608-69c46b09b6ef,tester
662,26f1fd52-1dd5-437d-bdb4-f023d924d4a4,community_07,Binta,Ogunleye,male,1986-11-22,51382251872,08096386873,https://www.commcarehq.org/photos/farmer_662.jpg,8,crop_farming,16,owned,3,irrigation_scheme,---,maize,---,4.4,---,goats,13,---,10.3321225 7.2262334 0.0 20.0,yes,4566fcb8-273d-45c6-a1d5-4aed453edbb6,2026-04-20 00:06:00,2026-04-20,tester,2026-04-20 00:06:18,https://www.commcarehq.org/form/26f1fd52-1dd5-437d-bdb4-f023d924d4a4,tester
663,41cbb197-49eb-4ce6-acfb-4873c4bd0886,community_03,Deborah,Yakubu,male,1971-10-29,84288647169,08072935414,https://www.commcarehq.org/photos/farmer_663.jpg,6,mixed_farming,34,owned,6,river_stream,---,maize rice,---,0.5,2.3,---,---,---,10.5092558 7.4601778 0.0 20.0,yes,17aade27-1c1b-486e-913e-87ecb5a514ab,2026-06-06 00:06:00,2026-06-06,tester,2026-06-06 00:06:11,https://www.commcarehq.org/form/41cbb197-49eb-4ce6-acfb-4873c4bd0886,tester
664,36f1f05d-3c05-4428-807a-148645c25b8b,community_05,Binta,Mohammed,male,1969-09-13,,08080073737,https://www.commcarehq.org/photos/farmer_664.jpg,7,crop_farming,1,owned,1,irrigation_scheme,---,groundnuts rice maize,1.6,6.0,2.2,goats,20,---,10.4539745 7.5688344 0.0 20.0,yes,c023536f-4263-43ba-b5a0-a05ae6a53c23,2026-06-25 00:02:00,2026-06-25,tester,2026-06-25 00:02:12,https://www.commcarehq.org/form/36f1f05d-3c05-4428-807a-148645c25b8b,tester
665,1cfc52be-e8a2-4ff0-ba0f-bedbdbcdad0d,community_04,Amina,Bello,male,1991-05-15,30085775530,08066236902,https://www.commcarehq.org/photos/farmer_665.jpg,4,crop_farming,9,family_land,3,rain-fed,---,maize,---,4.2,---,---,---,---,10.2314677 7.4886203 0.0 20.0,yes,637f0240-bbb5-4679-a733-3c2489b1ee7e,2026-01-29 00:03:00,2026-01-29,tester,2026-01-29 00:03:12,https://www.commcarehq.org/form/1cfc52be-e8a2-4ff0-ba0f-bedbdbcdad0d,tester
666,2b0a977e-ccd3-4dce-8e86-06544e57b444,community_05,Blessing,Yusuf,male,1970-01-13,28314566994,08058316103,https://www.commcarehq.org/photos/farmer_666.jpg,4,mixed_farming,23,owned,1,borehole,---,rice,---,---,3.4,---,---,---,10.3296716 7.231357 0.0 20.0,yes,f74baf9c-0929-4497-aca0-d4a0e6b07c15,2026-03-19 00:04:00,2026-03-19,tester,2026-03-19 00:04:16,https://www.commcarehq.org/form/2b0a977e-ccd3-4dce-8e86-06544e57b444,tester
667,20e5a7a4-aaeb-4956-aff2-2259704e6885,community_02,Ahmed,Garba,female,1980-05-04,66296943343,08042208868,https://www.commcarehq.org/photos/farmer_667.jpg,5,mixed_farming,24,owned,2,rain-fed,---,groundnuts maize,1.8,3.6,---,---,---,---,10.2639135 7.4356622 0.0 20.0,yes,c7b6766a-3a4d-4fdd-9958-d50354d1e2b0,2026-04-19 00:06:00,2026-04-19,tester,2026-04-19 00:06:12,https://www.commcarehq.org/form/20e5a7a4-aaeb-4956-aff2-2259704e6885,tester
668,8341692a-a872-4312-8a77-8f073f961af2,community_01,Joy,Usman,male,1972-09-01,22669382075,08044037785,https://www.commcarehq.org/photos/farmer_668.jpg,4,crop_farming,15,family_land,1,dam_reservoir,---,maize,---,5.2,---,---,---,---,10.4224214 7.5829079 0.0 20.0,yes,5f5649bd-9bf1-4626-a95d-e9c0b01e8919,2026-03-30 00:08:00,2026-03-30,tester,2026-03-30 00:08:07,https://www.commcarehq.org/form/8341692a-a872-4312-8a77-8f073f961af2,tester
669,f8e3e1d5-b228-4322-899d-e864b955cd24,community_05,Binta,Peter,male,1992-12-16,30098393472,08057221333,https://www.commcarehq.org/photos/farmer_669.jpg,11,crop_farming,1,family_land,3,irrigation_scheme,---,rice groundnuts maize,1.1,5.8,1.8,rabbits,---,4,10.4742704 7.5423015 0.0 20.0,yes,c1bbd679-fb91-4058-b818-aca99f21f634,2026-05-30 00:05:00,2026-05-30,tester,2026-05-30 00:05:20,https://www.commcarehq.org/form/f8e3e1d5-b228-4322-899d-e864b955cd24,tester
670,93ba3e8d-01e3-494b-bdde-59d31e5ca648,community_01,Binta,James,male,1987-05-14,,08096373048,https://www.commcarehq.org/photos/farmer_670.jpg,2,mixed_farming,2,family_land,2,rain-fed,---,groundnuts,2.0,---,---,goats,20,---,10.5147385 7.3770614 0.0 20.0,yes,be79061d-89ce-42a2-84af-9a9163c62c5e,2026-04-22 00:08:00,2026-04-22,tester,2026-04-22 00:08:20,https://www.commcarehq.org/form/93ba3e8d-01e3-494b-bdde-59d31e5ca648,tester
671,718f19bb-9213-4ac8-9291-de75b01e97c2,community_01,Amina,Samuel,male,1978-11-06,51418385367,08035673123,https://www.commcarehq.org/photos/farmer_671.jpg,3,crop_farming,21,owned,3,rain-fed,---,groundnuts rice maize,2.1,5.8,1.1,goats,14,---,10.3586403 7.2950959 0.0 20.0,yes,16b3cd87-7912-4a7c-bd3e-65fc9a187f29,2026-03-11 00:02:00,2026-03-11,tester,2026-03-11 00:02:11,https://www.commcarehq.org/form/718f19bb-9213-4ac8-9291-de75b01e97c2,tester
672,b2e1dca3-ae13-4eb5-9b24-08f433a51ad7,community_02,Ahmed,Ogunleye,male,1994-10-08,,08017500251,https://www.commcarehq.org/photos/farmer_672.jpg,2,crop_farming,7,owned,3,rain-fed,---,groundnuts,1.8,---,---,---,---,---,10.2944184 7.2126105 0.0 20.0,yes,b1e4664e-af4a-4ba3-910e-f74b09dabf65,2026-02-20 00:07:00,2026-02-20,tester,2026-02-20 00:07:07,https://www.commcarehq.org/form/b2e1dca3-ae13-4eb5-9b24-08f433a51ad7,tester
673,9681071e-0f95-4d64-b6ed-2d054cd11bbc,community_06,Ahmed,David,male,1970-03-24,40103587243,+2348056667976,https://www.commcarehq.org/photos/farmer_673.jpg,6,crop_farming,32,owned,4,rain-fed,---,maize,---,4.7,---,goats,3,---,10.5653299 7.3827008 0.0 20.0,yes,e34cc4db-0846-48a0-b9be-042b61dfa9fc,2026-03-10 00:06:00,2026-03-10,tester,2026-03-10 00:06:16,https://www.commcarehq.org/form/9681071e-0f95-4d64-b6ed-2d054cd11bbc,tester
674,39ac595a-1e03-4650-9aaa-0a19932b41dc,community_06,Amina,Abdullahi,female,1977-01-30,71060225411,08003785026,https://www.commcarehq.org/photos/farmer_674.jpg,5,mixed_farming,5,family_land,2,river_stream,---,groundnuts maize rice,1.7,1.9,2.1,rabbits,---,34,10.4001904 7.5000334 0.0 20.0,yes,b991c988-e24f-4e29-8696-308d169b701c,2026-03-03 00:06:00,2026-03-03,tester,2026-03-03 00:06:16,https://www.commcarehq.org/form/39ac595a-1e03-4650-9aaa-0a19932b41dc,tester
675,057f9dd5-e44f-4753-b197-7de166ee0f9f,community_03,Sarah,Balogun,male,1968-10-10,57353128576,08032058429,https://www.commcarehq.org/photos/farmer_675.jpg,4,mixed_farming,19,family_land,1,borehole,---,groundnuts maize,1.6,4.9,---,goats rabbits,23,31,10.3664384 7.2387049 0.0 20.0,yes,f88f5685-c2c1-402d-b7ed-6d286be0c046,2026-06-10 00:07:00,2026-06-10,tester,2026-06-10 00:07:08,https://www.commcarehq.org/form/057f9dd5-e44f-4753-b197-7de166ee0f9f,tester
676,f69d8e86-30af-4d31-9516-86a70106da08,community_03,MUSA,YAKUBU,male,1977-12-10,69799181036,08020235559,https://www.commcarehq.org/photos/farmer_676.jpg,3,mixed_farming,8,owned,2,rain-fed,---,rice groundnuts maize,2.3,4.6,0.8,goats,7,---,10.2579867 7.5819787 0.0 20.0,yes,8ba1f3ae-eea1-4579-b5cd-e8e034cd118c,2026-06-02 00:02:00,2026-06-02,tester,2026-06-02 00:02:10,https://www.commcarehq.org/form/f69d8e86-30af-4d31-9516-86a70106da08,tester
677,51187991-b8c2-4b11-8d80-805ff04e1c61,community_03,Grace,David,male,1995-06-17,,8007650411,https://www.commcarehq.org/photos/farmer_677.jpg,9,crop_farming,10,family_land,2,river_stream,---,maize rice,---,3.7,3.1,---,---,---,10.3008177 7.4306204 0.0 20.0,yes,30f7b60c-e9c7-4032-80c0-16d11741a9ac,2026-05-29 00:06:00,2026-05-29,tester,2026-05-29 00:06:19,https://www.commcarehq.org/form/51187991-b8c2-4b11-8d80-805ff04e1c61,tester
678,2c6196a6-091f-4a5d-8f01-f0e361cb1f8d,community_04,Grace,Johnson,male,1974-11-05,84213424314,08087937551,https://www.commcarehq.org/photos/farmer_678.jpg,3,mixed_farming,21,owned,5,rain-fed,---,groundnuts,2.0,---,---,---,---,---,10.3409596 7.5271904 0.0 20.0,yes,2df66639-adcb-44d6-84a7-e14189f64176,2026-04-17 00:02:00,2026-04-17,tester,2026-04-17 00:02:18,https://www.commcarehq.org/form/2c6196a6-091f-4a5d-8f01-f0e361cb1f8d,tester
679,977de2ad-7a31-4cbc-9f8c-ccbce7ed95ca,community_04,Hauwa,Usman,male,1964-06-01,39599355415,08056555391,https://www.commcarehq.org/photos/farmer_679.jpg,1,crop_farming,5,owned,2,borehole,---,groundnuts rice maize,1.1,6.4,1.2,---,---,---,10.2968308 7.3880826 0.0 20.0,yes,b2024eac-a147-4682-9aa4-4c4dd7d06e1c,2026-03-26 00:04:00,2026-03-26,tester,2026-03-26 00:04:06,https://www.commcarehq.org/form/977de2ad-7a31-4cbc-9f8c-ccbce7ed95ca,tester
680,7661747f-e6a9-4459-9b67-ff395e581e08,community_05,Grace,Ahmed,female,1972-11-13,,08067375349,https://www.commcarehq.org/photos/farmer_680.jpg,4,mixed_farming,8,owned,2,rain-fed,---,groundnuts rice maize,2.4,5.9,0.9,rabbits,---,40,10.4802256 7.2737024 0.0 20.0,yes,7a54248e-a2a2-4aa5-93ef-4a314d71dde4,2026-01-18 00:07:00,2026-01-18,tester,2026-01-18 00:07:13,https://www.commcarehq.org/form/7661747f-e6a9-4459-9b67-ff395e581e08,tester
681,3f2d2b30-8999-42c4-8a4f-40466ef02b55,community_06,Deborah,Usman,female,1962-07-22,,08074063522,https://www.commcarehq.org/photos/farmer_681.jpg,4,crop_farming,7,owned,1,rain-fed,---,maize,---,4.1,---,---,---,---,10.510068 7.448705 0.0 20.0,yes,9e34f6d9-5458-44e5-8eb0-2c072726fac3,2026-04-20 00:07:00,2026-04-20,tester,2026-04-20 00:07:14,https://www.commcarehq.org/form/3f2d2b30-8999-42c4-8a4f-40466ef02b55,tester
682,ddc3a0f5-dc5f-4b3b-b0bb-f140992d6d5e,community_03,Paul,Okafor,male,2004-06-20,94822418572,08061147167,https://www.commcarehq.org/photos/farmer_682.jpg,3,crop_farming,2,owned,3,dam_reservoir,---,groundnuts maize,2.2,1.2,---,---,---,---,10.5898484 7.4825389 0.0 20.0,yes,cae7d373-fca4-4f8b-869e-96a5671c8f80,2026-02-03 00:07:00,2026-02-03,tester,2026-02-03 00:07:10,https://www.commcarehq.org/form/ddc3a0f5-dc5f-4b3b-b0bb-f140992d6d5e,tester
683,f701d271-248a-4691-af4b-a45e33a8e0e2,community_05,Suleiman,Tanko,female,1998-10-13,,08082849123,https://www.commcarehq.org/photos/farmer_683.jpg,1,crop_farming,5,owned,3,rain-fed,---,rice groundnuts maize,2.2,2.0,3.4,goats,24,---,10.3756873 7.3404149 0.0 20.0,yes,0ae00efb-c365-442a-a2f0-62538d36b6cb,2026-01-24 00:02:00,2026-01-24,tester,2026-01-24 00:02:18,https://www.commcarehq.org/form/f701d271-248a-4691-af4b-a45e33a8e0e2,tester
684,6e868543-6e65-4479-8acc-0539fa7e66a5,community_05,Ibrahim,Usman,female,1999-02-13,59370618121,08015784381,https://www.commcarehq.org/photos/farmer_684.jpg,5,mixed_farming,9,leased,1,rain-fed,---,groundnuts,2.1,---,---,goats,12,---,10.2724954 7.4311629 0.0 20.0,yes,52955dc8-5914-44d6-96b3-d52bb039f398,2026-01-10 00:07:00,2026-01-10,tester,2026-01-10 00:07:10,https://www.commcarehq.org/form/6e868543-6e65-4479-8acc-0539fa7e66a5,tester
685,8e5e4306-2dec-46dd-a1ae-75c0ec471088,community_02,Joseph,Ogunleye,male,1979-09-09,88030454533,08032350087,https://www.commcarehq.org/photos/farmer_685.jpg,10,mixed_farming,10,owned,3,rain-fed,---,maize,---,3.0,---,goats rabbits,25,28,10.2765262 7.5223814 0.0 20.0,yes,6406a0a6-9edd-417b-9ad6-dd751575b6d7,2026-05-18 00:06:00,2026-05-18,tester,2026-05-18 00:06:12,https://www.commcarehq.org/form/8e5e4306-2dec-46dd-a1ae-75c0ec471088,tester
686,8845398f-02a1-454b-9d0c-69ed6f4eae3c,community_07,James,Daniel,male,1996-10-12,95480714880,8020488125,https://www.commcarehq.org/photos/farmer_686.jpg,6,mixed_farming,6,owned,2,river_stream,---,rice,---,---,3.5,goats,19,---,10.5743787 7.5227843 0.0 20.0,yes,568211db-74e0-4408-8a77-447a9e060f1e,2026-06-05 00:04:00,2026-06-05,tester,2026-06-05 00:04:20,https://www.commcarehq.org/form/8845398f-02a1-454b-9d0c-69ed6f4eae3c,tester
687,9998de1e-5446-47c3-a77b-bc45b9ead3ed,community_06,Deborah,Yusuf,male,1986-12-07,53849594372,08068432152,https://www.commcarehq.org/photos/farmer_687.jpg,3,crop_farming,5,owned,2,rain-fed,---,rice maize,---,4.5,2.3,goats,16,---,10.4445162 7.3032856 0.0 20.0,no,3f2f333d-e779-4388-af62-250aac47cf80,2026-06-29 00:02:00,2026-06-29,tester,2026-06-29 00:02:19,https://www.commcarehq.org/form/9998de1e-5446-47c3-a77b-bc45b9ead3ed,tester
688,7e993888-174d-443d-be96-624ef9cb3e4f,community_05,Deborah,Ojo,male,1969-09-19,47994480425,8069092579,https://www.commcarehq.org/photos/farmer_688.jpg,2,crop_farming,28,family_land,1,rain-fed,---,rice maize groundnuts,2.2,2.8,2.8,goats,25,---,10.2817641 7.4777177 0.0 20.0,yes,06b304e8-87fa-432d-b791-2c1b673325ad,2026-04-05 00:06:00,2026-04-05,tester,2026-04-05 00:06:18,https://www.commcarehq.org/form/7e993888-174d-443d-be96-624ef9cb3e4f,tester
689,2380f642-74c1-4c35-8c6c-1dd0ef43c823,community_04,Ibrahim,Yusuf,female,1958-02-03,,8003485943,https://www.commcarehq.org/photos/farmer_689.jpg,4,crop_farming,12,family_land,6,rain-fed,---,maize,---,5.3,---,goats,3,---,10.3321754 7.5921351 0.0 20.0,yes,5f0ec668-a101-4703-90b4-428c71dceb0c,2026-03-03 00:06:00,2026-03-03,tester,2026-03-03 00:06:15,https://www.commcarehq.org/form/2380f642-74c1-4c35-8c6c-1dd0ef43c823,tester
690,f0c07061-9bf8-4903-a399-6e4ce8705dc3,community_06,Ruth,Usman,female,1971-10-25,,08004752278,https://www.commcarehq.org/photos/farmer_690.jpg,3,mixed_farming,15,owned,4,river_stream,---,maize,---,3.8,---,goats rabbits,12,15,10.2006135 7.3175784 0.0 20.0,yes,d8c43f11-f328-4344-a0c6-07446b731a9b,2026-04-05 00:03:00,2026-04-05,tester,2026-04-05 00:03:20,https://www.commcarehq.org/form/f0c07061-9bf8-4903-a399-6e4ce8705dc3,tester
691,fc4be152-c4e2-4572-955a-9ddebb433fce,community_03,Esther,David,female,2004-12-20,14924957375,08097232625,https://www.commcarehq.org/photos/farmer_691.jpg,7,crop_farming,1,owned,3,rain-fed,---,maize rice,---,1.0,3.0,rabbits,---,16,10.5352794 7.5543635 0.0 20.0,yes,26603ed8-29bc-42b1-b1dd-3ae228697562,2026-04-02 00:05:00,2026-04-02,tester,2026-04-02 00:05:19,https://www.commcarehq.org/form/fc4be152-c4e2-4572-955a-9ddebb433fce,tester
692,ded65c18-21c4-49df-b1ee-0e1e2a6146af,community_07,Rebecca,Adeyemi,male,2004-12-18,78896172338,08069968247,https://www.commcarehq.org/photos/farmer_692.jpg,5,mixed_farming,3,family_land,3,rain-fed,---,maize,---,5.0,---,---,---,---,10.5476852 7.5849212 0.0 20.0,yes,ad6e6a04-af0b-4ef6-a5b7-daf82881d6fe,2026-05-02 00:05:00,2026-05-02,tester,2026-05-02 00:05:19,https://www.commcarehq.org/form/ded65c18-21c4-49df-b1ee-0e1e2a6146af,tester
693,18fbec76-8bab-45f3-9eac-15c0a0d7345d,community_03,Ruth,Ahmed,male,1975-11-11,20113322933,08034103427,https://www.commcarehq.org/photos/farmer_693.jpg,9,mixed_farming,3,owned,2,borehole,---,maize rice,---,4.9,1.0,---,---,---,10.3373621 7.4101335 0.0 20.0,yes,70e92124-df1f-45d2-9eb2-e8869ecc510f,2026-03-27 00:07:00,2026-03-27,tester,2026-03-27 00:07:18,https://www.commcarehq.org/form/18fbec76-8bab-45f3-9eac-15c0a0d7345d,tester
694,85a68807-f2c2-404d-ae2e-8330a712349e,community_03,Ibrahim,Isa,female,1973-12-16,96036319606,08069780485,https://www.commcarehq.org/photos/farmer_694.jpg,1,mixed_farming,24,family_land,6,borehole,---,rice maize groundnuts,3.0,1.0,0.9,---,---,---,10.4995503 7.3791288 0.0 20.0,yes,2666648f-2f40-4d68-ba2c-457cf487cc1e,2026-04-13 00:05:00,2026-04-13,tester,2026-04-13 00:05:07,https://www.commcarehq.org/form/85a68807-f2c2-404d-ae2e-8330a712349e,tester
695,17a916ef-2254-4534-a2c0-1a8a8b1fff95,community_02,Musa,Ibrahim,male,1952-10-31,44359995747,08077468851,https://www.commcarehq.org/photos/farmer_695.jpg,2,crop_farming,22,leased,3,rain-fed,---,groundnuts maize rice,2.3,4.6,0.5,goats rabbits,24,29,10.5633073 7.5421462 0.0 20.0,yes,58f7120a-be8e-4b2e-8d39-e6cddda9c77a,2026-05-04 00:07:00,2026-05-04,tester,2026-05-04 00:07:12,https://www.commcarehq.org/form/17a916ef-2254-4534-a2c0-1a8a8b1fff95,tester
696,2bb405fc-2aec-4ec8-ad7d-9747c3476e9a,community_04,David,Isa,female,2008-01-06,22350911197,08053338250,https://www.commcarehq.org/photos/farmer_696.jpg,6,crop_farming,1,owned,2,rain-fed,---,rice maize,---,2.2,0.6,---,---,---,10.2665934 7.4888028 0.0 20.0,yes,d3da0570-6cfc-44e5-abd6-940b0f997c99,2026-05-04 00:07:00,2026-05-04,tester,2026-05-04 00:07:12,https://www.commcarehq.org/form/2bb405fc-2aec-4ec8-ad7d-9747c3476e9a,tester
697,8ddf90de-deb4-4363-8b74-b06c729c33c8,community_06,Fatima,Sani,female,1979-12-14,76558681178,08032990603,https://www.commcarehq.org/photos/farmer_697.jpg,5,livestock_farming,25,owned,1,dam_reservoir,---,rice maize groundnuts,2.2,3.4,2.6,goats,21,---,10.2231543 7.4309345 0.0 20.0,yes,dfcdd170-4386-4b3c-aa0d-63480d757359,2026-06-23 00:08:00,2026-06-23,tester,2026-06-23 00:08:07,https://www.commcarehq.org/form/8ddf90de-deb4-4363-8b74-b06c729c33c8,tester
698,9266649d-75e9-4a86-82e3-9537c68f9e01,community_07,Mercy,DAVID,male,1975-01-03,94859527433,08015902590,https://www.commcarehq.org/photos/farmer_698.jpg,8,livestock_farming,5,family_land,4,borehole,---,maize,---,6.0,---,goats,21,---,10.4296933 7.4978251 0.0 20.0,yes,7a6fca30-26d8-4575-99f7-c6f16fdcfb6f,2026-01-14 00:08:00,2026-01-14,tester,2026-01-14 00:08:08,https://www.commcarehq.org/form/9266649d-75e9-4a86-82e3-9537c68f9e01,tester
699,a8e9df75-6d9e-4ede-964e-86f913de8230,community_01,Esther,Johnson,male,1957-06-02,,08024108310,https://www.commcarehq.org/photos/farmer_699.jpg,9,mixed_farming,19,owned,2,borehole,---,groundnuts,2.0,---,---,---,---,---,10.4455646 7.3212317 0.0 20.0,yes,d1615933-a236-4af1-ba66-711f5c0b6162,2026-03-23 00:05:00,2026-03-23,tester,2026-03-23 00:05:18,https://www.commcarehq.org/form/a8e9df75-6d9e-4ede-964e-86f913de8230,tester
700,47c8e3a5-e973-4663-874e-2c859429391a,community_05,Yusuf,Usman,male,1971-02-10,35657075765,8050469214,https://www.commcarehq.org/photos/farmer_700.jpg,9,livestock_farming,25,leased,2,rain-fed,---,rice,---,---,3.0,rabbits,---,18,10.253599 7.4960214 0.0 20.0,yes,9ecd832b-692b-4b62-9af6-6d2bb04b4fdc,2026-02-06 00:05:00,2026-02-06,tester,2026-02-06 00:05:09,https://www.commcarehq.org/form/47c8e3a5-e973-4663-874e-2c859429391a,tester
701,13d213c8-b7b4-45e2-bbf9-2a6ea0fcd136,community_01,Fatima,Ojo,female,1990-04-14,,08036790125,https://www.commcarehq.org/photos/farmer_701.jpg,10,crop_farming,12,owned,1,rain-fed,---,groundnuts rice maize,0.6,6.3,2.8,---,---,---,10.3358401 7.3973383 0.0 20.0,yes,3b140905-3c90-4036-b137-189b3eb0c54a,2026-02-18 00:06:00,2026-02-18,tester,2026-02-18 00:06:19,https://www.commcarehq.org/form/13d213c8-b7b4-45e2-bbf9-2a6ea0fcd136,tester
702,4ae9bccb-c4dc-40e6-85cf-d83ca9257570,community_07,Sarah,Eze,male,1994-06-17,82996617343,08088099938,https://www.commcarehq.org/photos/farmer_702.jpg,10,crop_farming,7,family_land,2,rain-fed,---,rice maize,---,0.7,2.5,goats,4,---,10.5888209 7.4337695 0.0 20.0,yes,c218f237-5cd2-4f7a-9abb-b17b9af04c67,2026-04-11 00:07:00,2026-04-11,tester,2026-04-11 00:07:13,https://www.commcarehq.org/form/4ae9bccb-c4dc-40e6-85cf-d83ca9257570,tester
703,d75482d9-d533-4817-8306-43142532aa91,community_02,Mary,Michael,male,1980-12-04,,08025594836,https://www.commcarehq.org/photos/farmer_703.jpg,7,crop_farming,22,leased,2,irrigation_scheme,---,rice,---,---,0.6,goats,5,---,10.5472545 7.422405 0.0 20.0,no,054a8631-c470-4a92-9b8c-28f0590dfe13,2026-03-13 00:05:00,2026-03-13,tester,2026-03-13 00:05:13,https://www.commcarehq.org/form/d75482d9-d533-4817-8306-43142532aa91,tester
704,7e8e8866-921b-4dd5-999f-cdeeb074c2bf,community_05,Samuel,Michael,female,1967-07-09,35841428034,08037785777,https://www.commcarehq.org/photos/farmer_704.jpg,7,crop_farming,5,owned,1,river_stream,---,groundnuts maize rice,1.3,1.3,1.3,goats,4,---,10.3635358 7.2860211 0.0 20.0,yes,2e69f93f-15ba-4643-93e1-50e99b57f295,2026-05-25 00:04:00,2026-05-25,tester,2026-05-25 00:04:12,https://www.commcarehq.org/form/7e8e8866-921b-4dd5-999f-cdeeb074c2bf,tester
705,182b9992-8502-4e74-8aad-70ac6834bb0e,community_01,Suleiman,David,male,1971-10-27,,08046747365,https://www.commcarehq.org/photos/farmer_705.jpg,4,mixed_farming,12,leased,1,rain-fed,---,groundnuts rice maize,0.9,2.7,0.6,---,---,---,10.3708376 7.4909972 0.0 20.0,yes,2394e11b-8d41-4be9-8888-9ee4b63a15f5,2026-04-19 00:05:00,2026-04-19,tester,2026-04-19 00:05:18,https://www.commcarehq.org/form/182b9992-8502-4e74-8aad-70ac6834bb0e,tester
706,85b170dd-e67f-41c6-a5ae-c336bd4520e3,community_05,Esther,Yusuf,female,1990-10-01,48541172559,08075841260,https://www.commcarehq.org/photos/farmer_706.jpg,6,mixed_farming,11,owned,1,borehole,---,maize rice,---,6.3,0.8,---,---,---,10.316453 7.4106253 0.0 20.0,yes,687432b8-805c-4a74-bbd4-e09e22f7c918,2026-02-10 00:05:00,2026-02-10,tester,2026-02-10 00:05:19,https://www.commcarehq.org/form/85b170dd-e67f-41c6-a5ae-c336bd4520e3,tester
707,7281e5bb-1883-4148-853b-53f064ae6782,community_02,Mary,Haruna,female,1998-08-26,54054217820,08026337748,https://www.commcarehq.org/photos/farmer_707.jpg,7,crop_farming,1,leased,1,rain-fed,---,rice groundnuts maize,2.6,2.9,1.2,goats,25,---,10.39016 7.4557206 0.0 20.0,yes,9e842894-1b04-47ab-bd84-1bdb8441fd80,2026-03-13 00:03:00,2026-03-13,tester,2026-03-13 00:03:09,https://www.commcarehq.org/form/7281e5bb-1883-4148-853b-53f064ae6782,tester
708,4653c7da-fe50-47c1-a7c4-b39270ddc8d2,community_04,Emmanuel,Sani,female,1987-04-17,84776281778,8006746988,https://www.commcarehq.org/photos/farmer_708.jpg,3,crop_farming,10,owned,1,rain-fed,---,maize,---,5.0,---,goats,18,---,10.5947058 7.3943882 0.0 20.0,yes,d80e886c-6d25-47d6-83cc-733b113134c0,2026-03-25 00:04:00,2026-03-25,tester,2026-03-25 00:04:13,https://www.commcarehq.org/form/4653c7da-fe50-47c1-a7c4-b39270ddc8d2,tester
709,5b4ee309-d6a9-4000-a934-cab0f7104685,community_03,Amina,Samuel,male,2002-06-17,76303207303,08089847403,https://www.commcarehq.org/photos/farmer_709.jpg,4,mixed_farming,5,owned,1,rain-fed,---,maize rice groundnuts,2.3,6.1,1.0,---,---,---,10.268285 7.2341965 0.0 20.0,yes,7f2270a5-9dc8-4fa3-bfa0-ad25e5880a4c,2026-04-02 00:04:00,2026-04-02,tester,2026-04-02 00:04:11,https://www.commcarehq.org/form/5b4ee309-d6a9-4000-a934-cab0f7104685,tester
710,76064301-af0a-4dcf-8bf6-64d0085c3c85,community_04,Deborah,Yusuf,female,1990-10-02,35401234755,08034263627,https://www.commcarehq.org/photos/farmer_710.jpg,3,mixed_farming,16,family_land,1,irrigation_scheme,---,rice groundnuts maize,1.6,2.7,0.7,---,---,---,10.3195741 7.5173862 0.0 20.0,yes,731415e7-06fe-418a-9e0d-7f939e82af5b,2026-02-12 00:04:00,2026-02-12,tester,2026-02-12 00:04:11,https://www.commcarehq.org/form/76064301-af0a-4dcf-8bf6-64d0085c3c85,tester
711,fe5c33f8-af5c-4a55-945c-53ba7e8d6ab8,community_05,David,Philip,male,1977-08-03,,08056644433,https://www.commcarehq.org/photos/farmer_711.jpg,3,crop_farming,20,owned,3,river_stream,---,maize,---,3.7,---,rabbits,---,28,10.5202812 7.2698885 0.0 20.0,yes,4cac0c73-9826-40d7-8791-7918e291ff78,2026-01-01 00:08:00,2026-01-01,tester,2026-01-01 00:08:13,https://www.commcarehq.org/form/fe5c33f8-af5c-4a55-945c-53ba7e8d6ab8,tester
712,11e4b8ed-660c-480a-b6f0-bf6f30fe6fbe,community_06,Deborah,Michael,male,1993-02-07,,08033410013,https://www.commcarehq.org/photos/farmer_712.jpg,5,mixed_farming,10,leased,1,river_stream,---,maize rice groundnuts,0.9,6.2,2.1,---,---,---,10.241545 7.3370435 0.0 20.0,yes,0eb97664-1984-414b-a533-f8ba61e6604e,2026-06-12 00:05:00,2026-06-12,tester,2026-06-12 00:05:14,https://www.commcarehq.org/form/11e4b8ed-660c-480a-b6f0-bf6f30fe6fbe,tester
713,8ce039a4-1411-4530-b689-ffacc0a949a0,community_01,Mercy,Johnson,female,1992-08-26,,08018593077,https://www.commcarehq.org/photos/farmer_713.jpg,5,mixed_farming,12,leased,1,rain-fed,---,rice,---,---,3.2,goats rabbits,22,14,10.3642178 7.2953345 0.0 20.0,yes,7c32bc35-cde6-420b-92f8-3d7b25cbd64a,2026-06-17 00:08:00,2026-06-17,tester,2026-06-17 00:08:14,https://www.commcarehq.org/form/8ce039a4-1411-4530-b689-ffacc0a949a0,tester
714,1f3462f9-32b5-4de3-812a-2884cc218c2a,community_03,Musa,Yusuf,male,1986-11-26,44772123943,08074578691,https://www.commcarehq.org/photos/farmer_714.jpg,5,livestock_farming,17,family_land,2,rain-fed,---,groundnuts rice,1.7,---,1.2,rabbits,---,6,10.3840469 7.4463099 0.0 20.0,yes,3b719c72-8481-4c2d-8a55-fbb0ddc13fb5,2026-01-11 00:08:00,2026-01-11,tester,2026-01-11 00:08:08,https://www.commcarehq.org/form/1f3462f9-32b5-4de3-812a-2884cc218c2a,tester
715,250af9cc-f6aa-4562-a776-36698c27897a,community_03,Grace,David,male,1971-09-24,68166725054,08071530917,https://www.commcarehq.org/photos/farmer_715.jpg,5,mixed_farming,28,owned,3,other,Community Well,groundnuts maize,2.7,5.3,---,---,---,---,10.2181902 7.2231172 0.0 20.0,yes,fd94ad9a-6781-4a7b-9729-b820134e527c,2026-05-17 00:06:00,2026-05-17,tester,2026-05-17 00:06:11,https://www.commcarehq.org/form/250af9cc-f6aa-4562-a776-36698c27897a,tester
716,df2f58a5-9bc7-43b1-8c6a-3af73f8d795c,community_02,Fatima,Daniel,male,1995-04-01,44679329725,08016934364,https://www.commcarehq.org/photos/farmer_716.jpg,8,mixed_farming,12,owned,2,irrigation_scheme,---,maize groundnuts rice,2.3,5.6,3.6,goats,3,---,10.4694178 7.2913309 0.0 20.0,yes,d8e51c48-3927-4e5a-ba4b-13ab6da11dd0,2026-06-10 00:05:00,2026-06-10,tester,2026-06-10 00:05:16,https://www.commcarehq.org/form/df2f58a5-9bc7-43b1-8c6a-3af73f8d795c,tester
717,8755baa6-dc9a-47a5-bfb2-ddd7277e3c8f,community_04,Sarah,David,female,1981-04-11,,08062789771,https://www.commcarehq.org/photos/farmer_717.jpg,7,crop_farming,19,owned,1,dam_reservoir,---,groundnuts,1.2,---,---,---,---,---,10.2636267 7.3510443 0.0 20.0,yes,6e04d408-fcf4-4eb0-acd2-c4e7e932fe21,2026-05-30 00:05:00,2026-05-30,tester,2026-05-30 00:05:09,https://www.commcarehq.org/form/8755baa6-dc9a-47a5-bfb2-ddd7277e3c8f,tester
718,db94e4e7-e19a-47c5-9b15-4d6b21a2f475,community_06,Paul,Eze,female,1990-11-21,,08062971632,https://www.commcarehq.org/photos/farmer_718.jpg,1,mixed_farming,11,owned,2,rain-fed,---,rice,---,---,1.7,goats,19,---,10.4573873 7.2401069 0.0 20.0,yes,cd5f6f49-70dc-4723-802c-816d0a035ea9,2026-04-24 00:08:00,2026-04-24,tester,2026-04-24 00:08:18,https://www.commcarehq.org/form/db94e4e7-e19a-47c5-9b15-4d6b21a2f475,tester
719,3a273755-2268-460a-a4e7-0593acd05650,community_04,Emmanuel,James,male,1951-06-09,30060764450,08019251398,https://www.commcarehq.org/photos/farmer_719.jpg,3,crop_farming,25,owned,1,river_stream,---,maize rice,---,5.9,0.7,---,---,---,10.4645601 7.3932674 0.0 20.0,yes,b5427731-a208-48bd-8418-4ccb2f4c80ba,2026-05-20 00:03:00,2026-05-20,tester,2026-05-20 00:03:19,https://www.commcarehq.org/form/3a273755-2268-460a-a4e7-0593acd05650,tester
720,4083c32f-772a-4df7-97c3-0c567f0ebd09,community_03,Suleiman,Eze,male,1978-07-26,,08061012555,https://www.commcarehq.org/photos/farmer_720.jpg,8,mixed_farming,8,owned,5,borehole,---,maize rice,---,3.3,0.9,---,---,---,10.3291605 7.5624829 0.0 20.0,yes,7bebae5b-f1a6-4e14-adf6-c640bc464620,2026-06-05 00:07:00,2026-06-05,tester,2026-06-05 00:07:05,https://www.commcarehq.org/form/4083c32f-772a-4df7-97c3-0c567f0ebd09,tester
721,72747752-0bb1-4e2e-8a6a-bfb0cb5066cb,community_03,Elizabeth,Mohammed,female,1976-07-15,,08062189756,https://www.commcarehq.org/photos/farmer_721.jpg,3,crop_farming,7,owned,5,rain-fed,---,maize,---,2.2,---,goats,12,---,10.2267939 7.2995873 0.0 20.0,yes,cbbf7ecb-bdf2-459c-9d29-960b4b282330,2026-02-05 00:08:00,2026-02-05,tester,2026-02-05 00:08:15,https://www.commcarehq.org/form/72747752-0bb1-4e2e-8a6a-bfb0cb5066cb,tester
722,3cd6820c-ed18-4ec7-bf1a-9b44634b50a0,community_07,Joseph,Abdullahi,male,2001-09-18,,08075532089,https://www.commcarehq.org/photos/farmer_722.jpg,4,mixed_farming,7,owned,6,rain-fed,---,maize,---,2.7,---,goats,12,---,10.3920072 7.3352288 0.0 20.0,yes,53444a18-59ae-4ce4-884f-dac15e38c446,2026-05-27 00:03:00,2026-05-27,tester,2026-05-27 00:03:16,https://www.commcarehq.org/form/3cd6820c-ed18-4ec7-bf1a-9b44634b50a0,tester
723,2a9453f4-65ec-498d-ad7f-0a59b9b30cb1,community_01,Naomi,Isa,female,1995-04-23,,08020356750,https://www.commcarehq.org/photos/farmer_723.jpg,4,mixed_farming,2,owned,5,borehole,---,groundnuts,1.4,---,---,---,---,---,10.5573007 7.3213859 0.0 20.0,yes,f5a6913b-467e-49ee-9bce-ae9dea199489,2026-06-28 00:05:00,2026-06-28,tester,2026-06-28 00:05:05,https://www.commcarehq.org/form/2a9453f4-65ec-498d-ad7f-0a59b9b30cb1,tester
724,b8b49119-7ff2-487d-8fc9-e0ce48d8d5c7,community_02,Joseph,Mohammed,male,1987-09-12,71156330521,08032748484,https://www.commcarehq.org/photos/farmer_724.jpg,2,crop_farming,21,family_land,3,rain-fed,---,rice groundnuts maize,2.1,3.3,1.3,goats,7,---,10.516498 7.4993667 0.0 20.0,yes,712f9003-648e-45f5-bb41-892cfce34a32,2026-04-26 00:04:00,2026-04-26,tester,2026-04-26 00:04:20,https://www.commcarehq.org/form/b8b49119-7ff2-487d-8fc9-e0ce48d8d5c7,tester
725,f85b9fb6-57ee-4cb8-8e61-c3bc68bd6a2b,community_07,James,Tanko,male,1971-10-11,87494907480,08038488593,https://www.commcarehq.org/photos/farmer_725.jpg,5,crop_farming,24,family_land,3,river_stream,---,groundnuts rice,0.8,---,2.2,---,---,---,10.3226694 7.37983 0.0 20.0,yes,cd3fb4a0-9792-4d69-9038-87234c59dfa1,2026-03-31 00:05:00,2026-03-31,tester,2026-03-31 00:05:15,https://www.commcarehq.org/form/f85b9fb6-57ee-4cb8-8e61-c3bc68bd6a2b,tester
726,aff98c35-5570-408c-959b-8b987d261907,community_03,Esther,Okafor,female,2001-07-23,79990972982,08039675626,https://www.commcarehq.org/photos/farmer_726.jpg,7,crop_farming,4,owned,3,rain-fed,---,rice maize groundnuts,1.0,1.3,1.9,rabbits,---,30,10.5532608 7.5561483 0.0 20.0,yes,b1107ebf-6dee-4559-a07c-1da23c72cc3d,2026-04-06 00:05:00,2026-04-06,tester,2026-04-06 00:05:06,https://www.commcarehq.org/form/aff98c35-5570-408c-959b-8b987d261907,tester
727,a1e41223-e1eb-45a4-8aba-a238178db460,community_05,John,Okafor,female,1974-01-03,89321328021,08017746097,https://www.commcarehq.org/photos/farmer_727.jpg,2,mixed_farming,3,owned,3,rain-fed,---,groundnuts,1.0,---,---,---,---,---,10.5151174 7.2862701 0.0 20.0,yes,856ee57f-8ccd-4596-a9f0-6aae301807a1,2026-02-28 00:04:00,2026-02-28,tester,2026-02-28 00:04:13,https://www.commcarehq.org/form/a1e41223-e1eb-45a4-8aba-a238178db460,tester
728,f6578284-30e5-4342-b2b1-df9234b78a54,community_03,Paul,David,female,1969-09-29,,08022933135,https://www.commcarehq.org/photos/farmer_728.jpg,6,crop_farming,9,owned,1,river_stream,---,maize,---,5.7,---,goats,18,---,10.4222746 7.3149074 0.0 20.0,yes,741f69e5-b9b0-412a-8c20-9d408a32fcda,2026-03-29 00:03:00,2026-03-29,tester,2026-03-29 00:03:08,https://www.commcarehq.org/form/f6578284-30e5-4342-b2b1-df9234b78a54,tester
729,c74b0750-05b5-4807-9203-4e9e8a32e4ea,community_01,Blessing,Ojo,female,1976-03-04,79334398296,08083949938,https://www.commcarehq.org/photos/farmer_729.jpg,6,crop_farming,29,owned,1,rain-fed,---,rice groundnuts maize,0.8,5.8,3.7,goats,4,---,10.4868327 7.3304114 0.0 20.0,yes,db993951-d842-42a5-b362-8fb0c7f2d955,2026-04-17 00:03:00,2026-04-17,tester,2026-04-17 00:03:09,https://www.commcarehq.org/form/c74b0750-05b5-4807-9203-4e9e8a32e4ea,tester
730,3e6389c2-2b9c-43ca-a2f3-6424d0bce0e4,community_04,Ruth,Okafor,male,1977-11-01,44687395680,08088571846,https://www.commcarehq.org/photos/farmer_730.jpg,6,crop_farming,7,family_land,3,rain-fed,---,groundnuts,1.3,---,---,rabbits,---,33,10.3248878 7.4739099 0.0 20.0,yes,ba57c716-847f-4b89-ba99-79b97ae09430,2026-01-06 00:03:00,2026-01-06,tester,2026-01-06 00:03:10,https://www.commcarehq.org/form/3e6389c2-2b9c-43ca-a2f3-6424d0bce0e4,tester
731,d36005b5-c793-41a2-8432-5c010a90c220,community_05,Binta,Lawal,male,1969-01-12,48427568219,08002418082,https://www.commcarehq.org/photos/farmer_731.jpg,2,mixed_farming,7,owned,2,rain-fed,---,maize groundnuts,2.6,1.9,---,rabbits,---,36,10.5634191 7.3366617 0.0 20.0,yes,99e1613a-8672-4f46-a838-038d992bee45,2026-02-18 00:03:00,2026-02-18,tester,2026-02-18 00:03:05,https://www.commcarehq.org/form/d36005b5-c793-41a2-8432-5c010a90c220,tester
732,b0353bee-34b8-4160-b139-fb7f6f25f77c,community_04,Daniel,Yakubu,female,2004-07-19,84723396222,08070002452,https://www.commcarehq.org/photos/farmer_732.jpg,6,mixed_farming,3,owned,1,rain-fed,---,maize,---,0.8,---,goats,15,---,10.5924866 7.5901725 0.0 20.0,yes,6ce56e80-ffb6-4634-b226-9145dd21c2eb,2026-01-08 00:06:00,2026-01-08,tester,2026-01-08 00:06:09,https://www.commcarehq.org/form/b0353bee-34b8-4160-b139-fb7f6f25f77c,tester
733,b249b4a6-d268-42b9-851b-2b640386a48a,community_03,Blessing,Peter,male,1973-10-06,,08032794026,https://www.commcarehq.org/photos/farmer_733.jpg,4,mixed_farming,7,owned,3,irrigation_scheme,---,groundnuts,1.6,---,---,goats,21,---,10.2333128 7.4406168 0.0 20.0,yes,71b07c20-0030-4426-901f-60fe1981b871,2026-04-30 00:04:00,2026-04-30,tester,2026-04-30 00:04:19,https://www.commcarehq.org/form/b249b4a6-d268-42b9-851b-2b640386a48a,tester
734,3d61e6cc-48bb-4ef4-aceb-db9d8aaa5550,community_02,Deborah,James,female,1961-02-14,88332574932,08043309203,https://www.commcarehq.org/photos/farmer_734.jpg,7,livestock_farming,47,owned,3,borehole,---,groundnuts maize,1.2,4.3,---,goats,12,---,10.4490544 7.3849759 0.0 20.0,yes,525289af-fa33-4ce9-a971-e0fffbfc3924,2026-06-04 00:08:00,2026-06-04,tester,2026-06-04 00:08:17,https://www.commcarehq.org/form/3d61e6cc-48bb-4ef4-aceb-db9d8aaa5550,tester
735,e705e4f7-51d2-48e7-a9f5-1cda14cbb4ef,community_03,Mary,Johnson,female,1972-03-22,,08086865729,https://www.commcarehq.org/photos/farmer_735.jpg,2,crop_farming,27,leased,4,rain-fed,---,rice,---,---,0.7,---,---,---,10.3911529 7.2509779 0.0 20.0,yes,45270c00-1cb0-4fb1-8f52-26def62ddf7f,2026-04-14 00:05:00,2026-04-14,tester,2026-04-14 00:05:09,https://www.commcarehq.org/form/e705e4f7-51d2-48e7-a9f5-1cda14cbb4ef,tester
736,3d515322-6d92-4aad-ba7c-6f8e3637860f,community_01,James,Eze,male,2001-09-04,48472019644,08096013417,https://www.commcarehq.org/photos/farmer_736.jpg,6,crop_farming,1,owned,2,dam_reservoir,---,groundnuts,2.1,---,---,rabbits,---,16,10.2869711 7.3319837 0.0 20.0,yes,db107a29-1d5b-49f0-bdb8-a759a6c63c47,2026-03-11 00:05:00,2026-03-11,tester,2026-03-11 00:05:14,https://www.commcarehq.org/form/3d515322-6d92-4aad-ba7c-6f8e3637860f,tester
737,1985f0f9-442d-4361-8eb2-cdb854ef6705,community_01,Blessing,Sani,female,1970-09-03,77403239172,08077038014,https://www.commcarehq.org/photos/farmer_737.jpg,4,mixed_farming,26,owned,1,rain-fed,---,groundnuts rice maize,1.6,5.6,1.9,---,---,---,10.3204424 7.380644 0.0 20.0,yes,8d1665a7-de5b-4337-9be0-dda30d20c63e,2026-06-30 00:04:00,2026-06-30,tester,2026-06-30 00:04:15,https://www.commcarehq.org/form/1985f0f9-442d-4361-8eb2-cdb854ef6705,tester
738,93035aeb-6e64-4164-92a1-e5cc4481d03b,community_02,Grace,Ogunleye,female,2005-05-04,93720549018,08017049825,https://www.commcarehq.org/photos/farmer_738.jpg,7,mixed_farming,2,owned,2,rain-fed,---,rice groundnuts maize,0.9,3.3,2.9,goats,8,---,10.5192574 7.4043765 0.0 20.0,yes,c827d0a4-28a4-485c-81ef-bf27e6d6fdbe,2026-03-05 00:02:00,2026-03-05,tester,2026-03-05 00:02:20,https://www.commcarehq.org/form/93035aeb-6e64-4164-92a1-e5cc4481d03b,tester
739,be1d3c91-c4cd-4227-bd52-fea6a47ede68,community_02,Ibrahim,Garba,female,1973-06-19,66822429217,08038179053,https://www.commcarehq.org/photos/farmer_739.jpg,8,crop_farming,23,owned,1,rain-fed,---,maize,---,1.1,---,goats rabbits,24,24,10.3297065 7.5436798 0.0 20.0,yes,0f07bc0a-c673-4e88-aeee-532f6cdb4d26,2026-05-31 00:04:00,2026-05-31,tester,2026-05-31 00:04:06,https://www.commcarehq.org/form/be1d3c91-c4cd-4227-bd52-fea6a47ede68,tester
740,2b8dd601-4e73-4274-a357-078e39c675a3,community_02,Sarah,Michael,female,1982-01-19,18895763847,08051881280,https://www.commcarehq.org/photos/farmer_740.jpg,9,mixed_farming,24,leased,2,rain-fed,---,groundnuts maize rice,2.8,6.3,2.7,rabbits,---,33,10.5433286 7.3256236 0.0 20.0,yes,3939da5d-8cad-4b9f-82ed-7a63ac6b6124,2026-02-01 00:05:00,2026-02-01,tester,2026-02-01 00:05:18,https://www.commcarehq.org/form/2b8dd601-4e73-4274-a357-078e39c675a3,tester
741,b1ddd367-760d-45ca-9522-3341b59de59b,community_06,Rebecca,Yakubu,female,2003-12-10,24734242989,08071868687,https://www.commcarehq.org/photos/farmer_741.jpg,9,crop_farming,1,owned,5,rain-fed,---,maize rice groundnuts,2.0,3.3,0.8,goats,8,---,10.3689833 7.5651616 0.0 20.0,yes,2cf991a4-9725-49a1-ac87-cb936bd5d457,2026-06-01 00:02:00,2026-06-01,tester,2026-06-01 00:02:08,https://www.commcarehq.org/form/b1ddd367-760d-45ca-9522-3341b59de59b,tester
742,22f1673f-0a7a-4005-bc83-0feaa2dcff74,community_01,Elizabeth,Ahmed,female,1995-06-14,,08054550507,https://www.commcarehq.org/photos/farmer_742.jpg,6,crop_farming,9,owned,3,rain-fed,---,groundnuts maize,2.8,6.1,---,goats,13,---,10.4643353 7.3527238 0.0 20.0,yes,f953c946-22b8-4131-9723-79a048fe62eb,2026-05-23 00:06:00,2026-05-23,tester,2026-05-23 00:06:10,https://www.commcarehq.org/form/22f1673f-0a7a-4005-bc83-0feaa2dcff74,tester
743,f2043d30-fc54-4177-a2e4-89f0fbdd088b,community_03,Rebecca,Yakubu,male,1983-11-05,25264209643,08069211240,https://www.commcarehq.org/photos/farmer_743.jpg,7,mixed_farming,18,owned,2,dam_reservoir,---,rice maize groundnuts,2.1,2.6,1.5,---,---,---,10.5566795 7.3040849 0.0 20.0,yes,40d76a99-c590-4bdd-a86e-bd73830a980b,2026-05-25 00:02:00,2026-05-25,tester,2026-05-25 00:02:18,https://www.commcarehq.org/form/f2043d30-fc54-4177-a2e4-89f0fbdd088b,tester
744,2876c43a-3556-4cdc-b5b8-a79ca48f3830,community_03,Esther,Balogun,male,1988-01-20,,08080343634,https://www.commcarehq.org/photos/farmer_744.jpg,5,mixed_farming,15,owned,4,rain-fed,---,maize rice groundnuts,2.4,1.8,3.2,---,---,---,10.2967817 7.4708028 0.0 20.0,yes,1bc86255-cff6-41aa-a3fd-081516d3fe99,2026-05-07 00:07:00,2026-05-07,tester,2026-05-07 00:07:20,https://www.commcarehq.org/form/2876c43a-3556-4cdc-b5b8-a79ca48f3830,tester
745,41cf68e0-8616-4beb-8709-873479565896,community_01,Paul,Isa,female,2003-09-30,10660131919,+2348081613830,https://www.commcarehq.org/photos/farmer_745.jpg,3,livestock_farming,5,leased,6,rain-fed,---,groundnuts maize rice,2.1,1.9,2.3,goats rabbits,14,15,10.2052758 7.5193336 0.0 20.0,yes,264fb205-0255-49b8-8ae2-4d60aecb1e99,2026-03-05 00:06:00,2026-03-05,tester,2026-03-05 00:06:12,https://www.commcarehq.org/form/41cf68e0-8616-4beb-8709-873479565896,tester
746,4c15ee71-11ea-4167-977d-9df6fb127370,community_06,Grace,Yusuf,male,2005-01-27,92923850137,08099492459,https://www.commcarehq.org/photos/farmer_746.jpg,6,mixed_farming,1,owned,2,rain-fed,---,rice maize groundnuts,0.9,1.4,3.2,rabbits,---,12,10.2509579 7.214942 0.0 20.0,yes,d439b582-7bd6-4a26-b091-224ff9084e3d,2026-03-15 00:02:00,2026-03-15,tester,2026-03-15 00:02:16,https://www.commcarehq.org/form/4c15ee71-11ea-4167-977d-9df6fb127370,tester
747,ac97bb0b-e8b1-4b3f-9c01-c1c2266775e7,community_03,Samuel,Ali,female,1963-04-14,60076291434,08057815675,https://www.commcarehq.org/photos/farmer_747.jpg,3,crop_farming,35,family_land,1,rain-fed,---,rice maize groundnuts,1.7,4.2,2.5,goats,8,---,10.330554 7.3894541 0.0 20.0,yes,da67b0da-3d93-4e29-9038-3e0f9488b2ef,2026-05-22 00:08:00,2026-05-22,tester,2026-05-22 00:08:14,https://www.commcarehq.org/form/ac97bb0b-e8b1-4b3f-9c01-c1c2266775e7,tester
748,0cb8b387-9db3-4d8a-a8aa-36cf705668ff,community_02,Sarah,Yusuf,male,1971-07-25,84092747569,08053724430,https://www.commcarehq.org/photos/farmer_748.jpg,3,livestock_farming,3,family_land,2,rain-fed,---,maize,---,5.2,---,---,---,---,10.4295013 7.2025604 0.0 20.0,yes,5bbade6f-4158-444b-ae8d-bf17e53901f0,2026-03-09 00:05:00,2026-03-09,tester,2026-03-09 00:05:07,https://www.commcarehq.org/form/0cb8b387-9db3-4d8a-a8aa-36cf705668ff,tester
749,f4285eac-4688-41bd-ab5d-00150bfc9739,community_06,Blessing,Haruna,female,1966-09-04,65611296653,08096134562,https://www.commcarehq.org/photos/farmer_749.jpg,3,crop_farming,6,owned,1,rain-fed,---,rice groundnuts maize,0.5,6.4,3.7,---,---,---,10.3259451 7.2463377 0.0 20.0,yes,ca846201-f4cb-4ca2-b4d9-8ec3dfe4f979,2026-06-21 00:02:00,2026-06-21,tester,2026-06-21 00:02:14,https://www.commcarehq.org/form/f4285eac-4688-41bd-ab5d-00150bfc9739,tester
750,0cdc4bd7-7d98-4fcf-9810-9d26c4d870fd,community_02,Grace,Yakubu,male,1997-02-18,,08089428420,https://www.commcarehq.org/photos/farmer_750.jpg,3,mixed_farming,7,owned,4,rain-fed,---,maize rice groundnuts,1.6,2.1,1.3,---,---,---,10.3062099 7.4472948 0.0 20.0,yes,4a56a75a-1598-4b9f-a8d6-a3fd39b523c4,2026-05-15 00:05:00,2026-05-15,tester,2026-05-15 00:05:05,https://www.commcarehq.org/form/0cdc4bd7-7d98-4fcf-9810-9d26c4d870fd,tester
751,10157ab1-946c-4c87-aa23-7c5c6da1d5fb,community_04,Peter,Garba,female,1979-09-02,64245752966,08090801742,https://www.commcarehq.org/photos/farmer_751.jpg,3,crop_farming,13,owned,3,rain-fed,---,rice maize groundnuts,1.2,5.2,1.1,goats,3,---,10.3154482 7.2245731 0.0 20.0,yes,eb481182-63d6-4fd6-85c2-63e8d7263caa,2026-05-14 00:05:00,2026-05-14,tester,2026-05-14 00:05:19,https://www.commcarehq.org/form/10157ab1-946c-4c87-aa23-7c5c6da1d5fb,tester
752,deb5d3ee-476f-4b67-9151-67eae0702fe7,community_04,Naomi,Sani,male,1976-10-21,46544869918,08054828008,https://www.commcarehq.org/photos/farmer_752.jpg,1,livestock_farming,15,family_land,2,rain-fed,---,groundnuts,2.5,---,---,---,---,---,10.2413054 7.5726309 0.0 20.0,yes,c22ee6de-3d57-4631-9b1a-16f13b4cada7,2026-01-28 00:06:00,2026-01-28,tester,2026-01-28 00:06:18,https://www.commcarehq.org/form/deb5d3ee-476f-4b67-9151-67eae0702fe7,tester
753,192b4a2b-4507-4b79-8f6d-466d62fdd933,community_06,Grace,Mohammed,female,2007-02-19,54481568965,08084226567,https://www.commcarehq.org/photos/farmer_753.jpg,8,crop_farming,1,owned,4,borehole,---,groundnuts rice,2.7,---,3.1,goats,24,---,10.4334428 7.3538907 0.0 20.0,yes,f2904be8-6d50-4f5c-a3e5-97d2201f9017,2026-03-31 00:03:00,2026-03-31,tester,2026-03-31 00:03:17,https://www.commcarehq.org/form/192b4a2b-4507-4b79-8f6d-466d62fdd933,tester
754,27ec3a3f-449d-47be-877a-3c7dfbc214ac,community_05,Suleiman,Eze,male,1973-05-22,,08025349247,https://www.commcarehq.org/photos/farmer_754.jpg,4,mixed_farming,34,owned,2,rain-fed,---,groundnuts maize rice,1.9,4.5,1.4,goats,9,---,10.2803033 7.2497472 0.0 20.0,yes,a5be75d6-c1e5-43a4-8b6c-ad8b5de1f87b,2026-06-05 00:05:00,2026-06-05,tester,2026-06-05 00:05:19,https://www.commcarehq.org/form/27ec3a3f-449d-47be-877a-3c7dfbc214ac,tester
755,06001192-33b6-475e-aa91-2f3199a890fb,community_07,David,Yusuf,male,1984-11-09,,08084181106,https://www.commcarehq.org/photos/farmer_755.jpg,7,livestock_farming,9,owned,2,rain-fed,---,rice maize groundnuts,0.8,2.3,3.9,---,---,---,10.201961 7.5495724 0.0 20.0,yes,ae1c58be-d8aa-468a-9ccd-3b48ae5a1085,2026-03-02 00:04:00,2026-03-02,tester,2026-03-02 00:04:09,https://www.commcarehq.org/form/06001192-33b6-475e-aa91-2f3199a890fb,tester
756,a999e55f-5696-41ed-a1d7-33d866fffcd2,community_03,joy,james,female,1953-09-24,,08031863619,https://www.commcarehq.org/photos/farmer_756.jpg,1,mixed_farming,8,family_land,5,rain-fed,---,groundnuts maize,1.0,2.0,---,goats,25,---,10.405708 7.255726 0.0 20.0,yes,2a0838de-bbf8-4612-aae3-064cbb91f44d,2026-03-01 00:02:00,2026-03-01,tester,2026-03-01 00:02:06,https://www.commcarehq.org/form/a999e55f-5696-41ed-a1d7-33d866fffcd2,tester
757,2283107a-2b93-4b74-a0f4-3785a6606048,community_05,Mercy,Yakubu,male,1968-02-11,,08035069988,https://www.commcarehq.org/photos/farmer_757.jpg,11,mixed_farming,34,owned,3,other,Spring Water,rice,---,---,4.0,---,---,---,10.5877708 7.4898557 0.0 20.0,yes,4b75316c-b781-458c-b6ee-b4ff26f1f1d4,2026-02-05 00:03:00,2026-02-05,tester,2026-02-05 00:03:07,https://www.commcarehq.org/form/2283107a-2b93-4b74-a0f4-3785a6606048,tester
758,32b4bfd3-b926-42af-abb2-91ce2d766595,community_06,Esther,Sani,male,2002-03-20,,08059813667,https://www.commcarehq.org/photos/farmer_758.jpg,3,mixed_farming,6,family_land,3,rain-fed,---,rice groundnuts,1.5,---,2.1,goats rabbits,9,38,10.4665701 7.4852068 0.0 20.0,yes,4dfdec49-3f7c-4791-a010-31540e942712,2026-06-18 00:03:00,2026-06-18,tester,2026-06-18 00:03:15,https://www.commcarehq.org/form/32b4bfd3-b926-42af-abb2-91ce2d766595,tester
759,ba58f954-4c2a-4375-8c4d-315327292fbb,community_01,Naomi,Sani,male,1969-11-25,,08018256638,https://www.commcarehq.org/photos/farmer_759.jpg,4,crop_farming,17,owned,3,borehole,---,rice,---,---,2.7,---,---,---,10.3740025 7.2451862 0.0 20.0,yes,6af117d1-9b72-4563-8510-84e89179ab16,2026-01-30 00:02:00,2026-01-30,tester,2026-01-30 00:02:14,https://www.commcarehq.org/form/ba58f954-4c2a-4375-8c4d-315327292fbb,tester
760,79274f92-887f-40a9-acb1-b6776cfd93a0,community_06,Peter,Garba,male,1986-07-14,84390871834,08040375667,https://www.commcarehq.org/photos/farmer_760.jpg,6,crop_farming,16,leased,5,rain-fed,---,groundnuts rice maize,2.9,6.2,2.1,goats,7,---,10.5866503 7.3581079 0.0 20.0,yes,e22cba48-881e-411f-b804-b420c9160582,2026-02-07 00:03:00,2026-02-07,tester,2026-02-07 00:03:15,https://www.commcarehq.org/form/79274f92-887f-40a9-acb1-b6776cfd93a0,tester
761,7dfc264e-e3d0-47db-9e97-d7cb49ed0abc,community_04,Fatima,Sani,female,2003-01-12,,08059424956,https://www.commcarehq.org/photos/farmer_761.jpg,5,crop_farming,3,owned,3,rain-fed,---,maize groundnuts,0.7,3.4,---,goats,14,---,10.3824198 7.2873672 0.0 20.0,yes,cff44f14-7ed6-4a92-9439-1f44808376bc,2026-02-07 00:04:00,2026-02-07,tester,2026-02-07 00:04:17,https://www.commcarehq.org/form/7dfc264e-e3d0-47db-9e97-d7cb49ed0abc,tester
762,84b830dc-1100-41d7-b96a-e0382faaf4f6,community_07,Samuel,Tanko,male,2002-09-26,35126255821,08020003275,https://www.commcarehq.org/photos/farmer_762.jpg,4,crop_farming,6,owned,3,dam_reservoir,---,groundnuts,0.6,---,---,---,---,---,10.4099056 7.2332898 0.0 20.0,yes,3042d4d1-befe-416c-90e8-ddea73d9a5e8,2026-02-28 00:07:00,2026-02-28,tester,2026-02-28 00:07:18,https://www.commcarehq.org/form/84b830dc-1100-41d7-b96a-e0382faaf4f6,tester
763,84abe96c-a93c-45ba-94fd-3682aefa804b,community_07,Emmanuel,Philip,male,1994-07-08,18618210508,08068514806,https://www.commcarehq.org/photos/farmer_763.jpg,4,mixed_farming,4,family_land,6,borehole,---,maize rice,---,1.0,3.0,goats,13,---,10.2129444 7.2459294 0.0 20.0,yes,a612e751-6758-4044-b747-cb43002740b5,2026-05-18 00:08:00,2026-05-18,tester,2026-05-18 00:08:13,https://www.commcarehq.org/form/84abe96c-a93c-45ba-94fd-3682aefa804b,tester
764,83dd5840-3946-4c4f-ad5d-3f8b641e778f,community_05,Sarah,Usman,female,1996-07-02,29120321689,08013162712,https://www.commcarehq.org/photos/farmer_764.jpg,4,crop_farming,8,owned,1,other,Spring Water,rice,---,---,0.6,---,---,---,10.4837857 7.2884454 0.0 20.0,yes,f05dda31-a6c5-4aab-9656-d7052f139f47,2026-04-20 00:06:00,2026-04-20,tester,2026-04-20 00:06:17,https://www.commcarehq.org/form/83dd5840-3946-4c4f-ad5d-3f8b641e778f,tester
765,1326cf41-67bf-435f-8506-3ab986147616,community_06,Ruth,Balogun,female,2005-07-06,19675362877,08093424052,https://www.commcarehq.org/photos/farmer_765.jpg,11,mixed_farming,1,owned,5,river_stream,---,rice,---,---,0.5,goats rabbits,5,2,10.3271405 7.2072634 0.0 20.0,yes,af8f4106-1362-4ead-8dfb-969d38e7a4ab,2026-04-15 00:06:00,2026-04-15,tester,2026-04-15 00:06:18,https://www.commcarehq.org/form/1326cf41-67bf-435f-8506-3ab986147616,tester
766,986d1f0c-b849-47de-9580-aab9e144f93a,community_01,Suleiman,Lawal,male,1993-07-12,27878422809,08069938144,https://www.commcarehq.org/photos/farmer_766.jpg,5,mixed_farming,12,leased,2,rain-fed,---,rice groundnuts,2.0,---,0.7,goats,5,---,10.5105174 7.5268285 0.0 20.0,yes,1d0b3fff-31dd-43d9-b836-ea39c205d0cc,2026-06-25 00:05:00,2026-06-25,tester,2026-06-25 00:05:10,https://www.commcarehq.org/form/986d1f0c-b849-47de-9580-aab9e144f93a,tester
767,78e46284-3ef5-44ac-b1d8-e955f2f4f169,community_03,Yusuf,SANI,male,2008-03-14,46271609581,08050229857,https://www.commcarehq.org/photos/farmer_767.jpg,3,crop_farming,1,owned,2,rain-fed,---,groundnuts maize rice,2.9,5.1,2.8,goats rabbits,7,24,10.4254124 7.3771819 0.0 20.0,yes,7b2dd8c3-7e2b-4c29-b659-47679a2bb605,2026-06-03 00:06:00,2026-06-03,tester,2026-06-03 00:06:07,https://www.commcarehq.org/form/78e46284-3ef5-44ac-b1d8-e955f2f4f169,tester
768,c9ee75a1-99ab-4b65-8c4e-9b47fbd4a27e,community_01,John,Abdullahi,male,1978-03-21,71552715085,08041838190,https://www.commcarehq.org/photos/farmer_768.jpg,7,livestock_farming,19,owned,1,rain-fed,---,rice groundnuts,1.0,---,3.2,goats,24,---,10.5107409 7.2243152 0.0 20.0,yes,5d4f8415-2e43-4892-b3b7-87f6efaeeb0f,2026-02-20 00:04:00,2026-02-20,tester,2026-02-20 00:04:19,https://www.commcarehq.org/form/c9ee75a1-99ab-4b65-8c4e-9b47fbd4a27e,tester
769,58906f57-5579-4e45-938f-a7ac055e43c1,community_03,Suleiman,Bello,male,1976-10-22,43163666831,08009431128,https://www.commcarehq.org/photos/farmer_769.jpg,7,livestock_farming,9,owned,3,rain-fed,---,groundnuts rice,1.0,---,2.9,---,---,---,10.4706505 7.5530059 0.0 20.0,yes,79c665e9-d901-4777-94bc-4dc59b384a0a,2026-04-04 00:07:00,2026-04-04,tester,2026-04-04 00:07:17,https://www.commcarehq.org/form/58906f57-5579-4e45-938f-a7ac055e43c1,tester
770,3ad18fcd-4ec6-404f-9db0-bccc25ad126b,community_04,Mary,Sani,female,1992-09-18,43056974254,08009564425,https://www.commcarehq.org/photos/farmer_770.jpg,7,mixed_farming,10,family_land,2,irrigation_scheme,---,maize rice groundnuts,0.8,6.3,2.1,---,---,---,10.4975269 7.2541751 0.0 20.0,yes,c6833df0-543a-4151-8f76-a0d81ccfa010,2026-03-29 00:04:00,2026-03-29,tester,2026-03-29 00:04:12,https://www.commcarehq.org/form/3ad18fcd-4ec6-404f-9db0-bccc25ad126b,tester
771,886e34bd-c0b4-43e4-aa46-daaa3e5babc4,community_02,Samuel,Haruna,male,1980-06-27,,08072592636,https://www.commcarehq.org/photos/farmer_771.jpg,8,crop_farming,20,family_land,3,rain-fed,---,maize groundnuts,2.8,3.5,---,goats rabbits,19,32,10.4104991 7.598399 0.0 20.0,yes,1948e338-9e6b-4fa5-af69-9b63660dbe87,2026-03-20 00:07:00,2026-03-20,tester,2026-03-20 00:07:06,https://www.commcarehq.org/form/886e34bd-c0b4-43e4-aa46-daaa3e5babc4,tester
772,3839f461-a07c-415b-ae13-35ff39034735,community_04,Yusuf,Daniel,male,1994-07-23,,08043868306,https://www.commcarehq.org/photos/farmer_772.jpg,6,mixed_farming,3,owned,3,rain-fed,---,groundnuts,2.8,---,---,goats,20,---,10.2519583 7.4217303 0.0 20.0,yes,eda4630c-1838-416e-8116-c3803bf09edd,2026-01-12 00:07:00,2026-01-12,tester,2026-01-12 00:07:10,https://www.commcarehq.org/form/3839f461-a07c-415b-ae13-35ff39034735,tester
773,a465069e-9ff1-4253-893b-5ed6cb8f29f8,community_02,Emmanuel,Peter,female,1980-02-02,42034446334,08036316150,https://www.commcarehq.org/photos/farmer_773.jpg,4,crop_farming,3,owned,3,rain-fed,---,rice,---,---,1.7,goats,24,---,10.5954522 7.5652988 0.0 20.0,yes,dce1f440-475b-4ef4-9982-1599b4d40c39,2026-01-11 00:05:00,2026-01-11,tester,2026-01-11 00:05:08,https://www.commcarehq.org/form/a465069e-9ff1-4253-893b-5ed6cb8f29f8,tester
774,fed6df56-883d-482d-a2ff-3cd8723186ac,community_03,Fatima,Daniel,male,1990-09-25,24566931133,08071595916,https://www.commcarehq.org/photos/farmer_774.jpg,3,crop_farming,13,owned,4,irrigation_scheme,---,rice groundnuts maize,1.4,2.3,2.0,---,---,---,10.2017484 7.302668 0.0 20.0,yes,1f40135e-c18e-4776-bfb4-1b69be9ac2af,2026-03-29 00:06:00,2026-03-29,tester,2026-03-29 00:06:15,https://www.commcarehq.org/form/fed6df56-883d-482d-a2ff-3cd8723186ac,tester
775,c46dca45-2cdc-4e8b-9cc7-ea15aaccc169,community_01,David,Daniel,female,1988-10-28,93919080695,08083721495,https://www.commcarehq.org/photos/farmer_775.jpg,10,mixed_farming,8,owned,2,other,Rainwater Harvesting,rice groundnuts,1.0,---,2.9,goats,20,---,10.579559 7.4706138 0.0 20.0,yes,1bfa48ce-e3d8-454b-8240-110d37acc0c5,2026-04-28 00:08:00,2026-04-28,tester,2026-04-28 00:08:06,https://www.commcarehq.org/form/c46dca45-2cdc-4e8b-9cc7-ea15aaccc169,tester
776,0911b8b8-82a3-4f9f-846f-142c624feded,community_03,Elizabeth,Ali,male,1970-08-02,14461065982,08028264589,https://www.commcarehq.org/photos/farmer_776.jpg,10,mixed_farming,15,owned,3,rain-fed,---,groundnuts maize rice,0.8,5.6,1.3,rabbits,---,28,10.2168495 7.2222613 0.0 20.0,yes,28725eeb-555e-4be5-a1c6-4c3455d0df19,2026-02-07 00:06:00,2026-02-07,tester,2026-02-07 00:06:12,https://www.commcarehq.org/form/0911b8b8-82a3-4f9f-846f-142c624feded,tester
777,d50e9f0c-56a7-4206-85a4-942befad64c0,community_05,Samuel,Balogun,male,1996-01-29,55353393484,08045878901,https://www.commcarehq.org/photos/farmer_777.jpg,4,mixed_farming,12,owned,1,rain-fed,---,rice groundnuts maize,1.1,4.7,1.8,rabbits,---,19,10.3964278 7.2052564 0.0 20.0,yes,140399fc-1dfd-4b1f-8e95-6c608d603576,2026-06-27 00:08:00,2026-06-27,tester,2026-06-27 00:08:05,https://www.commcarehq.org/form/d50e9f0c-56a7-4206-85a4-942befad64c0,tester
778,13811d04-b05a-48da-8390-c1e3c5c86ea6,community_05,Naomi,Haruna,female,1992-01-16,37749920882,08044249248,https://www.commcarehq.org/photos/farmer_778.jpg,8,crop_farming,15,family_land,1,rain-fed,---,rice maize groundnuts,1.9,1.4,2.3,rabbits,---,11,10.5574323 7.474807 0.0 20.0,yes,9459accd-bf8e-4332-aa0c-799bae418622,2026-06-14 00:08:00,2026-06-14,tester,2026-06-14 00:08:17,https://www.commcarehq.org/form/13811d04-b05a-48da-8390-c1e3c5c86ea6,tester
779,24c2d5d4-50d5-4d75-b0b5-9155b07ecf26,community_02,Samuel,Yusuf,male,1989-06-02,69878312839,08003750269,https://www.commcarehq.org/photos/farmer_779.jpg,6,livestock_farming,19,family_land,5,rain-fed,---,groundnuts,2.7,---,---,---,---,---,10.2534145 7.4738849 0.0 20.0,yes,2d6adf44-3453-44e1-acdf-c6687948918f,2026-04-06 00:07:00,2026-04-06,tester,2026-04-06 00:07:13,https://www.commcarehq.org/form/24c2d5d4-50d5-4d75-b0b5-9155b07ecf26,tester
780,92362f7d-bfeb-4d9b-b242-8c90a8f62b4b,community_01,Joseph,Abdullahi,male,1984-08-30,84138399353,08004910574,https://www.commcarehq.org/photos/farmer_780.jpg,12,mixed_farming,24,leased,2,rain-fed,---,groundnuts,1.6,---,---,---,---,---,10.3770538 7.3517228 0.0 20.0,yes,ef1bb8e6-bd5f-4033-bb50-b7db281761fc,2026-06-15 00:04:00,2026-06-15,tester,2026-06-15 00:04:18,https://www.commcarehq.org/form/92362f7d-bfeb-4d9b-b242-8c90a8f62b4b,tester
781,4dadb0fe-1ddc-4811-8333-d13da8626aba,community_01,Grace,Johnson,female,1999-07-08,16309228930,08084701316,https://www.commcarehq.org/photos/farmer_781.jpg,7,livestock_farming,4,family_land,4,rain-fed,---,groundnuts maize rice,2.8,5.2,2.2,---,---,---,10.4615811 7.5440382 0.0 20.0,yes,a72df4e6-8fb6-484e-8531-8c27bc9e0239,2026-02-28 00:08:00,2026-02-28,tester,2026-02-28 00:08:18,https://www.commcarehq.org/form/4dadb0fe-1ddc-4811-8333-d13da8626aba,tester
782,891521b4-646f-4f88-a1bb-186d65a8180c,community_02,Deborah,Balogun,female,1972-04-20,47546586273,08061241722,https://www.commcarehq.org/photos/farmer_782.jpg,10,crop_farming,15,leased,2,rain-fed,---,rice maize groundnuts,1.8,5.0,3.7,rabbits,---,35,10.3280923 7.3985618 0.0 20.0,yes,dcb55671-509f-4e84-94ce-d4a0a5a8ba23,2026-04-28 00:04:00,2026-04-28,tester,2026-04-28 00:04:06,https://www.commcarehq.org/form/891521b4-646f-4f88-a1bb-186d65a8180c,tester
783,43c04ce7-9710-4808-9ad5-2d7d925010db,community_06,Esther,Ahmed,female,1988-05-31,94130810523,08000975176,https://www.commcarehq.org/photos/farmer_783.jpg,6,mixed_farming,19,owned,5,borehole,---,groundnuts maize,2.3,1.2,---,rabbits,---,5,10.5644176 7.4072313 0.0 20.0,yes,6423d64e-ff2a-405c-a563-f33c2ef8b23a,2026-01-19 00:06:00,2026-01-19,tester,2026-01-19 00:06:13,https://www.commcarehq.org/form/43c04ce7-9710-4808-9ad5-2d7d925010db,tester
784,db69fa37-4ebd-43cb-9ffa-90dde093938b,community_03,david,Michael,male,1980-09-10,19302662240,08028452846,https://www.commcarehq.org/photos/farmer_784.jpg,8,mixed_farming,25,owned,5,rain-fed,---,rice maize,---,4.5,1.0,goats,12,---,10.5304937 7.5290544 0.0 20.0,yes,f8189562-f612-4126-b685-45345bc31a71,2026-05-04 00:08:00,2026-05-04,tester,2026-05-04 00:08:08,https://www.commcarehq.org/form/db69fa37-4ebd-43cb-9ffa-90dde093938b,tester
785,d555a3b7-83a6-42aa-a344-fae0483a03e9,community_05,Sarah,Bello,female,1968-07-31,86144804805,08023012417,https://www.commcarehq.org/photos/farmer_785.jpg,5,livestock_farming,6,owned,1,rain-fed,---,groundnuts maize rice,2.5,4.2,3.6,goats,15,---,10.4013788 7.4596212 0.0 20.0,yes,907db20b-0831-4125-b97a-f46f67514cf2,2026-05-19 00:06:00,2026-05-19,tester,2026-05-19 00:06:19,https://www.commcarehq.org/form/d555a3b7-83a6-42aa-a344-fae0483a03e9,tester
786,d613c238-8b7e-43fc-8707-e128ea154553,community_07,Ibrahim,Ahmed,male,1979-02-13,,08020991999,https://www.commcarehq.org/photos/farmer_786.jpg,6,mixed_farming,20,owned,3,borehole,---,rice,---,---,2.5,goats,9,---,10.2108861 7.2612765 0.0 20.0,yes,43ba95fb-6d61-47c0-9f20-332afea09099,2026-05-16 00:04:00,2026-05-16,tester,2026-05-16 00:04:14,https://www.commcarehq.org/form/d613c238-8b7e-43fc-8707-e128ea154553,tester
787,89401060-9369-4482-8cfb-cbcbe3a07a1a,community_03,Peter,Usman,female,1980-05-13,,08003547728,https://www.commcarehq.org/photos/farmer_787.jpg,2,crop_farming,1,leased,4,rain-fed,---,maize,---,4.3,---,goats rabbits,9,30,10.5840888 7.2705044 0.0 20.0,yes,a4862330-4e8a-4e7b-8f3f-8a1dcf0cc29b,2026-06-16 00:07:00,2026-06-16,tester,2026-06-16 00:07:20,https://www.commcarehq.org/form/89401060-9369-4482-8cfb-cbcbe3a07a1a,tester
788,936c2dce-15c7-4224-a174-b834d0a05358,community_01,David,Ojo,female,1989-01-11,22290381482,08071626485,https://www.commcarehq.org/photos/farmer_788.jpg,6,livestock_farming,14,owned,3,rain-fed,---,maize rice groundnuts,1.1,3.1,3.0,goats,18,---,10.2660989 7.5418058 0.0 20.0,yes,141570c5-3098-4fda-8dcb-37cd60ddd894,2026-02-15 00:04:00,2026-02-15,tester,2026-02-15 00:04:09,https://www.commcarehq.org/form/936c2dce-15c7-4224-a174-b834d0a05358,tester
789,cebc9644-1540-4276-8638-758fb6690ec5,community_01,Rebecca,Philip,female,1979-12-04,95694414707,08025753589,https://www.commcarehq.org/photos/farmer_789.jpg,7,crop_farming,5,owned,1,river_stream,---,rice,---,---,2.4,---,---,---,10.5170678 7.5018542 0.0 20.0,yes,b95e78aa-8dc8-4863-8d18-7d21e3ed90b1,2026-02-10 00:02:00,2026-02-10,tester,2026-02-10 00:02:11,https://www.commcarehq.org/form/cebc9644-1540-4276-8638-758fb6690ec5,tester
790,ce2b64fc-bde8-46b5-a917-aa74c72aa5f1,community_06,Joseph,Yakubu,male,1988-11-06,66419480779,08097711430,https://www.commcarehq.org/photos/farmer_790.jpg,2,crop_farming,9,owned,1,rain-fed,---,rice,---,---,2.4,---,---,---,10.4533181 7.5253063 0.0 20.0,yes,6314a876-89dd-4604-a220-56155e7464a1,2026-06-12 00:07:00,2026-06-12,tester,2026-06-12 00:07:16,https://www.commcarehq.org/form/ce2b64fc-bde8-46b5-a917-aa74c72aa5f1,tester
791,f78f355d-5ecd-4b24-bc63-9cd6ef9944dd,community_03,Ibrahim,Michael,male,1993-11-20,14451951253,08022574014,https://www.commcarehq.org/photos/farmer_791.jpg,8,crop_farming,6,family_land,2,rain-fed,---,groundnuts maize rice,2.4,6.3,1.7,goats,15,---,10.4905781 7.4801432 0.0 20.0,yes,b36a5174-2583-4cd7-bc2f-972ef7df17eb,2026-05-29 00:08:00,2026-05-29,tester,2026-05-29 00:08:19,https://www.commcarehq.org/form/f78f355d-5ecd-4b24-bc63-9cd6ef9944dd,tester
792,c8823073-488b-4e0d-8aa9-40c5b7b6d30b,community_07,Samuel,Ojo,male,2001-11-05,,08059356836,https://www.commcarehq.org/photos/farmer_792.jpg,4,livestock_farming,3,owned,1,dam_reservoir,---,rice maize groundnuts,1.7,1.9,1.2,goats,4,---,10.2652139 7.4177452 0.0 20.0,yes,53306a92-c6d6-4f31-a941-08c7b94e87d5,2026-05-17 00:05:00,2026-05-17,tester,2026-05-17 00:05:19,https://www.commcarehq.org/form/c8823073-488b-4e0d-8aa9-40c5b7b6d30b,tester
793,40028276-dd81-4961-90f1-2b5dbe41e3ce,community_01,Ahmed,Tanko,male,1997-08-28,88652815869,08086212405,https://www.commcarehq.org/photos/farmer_793.jpg,9,crop_farming,4,owned,1,rain-fed,---,maize groundnuts rice,0.9,1.8,1.7,rabbits,---,37,10.5100243 7.2302786 0.0 20.0,yes,fb3a11a1-157d-4218-afe2-fcf83a4629ef,2026-01-05 00:02:00,2026-01-05,tester,2026-01-05 00:02:16,https://www.commcarehq.org/form/40028276-dd81-4961-90f1-2b5dbe41e3ce,tester
794,5b53a07d-0d74-4aa5-be24-9b8a97e61cdc,community_06,John,Ali,male,1970-12-21,96454686975,08064549934,https://www.commcarehq.org/photos/farmer_794.jpg,7,mixed_farming,19,owned,2,rain-fed,---,maize rice groundnuts,2.7,2.4,2.8,---,---,---,10.425258 7.4526165 0.0 20.0,yes,ef5995fb-e91b-4cce-b4b6-6f0936112184,2026-03-18 00:06:00,2026-03-18,tester,2026-03-18 00:06:16,https://www.commcarehq.org/form/5b53a07d-0d74-4aa5-be24-9b8a97e61cdc,tester
795,b4067b67-9c72-40d4-bf45-a6ce4cd913a5,community_06,Joy,Ahmed,female,1977-01-18,,08061881998,https://www.commcarehq.org/photos/farmer_795.jpg,7,mixed_farming,3,owned,4,rain-fed,---,groundnuts rice maize,2.6,2.7,1.5,goats rabbits,6,15,10.2161441 7.5227332 0.0 20.0,yes,a7b28cd7-ff50-4df8-b379-bbb1b7e979a1,2026-06-11 00:05:00,2026-06-11,tester,2026-06-11 00:05:13,https://www.commcarehq.org/form/b4067b67-9c72-40d4-bf45-a6ce4cd913a5,tester
796,9558fc9c-5e60-49b6-b151-edbe2924796f,community_03,Amina,Yakubu,female,1982-06-13,60374734317,08062701982,https://www.commcarehq.org/photos/farmer_796.jpg,8,livestock_farming,14,owned,3,borehole,---,maize groundnuts rice,2.5,1.0,2.4,goats,24,---,10.2659064 7.3912781 0.0 20.0,yes,bdf6842e-b00f-4400-a95b-e40ae77d0f82,2026-05-26 00:02:00,2026-05-26,tester,2026-05-26 00:02:05,https://www.commcarehq.org/form/9558fc9c-5e60-49b6-b151-edbe2924796f,tester
797,096f51a0-38bd-47aa-8aad-ec86a4383256,community_02,Joy,Ibrahim,female,1993-08-08,53610510719,08030559723,https://www.commcarehq.org/photos/farmer_797.jpg,8,mixed_farming,6,owned,1,borehole,---,maize groundnuts rice,1.6,3.0,1.1,goats rabbits,6,9,10.2602949 7.5093088 0.0 20.0,yes,9c6f6670-e328-48f4-899b-f5f69cd677ce,2026-06-28 00:07:00,2026-06-28,tester,2026-06-28 00:07:11,https://www.commcarehq.org/form/096f51a0-38bd-47aa-8aad-ec86a4383256,tester
798,d0d20642-31df-4693-8fa7-c495c8fc7008,community_04,Peter,Musa,male,1981-09-29,81374063151,08090550348,https://www.commcarehq.org/photos/farmer_798.jpg,4,crop_farming,19,leased,1,rain-fed,---,groundnuts,1.3,---,---,---,---,---,10.4784761 7.2376401 0.0 20.0,yes,bd814e9a-bf15-46f9-871a-cd46ca757581,2026-03-01 00:08:00,2026-03-01,tester,2026-03-01 00:08:18,https://www.commcarehq.org/form/d0d20642-31df-4693-8fa7-c495c8fc7008,tester
799,ed6103cd-c216-4494-bffb-305d36535263,community_06,Binta,David,male,1963-11-12,99585534115,08025568740,https://www.commcarehq.org/photos/farmer_799.jpg,1,crop_farming,16,owned,2,rain-fed,---,groundnuts maize,2.7,3.3,---,goats,3,---,10.3983726 7.338701 0.0 20.0,yes,afcfc9f8-9a37-4705-975e-f11e27569aa6,2026-04-02 00:07:00,2026-04-02,tester,2026-04-02 00:07:19,https://www.commcarehq.org/form/ed6103cd-c216-4494-bffb-305d36535263,tester
800,5d8df0a0-6441-4660-8e85-249277b6fe73,community_01,Fatima,Haruna,male,1974-12-25,81478949214,08070969076,https://www.commcarehq.org/photos/farmer_800.jpg,6,livestock_farming,25,leased,5,river_stream,---,groundnuts,1.4,---,---,---,---,---,10.4388784 7.534919 0.0 20.0,yes,a7d1e591-c961-4d08-a860-cd7ae63424c7,2026-06-25 00:06:00,2026-06-25,tester,2026-06-25 00:06:12,https://www.commcarehq.org/form/5d8df0a0-6441-4660-8e85-249277b6fe73,tester
801,2e8c3387-df6a-49b0-aa8e-03416c877241,community_06,Sarah,Lawal,male,1986-06-27,80086459937,08087580651,https://www.commcarehq.org/photos/farmer_801.jpg,4,crop_farming,13,owned,3,rain-fed,---,rice groundnuts maize,1.1,2.5,3.1,---,---,---,10.2568563 7.5403672 0.0 20.0,yes,cebfee6d-b86d-4f77-a08f-d39edd5763ca,2026-05-19 00:08:00,2026-05-19,tester,2026-05-19 00:08:09,https://www.commcarehq.org/form/2e8c3387-df6a-49b0-aa8e-03416c877241,tester
802,2cf0175c-9416-43e8-bc9e-16dc94a45973,community_05,Mercy,Johnson,female,1995-03-23,80054412810,08087245271,https://www.commcarehq.org/photos/farmer_802.jpg,7,livestock_farming,9,owned,2,rain-fed,---,maize rice,---,3.0,3.6,goats,15,---,10.5774921 7.3062996 0.0 20.0,yes,b2e8f7d2-f1ca-4ff1-864e-91f7ecacda3d,2026-05-06 00:08:00,2026-05-06,tester,2026-05-06 00:08:07,https://www.commcarehq.org/form/2cf0175c-9416-43e8-bc9e-16dc94a45973,tester
803,a2042823-a35c-4199-bc72-120487d7decc,community_01,Joseph,Garba,male,1993-09-18,16011390215,08013351720,https://www.commcarehq.org/photos/farmer_803.jpg,6,crop_farming,4,family_land,6,rain-fed,---,maize,---,2.8,---,goats,8,---,10.2304512 7.4065588 0.0 20.0,yes,0ddb3544-dbf4-497b-858c-01f9abc24026,2026-01-06 00:08:00,2026-01-06,tester,2026-01-06 00:08:15,https://www.commcarehq.org/form/a2042823-a35c-4199-bc72-120487d7decc,tester
804,c9f3ffe6-0bed-4dd5-9362-06aa92b92798,community_03,Yusuf,Ojo,male,1958-04-20,,8052528782,https://www.commcarehq.org/photos/farmer_804.jpg,2,crop_farming,44,owned,3,other,Spring Water,rice maize,---,5.2,0.6,goats,2,---,10.2370863 7.5821124 0.0 20.0,yes,28a0a1f7-b4e8-4903-a299-8afea47249d1,2026-02-05 00:03:00,2026-02-05,tester,2026-02-05 00:03:20,https://www.commcarehq.org/form/c9f3ffe6-0bed-4dd5-9362-06aa92b92798,tester
805,ad2fc22b-b735-4e7e-aa4a-1144fc7b9451,community_06,Peter,Yakubu,male,1981-07-26,96324481804,08089482723,https://www.commcarehq.org/photos/farmer_805.jpg,3,mixed_farming,15,owned,4,borehole,---,rice groundnuts maize,2.2,5.9,0.6,goats,8,---,10.4772694 7.3038487 0.0 20.0,yes,78c8f92b-7139-4132-b1fe-d796fda06fc3,2026-01-05 00:03:00,2026-01-05,tester,2026-01-05 00:03:13,https://www.commcarehq.org/form/ad2fc22b-b735-4e7e-aa4a-1144fc7b9451,tester
806,ca5ee171-944c-417d-b541-9a5431eeb20b,community_06,Binta,Mohammed,female,1988-11-15,68802514745,08014575818,https://www.commcarehq.org/photos/farmer_806.jpg,7,mixed_farming,13,owned,2,river_stream,---,rice maize groundnuts,2.6,1.3,1.7,---,---,---,10.2448984 7.5867374 0.0 20.0,yes,b411dbd1-d7cd-4e99-8983-cefb8bc90da4,2026-01-18 00:07:00,2026-01-18,tester,2026-01-18 00:07:19,https://www.commcarehq.org/form/ca5ee171-944c-417d-b541-9a5431eeb20b,tester
807,9ca15382-e7c5-41c2-be4b-6415fab2cc32,community_02,Musa,Ali,female,1970-09-19,83928664675,08021276766,https://www.commcarehq.org/photos/farmer_807.jpg,9,crop_farming,19,family_land,2,dam_reservoir,---,rice groundnuts maize,2.6,5.7,3.2,---,---,---,10.3127367 7.4795404 0.0 20.0,yes,dfea618d-8599-475e-b5ea-18da6ca609ec,2026-02-14 00:07:00,2026-02-14,tester,2026-02-14 00:07:12,https://www.commcarehq.org/form/9ca15382-e7c5-41c2-be4b-6415fab2cc32,tester
808,1f2bb9da-1e2f-42ab-bd0f-14db1a9aadce,community_02,Daniel,Lawal,male,1959-08-25,89422289148,08091294324,https://www.commcarehq.org/photos/farmer_808.jpg,8,crop_farming,36,owned,3,rain-fed,---,maize groundnuts rice,0.7,4.8,0.5,rabbits,---,28,10.2477041 7.3202787 0.0 20.0,yes,638a30e3-7f1c-4357-9eb0-3aa3700f3c0b,2026-03-07 00:05:00,2026-03-07,tester,2026-03-07 00:05:07,https://www.commcarehq.org/form/1f2bb9da-1e2f-42ab-bd0f-14db1a9aadce,tester
809,610199bf-9d3e-4811-ad40-afb48697eb3b,community_07,Blessing,Tanko,male,1998-11-16,32778063533,08073927755,https://www.commcarehq.org/photos/farmer_809.jpg,8,crop_farming,8,leased,3,rain-fed,---,rice maize groundnuts,0.5,3.3,2.5,goats,6,---,10.2690327 7.5725686 0.0 20.0,yes,abdd6253-8f94-4798-b291-fcc8c16a6d50,2026-06-16 00:07:00,2026-06-16,tester,2026-06-16 00:07:05,https://www.commcarehq.org/form/610199bf-9d3e-4811-ad40-afb48697eb3b,tester
810,9758ffc0-fe62-417e-a2f2-c1cc10e09aa6,community_04,Rebecca,Lawal,male,1977-06-13,64399386701,08040537298,https://www.commcarehq.org/photos/farmer_810.jpg,8,crop_farming,13,family_land,3,other,Spring Water,groundnuts,1.0,---,---,---,---,---,10.5327866 7.4997053 0.0 20.0,yes,d2148503-070f-423c-827e-0093908e2da8,2026-01-06 00:05:00,2026-01-06,tester,2026-01-06 00:05:06,https://www.commcarehq.org/form/9758ffc0-fe62-417e-a2f2-c1cc10e09aa6,tester
811,03b6a531-1c9b-43fe-8039-e924fd88b142,community_06,Ruth,Yakubu,female,1977-12-12,,08074851487,https://www.commcarehq.org/photos/farmer_811.jpg,3,mixed_farming,9,owned,6,borehole,---,rice maize,---,3.7,3.5,rabbits,---,28,10.3390453 7.5409689 0.0 20.0,yes,1e97e2ad-416b-4838-9253-74a2914e52db,2026-06-22 00:08:00,2026-06-22,tester,2026-06-22 00:08:13,https://www.commcarehq.org/form/03b6a531-1c9b-43fe-8039-e924fd88b142,tester
812,4c56f190-9f3b-490b-b6f4-06aa64957fc8,community_06,JOSEPH,JOHNSON,male,1990-01-07,,+2348005119243,https://www.commcarehq.org/photos/farmer_812.jpg,3,crop_farming,5,owned,2,rain-fed,---,groundnuts,1.0,---,---,---,---,---,10.5808141 7.3022757 0.0 20.0,yes,0f6f8073-1980-4d29-ac49-b89edeeadf03,2026-04-06 00:05:00,2026-04-06,tester,2026-04-06 00:05:12,https://www.commcarehq.org/form/4c56f190-9f3b-490b-b6f4-06aa64957fc8,tester
813,bd4a0493-4ddf-49ea-8765-3525266697e6,community_02,Hauwa,Philip,female,2001-02-25,,08003343623,https://www.commcarehq.org/photos/farmer_813.jpg,6,mixed_farming,2,owned,3,other,Rainwater Harvesting,maize groundnuts rice,2.3,5.1,2.6,goats,6,---,10.2922193 7.5971638 0.0 20.0,yes,4d6b96f4-0458-4769-8295-b22e9208f0d4,2026-05-17 00:04:00,2026-05-17,tester,2026-05-17 00:04:17,https://www.commcarehq.org/form/bd4a0493-4ddf-49ea-8765-3525266697e6,tester
814,c160c871-6ee6-4a8c-aaa7-b5f29c9876b5,community_01,Emmanuel,Yakubu,male,2004-10-25,,08017208787,https://www.commcarehq.org/photos/farmer_814.jpg,11,crop_farming,2,owned,1,rain-fed,---,groundnuts rice,1.1,---,3.2,---,---,---,10.4149625 7.5242791 0.0 20.0,yes,ee0e421a-2e02-45eb-856f-457cde1f7837,2026-03-13 00:04:00,2026-03-13,tester,2026-03-13 00:04:17,https://www.commcarehq.org/form/c160c871-6ee6-4a8c-aaa7-b5f29c9876b5,tester
815,815060dc-dcb0-44d8-bee0-dfa05af160dd,community_05,Fatima,Peter,male,1977-08-27,,+2348022157676,https://www.commcarehq.org/photos/farmer_815.jpg,3,mixed_farming,18,owned,3,rain-fed,---,maize rice groundnuts,2.3,4.6,0.8,---,---,---,10.5166201 7.385427 0.0 20.0,yes,5ba2c3c9-07f4-4b66-aba7-49d756b80778,2026-04-22 00:04:00,2026-04-22,tester,2026-04-22 00:04:05,https://www.commcarehq.org/form/815060dc-dcb0-44d8-bee0-dfa05af160dd,tester
816,fa13de6a-6bd8-48fc-8743-2c3a57149414,community_02,Yusuf,Peter,female,1986-12-04,93161989497,08027192806,https://www.commcarehq.org/photos/farmer_816.jpg,7,livestock_farming,22,owned,1,rain-fed,---,groundnuts rice,0.9,---,2.6,goats,20,---,10.3682424 7.3381781 0.0 20.0,yes,78fe2499-df74-48d5-9b53-6a05f2754e37,2026-01-21 00:07:00,2026-01-21,tester,2026-01-21 00:07:05,https://www.commcarehq.org/form/fa13de6a-6bd8-48fc-8743-2c3a57149414,tester
817,269b2d1f-f612-4aac-9d7d-a39d3466319c,community_01,Amina,David,male,1967-12-21,17590981660,08044944885,https://www.commcarehq.org/photos/farmer_817.jpg,7,mixed_farming,40,owned,6,rain-fed,---,groundnuts maize,1.5,1.4,---,goats,20,---,8.2013674 7.2142194 0.0 20.0,yes,74a8946b-845f-485c-99d0-fea38946b163,2026-05-27 00:07:00,2026-05-27,tester,2026-05-27 00:07:18,https://www.commcarehq.org/form/269b2d1f-f612-4aac-9d7d-a39d3466319c,tester
818,855b6dc4-3690-4702-b430-33d369895401,community_02,Hauwa,Mohammed,female,1957-07-15,59662200906,08037446300,https://www.commcarehq.org/photos/farmer_818.jpg,9,crop_farming,10,family_land,2,rain-fed,---,groundnuts rice,1.4,---,1.9,---,---,---,10.4817908 7.274355 0.0 20.0,yes,428fbac8-ed58-4a7d-aaef-4fdedd74616d,2026-02-22 00:04:00,2026-02-22,tester,2026-02-22 00:04:19,https://www.commcarehq.org/form/855b6dc4-3690-4702-b430-33d369895401,tester
819,a82a8188-40f7-438a-a2a7-1ea2053834ed,community_02,John,Eze,female,1990-07-08,,08050054777,https://www.commcarehq.org/photos/farmer_819.jpg,4,crop_farming,10,leased,2,rain-fed,---,rice groundnuts maize,1.8,4.2,2.7,goats,17,---,10.5179838 7.5147568 0.0 20.0,yes,ce2d275b-c2d1-442c-82f8-7b283268d0e1,2026-01-06 00:06:00,2026-01-06,tester,2026-01-06 00:06:11,https://www.commcarehq.org/form/a82a8188-40f7-438a-a2a7-1ea2053834ed,tester
820,9accb6fb-d14b-40dd-8b4c-128255909a60,community_04,Elizabeth,Usman,male,1954-08-27,,08012787498,https://www.commcarehq.org/photos/farmer_820.jpg,5,mixed_farming,15,owned,3,borehole,---,maize groundnuts rice,2.1,2.8,1.7,---,---,---,10.3770008 7.519539 0.0 20.0,yes,83976dd5-dc58-4564-b748-84bc1f3d8441,2026-04-26 00:05:00,2026-04-26,tester,2026-04-26 00:05:07,https://www.commcarehq.org/form/9accb6fb-d14b-40dd-8b4c-128255909a60,tester
821,18d60464-e7d7-4efe-9081-d786390e4ca0,community_04,Elizabeth,Lawal,male,1989-02-20,58378610317,08008565370,https://www.commcarehq.org/photos/farmer_821.jpg,2,mixed_farming,6,owned,1,river_stream,---,maize rice,---,4.1,1.1,goats,5,---,10.3555504 7.5290178 0.0 20.0,yes,55a2021b-f08d-416d-a4a0-c8a748708884,2026-01-17 00:02:00,2026-01-17,tester,2026-01-17 00:02:06,https://www.commcarehq.org/form/18d60464-e7d7-4efe-9081-d786390e4ca0,tester
822,39adf400-c69b-4e93-b642-5dd97e02eb57,community_02,Deborah,Ahmed,male,1990-07-10,,08050422491,https://www.commcarehq.org/photos/farmer_822.jpg,8,crop_farming,4,family_land,1,rain-fed,---,rice maize groundnuts,2.9,3.8,1.9,---,---,---,10.228052 7.4252116 0.0 20.0,yes,1f93b0d2-c87b-4b91-b095-e8587c6e8ffb,2026-01-11 00:08:00,2026-01-11,tester,2026-01-11 00:08:14,https://www.commcarehq.org/form/39adf400-c69b-4e93-b642-5dd97e02eb57,tester
823,6015612e-e8f5-400d-860e-f2c424876563,community_01,Esther,Eze,male,1993-10-04,11722680005,08012377057,https://www.commcarehq.org/photos/farmer_823.jpg,6,crop_farming,15,leased,5,river_stream,---,groundnuts rice,2.8,---,2.5,goats,22,---,10.439095 7.4430342 0.0 20.0,yes,75cc7c3e-894f-4f4d-bd70-008a239a5285,2026-01-30 00:03:00,2026-01-30,tester,2026-01-30 00:03:17,https://www.commcarehq.org/form/6015612e-e8f5-400d-860e-f2c424876563,tester
824,3434e513-464e-4538-868d-7e3993bbea2a,community_05,SULEIMAN,samuel,male,1994-09-18,90790737428,08029445744,https://www.commcarehq.org/photos/farmer_824.jpg,2,crop_farming,14,owned,1,dam_reservoir,---,rice maize groundnuts,1.7,6.0,0.9,goats,6,---,10.2880013 7.5251122 0.0 20.0,yes,b4a873a4-fd4c-450e-9082-6237b6a8f957,2026-02-19 00:04:00,2026-02-19,tester,2026-02-19 00:04:16,https://www.commcarehq.org/form/3434e513-464e-4538-868d-7e3993bbea2a,tester
825,7307f1d1-cf0d-4e20-a543-31d87bf99710,community_01,Sarah,Musa,female,1958-06-27,,08098469435,https://www.commcarehq.org/photos/farmer_825.jpg,6,mixed_farming,25,owned,1,irrigation_scheme,---,maize,---,5.2,---,---,---,---,10.4598666 7.56674 0.0 20.0,yes,da397c97-4688-4cee-9ddf-4fc38096f9d7,2026-06-01 00:08:00,2026-06-01,tester,2026-06-01 00:08:16,https://www.commcarehq.org/form/7307f1d1-cf0d-4e20-a543-31d87bf99710,tester
826,a2c2c3cf-3913-4445-86d4-122a234b917f,community_07,David,Johnson,male,2007-05-07,21352544027,08058616626,https://www.commcarehq.org/photos/farmer_826.jpg,7,crop_farming,1,owned,3,rain-fed,---,groundnuts rice maize,2.5,1.8,3.3,---,---,---,10.3721899 7.4632422 0.0 20.0,yes,62e5fd9b-14d1-4476-85a6-778fc1dfa7a8,2026-06-04 00:08:00,2026-06-04,tester,2026-06-04 00:08:08,https://www.commcarehq.org/form/a2c2c3cf-3913-4445-86d4-122a234b917f,tester
827,f9b15a60-deba-40d6-bb94-7dd90629bf22,community_06,Naomi,Okafor,female,1976-12-18,,08002010787,https://www.commcarehq.org/photos/farmer_827.jpg,3,crop_farming,7,leased,3,rain-fed,---,maize groundnuts rice,2.2,3.5,0.9,goats,19,---,10.3092701 7.4255692 0.0 20.0,yes,817cf538-4658-41fa-89a3-ee8dc8ba9536,2026-05-25 00:04:00,2026-05-25,tester,2026-05-25 00:04:05,https://www.commcarehq.org/form/f9b15a60-deba-40d6-bb94-7dd90629bf22,tester
828,ab6f0725-cb9e-40c7-b3a9-0d827f16f623,community_06,Amina,Okafor,female,1970-11-01,30734795476,08064345669,https://www.commcarehq.org/photos/farmer_828.jpg,11,crop_farming,18,owned,1,borehole,---,rice maize,---,3.2,3.5,---,---,---,10.2716566 7.5391888 0.0 20.0,yes,e81e5e9d-7d28-4260-b0cb-7a2cde0bb19f,2026-06-10 00:06:00,2026-06-10,tester,2026-06-10 00:06:14,https://www.commcarehq.org/form/ab6f0725-cb9e-40c7-b3a9-0d827f16f623,tester
829,d3f2f677-e7ee-42d4-ba51-5b5e8c343995,community_03,Emmanuel,David,female,1971-04-07,75651543288,08019442783,https://www.commcarehq.org/photos/farmer_829.jpg,2,mixed_farming,25,owned,2,borehole,---,maize rice groundnuts,2.4,2.4,2.3,goats,14,---,10.4377984 7.4525306 0.0 20.0,yes,51355fc5-7efa-4353-8caa-b7f20b8eb21e,2026-04-16 00:05:00,2026-04-16,tester,2026-04-16 00:05:06,https://www.commcarehq.org/form/d3f2f677-e7ee-42d4-ba51-5b5e8c343995,tester
830,d198860f-72d5-49b9-917f-4fda4d20d80e,community_01,Daniel,David,male,1978-07-28,19269128201,08088410932,https://www.commcarehq.org/photos/farmer_830.jpg,4,mixed_farming,27,owned,3,river_stream,---,maize rice groundnuts,1.6,1.1,3.8,goats rabbits,6,25,10.5632771 7.5588376 0.0 20.0,yes,f7a60dbb-b205-42f3-9c04-aecddbea7f98,2026-01-23 00:03:00,2026-01-23,tester,2026-01-23 00:03:08,https://www.commcarehq.org/form/d198860f-72d5-49b9-917f-4fda4d20d80e,tester
831,54f9a7b5-aadc-4992-8283-f5e9fc941a03,community_04,Daniel,Philip,male,1987-03-16,40706497825,+2348017700182,https://www.commcarehq.org/photos/farmer_831.jpg,5,crop_farming,9,leased,3,rain-fed,---,rice,---,---,3.7,---,---,---,10.4778667 7.5201435 0.0 20.0,yes,89e276eb-1673-4c0f-afa9-c6aac22b01e9,2026-06-12 00:05:00,2026-06-12,tester,2026-06-12 00:05:20,https://www.commcarehq.org/form/54f9a7b5-aadc-4992-8283-f5e9fc941a03,tester
832,36b849c7-d129-4778-bfe1-cd5e12557efa,community_04,Mercy,Peter,female,1994-05-21,,+2348045226567,https://www.commcarehq.org/photos/farmer_832.jpg,3,livestock_farming,13,family_land,5,rain-fed,---,maize rice,---,3.6,2.7,---,---,---,10.4717131 7.3446488 0.0 20.0,yes,530fb3b9-ada4-45e6-b036-03c17770d8d6,2026-03-14 00:08:00,2026-03-14,tester,2026-03-14 00:08:16,https://www.commcarehq.org/form/36b849c7-d129-4778-bfe1-cd5e12557efa,tester
833,9616baef-f94f-407d-a17c-12e3f0d19a8d,community_06,David,Daniel,female,1987-10-12,78685720604,08081371330,https://www.commcarehq.org/photos/farmer_833.jpg,6,mixed_farming,18,owned,1,rain-fed,---,groundnuts rice,1.8,---,2.2,goats,10,---,10.389126 7.3518764 0.0 20.0,yes,a85f39ab-9c09-4ea3-a887-2f3f40cb4082,2026-01-12 00:06:00,2026-01-12,tester,2026-01-12 00:06:09,https://www.commcarehq.org/form/9616baef-f94f-407d-a17c-12e3f0d19a8d,tester
834,f4038376-a1d3-4eea-a07c-712fe9ba2da8,community_04,Ruth,Ahmed,male,1977-11-27,30036565675,08004268733,https://www.commcarehq.org/photos/farmer_834.jpg,1,crop_farming,21,owned,2,dam_reservoir,---,maize groundnuts,0.5,5.4,---,goats rabbits,14,20,10.3421888 7.4363524 0.0 20.0,yes,6aec1fe3-9bee-4806-9de0-39844c4a0613,2026-04-08 00:04:00,2026-04-08,tester,2026-04-08 00:04:16,https://www.commcarehq.org/form/f4038376-a1d3-4eea-a07c-712fe9ba2da8,tester
835,2797d70d-a325-4fe6-b122-538dd34d82bb,community_05,musa,Mohammed,female,1986-09-01,,08001828879,https://www.commcarehq.org/photos/farmer_835.jpg,4,crop_farming,3,owned,1,borehole,---,groundnuts maize,1.3,4.1,---,goats,24,---,10.3423779 7.4206194 0.0 20.0,yes,4c8b23bd-0cfa-4f42-926f-3865361cac56,2026-01-18 00:07:00,2026-01-18,tester,2026-01-18 00:07:07,https://www.commcarehq.org/form/2797d70d-a325-4fe6-b122-538dd34d82bb,tester
836,75b583b5-3e87-40a7-b152-9f99fb1491e8,community_06,Ruth,Yakubu,male,1962-05-19,29717178811,08042492195,https://www.commcarehq.org/photos/farmer_836.jpg,3,crop_farming,11,owned,3,rain-fed,---,groundnuts maize,1.6,4.6,---,---,---,---,10.5513514 7.5511559 0.0 20.0,yes,5ffdd98c-6b37-4976-bdb7-bf6b42dca955,2026-04-12 00:06:00,2026-04-12,tester,2026-04-12 00:06:19,https://www.commcarehq.org/form/75b583b5-3e87-40a7-b152-9f99fb1491e8,tester
837,a4a9f865-acb7-44bf-b777-2002c200ea3e,community_02,Ruth,balogun,female,1989-07-01,67488119786,08089306491,https://www.commcarehq.org/photos/farmer_837.jpg,7,livestock_farming,18,owned,3,rain-fed,---,maize groundnuts rice,1.9,2.1,2.0,goats,24,---,10.4394787 7.2790245 0.0 20.0,no,86d5e20f-1919-4537-8b18-be69b6d8a443,2026-03-18 00:07:00,2026-03-18,tester,2026-03-18 00:07:16,https://www.commcarehq.org/form/a4a9f865-acb7-44bf-b777-2002c200ea3e,tester
838,87a92baf-f82c-4ea7-9384-830d79c68cd4,community_05,Joy,Usman,female,1985-12-18,65691218903,08002321292,https://www.commcarehq.org/photos/farmer_838.jpg,5,mixed_farming,18,owned,3,other,Community Well,groundnuts rice,2.9,---,1.1,goats,14,---,10.387073 7.4728837 0.0 20.0,yes,bda6eb78-ee71-48f7-b040-462c86a12c3f,2026-01-05 00:04:00,2026-01-05,tester,2026-01-05 00:04:12,https://www.commcarehq.org/form/87a92baf-f82c-4ea7-9384-830d79c68cd4,tester
839,5296253f-3557-42a4-a385-d33c01a20eef,community_06,James,Ojo,female,1996-12-10,,08059788752,https://www.commcarehq.org/photos/farmer_839.jpg,3,mixed_farming,2,owned,6,rain-fed,---,maize groundnuts rice,1.5,3.1,2.2,---,---,---,10.344352 7.4235998 0.0 20.0,yes,95b6277f-d0e4-4bdb-ac25-c8f8aaa39928,2026-03-21 00:02:00,2026-03-21,tester,2026-03-21 00:02:20,https://www.commcarehq.org/form/5296253f-3557-42a4-a385-d33c01a20eef,tester
840,38bbea7f-cdab-4a64-b2e8-d41905a35fd1,community_02,Hauwa,Bello,female,1988-06-28,,08067178160,https://www.commcarehq.org/photos/farmer_840.jpg,6,livestock_farming,2,owned,1,rain-fed,---,rice groundnuts,1.3,---,1.1,goats,10,---,10.2625135 7.2298343 0.0 20.0,yes,50b13178-3735-49a5-863d-89acf8a69ebf,2026-06-04 00:02:00,2026-06-04,tester,2026-06-04 00:02:07,https://www.commcarehq.org/form/38bbea7f-cdab-4a64-b2e8-d41905a35fd1,tester
841,feba4419-bbb0-47d7-b7b6-1b3259417cf5,community_01,Suleiman,Yakubu,female,2002-03-01,,08070896509,https://www.commcarehq.org/photos/farmer_841.jpg,6,crop_farming,4,family_land,3,borehole,---,maize groundnuts,2.9,4.0,---,goats,3,---,10.5046702 7.3832277 0.0 20.0,yes,aed703d5-8e84-4edd-82da-2361eb1f3593,2026-02-27 00:07:00,2026-02-27,tester,2026-02-27 00:07:10,https://www.commcarehq.org/form/feba4419-bbb0-47d7-b7b6-1b3259417cf5,tester
842,041515e2-2d6d-4265-b56a-b502e6a38f09,community_01,Esther,Abdullahi,male,1984-02-26,,08064673941,https://www.commcarehq.org/photos/farmer_842.jpg,6,mixed_farming,10,family_land,1,rain-fed,---,groundnuts rice,2.3,---,3.5,goats,20,---,10.3361327 7.4033544 0.0 20.0,yes,2b2538e6-8eca-4eac-99e2-50392cbe82b7,2026-06-14 00:07:00,2026-06-14,tester,2026-06-14 00:07:18,https://www.commcarehq.org/form/041515e2-2d6d-4265-b56a-b502e6a38f09,tester
843,2a4b61b7-f45a-44ec-a02d-8d18d23edf25,community_05,Grace,Philip,female,1986-11-11,80208837824,08039888226,https://www.commcarehq.org/photos/farmer_843.jpg,4,crop_farming,16,owned,2,rain-fed,---,rice maize,---,5.8,3.2,goats,14,---,10.5193985 7.4941408 0.0 20.0,yes,5c64b113-df07-4565-a216-a1e1893c7ad7,2026-06-17 00:07:00,2026-06-17,tester,2026-06-17 00:07:17,https://www.commcarehq.org/form/2a4b61b7-f45a-44ec-a02d-8d18d23edf25,tester
844,117225f8-86a2-4f82-ab30-081de90b5eaa,community_03,James,Haruna,female,1989-05-31,99515533545,08082898671,https://www.commcarehq.org/photos/farmer_844.jpg,3,crop_farming,1,owned,2,borehole,---,maize rice groundnuts,2.1,2.1,3.6,goats,13,---,10.5467598 7.2130153 0.0 20.0,yes,eb8d3810-0b66-4329-bb3a-0c1430544aa8,2026-05-15 00:02:00,2026-05-15,tester,2026-05-15 00:02:16,https://www.commcarehq.org/form/117225f8-86a2-4f82-ab30-081de90b5eaa,tester
845,251a361a-80f6-4c63-b156-3835fad10bde,community_02,John,Daniel,female,1989-09-16,94703693908,08014395627,https://www.commcarehq.org/photos/farmer_845.jpg,6,livestock_farming,9,owned,1,rain-fed,---,rice,---,---,1.4,goats rabbits,5,11,10.3630445 7.4066101 0.0 20.0,yes,235ad3e4-a0a3-43d0-bbda-bebc6a8705dd,2026-04-26 00:07:00,2026-04-26,tester,2026-04-26 00:07:18,https://www.commcarehq.org/form/251a361a-80f6-4c63-b156-3835fad10bde,tester
846,403fff2a-fedb-4768-acc7-9632201a1f65,community_02,Naomi,Ahmed,female,1980-02-27,,08099340281,https://www.commcarehq.org/photos/farmer_846.jpg,6,mixed_farming,9,owned,4,borehole,---,maize groundnuts rice,2.7,0.6,2.7,goats,17,---,10.24407 7.549541 0.0 20.0,yes,b3c2054b-90d5-409a-ab77-3b96558c7011,2026-04-11 00:04:00,2026-04-11,tester,2026-04-11 00:04:13,https://www.commcarehq.org/form/403fff2a-fedb-4768-acc7-9632201a1f65,tester
847,d25d1eba-f5a9-4cc7-96cf-0e6b9af98f0d,community_04,Samuel,Ibrahim,female,1978-04-04,,08080028462,https://www.commcarehq.org/photos/farmer_847.jpg,6,crop_farming,26,leased,3,rain-fed,---,maize,---,0.7,---,rabbits,---,27,10.544287 7.3881485 0.0 20.0,yes,bf297a57-bac9-4696-95d3-cde42c63c600,2026-05-01 00:02:00,2026-05-01,tester,2026-05-01 00:02:20,https://www.commcarehq.org/form/d25d1eba-f5a9-4cc7-96cf-0e6b9af98f0d,tester
848,8beea49d-9e78-4da3-830a-d9c111649284,community_01,Deborah,Philip,female,1985-04-21,64626741768,08098514255,https://www.commcarehq.org/photos/farmer_848.jpg,5,mixed_farming,7,leased,1,dam_reservoir,---,groundnuts maize,2.8,3.5,---,---,---,---,8.8902952 9.4208027 0.0 20.0,yes,e29b35be-b664-48dd-8580-0c1d738e97ff,2026-04-14 00:08:00,2026-04-14,tester,2026-04-14 00:08:16,https://www.commcarehq.org/form/8beea49d-9e78-4da3-830a-d9c111649284,tester
849,aea49ecf-37ac-4dbc-91f6-e55bda103756,community_01,Amina,Haruna,male,2007-11-16,86284425270,08063529825,https://www.commcarehq.org/photos/farmer_849.jpg,5,livestock_farming,1,family_land,1,river_stream,---,groundnuts maize rice,1.8,4.2,1.2,---,---,---,10.5276671 7.2979433 0.0 20.0,yes,06d087f8-ec24-4e3b-8b84-94d0bc7dcda0,2026-04-10 00:08:00,2026-04-10,tester,2026-04-10 00:08:13,https://www.commcarehq.org/form/aea49ecf-37ac-4dbc-91f6-e55bda103756,tester
850,545abd29-ba32-4383-9f18-30993fb301c4,community_02,Fatima,Usman,male,1976-10-29,,08099856995,https://www.commcarehq.org/photos/farmer_850.jpg,3,mixed_farming,30,family_land,2,river_stream,---,groundnuts maize,2.0,5.2,---,goats rabbits,13,4,10.5595732 7.4428207 0.0 20.0,yes,be336774-3eda-42f9-bec0-8b316d547bb7,2026-06-09 00:05:00,2026-06-09,tester,2026-06-09 00:05:17,https://www.commcarehq.org/form/545abd29-ba32-4383-9f18-30993fb301c4,tester
851,c00fb14c-a5e6-4424-af32-51509cb0cbe6,community_02,Amina,Eze,female,2005-01-04,,08032024613,https://www.commcarehq.org/photos/farmer_851.jpg,3,crop_farming,1,owned,1,rain-fed,---,groundnuts rice,1.9,---,3.7,goats rabbits,11,7,10.4657205 7.41268 0.0 20.0,yes,48edf4e2-7ce1-4af1-879e-dbf73a956ebe,2026-06-27 00:08:00,2026-06-27,tester,2026-06-27 00:08:17,https://www.commcarehq.org/form/c00fb14c-a5e6-4424-af32-51509cb0cbe6,tester
852,85f537a9-4dae-42ae-8a04-8a7df6a92043,community_07,Sarah,Abdullahi,female,1994-07-20,18451222568,08093572548,https://www.commcarehq.org/photos/farmer_852.jpg,7,mixed_farming,12,owned,3,borehole,---,rice,---,---,3.4,goats,4,---,10.3944078 7.5438251 0.0 20.0,yes,2854d288-aef6-4237-a876-3899e6a3dc25,2026-05-12 00:08:00,2026-05-12,tester,2026-05-12 00:08:09,https://www.commcarehq.org/form/85f537a9-4dae-42ae-8a04-8a7df6a92043,tester
853,6cce9c1a-1d80-4b11-8774-a018afa3f3a1,community_03,James,Tanko,male,1994-10-24,60984795368,08034455733,https://www.commcarehq.org/photos/farmer_853.jpg,3,crop_farming,7,family_land,3,rain-fed,---,rice maize groundnuts,0.8,5.3,0.6,---,---,---,10.4217626 7.4340814 0.0 20.0,yes,889a2cbd-5122-424b-b278-1350df389448,2026-03-25 00:07:00,2026-03-25,tester,2026-03-25 00:07:05,https://www.commcarehq.org/form/6cce9c1a-1d80-4b11-8774-a018afa3f3a1,tester
854,e406da8b-6778-4f2a-84ac-0a609ded3e4f,community_04,Sarah,Ojo,male,1992-06-18,11427802517,08048537679,https://www.commcarehq.org/photos/farmer_854.jpg,5,crop_farming,2,owned,4,rain-fed,---,maize rice,---,5.1,2.1,---,---,---,10.3488416 7.5495519 0.0 20.0,yes,afd632a0-806d-43f0-8245-0bc3f8da6963,2026-01-31 00:03:00,2026-01-31,tester,2026-01-31 00:03:11,https://www.commcarehq.org/form/e406da8b-6778-4f2a-84ac-0a609ded3e4f,tester
855,7aa794b8-2b94-4f07-860a-4d8537fb9870,community_04,Sarah,Tanko,male,1982-11-07,16939357002,08000233953,https://www.commcarehq.org/photos/farmer_855.jpg,8,crop_farming,24,family_land,1,rain-fed,---,rice maize groundnuts,2.1,3.4,1.0,goats,9,---,10.2119489 7.2675024 0.0 20.0,yes,7cc9b0e1-73a1-4068-a2b8-eb07a29c2314,2026-04-25 00:04:00,2026-04-25,tester,2026-04-25 00:04:05,https://www.commcarehq.org/form/7aa794b8-2b94-4f07-860a-4d8537fb9870,tester
856,708429e3-9fa0-48b7-a4a3-de6ef1a714c9,community_03,Mary,Abdullahi,male,1973-11-05,63612682895,08038989621,https://www.commcarehq.org/photos/farmer_856.jpg,11,livestock_farming,22,owned,2,rain-fed,---,maize rice,---,5.3,3.9,goats,19,---,10.4654248 7.2814149 0.0 20.0,yes,0b7391f1-edcc-46c7-a724-12aed075ba78,2026-06-18 00:05:00,2026-06-18,tester,2026-06-18 00:05:18,https://www.commcarehq.org/form/708429e3-9fa0-48b7-a4a3-de6ef1a714c9,tester
857,320a798f-0798-40a5-a337-d94f96223e85,community_03,Grace,Sani,female,1986-02-07,,08070570243,https://www.commcarehq.org/photos/farmer_857.jpg,5,mixed_farming,3,family_land,3,rain-fed,---,rice maize,---,5.8,3.2,---,---,---,10.5481362 7.4672919 0.0 20.0,yes,06fab29f-f400-4713-a773-dec6dcff7899,2026-05-15 00:06:00,2026-05-15,tester,2026-05-15 00:06:16,https://www.commcarehq.org/form/320a798f-0798-40a5-a337-d94f96223e85,tester
858,984d705c-50d6-4dae-9044-f7a154a4c956,community_05,Amina,Bello,male,1988-04-01,23283623601,08032040616,https://www.commcarehq.org/photos/farmer_858.jpg,4,crop_farming,16,owned,1,borehole,---,rice,---,---,2.5,goats,7,---,10.5977132 7.2251136 0.0 20.0,yes,16844bc3-bf53-4721-8e71-70afc3125402,2026-02-24 00:06:00,2026-02-24,tester,2026-02-24 00:06:14,https://www.commcarehq.org/form/984d705c-50d6-4dae-9044-f7a154a4c956,tester
859,938c77c6-c9f1-433c-a2cd-f5299e22522b,community_02,Samuel,Yakubu,male,1968-12-06,83048383467,8025027422,https://www.commcarehq.org/photos/farmer_859.jpg,8,mixed_farming,17,owned,6,borehole,---,rice maize,---,2.9,2.0,---,---,---,10.2371697 7.4772226 0.0 20.0,yes,46608104-350b-4df7-892f-e01361cf03de,2026-03-19 00:04:00,2026-03-19,tester,2026-03-19 00:04:10,https://www.commcarehq.org/form/938c77c6-c9f1-433c-a2cd-f5299e22522b,tester
860,396087dd-2051-4122-bc6d-608638998691,community_02,Esther,Ali,female,1991-12-26,,08027630384,https://www.commcarehq.org/photos/farmer_860.jpg,10,mixed_farming,1,family_land,3,rain-fed,---,maize rice groundnuts,2.2,5.3,0.7,---,---,---,10.4151098 7.5359129 0.0 20.0,yes,c3e6e53a-afc5-4434-8d33-14bdf94278c7,2026-02-07 00:03:00,2026-02-07,tester,2026-02-07 00:03:09,https://www.commcarehq.org/form/396087dd-2051-4122-bc6d-608638998691,tester
861,4f0a3f6b-ee0b-4d45-af60-f43d78874d5b,community_02,Mercy,Ibrahim,male,1958-11-21,15453927371,08096054385,https://www.commcarehq.org/photos/farmer_861.jpg,5,livestock_farming,22,owned,2,irrigation_scheme,---,rice maize,---,4.5,2.8,---,---,---,10.348736 7.5204567 0.0 20.0,yes,d8d2f083-0133-401b-be16-dc21b8c112d1,2026-05-24 00:07:00,2026-05-24,tester,2026-05-24 00:07:05,https://www.commcarehq.org/form/4f0a3f6b-ee0b-4d45-af60-f43d78874d5b,tester
862,21725395-c0dd-4397-a778-5699657ac868,community_01,Daniel,Johnson,male,1969-08-23,,08062262424,https://www.commcarehq.org/photos/farmer_862.jpg,5,crop_farming,13,leased,4,rain-fed,---,rice,---,---,2.3,goats,16,---,10.5461835 7.2549152 0.0 20.0,yes,6ec48ca0-f7b5-4198-bbcc-a2152213dfd2,2026-01-22 00:07:00,2026-01-22,tester,2026-01-22 00:07:07,https://www.commcarehq.org/form/21725395-c0dd-4397-a778-5699657ac868,tester
863,a4de65b8-b553-4e6b-a1d4-f4df2adc7180,community_04,Esther,Samuel,female,1980-12-15,40499772736,08028500211,https://www.commcarehq.org/photos/farmer_863.jpg,4,livestock_farming,14,owned,5,borehole,---,rice groundnuts maize,0.8,1.7,0.8,goats,25,---,10.4462411 7.2309681 0.0 20.0,yes,0feb975f-dfe8-4e15-aaf6-95f631c58554,2026-01-12 00:02:00,2026-01-12,tester,2026-01-12 00:02:16,https://www.commcarehq.org/form/a4de65b8-b553-4e6b-a1d4-f4df2adc7180,tester
864,2b9b74ca-feb1-42fa-8e4d-3ef7ca7a6e5a,community_01,Hauwa,Bello,male,1991-09-16,,08046084736,https://www.commcarehq.org/photos/farmer_864.jpg,3,crop_farming,17,family_land,1,river_stream,---,maize rice groundnuts,0.8,0.7,0.8,rabbits,---,10,10.243494 7.4199039 0.0 20.0,yes,4d6dbd98-b2ce-4719-924e-ef6afa270645,2026-03-28 00:08:00,2026-03-28,tester,2026-03-28 00:08:11,https://www.commcarehq.org/form/2b9b74ca-feb1-42fa-8e4d-3ef7ca7a6e5a,tester
865,19397a5b-b023-4248-a34d-3bb2ec4b8816,community_06,Mary,Ahmed,female,1994-06-17,91959506296,08012714381,https://www.commcarehq.org/photos/farmer_865.jpg,4,livestock_farming,6,owned,2,rain-fed,---,maize rice,---,1.4,2.1,goats,3,---,10.362073 7.5566589 0.0 20.0,yes,96fa293d-fb54-4296-88d8-7b16419a058a,2026-02-06 00:05:00,2026-02-06,tester,2026-02-06 00:05:15,https://www.commcarehq.org/form/19397a5b-b023-4248-a34d-3bb2ec4b8816,tester
866,b7fc3882-a741-4b27-916c-d383f8f159a2,community_01,Amina,Michael,female,1952-10-11,89140209610,08004001603,https://www.commcarehq.org/photos/farmer_866.jpg,8,livestock_farming,24,family_land,1,rain-fed,---,groundnuts rice maize,1.2,2.2,2.5,goats,4,---,10.3674414 7.3892321 0.0 20.0,yes,92e628e5-efc3-471d-9529-0c9004fb0e6d,2026-04-24 00:06:00,2026-04-24,tester,2026-04-24 00:06:14,https://www.commcarehq.org/form/b7fc3882-a741-4b27-916c-d383f8f159a2,tester
867,abbe2849-6f97-4803-8efd-ab0186a9dc88,community_02,Deborah,James,female,1994-02-21,47294936770,08045393107,https://www.commcarehq.org/photos/farmer_867.jpg,1,crop_farming,9,owned,6,rain-fed,---,maize rice,---,4.8,1.3,goats rabbits,9,32,10.4834673 7.3473218 0.0 20.0,yes,cdacff32-f3a0-4175-869b-b359125ae883,2026-04-30 00:07:00,2026-04-30,tester,2026-04-30 00:07:06,https://www.commcarehq.org/form/abbe2849-6f97-4803-8efd-ab0186a9dc88,tester
868,b99e7ec5-2eef-4485-ae8d-67fecc55ae65,community_01,Joy,Sani,female,2004-03-09,16223292994,08061709208,https://www.commcarehq.org/photos/farmer_868.jpg,5,crop_farming,2,leased,3,borehole,---,maize,---,4.4,---,---,---,---,10.4116744 7.3816053 0.0 20.0,yes,14593fd9-f700-45db-9e4f-89b9b70f5795,2026-04-06 00:02:00,2026-04-06,tester,2026-04-06 00:02:16,https://www.commcarehq.org/form/b99e7ec5-2eef-4485-ae8d-67fecc55ae65,tester
869,bd66f891-01ef-45db-9ffd-4314521b1c68,community_04,Ruth,Balogun,male,1977-03-13,21602617532,08096785765,https://www.commcarehq.org/photos/farmer_869.jpg,10,livestock_farming,13,owned,6,borehole,---,rice maize,---,0.8,1.7,---,---,---,10.5712306 7.5480454 0.0 20.0,yes,295ab27f-326d-4085-b2c3-4ccfd337fca5,2026-03-27 00:06:00,2026-03-27,tester,2026-03-27 00:06:11,https://www.commcarehq.org/form/bd66f891-01ef-45db-9ffd-4314521b1c68,tester
870,691c68e2-2df7-4548-a2ba-2710a7469514,community_07,Daniel,Ali,male,1980-01-06,62660421070,08010564674,https://www.commcarehq.org/photos/farmer_870.jpg,7,crop_farming,5,leased,3,borehole,---,groundnuts,1.9,---,---,---,---,---,10.4958015 7.2105558 0.0 20.0,yes,a410be3b-e493-4820-a4f6-6ae11c1d138e,2026-02-26 00:05:00,2026-02-26,tester,2026-02-26 00:05:05,https://www.commcarehq.org/form/691c68e2-2df7-4548-a2ba-2710a7469514,tester
871,211890e1-e9bd-4fbe-9717-d6ac224ea9bc,community_04,Fatima,Okafor,male,1978-06-09,,08008944109,https://www.commcarehq.org/photos/farmer_871.jpg,8,crop_farming,16,leased,6,rain-fed,---,rice,---,---,1.8,goats rabbits,5,23,10.370721 7.4624152 0.0 20.0,yes,0aa8a1ae-4b42-4382-9654-69153f4cc240,2026-04-13 00:04:00,2026-04-13,tester,2026-04-13 00:04:18,https://www.commcarehq.org/form/211890e1-e9bd-4fbe-9717-d6ac224ea9bc,tester
872,10508d8e-c024-4dd6-a711-90b3750fc6bb,community_01,Ruth,Ali,male,1987-01-07,90737469108,08069813889,https://www.commcarehq.org/photos/farmer_872.jpg,5,mixed_farming,19,leased,3,rain-fed,---,rice groundnuts maize,0.6,3.5,0.9,---,---,---,10.5241894 7.4099765 0.0 20.0,yes,062c28b5-164d-4f5f-b1b5-f48311f79956,2026-02-18 00:04:00,2026-02-18,tester,2026-02-18 00:04:08,https://www.commcarehq.org/form/10508d8e-c024-4dd6-a711-90b3750fc6bb,tester
873,08515b89-7800-4a44-88cb-edb26d8dc8af,community_04,Suleiman,James,male,1977-11-25,,08024286663,https://www.commcarehq.org/photos/farmer_873.jpg,7,crop_farming,20,owned,2,rain-fed,---,groundnuts,2.6,---,---,rabbits,---,26,10.5568235 7.3703143 0.0 20.0,yes,21a4acf1-817f-43d1-acce-e3d84cbe6c2e,2026-02-08 00:05:00,2026-02-08,tester,2026-02-08 00:05:20,https://www.commcarehq.org/form/08515b89-7800-4a44-88cb-edb26d8dc8af,tester
874,2eac519a-bb56-4a08-aeb1-8929b1469e17,community_01,Fatima,Okafor,male,1983-03-27,17208002343,08020742331,https://www.commcarehq.org/photos/farmer_874.jpg,8,crop_farming,11,family_land,1,rain-fed,---,rice,---,---,2.9,---,---,---,10.3014324 7.4016723 0.0 20.0,yes,5578ba2c-d0d0-4675-8a76-fa27dde5e216,2026-05-23 00:03:00,2026-05-23,tester,2026-05-23 00:03:17,https://www.commcarehq.org/form/2eac519a-bb56-4a08-aeb1-8929b1469e17,tester
875,fd0769a9-67c5-48d4-bd10-8811bc9fc3aa,community_04,Ahmed,okafor,male,1974-11-25,35656221222,08081244490,https://www.commcarehq.org/photos/farmer_875.jpg,4,mixed_farming,29,owned,3,rain-fed,---,rice maize,---,4.8,3.2,---,---,---,10.281536 7.5658513 0.0 20.0,yes,4c0825fc-bc8b-4dd2-89e3-8d2fab15795c,2026-02-24 00:04:00,2026-02-24,tester,2026-02-24 00:04:15,https://www.commcarehq.org/form/fd0769a9-67c5-48d4-bd10-8811bc9fc3aa,tester
876,8e1b6d01-eaf6-4094-bdff-db7dd03aeeef,community_02,Peter,Yakubu,female,1997-01-20,29703637046,08084020737,https://www.commcarehq.org/photos/farmer_876.jpg,5,crop_farming,10,owned,1,rain-fed,---,maize groundnuts,2.5,3.7,---,goats,14,---,10.3089104 7.5096043 0.0 20.0,yes,4a6ab6b4-c0bb-45d3-a9f4-d6886b7d9bee,2026-03-11 00:04:00,2026-03-11,tester,2026-03-11 00:04:08,https://www.commcarehq.org/form/8e1b6d01-eaf6-4094-bdff-db7dd03aeeef,tester
877,b6e43e49-af5c-4930-b145-5a065f842120,community_01,Yusuf,Bello,male,2000-09-07,38442277548,08038190875,https://www.commcarehq.org/photos/farmer_877.jpg,8,livestock_farming,2,owned,1,river_stream,---,groundnuts maize rice,2.9,2.4,2.4,---,---,---,10.2310256 7.235661 0.0 20.0,yes,a583c8d6-f031-4872-8fd3-faf5ddf71dc7,2026-01-10 00:08:00,2026-01-10,tester,2026-01-10 00:08:11,https://www.commcarehq.org/form/b6e43e49-af5c-4930-b145-5a065f842120,tester
878,c00702d7-f345-4d2f-bea3-2aaa30d0b26a,community_02,Daniel,David,male,2002-02-11,,08081183341,https://www.commcarehq.org/photos/farmer_878.jpg,4,crop_farming,3,family_land,3,rain-fed,---,groundnuts maize rice,1.7,5.7,3.1,goats,11,---,10.3539685 7.5652279 0.0 20.0,yes,b0c072a2-9bf3-4873-a233-cc58494b9142,2026-06-09 00:04:00,2026-06-09,tester,2026-06-09 00:04:13,https://www.commcarehq.org/form/c00702d7-f345-4d2f-bea3-2aaa30d0b26a,tester
879,fc6014e8-06b7-4a19-b1a6-5112c07f3f7d,community_03,Grace,Balogun,female,1992-09-20,22821690891,08005711127,https://www.commcarehq.org/photos/farmer_879.jpg,10,crop_farming,4,owned,6,rain-fed,---,maize rice groundnuts,2.2,1.0,3.1,---,---,---,10.276698 7.4696446 0.0 20.0,yes,29dd661d-5a2e-4192-b88f-a7341af5a290,2026-04-03 00:07:00,2026-04-03,tester,2026-04-03 00:07:05,https://www.commcarehq.org/form/fc6014e8-06b7-4a19-b1a6-5112c07f3f7d,tester
880,776b1612-9bdd-4734-bdcb-cc96e0636a1c,community_01,Ibrahim,Eze,female,2001-07-16,,08031603410,https://www.commcarehq.org/photos/farmer_880.jpg,5,mixed_farming,2,owned,3,rain-fed,---,rice,---,---,1.5,---,---,---,10.3081339 7.2451612 0.0 20.0,yes,22904705-f2cc-44de-a878-97866ed4ad22,2026-01-02 00:08:00,2026-01-02,tester,2026-01-02 00:08:07,https://www.commcarehq.org/form/776b1612-9bdd-4734-bdcb-cc96e0636a1c,tester
881,867cf81b-2b77-422d-beb1-eece88bf71da,community_02,Esther,Samuel,female,1986-09-17,49174384344,08084198804,https://www.commcarehq.org/photos/farmer_881.jpg,3,mixed_farming,10,family_land,2,rain-fed,---,maize rice groundnuts,2.1,3.8,2.9,goats,7,---,10.4399432 7.2989172 0.0 20.0,yes,6932d2b3-bd1c-4bf4-accb-ede01e1308b8,2026-06-21 00:04:00,2026-06-21,tester,2026-06-21 00:04:08,https://www.commcarehq.org/form/867cf81b-2b77-422d-beb1-eece88bf71da,tester
882,68b8788f-bc8b-4267-9f27-a9eced503fe5,community_07,Musa,Mohammed,female,1981-04-06,,08075001582,https://www.commcarehq.org/photos/farmer_882.jpg,5,mixed_farming,8,owned,3,borehole,---,rice,---,---,0.9,---,---,---,10.5684543 7.3578144 0.0 20.0,yes,181b4eb9-7aaf-4dfa-8277-ef4b8fa801cb,2026-05-03 00:08:00,2026-05-03,tester,2026-05-03 00:08:07,https://www.commcarehq.org/form/68b8788f-bc8b-4267-9f27-a9eced503fe5,tester
883,5ec2145f-b237-47f0-b70f-1c791f007d9a,community_05,Emmanuel,Isa,male,2005-02-27,68140527073,08040433191,https://www.commcarehq.org/photos/farmer_883.jpg,8,mixed_farming,2,family_land,2,irrigation_scheme,---,groundnuts maize,1.7,1.3,---,goats,22,---,10.5173967 7.5371351 0.0 20.0,yes,f6c018e7-58bf-46b9-a693-745849420de7,2026-03-03 00:08:00,2026-03-03,tester,2026-03-03 00:08:11,https://www.commcarehq.org/form/5ec2145f-b237-47f0-b70f-1c791f007d9a,tester
884,93d335b6-694a-4dcc-9c51-39356b186add,community_05,Naomi,Abdullahi,male,1996-07-29,,08077492493,https://www.commcarehq.org/photos/farmer_884.jpg,4,crop_farming,12,family_land,3,rain-fed,---,maize,---,6.5,---,goats,25,---,10.483831 7.2935734 0.0 20.0,yes,2c173942-5d85-4955-aba2-2e4fcb08a9bd,2026-06-29 00:03:00,2026-06-29,tester,2026-06-29 00:03:12,https://www.commcarehq.org/form/93d335b6-694a-4dcc-9c51-39356b186add,tester
885,96f5490e-d1a4-467b-a130-440970c1e475,community_04,Mary,Abdullahi,male,1967-09-24,97537131999,08016185408,https://www.commcarehq.org/photos/farmer_885.jpg,8,mixed_farming,15,owned,2,rain-fed,---,rice maize groundnuts,0.7,1.0,2.0,rabbits,---,7,10.4603203 7.3274994 0.0 20.0,yes,527ed963-bcb0-464b-b76e-0c50eecec9dc,2026-04-30 00:07:00,2026-04-30,tester,2026-04-30 00:07:06,https://www.commcarehq.org/form/96f5490e-d1a4-467b-a130-440970c1e475,tester
886,ad3743cf-3528-43e6-97d2-2bf756a948d9,community_03,Joy,Ibrahim,female,1965-11-05,85413569007,08099566737,https://www.commcarehq.org/photos/farmer_886.jpg,6,livestock_farming,9,family_land,1,rain-fed,---,rice maize,---,0.9,3.2,goats,10,---,10.3111616 7.268526 0.0 20.0,yes,0de49467-0ff6-49a6-be33-eb477f2cca99,2026-05-30 00:04:00,2026-05-30,tester,2026-05-30 00:04:15,https://www.commcarehq.org/form/ad3743cf-3528-43e6-97d2-2bf756a948d9,tester
887,3b87e34f-9025-4551-a9c1-6c7d3c3c37db,community_01,Joy,Tanko,female,1980-09-02,24148246205,08052617905,https://www.commcarehq.org/photos/farmer_887.jpg,6,crop_farming,28,family_land,2,borehole,---,rice groundnuts maize,2.3,2.0,2.2,---,---,---,10.256945 7.2949032 0.0 20.0,yes,a4891805-f067-4adb-929c-10173da75114,2026-06-29 00:05:00,2026-06-29,tester,2026-06-29 00:05:19,https://www.commcarehq.org/form/3b87e34f-9025-4551-a9c1-6c7d3c3c37db,tester
888,f39381de-5bfe-40c1-aa22-5d464d24bf46,community_06,Grace,Ogunleye,male,1961-03-29,25225626984,08010075677,https://www.commcarehq.org/photos/farmer_888.jpg,5,crop_farming,44,leased,2,dam_reservoir,---,groundnuts,2.8,---,---,goats,12,---,10.3692446 7.502968 0.0 20.0,yes,3ae1c6ba-b0ef-414e-9041-bdb019d2982f,2026-02-25 00:02:00,2026-02-25,tester,2026-02-25 00:02:07,https://www.commcarehq.org/form/f39381de-5bfe-40c1-aa22-5d464d24bf46,tester
889,3ed72dcc-d28e-4c13-b192-c36fd45321ae,community_02,Joy,Daniel,male,1965-10-16,15328928341,8087398602,https://www.commcarehq.org/photos/farmer_889.jpg,1,crop_farming,36,leased,4,irrigation_scheme,---,groundnuts,1.8,---,---,goats,24,---,10.4175893 7.3790957 0.0 20.0,yes,1e58b959-ce2d-4910-a10d-70a9313324f9,2026-03-09 00:05:00,2026-03-09,tester,2026-03-09 00:05:07,https://www.commcarehq.org/form/3ed72dcc-d28e-4c13-b192-c36fd45321ae,tester
890,6e3d5fc8-5519-4177-8417-c37ebc5e2bdb,community_03,Mercy,Ibrahim,male,1983-04-09,,08026490692,https://www.commcarehq.org/photos/farmer_890.jpg,8,crop_farming,7,owned,5,rain-fed,---,groundnuts,1.2,---,---,goats rabbits,4,20,10.24421 7.2487835 0.0 20.0,yes,57ce61dc-0d48-4920-8ece-ab59e1b8b495,2026-03-27 00:07:00,2026-03-27,tester,2026-03-27 00:07:19,https://www.commcarehq.org/form/6e3d5fc8-5519-4177-8417-c37ebc5e2bdb,tester
891,a8421412-ec03-4539-9e2b-8e2dad7af489,community_04,Sarah,Musa,female,1973-07-29,,08065379464,https://www.commcarehq.org/photos/farmer_891.jpg,3,mixed_farming,32,family_land,2,rain-fed,---,maize groundnuts,1.0,3.4,---,rabbits,---,15,10.4425886 7.2336098 0.0 20.0,yes,91e4f96b-4f6b-4d9d-ad94-d75170bf1583,2026-02-27 00:06:00,2026-02-27,tester,2026-02-27 00:06:19,https://www.commcarehq.org/form/a8421412-ec03-4539-9e2b-8e2dad7af489,tester
892,99d72452-01e3-4df0-9625-97e3399e8e9d,community_05,Paul,Isa,male,1983-06-23,87811532027,08023598074,https://www.commcarehq.org/photos/farmer_892.jpg,8,mixed_farming,22,owned,3,borehole,---,rice groundnuts maize,2.1,5.3,1.7,---,---,---,10.3325806 7.2770823 0.0 20.0,yes,c84ecc71-6f84-4dce-892b-8ab18e2b6c73,2026-05-19 00:07:00,2026-05-19,tester,2026-05-19 00:07:15,https://www.commcarehq.org/form/99d72452-01e3-4df0-9625-97e3399e8e9d,tester
893,4b7137a1-635d-4b66-8822-753f56f6b640,community_02,Joseph,Balogun,male,1992-02-04,43359901663,08054630458,https://www.commcarehq.org/photos/farmer_893.jpg,1,livestock_farming,3,family_land,1,borehole,---,groundnuts,2.2,---,---,goats,23,---,10.4875954 7.5023047 0.0 20.0,yes,706619be-801f-4cba-b472-eee47b84f067,2026-03-10 00:04:00,2026-03-10,tester,2026-03-10 00:04:06,https://www.commcarehq.org/form/4b7137a1-635d-4b66-8822-753f56f6b640,tester
894,4e07e78f-518b-4581-ac27-d4afb5484b45,community_03,Elizabeth,Yakubu,female,1978-11-16,,08055958681,https://www.commcarehq.org/photos/farmer_894.jpg,9,crop_farming,5,family_land,1,rain-fed,---,maize rice groundnuts,3.0,5.2,1.5,goats,16,---,10.3967125 7.4771402 0.0 20.0,yes,41b2c268-ad6b-42e3-8072-7e0ad7c50c62,2026-03-13 00:02:00,2026-03-13,tester,2026-03-13 00:02:05,https://www.commcarehq.org/form/4e07e78f-518b-4581-ac27-d4afb5484b45,tester
895,7b563c12-fd33-4f13-9e96-44dad14406bd,community_07,Musa,Sani,male,1977-12-11,28354205229,08091289025,https://www.commcarehq.org/photos/farmer_895.jpg,1,mixed_farming,15,family_land,1,rain-fed,---,rice,---,---,1.5,goats,2,---,10.2538415 7.536043 0.0 20.0,yes,74e9318a-4b32-402b-b23b-43707dd905a2,2026-05-16 00:06:00,2026-05-16,tester,2026-05-16 00:06:20,https://www.commcarehq.org/form/7b563c12-fd33-4f13-9e96-44dad14406bd,tester
896,58f49f3c-64c4-43c0-a23b-9b1755416cb1,community_05,James,Eze,female,1982-08-19,,08029514685,https://www.commcarehq.org/photos/farmer_896.jpg,7,mixed_farming,6,owned,1,rain-fed,---,rice,---,---,1.2,goats,15,---,2.9411443 4.6979017 0.0 20.0,yes,a85b770f-f0a5-4032-9abc-8f7ae38b1c46,2026-03-09 00:04:00,2026-03-09,tester,2026-03-09 00:04:17,https://www.commcarehq.org/form/58f49f3c-64c4-43c0-a23b-9b1755416cb1,tester
897,7660380c-b463-4a72-a828-351a999a00b9,community_06,Mary,Yakubu,female,2002-09-06,77932980514,08002272718,https://www.commcarehq.org/photos/farmer_897.jpg,11,crop_farming,2,owned,3,rain-fed,---,maize,---,2.0,---,rabbits,---,3,10.4560311 7.2111072 0.0 20.0,no,e5f56190-3cfa-48ef-a6eb-97db903e0964,2026-01-27 00:03:00,2026-01-27,tester,2026-01-27 00:03:17,https://www.commcarehq.org/form/7660380c-b463-4a72-a828-351a999a00b9,tester
898,dbb45e8a-6fdc-4a0f-890d-76483f2b4ddc,community_05,John,Musa,female,1994-04-10,51553365394,+2348026496973,https://www.commcarehq.org/photos/farmer_898.jpg,4,crop_farming,7,owned,6,rain-fed,---,rice maize groundnuts,2.3,3.0,3.0,---,---,---,10.3317802 7.2838617 0.0 20.0,yes,0d1a0a7d-7743-4d4e-b3b7-7eebdf9658f6,2026-03-23 00:06:00,2026-03-23,tester,2026-03-23 00:06:09,https://www.commcarehq.org/form/dbb45e8a-6fdc-4a0f-890d-76483f2b4ddc,tester
899,64f41f15-06b0-4ad8-b10d-0c6162f82bf8,community_03,Sarah,Balogun,female,1988-05-17,89938106703,08086911155,https://www.commcarehq.org/photos/farmer_899.jpg,5,livestock_farming,11,leased,1,rain-fed,---,maize,---,2.4,---,---,---,---,10.4033921 7.4343637 0.0 20.0,yes,b6dad6ad-c913-4639-aed1-06a86417cc64,2026-06-11 00:08:00,2026-06-11,tester,2026-06-11 00:08:19,https://www.commcarehq.org/form/64f41f15-06b0-4ad8-b10d-0c6162f82bf8,tester
900,ba3fd835-81f7-44fa-b5bd-374c959a1d7c,community_06,Daniel,Mohammed,female,1974-01-12,76457579618,08042723723,https://www.commcarehq.org/photos/farmer_900.jpg,9,crop_farming,33,leased,2,rain-fed,---,rice maize groundnuts,2.5,5.3,2.2,---,---,---,10.5262299 7.4249888 0.0 20.0,yes,aaf8ed02-b2fe-4f9e-99a0-ab13534f218a,2026-03-16 00:07:00,2026-03-16,tester,2026-03-16 00:07:17,https://www.commcarehq.org/form/ba3fd835-81f7-44fa-b5bd-374c959a1d7c,tester
901,0c2489d7-d384-459d-a0b9-64cda2de41ec,community_01,Mary,Peter,male,1972-07-02,60937058712,08029760708,https://www.commcarehq.org/photos/farmer_901.jpg,7,crop_farming,17,owned,2,rain-fed,---,maize,---,4.5,---,rabbits,---,32,10.3186595 7.2497501 0.0 20.0,yes,4614fd9f-5aff-4526-8125-2ecf91c48653,2026-01-15 00:03:00,2026-01-15,tester,2026-01-15 00:03:09,https://www.commcarehq.org/form/0c2489d7-d384-459d-a0b9-64cda2de41ec,tester
902,a2ee267a-7b8f-4bcc-aa7c-df26dfeaa26d,community_03,Binta,Haruna,male,1977-02-11,94330056854,08055994519,https://www.commcarehq.org/photos/farmer_902.jpg,2,crop_farming,14,family_land,2,rain-fed,---,rice maize groundnuts,2.6,4.9,3.6,goats rabbits,25,8,10.3972046 7.5496327 0.0 20.0,yes,d2a4e601-c829-493d-bbaa-b2a620b5399c,2026-06-18 00:08:00,2026-06-18,tester,2026-06-18 00:08:09,https://www.commcarehq.org/form/a2ee267a-7b8f-4bcc-aa7c-df26dfeaa26d,tester
903,0801f42f-20db-47b5-b04a-d5e4d0cd5118,community_03,Mary,Yakubu,male,1972-07-02,62435832159,8089414877,https://www.commcarehq.org/photos/farmer_903.jpg,5,livestock_farming,22,family_land,6,rain-fed,---,groundnuts rice maize,1.4,6.1,3.0,---,---,---,10.4412404 7.2151444 0.0 20.0,yes,2e238af3-9145-4e81-bb53-97bdf780a9de,2026-03-16 00:07:00,2026-03-16,tester,2026-03-16 00:07:15,https://www.commcarehq.org/form/0801f42f-20db-47b5-b04a-d5e4d0cd5118,tester
904,8b472ac1-477f-400e-b5e7-6051711bf18b,community_04,Rebecca,abdullahi,female,1983-11-28,,08084716329,https://www.commcarehq.org/photos/farmer_904.jpg,4,crop_farming,24,family_land,3,dam_reservoir,---,maize groundnuts rice,2.6,2.6,0.6,goats,2,---,10.5026361 7.2270849 0.0 20.0,yes,8b10d13d-143f-4d76-8a45-a0663f173b67,2026-06-10 00:07:00,2026-06-10,tester,2026-06-10 00:07:13,https://www.commcarehq.org/form/8b472ac1-477f-400e-b5e7-6051711bf18b,tester
905,791dc989-6ecb-4afd-a853-f05fe8ef03d0,community_07,Yusuf,Yakubu,male,1970-01-21,20723323674,08033293051,https://www.commcarehq.org/photos/farmer_905.jpg,11,crop_farming,14,family_land,2,river_stream,---,groundnuts,3.0,---,---,---,---,---,10.5556353 7.3100628 0.0 20.0,yes,63a83912-95d1-4bb4-a8e9-400f1f775182,2026-03-21 00:06:00,2026-03-21,tester,2026-03-21 00:06:15,https://www.commcarehq.org/form/791dc989-6ecb-4afd-a853-f05fe8ef03d0,tester
906,9f4c58f3-2692-4750-8b00-46ffa7a4a2c3,community_01,Emmanuel,Isa,female,1990-09-03,78834583387,08015064156,https://www.commcarehq.org/photos/farmer_906.jpg,3,crop_farming,9,owned,1,rain-fed,---,rice maize,---,5.1,1.0,goats,12,---,10.5627732 7.557468 0.0 20.0,yes,2c31021e-1705-4a26-a9f7-8b003d4d130f,2026-04-29 00:04:00,2026-04-29,tester,2026-04-29 00:04:08,https://www.commcarehq.org/form/9f4c58f3-2692-4750-8b00-46ffa7a4a2c3,tester
907,0b93d93a-4711-425f-82a4-2f4bd99b45e2,community_03,Samuel,Abdullahi,female,1993-07-02,,08055788203,https://www.commcarehq.org/photos/farmer_907.jpg,4,crop_farming,4,leased,1,rain-fed,---,maize rice,---,3.6,3.2,goats,23,---,10.5797972 7.2019544 0.0 20.0,yes,1084875a-1c31-4e13-a2bc-e0901e0f6445,2026-01-25 00:04:00,2026-01-25,tester,2026-01-25 00:04:15,https://www.commcarehq.org/form/0b93d93a-4711-425f-82a4-2f4bd99b45e2,tester
908,f3b501de-d7f4-4f0b-8774-3d01b0d5cabc,community_01,Hauwa,Haruna,female,2004-12-18,28869277849,08045919260,https://www.commcarehq.org/photos/farmer_908.jpg,4,mixed_farming,1,family_land,3,rain-fed,---,maize,---,5.8,---,goats,8,---,10.4419097 7.280476 0.0 20.0,yes,7d7179f6-dbf7-4702-8f01-4ac369c23860,2026-03-15 00:02:00,2026-03-15,tester,2026-03-15 00:02:18,https://www.commcarehq.org/form/f3b501de-d7f4-4f0b-8774-3d01b0d5cabc,tester
909,b56c9186-ce44-4ffe-901f-5be8594699be,community_06,Elizabeth,Ogunleye,female,1992-06-22,89111000658,08058989546,https://www.commcarehq.org/photos/farmer_909.jpg,2,crop_farming,14,owned,1,rain-fed,---,rice maize groundnuts,1.0,3.3,0.8,goats,20,---,10.5374041 7.372464 0.0 20.0,yes,6985d9a8-8baa-4055-be1c-4a087788f9f8,2026-06-23 00:07:00,2026-06-23,tester,2026-06-23 00:07:09,https://www.commcarehq.org/form/b56c9186-ce44-4ffe-901f-5be8594699be,tester
910,b78afb63-f84c-4c61-8ab1-89a381d740c9,community_07,James,Garba,female,1996-02-21,15552213425,08045305435,https://www.commcarehq.org/photos/farmer_910.jpg,6,crop_farming,1,family_land,1,dam_reservoir,---,maize,---,6.2,---,---,---,---,10.2471239 7.3456823 0.0 20.0,yes,6f65a0b1-fb20-4ee3-8a78-c838bf7489e7,2026-02-17 00:02:00,2026-02-17,tester,2026-02-17 00:02:09,https://www.commcarehq.org/form/b78afb63-f84c-4c61-8ab1-89a381d740c9,tester
911,038de970-d6b2-4802-a770-28a36c239839,community_06,amina,yusuf,male,1987-09-20,25405952283,08031333057,https://www.commcarehq.org/photos/farmer_911.jpg,3,crop_farming,18,owned,3,borehole,---,groundnuts,1.0,---,---,rabbits,---,17,10.5287257 7.3622649 0.0 20.0,yes,2eec3050-d3e5-4e46-a964-95ffa33ec984,2026-02-02 00:06:00,2026-02-02,tester,2026-02-02 00:06:15,https://www.commcarehq.org/form/038de970-d6b2-4802-a770-28a36c239839,tester
912,d86cd47d-d239-4f3f-b089-0963a5566cb0,community_03,Elizabeth,Sani,male,1951-12-07,,08004004902,https://www.commcarehq.org/photos/farmer_912.jpg,4,livestock_farming,51,owned,6,rain-fed,---,maize groundnuts,1.5,3.1,---,---,---,---,10.5390399 7.3526306 0.0 20.0,yes,1a176932-8212-4bd9-b4a7-59142e923e9c,2026-06-29 00:05:00,2026-06-29,tester,2026-06-29 00:05:18,https://www.commcarehq.org/form/d86cd47d-d239-4f3f-b089-0963a5566cb0,tester
913,172ecf36-68f7-4395-81df-d20317048352,community_02,FATIMA,philip,male,1979-02-09,,08072354525,https://www.commcarehq.org/photos/farmer_913.jpg,6,crop_farming,12,leased,4,borehole,---,rice maize groundnuts,1.5,4.8,2.9,goats rabbits,22,15,10.4855028 7.4304967 0.0 20.0,yes,6705d575-b761-4642-bac6-17e8945f93c9,2026-05-15 00:08:00,2026-05-15,tester,2026-05-15 00:08:10,https://www.commcarehq.org/form/172ecf36-68f7-4395-81df-d20317048352,tester
914,a68edcee-710b-494f-9176-d6c20b8d2a0e,community_01,Blessing,Abdullahi,male,1985-03-25,,08016225934,https://www.commcarehq.org/photos/farmer_914.jpg,2,livestock_farming,21,family_land,5,rain-fed,---,groundnuts rice maize,1.5,5.4,1.6,goats,14,---,10.5147642 7.4669448 0.0 20.0,yes,97ee6c91-06e4-4cfe-8b4e-270cb572b7ac,2026-04-13 00:04:00,2026-04-13,tester,2026-04-13 00:04:20,https://www.commcarehq.org/form/a68edcee-710b-494f-9176-d6c20b8d2a0e,tester
915,89712eda-917a-447a-a540-3b49d7a74c03,community_05,Joseph,David,female,1980-06-19,10539973046,08057365389,https://www.commcarehq.org/photos/farmer_915.jpg,12,mixed_farming,19,owned,2,rain-fed,---,rice maize,---,1.4,0.5,goats,24,---,10.4769367 7.3656616 0.0 20.0,yes,06e69cd3-8937-4974-b094-1679803eb14a,2026-06-02 00:08:00,2026-06-02,tester,2026-06-02 00:08:19,https://www.commcarehq.org/form/89712eda-917a-447a-a540-3b49d7a74c03,tester
916,83f06392-5701-4f89-8350-2cc5783553e1,community_06,Peter,Ojo,male,1972-06-27,77862228544,08014920182,https://www.commcarehq.org/photos/farmer_916.jpg,3,crop_farming,16,owned,1,rain-fed,---,rice,---,---,1.4,goats,13,---,10.4127108 7.3372553 0.0 20.0,yes,717700e2-c1cb-419e-bdbb-43de1991e31f,2026-04-06 00:03:00,2026-04-06,tester,2026-04-06 00:03:14,https://www.commcarehq.org/form/83f06392-5701-4f89-8350-2cc5783553e1,tester
917,4d48768d-19e2-42a9-94d8-0e2895cadec8,community_03,Blessing,David,male,2004-12-08,48381557110,08037539981,https://www.commcarehq.org/photos/farmer_917.jpg,7,mixed_farming,3,owned,2,irrigation_scheme,---,groundnuts rice,2.5,---,2.4,---,---,---,10.5540903 7.4148793 0.0 20.0,yes,64bc6191-81ec-45fa-b641-c1f52042a470,2026-01-18 00:05:00,2026-01-18,tester,2026-01-18 00:05:09,https://www.commcarehq.org/form/4d48768d-19e2-42a9-94d8-0e2895cadec8,tester
918,ca1aa242-3c1b-4b80-8503-d61de57e6a36,community_02,Ahmed,David,female,1976-09-02,,08097942466,https://www.commcarehq.org/photos/farmer_918.jpg,6,crop_farming,19,owned,3,river_stream,---,rice maize,---,1.6,2.2,---,---,---,10.5946413 7.2361823 0.0 20.0,yes,a1dec054-dd7d-43f7-aa5e-ccc51d37d0fe,2026-02-03 00:07:00,2026-02-03,tester,2026-02-03 00:07:20,https://www.commcarehq.org/form/ca1aa242-3c1b-4b80-8503-d61de57e6a36,tester
919,b4f93efe-f180-4b72-9522-dc5d70df59c6,community_06,Hauwa,Lawal,male,1967-02-06,,08078819411,https://www.commcarehq.org/photos/farmer_919.jpg,5,mixed_farming,23,family_land,5,river_stream,---,maize rice groundnuts,0.9,1.1,1.7,goats,22,---,10.4406502 7.5941644 0.0 20.0,yes,161897ff-bfeb-4298-94c9-2f515ba76d7d,2026-05-14 00:03:00,2026-05-14,tester,2026-05-14 00:03:14,https://www.commcarehq.org/form/b4f93efe-f180-4b72-9522-dc5d70df59c6,tester
920,971a0b2f-9c1b-45d3-9657-a203f291de81,community_02,Sarah,David,male,1988-05-25,,08000438780,https://www.commcarehq.org/photos/farmer_920.jpg,11,mixed_farming,7,family_land,5,rain-fed,---,rice groundnuts maize,2.9,3.6,3.5,---,---,---,10.4432406 7.3862522 0.0 20.0,yes,4c732b8f-13fa-4c15-b125-f80d229471dd,2026-03-11 00:02:00,2026-03-11,tester,2026-03-11 00:02:14,https://www.commcarehq.org/form/971a0b2f-9c1b-45d3-9657-a203f291de81,tester
921,ebaef20d-cf86-4d33-a3ad-1578b2b5f653,community_07,John,Bello,male,1978-11-08,33868259457,08023691846,https://www.commcarehq.org/photos/farmer_921.jpg,6,crop_farming,3,owned,2,dam_reservoir,---,maize rice,---,3.8,0.9,rabbits,---,26,10.3625146 7.2423011 0.0 20.0,yes,be7c5dc5-2177-4ea7-9ceb-8febb00dc7e3,2026-03-05 00:06:00,2026-03-05,tester,2026-03-05 00:06:11,https://www.commcarehq.org/form/ebaef20d-cf86-4d33-a3ad-1578b2b5f653,tester
922,ef743925-132d-402c-9d44-d4988dfb7ed7,community_06,Blessing,Balogun,female,1983-11-18,,08089390882,https://www.commcarehq.org/photos/farmer_922.jpg,4,crop_farming,24,owned,3,rain-fed,---,maize,---,5.4,---,---,---,---,10.5538262 7.4259887 0.0 20.0,yes,50046934-c870-4774-9229-acfae346cd56,2026-06-04 00:08:00,2026-06-04,tester,2026-06-04 00:08:06,https://www.commcarehq.org/form/ef743925-132d-402c-9d44-d4988dfb7ed7,tester
923,9f9a962e-5ab3-4e9c-b6ef-ab6742b82477,community_02,Elizabeth,James,female,2001-01-11,60626980028,08036021709,https://www.commcarehq.org/photos/farmer_923.jpg,12,livestock_farming,6,family_land,4,borehole,---,groundnuts maize,1.1,1.8,---,goats,10,---,10.2641472 7.5112549 0.0 20.0,yes,8c150e63-e23d-47c7-85bc-4d1cc65393dd,2026-04-18 00:06:00,2026-04-18,tester,2026-04-18 00:06:07,https://www.commcarehq.org/form/9f9a962e-5ab3-4e9c-b6ef-ab6742b82477,tester
924,c718ae81-67e8-4554-a462-d1e4de9296a6,community_02,Rebecca,Ogunleye,female,1965-08-27,29882483110,+2348018472158,https://www.commcarehq.org/photos/farmer_924.jpg,7,livestock_farming,21,family_land,4,rain-fed,---,groundnuts rice,0.5,---,2.6,---,---,---,10.2846826 7.5901878 0.0 20.0,yes,e9470785-1203-4816-bcb0-3dbc9d7bc343,2026-04-19 00:07:00,2026-04-19,tester,2026-04-19 00:07:20,https://www.commcarehq.org/form/c718ae81-67e8-4554-a462-d1e4de9296a6,tester
925,81a5d3ca-41a4-44d7-80dd-5843320fdadd,community_07,Naomi,Johnson,male,1990-05-10,97885859041,08002862783,https://www.commcarehq.org/photos/farmer_925.jpg,8,crop_farming,3,owned,3,rain-fed,---,maize,---,2.4,---,goats,4,---,10.4058694 7.2432901 0.0 20.0,yes,52c3b708-f0cf-4e1b-b37c-ae6c9a5d14bb,2026-05-08 00:05:00,2026-05-08,tester,2026-05-08 00:05:17,https://www.commcarehq.org/form/81a5d3ca-41a4-44d7-80dd-5843320fdadd,tester
926,7cad7d22-8cec-4723-8eeb-f036fbfdfc39,community_03,Joy,Okafor,male,1980-12-14,44051962597,08074318756,https://www.commcarehq.org/photos/farmer_926.jpg,1,livestock_farming,11,owned,2,rain-fed,---,rice maize groundnuts,1.6,1.3,2.2,goats rabbits,10,11,10.5742855 7.322754 0.0 20.0,yes,45daec70-76fc-4d5c-aa85-5fec4dfc0692,2026-06-08 00:08:00,2026-06-08,tester,2026-06-08 00:08:20,https://www.commcarehq.org/form/7cad7d22-8cec-4723-8eeb-f036fbfdfc39,tester
927,e3d7ed43-54d7-4a03-92e4-07942549955f,community_01,Fatima,Garba,female,1998-09-25,91673703602,08073739116,https://www.commcarehq.org/photos/farmer_927.jpg,2,livestock_farming,9,owned,2,borehole,---,rice maize groundnuts,2.0,6.0,2.1,---,---,---,10.4625084 7.5006097 0.0 20.0,yes,81bcbfd9-4d8a-46f8-8b67-a0fe4ab62ca7,2026-06-25 00:06:00,2026-06-25,tester,2026-06-25 00:06:05,https://www.commcarehq.org/form/e3d7ed43-54d7-4a03-92e4-07942549955f,tester
928,d80d099c-2a42-4e6e-818e-86a133fa9331,community_01,Samuel,Yakubu,male,1989-12-22,42478577987,08046096241,https://www.commcarehq.org/photos/farmer_928.jpg,8,crop_farming,11,owned,1,rain-fed,---,rice,---,---,2.2,goats,14,---,10.5401108 7.2842861 0.0 20.0,yes,248ecf86-6540-4e09-999d-0ef6d217f9a3,2026-02-06 00:04:00,2026-02-06,tester,2026-02-06 00:04:19,https://www.commcarehq.org/form/d80d099c-2a42-4e6e-818e-86a133fa9331,tester
929,6f9547a3-0a57-4b7c-b1ce-c9cde689c1bf,community_05,Rebecca,Ibrahim,male,1952-10-16,,08061972176,https://www.commcarehq.org/photos/farmer_929.jpg,5,livestock_farming,27,owned,1,dam_reservoir,---,rice maize,---,1.0,0.7,goats,18,---,10.4008614 7.419559 0.0 20.0,yes,a23a25bc-f36e-48d6-a870-d7195fae1a75,2026-05-14 00:07:00,2026-05-14,tester,2026-05-14 00:07:20,https://www.commcarehq.org/form/6f9547a3-0a57-4b7c-b1ce-c9cde689c1bf,tester
930,65a2bd6d-dba1-4313-9b88-70f18d1631b6,community_07,Hauwa,Isa,male,1992-06-30,,08067693547,https://www.commcarehq.org/photos/farmer_930.jpg,6,crop_farming,2,leased,3,borehole,---,rice,---,---,1.4,goats,14,---,10.2762456 7.3875664 0.0 20.0,yes,548ad326-47a2-42b9-be5d-78b117ff4c04,2026-02-04 00:07:00,2026-02-04,tester,2026-02-04 00:07:11,https://www.commcarehq.org/form/65a2bd6d-dba1-4313-9b88-70f18d1631b6,tester
931,9aee1b60-10e7-4881-99f6-61d341069fc8,community_04,Ruth,Eze,female,1986-10-02,,08006190307,https://www.commcarehq.org/photos/farmer_931.jpg,1,crop_farming,5,owned,1,river_stream,---,rice groundnuts maize,1.2,0.5,2.4,goats rabbits,17,17,10.2488773 7.4379217 0.0 20.0,yes,c8d3cd26-811b-44be-82e6-86fbb465d5ae,2026-02-17 00:02:00,2026-02-17,tester,2026-02-17 00:02:08,https://www.commcarehq.org/form/9aee1b60-10e7-4881-99f6-61d341069fc8,tester
932,256066d7-d784-428a-917a-ce8a94c536f0,community_02,Daniel,Eze,male,1973-05-25,,08046356001,https://www.commcarehq.org/photos/farmer_932.jpg,7,crop_farming,30,owned,2,irrigation_scheme,---,maize,---,5.6,---,---,---,---,10.2874874 7.5455474 0.0 20.0,yes,924637db-4b0d-43da-8b3c-5410c393cf51,2026-05-04 00:02:00,2026-05-04,tester,2026-05-04 00:02:16,https://www.commcarehq.org/form/256066d7-d784-428a-917a-ce8a94c536f0,tester
933,5bf31103-b249-4932-b2d1-80fc6e4a86c2,community_07,Ibrahim,Ahmed,female,1987-05-13,72502294975,08004510202,https://www.commcarehq.org/photos/farmer_933.jpg,10,crop_farming,19,family_land,1,rain-fed,---,rice groundnuts,0.6,---,3.5,---,---,---,10.3061195 7.2304319 0.0 20.0,yes,82a61161-19a5-46eb-93e0-ef4d68c208f1,2026-06-24 00:07:00,2026-06-24,tester,2026-06-24 00:07:16,https://www.commcarehq.org/form/5bf31103-b249-4932-b2d1-80fc6e4a86c2,tester
934,8cda4f24-52de-44a5-a129-d83ddcc47b0c,community_02,Samuel,David,male,2008-04-13,23364663320,08045719713,https://www.commcarehq.org/photos/farmer_934.jpg,1,mixed_farming,1,family_land,2,borehole,---,rice groundnuts,2.9,---,0.5,goats rabbits,12,27,10.5498691 7.501605 0.0 20.0,yes,e92c05ef-741d-4160-8cf5-67bcc5aaee21,2026-03-01 00:08:00,2026-03-01,tester,2026-03-01 00:08:05,https://www.commcarehq.org/form/8cda4f24-52de-44a5-a129-d83ddcc47b0c,tester
935,e75bfaf4-f548-48fe-81d7-24b312713c8c,community_01,Grace,Eze,female,1998-01-16,13681345514,08026316206,https://www.commcarehq.org/photos/farmer_935.jpg,3,crop_farming,5,owned,1,rain-fed,---,maize groundnuts,1.1,3.5,---,goats,16,---,10.2198044 7.2027749 0.0 20.0,yes,5cc9cae5-40b0-4d1c-acc9-34ef7da68d30,2026-02-28 00:02:00,2026-02-28,tester,2026-02-28 00:02:19,https://www.commcarehq.org/form/e75bfaf4-f548-48fe-81d7-24b312713c8c,tester
936,4b546563-b258-48d1-afc2-4aaa758c73fc,community_03,Ahmed,Ahmed,female,1988-03-14,18623343023,08041169275,https://www.commcarehq.org/photos/farmer_936.jpg,1,crop_farming,3,family_land,1,rain-fed,---,groundnuts maize,1.8,0.9,---,rabbits,---,3,10.2715081 7.216583 0.0 20.0,yes,d018fd0c-3289-4432-a54e-66b9bff06a6e,2026-01-17 00:07:00,2026-01-17,tester,2026-01-17 00:07:20,https://www.commcarehq.org/form/4b546563-b258-48d1-afc2-4aaa758c73fc,tester
937,9a81ba02-ac58-4c73-b40a-b0b856610d68,community_05,Joy,Mohammed,female,1985-05-27,64409905725,08023844541,https://www.commcarehq.org/photos/farmer_937.jpg,2,crop_farming,22,family_land,2,rain-fed,---,groundnuts,1.9,---,---,rabbits,---,5,10.5655656 7.2399194 0.0 20.0,yes,a9a8125f-e8a0-4101-a900-017bbd5d9160,2026-03-12 00:08:00,2026-03-12,tester,2026-03-12 00:08:15,https://www.commcarehq.org/form/9a81ba02-ac58-4c73-b40a-b0b856610d68,tester
938,c7054b8e-ad7c-457b-9f3b-fbd5795c7852,community_05,Ruth,Abdullahi,female,1980-06-06,28632976876,8023045743,https://www.commcarehq.org/photos/farmer_938.jpg,3,livestock_farming,25,family_land,1,borehole,---,groundnuts maize rice,2.9,2.3,2.3,goats,16,---,10.3290381 7.2758386 0.0 20.0,yes,27600419-cba4-474b-af95-4a373a0d6619,2026-06-08 00:04:00,2026-06-08,tester,2026-06-08 00:04:10,https://www.commcarehq.org/form/c7054b8e-ad7c-457b-9f3b-fbd5795c7852,tester
939,75f7873a-6b26-4633-b4d5-77ade1ae312d,community_04,Esther,Okafor,male,1970-07-18,92340524177,08069277861,https://www.commcarehq.org/photos/farmer_939.jpg,1,crop_farming,28,owned,3,rain-fed,---,maize rice,---,2.1,2.9,goats,19,---,10.4891346 7.3571595 0.0 20.0,yes,9fd3939d-c55c-4df0-82d1-d406f9ceff71,2026-02-03 00:07:00,2026-02-03,tester,2026-02-03 00:07:12,https://www.commcarehq.org/form/75f7873a-6b26-4633-b4d5-77ade1ae312d,tester
940,453f5e21-d0a5-4fe3-a513-d58b0cc06c6e,community_04,Mercy,Balogun,male,1980-04-18,,08012988889,https://www.commcarehq.org/photos/farmer_940.jpg,8,crop_farming,7,owned,6,river_stream,---,maize,---,2.9,---,goats,24,---,10.2708211 7.5494667 0.0 20.0,yes,8da5936f-0876-4e82-982d-da52ee23f14d,2026-02-13 00:08:00,2026-02-13,tester,2026-02-13 00:08:18,https://www.commcarehq.org/form/453f5e21-d0a5-4fe3-a513-d58b0cc06c6e,tester
941,d579c98e-9778-4b1a-98bc-78e01a05ccd4,community_02,John,Daniel,male,2004-02-21,37086137117,08022104252,https://www.commcarehq.org/photos/farmer_941.jpg,7,crop_farming,1,family_land,3,rain-fed,---,maize rice groundnuts,1.8,5.9,0.8,rabbits,---,28,10.3092443 7.3964477 0.0 20.0,yes,9c50a266-0882-4975-85bb-712cbd13a545,2026-03-06 00:07:00,2026-03-06,tester,2026-03-06 00:07:17,https://www.commcarehq.org/form/d579c98e-9778-4b1a-98bc-78e01a05ccd4,tester
942,b2814eb8-3eb0-413f-9433-066d8ef5b68d,community_02,Blessing,Eze,female,1961-03-10,53827123811,+2348029683683,https://www.commcarehq.org/photos/farmer_942.jpg,2,crop_farming,42,owned,3,rain-fed,---,groundnuts rice maize,1.3,3.3,3.6,goats,12,---,10.5990569 7.2102844 0.0 20.0,yes,d4765e78-badd-460d-b1af-a201c3a9cb86,2026-02-05 00:04:00,2026-02-05,tester,2026-02-05 00:04:17,https://www.commcarehq.org/form/b2814eb8-3eb0-413f-9433-066d8ef5b68d,tester
943,a33aaa51-068c-4e59-a136-de36fcb56220,community_07,Naomi,Garba,female,1980-04-17,17493760783,08096960473,https://www.commcarehq.org/photos/farmer_943.jpg,2,crop_farming,10,family_land,1,borehole,---,maize groundnuts rice,1.3,3.0,3.5,goats,4,---,10.2035955 7.2429924 0.0 20.0,yes,bd756d38-3e0d-4ff0-b10e-fed342bd1524,2026-01-01 00:03:00,2026-01-01,tester,2026-01-01 00:03:11,https://www.commcarehq.org/form/a33aaa51-068c-4e59-a136-de36fcb56220,tester
944,2ab6d1b6-9700-4207-a199-e3121a96c28a,community_01,Grace,Yusuf,female,1973-11-10,85681550095,08049896115,https://www.commcarehq.org/photos/farmer_944.jpg,3,mixed_farming,10,owned,2,borehole,---,rice maize groundnuts,0.9,6.1,2.8,goats,10,---,10.254566 7.3569026 0.0 20.0,yes,ae4f6020-1956-4925-b421-694792a0382e,2026-02-27 00:08:00,2026-02-27,tester,2026-02-27 00:08:20,https://www.commcarehq.org/form/2ab6d1b6-9700-4207-a199-e3121a96c28a,tester
945,58d09ed4-c23c-46cb-a5a8-55ebbfa9187d,community_01,Yusuf,Tanko,male,1990-09-17,95328718085,8029662747,https://www.commcarehq.org/photos/farmer_945.jpg,7,crop_farming,16,owned,2,rain-fed,---,groundnuts maize rice,1.6,3.3,3.0,goats,13,---,10.4420977 7.4919053 0.0 20.0,yes,45de9cb7-385e-4f44-8fa8-0c7e4086da4a,2026-03-23 00:02:00,2026-03-23,tester,2026-03-23 00:02:13,https://www.commcarehq.org/form/58d09ed4-c23c-46cb-a5a8-55ebbfa9187d,tester
946,2b2e4196-2b34-4df6-b77b-eb3be0e704c6,community_06,Peter,Okafor,male,1990-06-27,,+2348057669406,https://www.commcarehq.org/photos/farmer_946.jpg,4,livestock_farming,13,owned,2,rain-fed,---,groundnuts,0.6,---,---,rabbits,---,12,10.4653143 7.3518758 0.0 20.0,yes,63a2033f-c9c6-4b4b-a173-cf69026c6800,2026-03-15 00:02:00,2026-03-15,tester,2026-03-15 00:02:05,https://www.commcarehq.org/form/2b2e4196-2b34-4df6-b77b-eb3be0e704c6,tester
947,abcd571b-5cf2-41c3-9f1e-ef74593572df,community_06,Sarah,Tanko,male,1985-10-28,94980987468,08063338644,https://www.commcarehq.org/photos/farmer_947.jpg,8,mixed_farming,14,leased,2,rain-fed,---,maize,---,5.8,---,goats,25,---,10.3410479 7.5681939 0.0 20.0,yes,af360277-2392-4ead-91ee-9e91e07e2cef,2026-01-20 00:03:00,2026-01-20,tester,2026-01-20 00:03:10,https://www.commcarehq.org/form/abcd571b-5cf2-41c3-9f1e-ef74593572df,tester
948,a404285e-580f-485c-b3fa-0564220b81d0,community_07,Joy,Balogun,male,1988-09-10,,08006878856,https://www.commcarehq.org/photos/farmer_948.jpg,4,mixed_farming,14,owned,1,rain-fed,---,maize groundnuts,0.9,5.4,---,---,---,---,10.215219 7.2003686 0.0 20.0,yes,401706bb-a9b4-411c-9866-2081c6030f34,2026-01-23 00:04:00,2026-01-23,tester,2026-01-23 00:04:07,https://www.commcarehq.org/form/a404285e-580f-485c-b3fa-0564220b81d0,tester
949,e483174c-735f-4562-8940-457ae0bb997d,community_07,Musa,Peter,male,1969-02-02,85998282694,08037298321,https://www.commcarehq.org/photos/farmer_949.jpg,5,mixed_farming,11,owned,1,rain-fed,---,groundnuts rice,1.2,---,1.9,goats,21,---,10.3984105 7.3795294 0.0 20.0,yes,c2708232-5f52-4d1f-ad4c-362f9b4a6eaf,2026-06-16 00:05:00,2026-06-16,tester,2026-06-16 00:05:16,https://www.commcarehq.org/form/e483174c-735f-4562-8940-457ae0bb997d,tester
950,4860ae7e-6d56-4047-9bbd-1d1e16cb75fa,community_07,Naomi,Haruna,male,1988-06-19,21222625339,08048802976,https://www.commcarehq.org/photos/farmer_950.jpg,3,crop_farming,17,family_land,1,river_stream,---,groundnuts rice,2.2,---,2.7,rabbits,---,32,10.5642376 7.4161149 0.0 20.0,yes,35b7bfe9-70c8-4f5d-9a7a-3e104a6cb6ea,2026-06-25 00:02:00,2026-06-25,tester,2026-06-25 00:02:06,https://www.commcarehq.org/form/4860ae7e-6d56-4047-9bbd-1d1e16cb75fa,tester
951,090fa8b7-a168-416d-8380-8f98121984e3,community_04,Elizabeth,Usman,male,1952-11-06,,08074839332,https://www.commcarehq.org/photos/farmer_951.jpg,7,livestock_farming,33,owned,2,borehole,---,maize,---,5.1,---,rabbits,---,5,10.255884 7.4497048 0.0 20.0,yes,a3cf1068-63cd-434d-a4b8-8711240c841c,2026-04-06 00:03:00,2026-04-06,tester,2026-04-06 00:03:12,https://www.commcarehq.org/form/090fa8b7-a168-416d-8380-8f98121984e3,tester
952,2e5759f2-21a6-4afd-8d4d-38a42b644ef7,community_06,Mercy,Eze,female,1997-03-03,36123043331,08037095374,https://www.commcarehq.org/photos/farmer_952.jpg,10,mixed_farming,7,owned,2,rain-fed,---,groundnuts maize rice,2.5,3.4,1.1,---,---,---,10.3680262 7.3142597 0.0 20.0,yes,15f4e8a2-2533-409e-906c-00c23ca48a12,2026-03-07 00:07:00,2026-03-07,tester,2026-03-07 00:07:09,https://www.commcarehq.org/form/2e5759f2-21a6-4afd-8d4d-38a42b644ef7,tester
953,8cc1d749-e698-4682-8bb8-e9299db59fa0,community_03,Naomi,haruna,female,1996-04-10,66065129117,08058936177,https://www.commcarehq.org/photos/farmer_953.jpg,5,crop_farming,2,owned,5,rain-fed,---,rice groundnuts maize,2.6,2.6,0.8,---,---,---,10.432951 7.499656 0.0 20.0,yes,5a526746-9210-4a2b-a6ab-0620f9c2b1bb,2026-03-12 00:04:00,2026-03-12,tester,2026-03-12 00:04:17,https://www.commcarehq.org/form/8cc1d749-e698-4682-8bb8-e9299db59fa0,tester
954,1d02b727-1bf6-4702-98cd-aead706ef6b9,community_05,Musa,Ahmed,male,1974-03-15,,08002918987,https://www.commcarehq.org/photos/farmer_954.jpg,6,crop_farming,1,family_land,3,borehole,---,rice maize groundnuts,0.8,4.6,1.8,---,---,---,10.4464262 7.5013697 0.0 20.0,yes,0ad6ce6b-0d91-4d62-b39a-44d6e84e09bb,2026-02-06 00:08:00,2026-02-06,tester,2026-02-06 00:08:15,https://www.commcarehq.org/form/1d02b727-1bf6-4702-98cd-aead706ef6b9,tester
955,0c88db3f-3f69-4b2d-83da-02432e20ce16,community_07,Suleiman,Peter,female,1985-07-23,70459042622,08047842802,https://www.commcarehq.org/photos/farmer_955.jpg,12,mixed_farming,5,family_land,5,rain-fed,---,groundnuts maize,1.4,4.4,---,---,---,---,10.4666559 7.2804875 0.0 20.0,yes,7f6a158d-5e93-4392-820a-89faa5a1971a,2026-05-24 00:08:00,2026-05-24,tester,2026-05-24 00:08:17,https://www.commcarehq.org/form/0c88db3f-3f69-4b2d-83da-02432e20ce16,tester
956,925fbe41-21aa-4327-a223-d37d7e57163d,community_04,Naomi,Yakubu,male,2002-07-24,80399932171,+2348090346344,https://www.commcarehq.org/photos/farmer_956.jpg,6,livestock_farming,1,owned,2,rain-fed,---,maize groundnuts,1.4,5.8,---,goats,24,---,10.5454475 7.2287005 0.0 20.0,yes,613107ff-d1bd-407e-b6e5-2633c4f8ada8,2026-03-27 00:05:00,2026-03-27,tester,2026-03-27 00:05:11,https://www.commcarehq.org/form/925fbe41-21aa-4327-a223-d37d7e57163d,tester
957,d69112a8-7b58-440f-88b2-859edf3c3e7a,community_02,James,Philip,male,2005-12-27,20325491636,08050179473,https://www.commcarehq.org/photos/farmer_957.jpg,8,mixed_farming,3,owned,3,other,Spring Water,groundnuts,1.9,---,---,rabbits,---,12,10.3978642 7.2203801 0.0 20.0,yes,5fa24958-37ab-4fd5-8772-d8f3943674c3,2026-04-10 00:06:00,2026-04-10,tester,2026-04-10 00:06:10,https://www.commcarehq.org/form/d69112a8-7b58-440f-88b2-859edf3c3e7a,tester
958,99ee28ee-7977-42a5-9ac8-98151fbf2487,community_02,Daniel,Haruna,female,2004-04-29,26927717830,08012570421,https://www.commcarehq.org/photos/farmer_958.jpg,2,livestock_farming,1,family_land,2,rain-fed,---,groundnuts maize,2.5,1.5,---,goats,8,---,10.38818 7.4564693 0.0 20.0,yes,fdc9d5ed-c064-4c0e-b7b5-48e22c696068,2026-04-27 00:04:00,2026-04-27,tester,2026-04-27 00:04:17,https://www.commcarehq.org/form/99ee28ee-7977-42a5-9ac8-98151fbf2487,tester
959,3a1042b3-2a32-425d-b6a4-bd57753d017a,community_04,Musa,Isa,female,1985-07-11,,08088727407,https://www.commcarehq.org/photos/farmer_959.jpg,5,crop_farming,23,leased,1,rain-fed,---,rice groundnuts maize,2.6,1.0,2.4,rabbits,---,17,10.5339218 7.4160171 0.0 20.0,yes,a5416fdf-d17f-4733-aaaa-53254e152bb7,2026-04-20 00:08:00,2026-04-20,tester,2026-04-20 00:08:15,https://www.commcarehq.org/form/3a1042b3-2a32-425d-b6a4-bd57753d017a,tester
960,c2b7b9a9-0103-44f1-96e5-581374dcd416,community_04,David,Peter,female,1982-08-14,,08087095046,https://www.commcarehq.org/photos/farmer_960.jpg,4,crop_farming,13,family_land,3,rain-fed,---,rice,---,---,1.4,goats,12,---,10.3119524 7.2040684 0.0 20.0,yes,7af73dc1-596c-4fd1-bd38-b9bd24c9d03d,2026-06-25 00:05:00,2026-06-25,tester,2026-06-25 00:05:06,https://www.commcarehq.org/form/c2b7b9a9-0103-44f1-96e5-581374dcd416,tester
961,a8fd9bbd-4c14-42ec-ae66-6d39de8c516c,community_05,Ahmed,Adeyemi,female,1966-03-23,58183982454,08061761238,https://www.commcarehq.org/photos/farmer_961.jpg,6,crop_farming,7,owned,6,rain-fed,---,maize rice,---,3.8,2.1,goats,24,---,10.3592068 7.2607051 0.0 20.0,yes,9c3cbf12-7a95-4efa-babe-81ecd2bdeb61,2026-06-09 00:04:00,2026-06-09,tester,2026-06-09 00:04:07,https://www.commcarehq.org/form/a8fd9bbd-4c14-42ec-ae66-6d39de8c516c,tester
962,1c9e7c17-fa69-4136-a534-9a04947a527a,community_04,rebecca,abdullahi,female,1958-11-01,21652426778,08032442030,https://www.commcarehq.org/photos/farmer_962.jpg,5,crop_farming,11,leased,3,borehole,---,rice,---,---,2.8,---,---,---,10.4254214 7.525842 0.0 20.0,yes,424d1475-a145-49e8-93d5-1e2d0aac5bdf,2026-02-03 00:06:00,2026-02-03,tester,2026-02-03 00:06:14,https://www.commcarehq.org/form/1c9e7c17-fa69-4136-a534-9a04947a527a,tester
963,34ad62d5-584a-42f3-a6d8-326cfdbba0d7,community_04,James,Okafor,female,1992-01-28,70072643188,08080895460,https://www.commcarehq.org/photos/farmer_963.jpg,8,mixed_farming,3,family_land,3,rain-fed,---,rice groundnuts,0.9,---,1.2,---,---,---,10.5137215 7.3458374 0.0 20.0,yes,34daae85-0fcc-4ac5-895a-f0b2249a6d8c,2026-06-01 00:08:00,2026-06-01,tester,2026-06-01 00:08:11,https://www.commcarehq.org/form/34ad62d5-584a-42f3-a6d8-326cfdbba0d7,tester
964,5b82f196-47f5-443e-bbfa-25ba0e6c8219,community_03,Amina,Philip,male,1975-04-27,65966391497,08035320559,https://www.commcarehq.org/photos/farmer_964.jpg,10,livestock_farming,14,owned,4,rain-fed,---,rice maize groundnuts,2.6,3.1,1.3,goats rabbits,2,30,10.2894181 7.5097379 0.0 20.0,yes,77004cd2-1924-425a-b9f8-30e695bea56f,2026-04-07 00:04:00,2026-04-07,tester,2026-04-07 00:04:18,https://www.commcarehq.org/form/5b82f196-47f5-443e-bbfa-25ba0e6c8219,tester
965,9b50cf26-3d4e-4bb6-9e20-eeb550186f1f,community_03,Samuel,Ojo,male,1986-01-15,56630955272,08042814433,https://www.commcarehq.org/photos/farmer_965.jpg,6,crop_farming,20,owned,3,rain-fed,---,rice maize,---,5.0,1.3,---,---,---,10.4069937 7.4010455 0.0 20.0,yes,0ad65ef0-07b5-4a23-b0a2-fadafe0091d3,2026-01-15 00:08:00,2026-01-15,tester,2026-01-15 00:08:10,https://www.commcarehq.org/form/9b50cf26-3d4e-4bb6-9e20-eeb550186f1f,tester
966,4d3c70e3-b3d8-4a04-9982-d36fe2efd056,community_02,Mary,Peter,female,1969-12-13,87449707826,08030002137,https://www.commcarehq.org/photos/farmer_966.jpg,9,livestock_farming,3,owned,3,rain-fed,---,maize groundnuts,2.1,4.9,---,goats,14,---,10.2927908 7.429495 0.0 20.0,yes,417342ad-3b3e-4b0b-b2a3-5361df0d5a6a,2026-05-22 00:06:00,2026-05-22,tester,2026-05-22 00:06:13,https://www.commcarehq.org/form/4d3c70e3-b3d8-4a04-9982-d36fe2efd056,tester
967,dfdc1163-ee88-4c53-bf8c-5b3eba0cc577,community_01,Mary,Okafor,male,1953-11-07,28120617866,08019316667,https://www.commcarehq.org/photos/farmer_967.jpg,5,livestock_farming,38,family_land,1,rain-fed,---,groundnuts maize rice,2.2,2.2,3.4,goats,16,---,10.4953323 7.4358509 0.0 20.0,yes,b560a7c9-4e69-4864-a583-4768d75dfd7d,2026-02-28 00:08:00,2026-02-28,tester,2026-02-28 00:08:09,https://www.commcarehq.org/form/dfdc1163-ee88-4c53-bf8c-5b3eba0cc577,tester
968,fb22964f-8b1f-4d9d-9556-b8e37128f4a0,community_02,Mercy,Ogunleye,male,1988-12-23,,08006885988,https://www.commcarehq.org/photos/farmer_968.jpg,4,crop_farming,7,owned,2,rain-fed,---,maize groundnuts,0.6,1.1,---,goats rabbits,9,38,10.4658037 7.4534556 0.0 20.0,yes,b9b0028c-5215-4953-84ab-19bc4a9bfe90,2026-04-25 00:07:00,2026-04-25,tester,2026-04-25 00:07:05,https://www.commcarehq.org/form/fb22964f-8b1f-4d9d-9556-b8e37128f4a0,tester
969,e352492d-7bfe-4b18-ae71-9428dd848321,community_02,Emmanuel,David,male,2007-11-07,52663648915,08055128044,https://www.commcarehq.org/photos/farmer_969.jpg,5,mixed_farming,1,owned,1,borehole,---,rice groundnuts maize,2.7,0.9,1.0,---,---,---,10.3278359 7.3751413 0.0 20.0,yes,fc71f0c8-5ffd-4046-ba89-d0fca2e0f3b0,2026-05-09 00:06:00,2026-05-09,tester,2026-05-09 00:06:10,https://www.commcarehq.org/form/e352492d-7bfe-4b18-ae71-9428dd848321,tester
970,18dae3dc-9f21-49c3-8d1c-66529f6d8be7,community_02,Joy,Yusuf,male,2000-10-30,92080107327,08081749338,https://www.commcarehq.org/photos/farmer_970.jpg,3,mixed_farming,7,owned,2,rain-fed,---,maize rice groundnuts,1.6,5.1,1.7,---,---,---,10.3188684 7.5243501 0.0 20.0,yes,cc771bae-3415-45b0-aea0-cdd25df2dc34,2026-05-17 00:03:00,2026-05-17,tester,2026-05-17 00:03:15,https://www.commcarehq.org/form/18dae3dc-9f21-49c3-8d1c-66529f6d8be7,tester
971,57dd80fb-d54e-44b5-996f-5a416ad75f98,community_01,David,Ojo,female,1985-07-14,59480710487,08097117422,https://www.commcarehq.org/photos/farmer_971.jpg,2,mixed_farming,16,leased,3,borehole,---,groundnuts rice maize,3.0,5.7,1.3,goats rabbits,24,33,10.3280153 7.5812284 0.0 20.0,yes,e617764b-e6d3-4a57-bd9b-ecddcbe51d86,2026-06-10 00:04:00,2026-06-10,tester,2026-06-10 00:04:16,https://www.commcarehq.org/form/57dd80fb-d54e-44b5-996f-5a416ad75f98,tester
972,fc7ca738-b9d0-484f-a1d2-a0c117c4b84e,community_03,Yusuf,Garba,female,1967-04-30,61048851290,08017433834,https://www.commcarehq.org/photos/farmer_972.jpg,7,crop_farming,35,owned,3,rain-fed,---,rice groundnuts,1.7,---,1.8,---,---,---,10.3558735 7.2642819 0.0 20.0,yes,2d0ea7d6-53c3-4e5b-95d8-4fecba5d785d,2026-05-11 00:07:00,2026-05-11,tester,2026-05-11 00:07:17,https://www.commcarehq.org/form/fc7ca738-b9d0-484f-a1d2-a0c117c4b84e,tester
973,832586eb-0880-427f-aa32-e7d05a09df71,community_04,Samuel,Balogun,male,1994-03-21,35875397505,08063947764,https://www.commcarehq.org/photos/farmer_973.jpg,3,livestock_farming,13,family_land,1,dam_reservoir,---,rice,---,---,3.9,---,---,---,10.2557992 7.5014671 0.0 20.0,no,c19d3284-32b1-4b2c-ad4e-e313af229e94,2026-04-11 00:03:00,2026-04-11,tester,2026-04-11 00:03:16,https://www.commcarehq.org/form/832586eb-0880-427f-aa32-e7d05a09df71,tester
974,29116b71-3543-4231-9591-7b515713a5ad,community_02,Blessing,Mohammed,female,2000-01-05,45940531100,08005155922,https://www.commcarehq.org/photos/farmer_974.jpg,1,crop_farming,4,leased,1,rain-fed,---,maize,---,4.5,---,rabbits,---,30,10.4318288 7.5020036 0.0 20.0,yes,8aabd016-4131-4c5a-bf87-dc26c996678c,2026-04-03 00:05:00,2026-04-03,tester,2026-04-03 00:05:08,https://www.commcarehq.org/form/29116b71-3543-4231-9591-7b515713a5ad,tester
975,554ae816-25c1-4ad0-ace0-de129976160c,community_03,Paul,Yakubu,female,1994-05-23,60653797125,08004845392,https://www.commcarehq.org/photos/farmer_975.jpg,6,mixed_farming,14,leased,1,rain-fed,---,rice maize,---,1.6,2.6,---,---,---,10.3867323 7.5500486 0.0 20.0,yes,0dd161b7-d504-42d0-9f2b-35df2d5fccf1,2026-02-23 00:02:00,2026-02-23,tester,2026-02-23 00:02:17,https://www.commcarehq.org/form/554ae816-25c1-4ad0-ace0-de129976160c,tester
976,2bbafc51-c440-4b23-a828-91fa67d61caf,community_02,Amina,Tanko,male,1994-11-11,31011670258,08050974658,https://www.commcarehq.org/photos/farmer_976.jpg,8,mixed_farming,7,family_land,1,borehole,---,rice,---,---,0.6,rabbits,---,8,10.3552757 7.2939474 0.0 20.0,yes,845e0991-77bf-46e4-b154-a53ceeb0e6c1,2026-02-15 00:08:00,2026-02-15,tester,2026-02-15 00:08:09,https://www.commcarehq.org/form/2bbafc51-c440-4b23-a828-91fa67d61caf,tester
977,d4211348-6e29-4c4a-8e38-a7f2dcebf4ab,community_04,Daniel,Haruna,male,2007-10-06,93553068884,08098315086,https://www.commcarehq.org/photos/farmer_977.jpg,7,crop_farming,1,family_land,3,rain-fed,---,groundnuts maize,1.5,0.6,---,goats,10,---,10.3342002 7.4044449 0.0 20.0,yes,211c057f-9b4d-4a46-b48b-4709138fde41,2026-01-28 00:08:00,2026-01-28,tester,2026-01-28 00:08:17,https://www.commcarehq.org/form/d4211348-6e29-4c4a-8e38-a7f2dcebf4ab,tester
978,8ffc0e02-6908-4916-8ecd-8ee2021b37ff,community_07,Sarah,Michael,male,2007-12-05,85125877767,08053498103,https://www.commcarehq.org/photos/farmer_978.jpg,4,livestock_farming,1,owned,3,river_stream,---,groundnuts rice,2.1,---,0.6,rabbits,---,35,10.349945 7.2675723 0.0 20.0,yes,2caae8ec-eab1-4875-bae8-715470cdffe4,2026-01-07 00:04:00,2026-01-07,tester,2026-01-07 00:04:05,https://www.commcarehq.org/form/8ffc0e02-6908-4916-8ecd-8ee2021b37ff,tester
979,7f0e9332-f5f1-41ab-bf71-322625fcb476,community_06,David,Ali,male,1983-03-21,,08074047370,https://www.commcarehq.org/photos/farmer_979.jpg,7,mixed_farming,10,family_land,4,river_stream,---,rice,---,---,3.9,rabbits,---,13,10.2190235 7.4346039 0.0 20.0,yes,76f23fc0-e346-4442-99bf-940f9d4ac5c6,2026-04-01 00:03:00,2026-04-01,tester,2026-04-01 00:03:08,https://www.commcarehq.org/form/7f0e9332-f5f1-41ab-bf71-322625fcb476,tester
980,939baba4-08da-4784-920c-2ba3a55530ff,community_06,Deborah,David,male,2005-12-05,53663687873,08098742729,https://www.commcarehq.org/photos/farmer_980.jpg,3,crop_farming,1,family_land,3,rain-fed,---,groundnuts maize rice,2.0,5.4,3.3,goats,9,---,10.3126858 7.2189092 0.0 20.0,yes,e1f636c7-0fd4-4aae-adb0-1b908fbdc4de,2026-06-23 00:08:00,2026-06-23,tester,2026-06-23 00:08:12,https://www.commcarehq.org/form/939baba4-08da-4784-920c-2ba3a55530ff,tester
981,72c7da07-6228-4a25-baad-a43dc0b18aab,community_03,Joseph,Samuel,male,1977-02-27,86155535155,08077020420,https://www.commcarehq.org/photos/farmer_981.jpg,7,crop_farming,21,owned,2,rain-fed,---,maize,---,6.1,---,---,---,---,10.2423231 7.4338205 0.0 20.0,yes,dc32105c-d788-4e0e-bd55-863b07e8a058,2026-01-31 00:06:00,2026-01-31,tester,2026-01-31 00:06:09,https://www.commcarehq.org/form/72c7da07-6228-4a25-baad-a43dc0b18aab,tester
982,ee8bddfa-d3d1-43c7-8c9f-940b1d2dbd41,community_07,Samuel,Ibrahim,male,2007-11-01,75528984300,08052101980,https://www.commcarehq.org/photos/farmer_982.jpg,4,mixed_farming,1,leased,3,borehole,---,groundnuts maize,1.2,2.2,---,goats,14,---,10.3769933 7.2876488 0.0 20.0,yes,96bedaf8-cd5c-4d9f-8340-b985cc8e7cd3,2026-01-15 00:08:00,2026-01-15,tester,2026-01-15 00:08:14,https://www.commcarehq.org/form/ee8bddfa-d3d1-43c7-8c9f-940b1d2dbd41,tester
983,24447d41-3399-4dc3-be4a-ae3e299ccf86,community_06,Paul,Ibrahim,male,2000-05-14,66663334337,08052638765,https://www.commcarehq.org/photos/farmer_983.jpg,1,mixed_farming,2,owned,1,borehole,---,maize rice,---,2.7,2.9,goats,19,---,10.4235678 7.2205279 0.0 20.0,yes,7c3700f8-8bd6-4541-acd4-ad0f729fa42e,2026-01-26 00:05:00,2026-01-26,tester,2026-01-26 00:05:11,https://www.commcarehq.org/form/24447d41-3399-4dc3-be4a-ae3e299ccf86,tester
984,58b626c4-a87e-471e-85ed-01c6d12789e8,community_03,Esther,Bello,male,1997-09-28,41517771538,08048189260,https://www.commcarehq.org/photos/farmer_984.jpg,7,mixed_farming,3,family_land,6,rain-fed,---,groundnuts rice,2.0,---,2.5,---,---,---,10.4819264 7.2120781 0.0 20.0,yes,d9c73a67-c64b-40a8-b6dd-0a2c1df318dd,2026-06-08 00:08:00,2026-06-08,tester,2026-06-08 00:08:20,https://www.commcarehq.org/form/58b626c4-a87e-471e-85ed-01c6d12789e8,tester
985,545143f3-a4d8-4cad-b908-4f5f077cdcce,community_06,Musa,Ali,female,1989-03-29,,08068079094,https://www.commcarehq.org/photos/farmer_985.jpg,3,mixed_farming,11,owned,2,rain-fed,---,rice,---,---,1.2,rabbits,---,32,10.2822376 7.5588068 0.0 20.0,yes,4e5ad10a-8b51-4bf8-a48e-1e0c6a5585d7,2026-05-29 00:02:00,2026-05-29,tester,2026-05-29 00:02:06,https://www.commcarehq.org/form/545143f3-a4d8-4cad-b908-4f5f077cdcce,tester
986,f3a7b358-cb27-47c1-98dc-266ce8e1e1ca,community_04,Suleiman,Yusuf,male,1997-10-27,,08036224711,https://www.commcarehq.org/photos/farmer_986.jpg,8,crop_farming,8,family_land,3,dam_reservoir,---,rice groundnuts maize,1.3,3.3,1.3,goats rabbits,4,18,10.4152115 7.3327255 0.0 20.0,yes,580bdd24-e508-456a-98fc-6c12d4388496,2026-04-18 00:05:00,2026-04-18,tester,2026-04-18 00:05:08,https://www.commcarehq.org/form/f3a7b358-cb27-47c1-98dc-266ce8e1e1ca,tester
987,21a216b9-708e-4303-9f87-681bc8bc0058,community_07,Joseph,Johnson,female,1978-06-09,90617390004,08081456536,https://www.commcarehq.org/photos/farmer_987.jpg,5,crop_farming,29,owned,3,rain-fed,---,maize rice groundnuts,1.0,4.8,0.7,---,---,---,10.5596805 7.2812807 0.0 20.0,yes,f704357c-92bf-4d55-bbef-c0879ff5d5c5,2026-04-05 00:06:00,2026-04-05,tester,2026-04-05 00:06:17,https://www.commcarehq.org/form/21a216b9-708e-4303-9f87-681bc8bc0058,tester
988,fae96151-5a15-4cee-a23e-36ce8b0cd0c1,community_07,Amina,Ibrahim,female,1987-03-03,26524435176,08023072730,https://www.commcarehq.org/photos/farmer_988.jpg,4,crop_farming,14,owned,1,other,Community Well,rice,---,---,1.9,rabbits,---,37,10.401321 7.5593502 0.0 20.0,yes,53e4a2fa-d65f-4d95-a034-35d11348ffee,2026-03-20 00:03:00,2026-03-20,tester,2026-03-20 00:03:19,https://www.commcarehq.org/form/fae96151-5a15-4cee-a23e-36ce8b0cd0c1,tester
989,79384dc7-0afc-4fd7-bfa5-bbe0606b286c,community_07,Suleiman,Mohammed,male,1978-09-22,,08058376568,https://www.commcarehq.org/photos/farmer_989.jpg,6,livestock_farming,15,family_land,2,river_stream,---,rice groundnuts maize,2.8,6.0,3.4,goats,20,---,10.2571501 7.4590238 0.0 20.0,yes,a7eddc08-6589-4180-b58b-4ed84511cfd1,2026-04-21 00:07:00,2026-04-21,tester,2026-04-21 00:07:20,https://www.commcarehq.org/form/79384dc7-0afc-4fd7-bfa5-bbe0606b286c,tester
990,aa34a3c2-0797-41b0-9a39-4bd69b76a40f,community_03,Mercy,Johnson,male,1994-11-08,44445726179,8009390220,https://www.commcarehq.org/photos/farmer_990.jpg,8,crop_farming,8,family_land,1,other,Community Well,rice maize groundnuts,1.6,1.8,3.9,goats rabbits,11,31,10.2629137 7.48828 0.0 20.0,yes,b571d2e7-f48d-4698-bb7c-759b6c92ec4b,2026-06-26 00:04:00,2026-06-26,tester,2026-06-26 00:04:11,https://www.commcarehq.org/form/aa34a3c2-0797-41b0-9a39-4bd69b76a40f,tester
991,2c40ecdf-61ac-49e1-b684-4579b2b29a23,community_04,Binta,James,male,1968-12-24,35188304475,08084132069,https://www.commcarehq.org/photos/farmer_991.jpg,2,crop_farming,31,owned,5,rain-fed,---,rice groundnuts,3.0,---,0.7,goats rabbits,21,8,10.4511575 2.775718 0.0 20.0,yes,48bf15e3-e565-4fee-816c-6be782e73c1d,2026-06-19 00:08:00,2026-06-19,tester,2026-06-19 00:08:10,https://www.commcarehq.org/form/2c40ecdf-61ac-49e1-b684-4579b2b29a23,tester
992,553a0aca-2116-4a85-a9ad-45f9cff86ad0,community_03,Fatima,Garba,male,1979-03-20,27759973513,08076873492,https://www.commcarehq.org/photos/farmer_992.jpg,3,crop_farming,6,family_land,5,other,Community Well,maize,---,1.8,---,goats,18,---,10.5653951 7.3865447 0.0 20.0,yes,05520ad2-3f4e-4bbf-8930-a6b810e309cc,2026-04-04 00:06:00,2026-04-04,tester,2026-04-04 00:06:07,https://www.commcarehq.org/form/553a0aca-2116-4a85-a9ad-45f9cff86ad0,tester
993,211af18b-2f87-4f88-a402-20bcbfa56834,community_02,Esther,Musa,female,1994-05-11,85821282096,08033811149,https://www.commcarehq.org/photos/farmer_993.jpg,5,crop_farming,3,family_land,5,rain-fed,---,maize groundnuts,0.8,1.6,---,---,---,---,10.5349484 7.5869263 0.0 20.0,yes,37b878c2-5683-44f5-89a4-79726966cd83,2026-04-22 00:07:00,2026-04-22,tester,2026-04-22 00:07:10,https://www.commcarehq.org/form/211af18b-2f87-4f88-a402-20bcbfa56834,tester
994,ebebadcc-56c1-4553-ac00-7eac1b72b15e,community_07,Ibrahim,Sani,male,2002-03-03,14402150978,08031600898,https://www.commcarehq.org/photos/farmer_994.jpg,6,livestock_farming,2,owned,3,rain-fed,---,groundnuts,1.6,---,---,goats,10,---,10.3336923 7.4585463 0.0 20.0,yes,49131289-9c2e-4853-8a40-f89d5f810fd5,2026-06-09 00:05:00,2026-06-09,tester,2026-06-09 00:05:18,https://www.commcarehq.org/form/ebebadcc-56c1-4553-ac00-7eac1b72b15e,tester
995,0014f420-555d-440a-bfc4-81a224a22074,community_05,Mary,Daniel,female,1994-12-18,20207878890,08039843118,https://www.commcarehq.org/photos/farmer_995.jpg,5,crop_farming,11,owned,6,borehole,---,rice,---,---,3.0,goats,19,---,10.2174241 7.5360284 0.0 20.0,yes,ff845a44-f3c9-4560-8e0a-9341c69724a1,2026-06-18 00:04:00,2026-06-18,tester,2026-06-18 00:04:12,https://www.commcarehq.org/form/0014f420-555d-440a-bfc4-81a224a22074,tester
996,1065923d-9693-414e-b47b-a13b7ba86bb5,community_03,Paul,Ahmed,male,1975-05-06,,08054927505,https://www.commcarehq.org/photos/farmer_996.jpg,9,mixed_farming,18,owned,1,river_stream,---,groundnuts rice,2.2,---,3.6,goats,24,---,10.5828785 7.4072853 0.0 20.0,yes,d58a5013-0d0e-4cf1-ac36-9aec612faee4,2026-04-21 00:08:00,2026-04-21,tester,2026-04-21 00:08:06,https://www.commcarehq.org/form/1065923d-9693-414e-b47b-a13b7ba86bb5,tester
997,f096c324-c9d5-4b85-becc-2813f18a2882,community_05,Mary,Lawal,male,2001-07-13,67137928593,08001619244,https://www.commcarehq.org/photos/farmer_997.jpg,6,crop_farming,6,family_land,3,rain-fed,---,maize,---,5.2,---,goats,10,---,10.5294338 7.5133685 0.0 20.0,yes,fe24eeb5-9d02-4c16-8dc7-73a645a11dd9,2026-06-26 00:07:00,2026-06-26,tester,2026-06-26 00:07:15,https://www.commcarehq.org/form/f096c324-c9d5-4b85-becc-2813f18a2882,tester
998,618dc046-aea8-4b65-89e6-d49a1d289680,community_04,Deborah,Isa,male,1974-07-14,47982237621,08073937873,https://www.commcarehq.org/photos/farmer_998.jpg,6,mixed_farming,14,owned,3,river_stream,---,groundnuts maize,1.2,1.1,---,goats,3,---,10.2576672 7.489644 0.0 20.0,yes,a0febd42-cbf5-4537-bd30-8d9835e61921,2026-03-24 00:03:00,2026-03-24,tester,2026-03-24 00:03:09,https://www.commcarehq.org/form/618dc046-aea8-4b65-89e6-d49a1d289680,tester
999,d96c5913-aeb6-406d-a64b-51679ae5e358,community_06,Deborah,Garba,male,1957-10-09,,08030102838,https://www.commcarehq.org/photos/farmer_999.jpg,5,crop_farming,33,family_land,3,rain-fed,---,groundnuts maize rice,1.8,2.7,2.7,---,---,---,10.4701316 7.3895304 0.0 20.0,yes,53a848c8-1cd8-4209-a12b-2d156ba2b701,2026-05-25 00:06:00,2026-05-25,tester,2026-05-25 00:06:08,https://www.commcarehq.org/form/d96c5913-aeb6-406d-a64b-51679ae5e358,tester
1000,899a2dc0-15dd-4307-aeaf-3af2aa492b69,community_04,Amina,Usman,female,1987-04-02,68402545267,08089412501,https://www.commcarehq.org/photos/farmer_1000.jpg,5,mixed_farming,20,family_land,3,rain-fed,---,rice maize,---,5.5,3.4,rabbits,---,10,10.5576068 7.2070992 0.0 20.0,yes,1b7960c4-45ae-4b1a-b862-edebb58de422,2026-05-08 00:02:00,2026-05-08,tester,2026-05-08 00:02:05,https://www.commcarehq.org/form/899a2dc0-15dd-4307-aeaf-3af2aa492b69,tester
522,86f6ea48-88c8-4fe1-a47f-56e555d13ec1,community_06,Ahmed,Ogunleye,male,2006-10-03,81569493004,08022637556,https://www.commcarehq.org/photos/farmer_522.jpg,8,crop_farming,1,owned,2,irrigation_scheme,---,rice maize,---,5.0,0.9,rabbits,---,39,10.2205369 7.2573837 0.0 20.0,yes,b9851eee-2e12-4170-b2e5-814efa984653,2026-05-30 00:05:00,2026-05-30,tester,2026-05-30 00:05:07,https://www.commcarehq.org/form/86f6ea48-88c8-4fe1-a47f-56e555d13ec1,tester
738,93035aeb-6e64-4164-92a1-e5cc4481d03b,community_02,Grace,Ogunleye,female,2005-05-04,93720549018,08017049825,https://www.commcarehq.org/photos/farmer_738.jpg,7,mixed_farming,2,owned,2,rain-fed,---,rice groundnuts maize,0.9,3.3,2.9,goats,8,---,10.5192574 7.4043765 0.0 20.0,yes,c827d0a4-28a4-485c-81ef-bf27e6d6fdbe,2026-03-05 00:02:00,2026-03-05,tester,2026-03-05 00:02:20,https://www.commcarehq.org/form/93035aeb-6e64-4164-92a1-e5cc4481d03b,tester
741,b1ddd367-760d-45ca-9522-3341b59de59b,community_06,Rebecca,Yakubu,female,2003-12-10,24734242989,8071868687,https://www.commcarehq.org/photos/farmer_741.jpg,9,crop_farming,1,owned,5,rain-fed,---,maize rice groundnuts,2.0,3.3,0.8,goats,8,---,10.3689833 7.5651616 0.0 20.0,yes,2cf991a4-9725-49a1-ac87-cb936bd5d457,2026-06-01 00:02:00,2026-06-01,tester,2026-06-01 00:02:08,https://www.commcarehq.org/form/b1ddd367-760d-45ca-9522-3341b59de59b,tester
661,eeb1d320-f5bb-4c9b-9608-69c46b09b6ef,community_03,Samuel,Musa,female,1983-09-14,23415292532,08071605802,https://www.commcarehq.org/photos/farmer_661.jpg,11,crop_farming,6,owned,1,rain-fed,---,rice,---,---,2.5,goats rabbits,3,33,10.4555755 7.2079252 0.0 20.0,yes,fe07e6f9-8eb6-406c-ab72-26ee20168565,2026-03-08 00:08:00,2026-03-08,tester,2026-03-08 00:08:10,https://www.commcarehq.org/form/eeb1d320-f5bb-4c9b-9608-69c46b09b6ef,tester
412,20b642b4-d3aa-4d18-b90f-6ada0638534c,community_04,Peter,Garba,male,1985-09-14,70116369023,08018126122,https://www.commcarehq.org/photos/farmer_412.jpg,9,mixed_farming,10,owned,3,borehole,---,rice groundnuts,2.4,---,1.7,---,---,---,10.3741485 7.5162928 0.0 20.0,yes,44aaf6c5-f92e-443d-ab1b-9f00f798da68,2026-06-27 00:02:00,2026-06-27,tester,2026-06-27 00:02:08,https://www.commcarehq.org/form/20b642b4-d3aa-4d18-b90f-6ada0638534c,tester
679,977de2ad-7a31-4cbc-9f8c-ccbce7ed95ca,community_04,Hauwa,Usman,male,1964-06-01,39599355415,08056555391,https://www.commcarehq.org/photos/farmer_679.jpg,1,crop_farming,5,owned,2,borehole,---,groundnuts rice maize,1.1,6.4,1.2,---,---,---,10.2968308 7.3880826 0.0 20.0,yes,b2024eac-a147-4682-9aa4-4c4dd7d06e1c,2026-03-26 00:04:00,2026-03-26,tester,2026-03-26 00:04:06,https://www.commcarehq.org/form/977de2ad-7a31-4cbc-9f8c-ccbce7ed95ca,tester
627,9390d183-3859-4f0d-a1cb-aba3f9a83878,community_03,Musa,Okafor,female,1985-06-29,97237445223,08081915889,https://www.commcarehq.org/photos/farmer_627.jpg,6,mixed_farming,3,leased,5,rain-fed,---,maize,---,3.5,---,---,---,---,10.4214069 7.5552621 0.0 20.0,yes,ad612b23-6999-4b3b-a345-6a7d64516b31,2026-02-23 00:04:00,2026-02-23,tester,2026-02-23 00:04:11,https://www.commcarehq.org/form/9390d183-3859-4f0d-a1cb-aba3f9a83878,tester
514,ac29fbd0-7701-4a80-8ffc-5cccd20d0be2,community_02,Suleiman,Okafor,male,1980-02-14,,08052371688,https://www.commcarehq.org/photos/farmer_514.jpg,5,livestock_farming,2,owned,1,rain-fed,---,maize groundnuts,0.5,3.8,---,goats,10,---,10.2417499 7.2885758 0.0 20.0,yes,b2e7705c-6fce-4126-afdb-f4c4c7b8d2d0,2026-05-19 00:06:00,2026-05-19,tester,2026-05-19 00:06:11,https://www.commcarehq.org/form/ac29fbd0-7701-4a80-8ffc-5cccd20d0be2,tester
860,396087dd-2051-4122-bc6d-608638998691,community_02,Esther,Ali,female,1991-12-26,,08027630384,https://www.commcarehq.org/photos/farmer_860.jpg,10,mixed_farming,1,family_land,3,rain-fed,---,maize rice groundnuts,2.2,5.3,0.7,---,---,---,10.4151098 7.5359129 0.0 20.0,yes,c3e6e53a-afc5-4434-8d33-14bdf94278c7,2026-02-07 00:03:00,2026-02-07,tester,2026-02-07 00:03:09,https://www.commcarehq.org/form/396087dd-2051-4122-bc6d-608638998691,tester
137,c6b14c8b-0354-49e2-8266-9b472d63952d,community_05,Esther,Eze,female,1990-06-18,,08095618174,https://www.commcarehq.org/photos/farmer_137.jpg,5,crop_farming,6,owned,1,rain-fed,---,groundnuts maize,1.7,3.5,---,---,---,---,10.3973867 7.2867495 0.0 20.0,yes,6ac4528e-4f7f-4b75-abed-f85895061d8e,2026-04-27 00:05:00,2026-04-27,tester,2026-04-27 00:05:19,https://www.commcarehq.org/form/c6b14c8b-0354-49e2-8266-9b472d63952d,tester
812,4c56f190-9f3b-490b-b6f4-06aa64957fc8,community_06,Joseph,Johnson,male,1990-01-07,,08005119243,https://www.commcarehq.org/photos/farmer_812.jpg,3,crop_farming,5,owned,2,rain-fed,---,groundnuts,1.0,---,---,---,---,---,10.5808141 7.3022757 0.0 20.0,yes,0f6f8073-1980-4d29-ac49-b89edeeadf03,2026-04-06 00:05:00,2026-04-06,tester,2026-04-06 00:05:12,https://www.commcarehq.org/form/4c56f190-9f3b-490b-b6f4-06aa64957fc8,tester
77,8a06b691-8a72-420e-98c2-8527db0fa6b7,community_04,Peter,Usman,male,2005-07-07,82350889774,08048475563,https://www.commcarehq.org/photos/farmer_77.jpg,7,livestock_farming,1,owned,2,rain-fed,---,maize rice groundnuts,1.2,0.9,1.2,---,---,---,10.2621642 7.26575 0.0 20.0,yes,9538ece5-452a-4170-baab-913c73f5755d,2026-04-15 00:02:00,2026-04-15,tester,2026-04-15 00:02:16,https://www.commcarehq.org/form/8a06b691-8a72-420e-98c2-8527db0fa6b7,tester
637,c77c4fe1-ae59-418d-a207-29e22f017c68,community_02,Ibrahim,Johnson,male,1967-07-02,78006926011,08053114272,https://www.commcarehq.org/photos/farmer_637.jpg,4,mixed_farming,23,owned,1,rain-fed,---,groundnuts maize rice,0.6,0.6,3.4,---,---,---,10.5619284 7.4760634 0.0 20.0,yes,94bf9197-b0bc-4b51-b448-6830680b5c49,2026-04-24 00:03:00,2026-04-24,tester,2026-04-24 00:03:08,https://www.commcarehq.org/form/c77c4fe1-ae59-418d-a207-29e22f017c68,tester
974,29116b71-3543-4231-9591-7b515713a5ad,community_02,Blessing,Mohammed,female,2000-01-05,45940531100,08005155922,https://www.commcarehq.org/photos/farmer_974.jpg,1,crop_farming,4,leased,1,rain-fed,---,maize,---,4.5,---,rabbits,---,30,10.4318288 7.5020036 0.0 20.0,yes,8aabd016-4131-4c5a-bf87-dc26c996678c,2026-04-03 00:05:00,2026-04-03,tester,2026-04-03 00:05:08,https://www.commcarehq.org/form/29116b71-3543-4231-9591-7b515713a5ad,tester
939,75f7873a-6b26-4633-b4d5-77ade1ae312d,community_04,Esther,Okafor,male,1970-07-18,92340524177,08069277861,https://www.commcarehq.org/photos/farmer_939.jpg,1,crop_farming,28,owned,3,rain-fed,---,maize rice,---,2.1,2.9,goats,19,---,10.4891346 7.3571595 0.0 20.0,yes,9fd3939d-c55c-4df0-82d1-d406f9ceff71,2026-02-03 00:07:00,2026-02-03,tester,2026-02-03 00:07:12,https://www.commcarehq.org/form/75f7873a-6b26-4633-b4d5-77ade1ae312d,tester
900,ba3fd835-81f7-44fa-b5bd-374c959a1d7c,community_06,Daniel,Mohammed,female,1974-01-12,76457579618,08042723723,https://www.commcarehq.org/photos/farmer_900.jpg,9,crop_farming,33,leased,2,rain-fed,---,rice maize groundnuts,2.5,5.3,2.2,---,---,---,10.5262299 7.4249888 0.0 20.0,yes,aaf8ed02-b2fe-4f9e-99a0-ab13534f218a,2026-03-16 00:07:00,2026-03-16,tester,2026-03-16 00:07:17,https://www.commcarehq.org/form/ba3fd835-81f7-44fa-b5bd-374c959a1d7c,tester
281,b03cb5f9-dbdb-4cc1-a44c-805154ad4ca5,community_04,Ahmed,Ahmed,male,1975-09-06,,08038272076,https://www.commcarehq.org/photos/farmer_281.jpg,6,mixed_farming,7,owned,3,rain-fed,---,maize rice groundnuts,0.9,2.8,3.1,rabbits,---,2,10.3122801 7.4730395 0.0 20.0,yes,4c7e5e18-8750-40ba-b662-87447e2e238e,2026-03-05 00:08:00,2026-03-05,tester,2026-03-05 00:08:14,https://www.commcarehq.org/form/b03cb5f9-dbdb-4cc1-a44c-805154ad4ca5,tester
884,93d335b6-694a-4dcc-9c51-39356b186add,community_05,Naomi,Abdullahi,male,1996-07-29,,08077492493,https://www.commcarehq.org/photos/farmer_884.jpg,4,crop_farming,12,family_land,3,rain-fed,---,maize,---,6.5,---,goats,25,---,10.483831 7.2935734 0.0 20.0,yes,2c173942-5d85-4955-aba2-2e4fcb08a9bd,2026-06-29 00:03:00,2026-06-29,tester,2026-06-29 00:03:12,https://www.commcarehq.org/form/93d335b6-694a-4dcc-9c51-39356b186add,tester
762,84b830dc-1100-41d7-b96a-e0382faaf4f6,community_07,Samuel,Tanko,male,2002-09-26,35126255821,08020003275,https://www.commcarehq.org/photos/farmer_762.jpg,4,crop_farming,6,owned,3,dam_reservoir,---,groundnuts,0.6,---,---,---,---,---,10.4099056 7.2332898 0.0 20.0,yes,3042d4d1-befe-416c-90e8-ddea73d9a5e8,2026-02-28 00:07:00,2026-02-28,tester,2026-02-28 00:07:18,https://www.commcarehq.org/form/84b830dc-1100-41d7-b96a-e0382faaf4f6,tester
320,58fe95cc-31a0-4f70-86fe-18233f718156,community_06,Hauwa,Yakubu,male,1995-03-07,77529122887,08095997397,https://www.commcarehq.org/photos/farmer_320.jpg,4,crop_farming,2,owned,2,rain-fed,---,groundnuts maize,0.8,5.0,---,goats,25,---,10.260709 7.2601678 0.0 20.0,yes,0c9d5262-d8b0-44f9-80a5-6e5af1ab89d7,2026-02-21 00:06:00,2026-02-21,tester,2026-02-21 00:06:07,https://www.commcarehq.org/form/58fe95cc-31a0-4f70-86fe-18233f718156,tester
