number,formid,form.section_1_farmer_identification.community,form.section_1_farmer_identification.first_name,form.section_1_farmer_identification.last_name,form.section_1_farmer_identification.gender,form.section_1_farmer_identification.date_of_birth,form.section_1_farmer_identification.national_id,form.section_1_farmer_identification.phone_number,form.section_1_farmer_identification.farmer_photograph,form.section_2_household_information.household_size,form.section_2_household_information.primary_occupation,form.section_2_household_information.farming_experience_years,form.section_3_farm_information.farm_ownership,form.section_3_farm_information.number_of_farm_plots,form.section_3_farm_information.primary_or_main_irrigation_source.choice,form.section_3_farm_information.primary_or_main_irrigation_source.specify_other,form.section_4_crops_cultivated.crops_cultivated_and_areas_hectares.choice,form.section_4_crops_cultivated.crops_cultivated_and_areas_hectares.area_under_groundnuts_hectares,form.section_4_crops_cultivated.crops_cultivated_and_areas_hectares.area_under_maize_hectares,form.section_4_crops_cultivated.crops_cultivated_and_areas_hectares.area_under_rice_hectares,form.section_5_livestock.livestock_and_number_kept_integer.choice,form.section_5_livestock.livestock_and_number_kept_integer.number_of_goats,form.section_5_livestock.livestock_and_number_kept_integer.number_of_rabbits,form.section_6_farm_location.farm_gps_location,form.section_7_consent.farmer_accepts_or_decline_to_participate_in_the_programme.choice,form.case.@case_id,completed_time,started_time,username,received_on,form_link,hq_user
1,346f7c68-25f1-41b1-a84a-691283aca451,community_05,Amina,Balogun,male,1994-07-28,,08055002657,https://www.commcarehq.org/photos/farmer_1.jpg,8,mixed_farming,13,leased,1,rain-fed,---,groundnuts,2.9,---,---,goats,4,---,10.3435918 7.3375823 0.0 20.0,yes,f7e53cdf-eb5c-4997-a5d4-1d574b288dbc,2026-01-12 00:07:00,2026-01-12,tester,2026-01-12 00:07:19,https://www.commcarehq.org/form/346f7c68-25f1-41b1-a84a-691283aca451,tester
2,44b0d9cf-c9a1-4594-9653-330cb182424f,community_04,Elizabeth,David,male,1987-01-07,21616047600,08002202126,https://www.commcarehq.org/photos/farmer_2.jpg,5,mixed_farming,21,owned,6,rain-fed,---,maize rice,---,6.4,2.7,---,---,---,10.5371408 7.5104 0.0 20.0,yes,38b9e706-03dd-4b32-99aa-01f081aaa85f,2026-01-09 00:08:00,2026-01-09,tester,2026-01-09 00:08:15,https://www.commcarehq.org/form/44b0d9cf-c9a1-4594-9653-330cb182424f,tester
3,5e65c92b-1881-4dc4-ad61-3989f4023103,community_03,Fatima,Daniel,female,1981-03-26,,08039422525,https://www.commcarehq.org/photos/farmer_3.jpg,7,livestock_farming,17,owned,1,rain-fed,---,rice,---,---,2.0,goats,14,---,10.38722 7.3005656 0.0 20.0,yes,cc529988-9805-4d7f-ba1e-0a8fa58aef11,2026-01-03 00:07:00,2026-01-03,tester,2026-01-03 00:07:08,https://www.commcarehq.org/form/5e65c92b-1881-4dc4-ad61-3989f4023103,tester
4,48b834f9-b1ee-432f-a6a8-84983620e30d,community_05,Mercy,Lawal,male,1985-02-11,11948728483,08098251982,https://www.commcarehq.org/photos/farmer_4.jpg,8,crop_farming,6,owned,3,rain-fed,---,groundnuts rice,2.8,---,3.6,---,---,---,10.2231701 7.5512038 0.0 20.0,yes,6f87361a-4eff-4826-bfd7-809239dcda2d,2026-01-22 00:07:00,2026-01-22,tester,2026-01-22 00:07:20,https://www.commcarehq.org/form/48b834f9-b1ee-432f-a6a8-84983620e30d,tester
5,9c0fcd71-8f03-4821-ad0b-f25807f971fe,community_06,Emmanuel,Sani,female,2000-09-29,68439875878,08099767363,https://www.commcarehq.org/photos/farmer_5.jpg,7,crop_farming,1,owned,1,rain-fed,---,rice groundnuts maize,0.7,0.7,1.7,---,---,---,10.3941658 7.4156936 0.0 20.0,yes,dd104e96-6f32-4cfd-a375-171f675fb97f,2026-05-27 00:06:00,2026-05-27,tester,2026-05-27 00:06:20,https://www.commcarehq.org/form/9c0fcd71-8f03-4821-ad0b-f25807f971fe,tester
6,2407a003-943c-43d4-896b-0e5adf131d2f,community_02,Ruth,Abdullahi,male,1997-11-30,71895212988,08080660781,https://www.commcarehq.org/photos/farmer_6.jpg,4,crop_farming,5,owned,1,river_stream,---,groundnuts rice maize,2.9,6.1,3.5,goats,17,---,10.5458602 7.5609771 0.0 20.0,yes,f97317aa-aecf-4162-ac4c-15f24bb7dae9,2026-01-01 00:05:00,2026-01-01,tester,2026-01-01 00:05:13,https://www.commcarehq.org/form/2407a003-943c-43d4-896b-0e5adf131d2f,tester
7,66c3050e-4e69-4474-a849-d134bd2c86f0,community_07,Paul,Ali,male,1977-08-09,,08012955705,https://www.commcarehq.org/photos/farmer_7.jpg,7,crop_farming,17,owned,4,borehole,---,maize,---,1.2,---,---,---,---,10.4378077 7.4477526 0.0 20.0,yes,9a436f1c-ed80-4699-ab32-07359702f1a4,2026-05-30 00:06:00,2026-05-30,tester,2026-05-30 00:06:15,https://www.commcarehq.org/form/66c3050e-4e69-4474-a849-d134bd2c86f0,tester
8,951f046d-322d-41d3-9578-0539e88ecdbc,community_07,John,Adeyemi,female,1990-05-04,,08023704990,https://www.commcarehq.org/photos/farmer_8.jpg,4,crop_farming,3,leased,2,rain-fed,---,rice maize groundnuts,2.2,3.8,3.8,goats,6,---,10.5558851 7.4969667 0.0 20.0,yes,8db11d8b-80ce-47d8-9639-ea9cc3b7df03,2026-03-14 00:06:00,2026-03-14,tester,2026-03-14 00:06:11,https://www.commcarehq.org/form/951f046d-322d-41d3-9578-0539e88ecdbc,tester
9,91540947-3db4-43df-9bf0-a6b5dfb3fa2f,community_05,John,Adeyemi,female,1989-03-04,,08080420762,https://www.commcarehq.org/photos/farmer_9.jpg,8,mixed_farming,4,owned,3,rain-fed,---,rice groundnuts,1.6,---,0.6,goats,3,---,10.2840306 7.2998119 0.0 20.0,yes,bbf4bf7b-5a93-4c73-b50b-9e9f69ae815f,2026-05-24 00:08:00,2026-05-24,tester,2026-05-24 00:08:18,https://www.commcarehq.org/form/91540947-3db4-43df-9bf0-a6b5dfb3fa2f,tester
10,34aea256-0205-4622-8803-ca0a645d01f4,community_07,Suleiman,Peter,female,1994-04-10,,08007398882,https://www.commcarehq.org/photos/farmer_10.jpg,1,crop_farming,14,leased,2,borehole,---,groundnuts,0.6,---,---,goats,12,---,10.2277683 7.5093307 0.0 20.0,yes,ea9dd9c7-768a-49fd-b99c-e512afdc29ad,2026-05-11 00:05:00,2026-05-11,tester,2026-05-11 00:05:15,https://www.commcarehq.org/form/34aea256-0205-4622-8803-ca0a645d01f4,tester
11,29bef095-73b7-4661-92a7-e21b20c51881,community_07,Mary,Michael,female,2004-06-17,59111077388,08073653527,https://www.commcarehq.org/photos/farmer_11.jpg,3,mixed_farming,2,owned,1,irrigation_scheme,---,maize groundnuts rice,1.8,4.5,1.6,---,---,---,10.276736 7.4659718 0.0 20.0,yes,c713f0d8-7fad-4ce7-8e24-38bc577a3a83,2026-02-14 00:06:00,2026-02-14,tester,2026-02-14 00:06:14,https://www.commcarehq.org/form/29bef095-73b7-4661-92a7-e21b20c51881,tester
12,1a3ff7ed-07d4-43f5-a315-3c6b6a91b2dd,community_03,Joy,Yusuf,male,1986-09-04,,+2348044249710,https://www.commcarehq.org/photos/farmer_12.jpg,7,crop_farming,8,family_land,1,rain-fed,---,groundnuts,3.0,---,---,---,---,---,10.3821665 7.5544548 0.0 20.0,yes,c06eb169-6f10-4bee-b351-f4c915d631b0,2026-06-28 00:05:00,2026-06-28,tester,2026-06-28 00:05:20,https://www.commcarehq.org/form/1a3ff7ed-07d4-43f5-a315-3c6b6a91b2dd,tester
13,14f1a7a3-e33a-4041-953c-03ac04ad5001,community_03,Sarah,Ojo,female,1962-12-12,81708395052,08045911455,https://www.commcarehq.org/photos/farmer_13.jpg,5,mixed_farming,33,owned,3,rain-fed,---,maize rice,---,5.0,3.4,goats,18,---,10.2956983 7.375949 0.0 20.0,yes,6b71b2cc-a0c2-4ca1-8fc0-41d385a234e4,2026-03-02 00:04:00,2026-03-02,tester,2026-03-02 00:04:15,https://www.commcarehq.org/form/14f1a7a3-e33a-4041-953c-03ac04ad5001,tester
14,809df703-eff7-4484-9840-9bd4e2517d4c,community_02,Mercy,Bello,male,1993-07-13,67616418900,08034083790,https://www.commcarehq.org/photos/farmer_14.jpg,11,crop_farming,7,leased,2,borehole,---,groundnuts maize rice,1.2,3.4,1.9,---,---,---,10.4896726 7.5362023 0.0 20.0,yes,09141427-1c6f-4bec-a545-656b4a4694ba,2026-06-09 00:06:00,2026-06-09,tester,2026-06-09 00:06:05,https://www.commcarehq.org/form/809df703-eff7-4484-9840-9bd4e2517d4c,tester
15,df27fc4e-bd94-482f-8aa3-4647ff418218,community_07,Blessing,Okafor,female,2002-04-29,,08012343829,https://www.commcarehq.org/photos/farmer_15.jpg,9,mixed_farming,1,leased,2,rain-fed,---,groundnuts rice maize,1.0,0.6,1.0,goats rabbits,23,15,10.3860136 7.3024975 0.0 20.0,yes,5eb1c96f-bdfb-4332-acbc-350ac537100e,2026-06-05 00:06:00,2026-06-05,tester,2026-06-05 00:06:08,https://www.commcarehq.org/form/df27fc4e-bd94-482f-8aa3-4647ff418218,tester
16,35410e56-cb21-458c-8739-4dead92bcf11,community_06,Rebecca,Ahmed,male,2003-09-16,,08093706617,https://www.commcarehq.org/photos/farmer_16.jpg,8,livestock_farming,1,owned,2,rain-fed,---,maize groundnuts rice,2.6,1.1,3.9,---,---,---,10.4829235 7.3741949 0.0 20.0,yes,9bc95806-911b-41eb-bdc4-a5f280298b05,2026-06-16 00:04:00,2026-06-16,tester,2026-06-16 00:04:20,https://www.commcarehq.org/form/35410e56-cb21-458c-8739-4dead92bcf11,tester
17,3a5d3ddd-ace9-4d61-8e6f-e3ab398ffb2b,community_03,Joy,Balogun,female,1993-05-26,42000950925,+2348075634343,https://www.commcarehq.org/photos/farmer_17.jpg,5,mixed_farming,5,owned,3,rain-fed,---,maize rice groundnuts,2.2,4.4,2.2,rabbits,---,16,10.3617605 7.2973221 0.0 20.0,yes,b8de62d9-7a3d-4de0-bc69-16831b5e949d,2026-04-05 00:05:00,2026-04-05,tester,2026-04-05 00:05:16,https://www.commcarehq.org/form/3a5d3ddd-ace9-4d61-8e6f-e3ab398ffb2b,tester
18,24af7100-0456-422b-aed2-32bad4ee1b24,community_03,Suleiman,Sani,male,1982-02-06,53776816193,08015712479,https://www.commcarehq.org/photos/farmer_18.jpg,7,mixed_farming,10,owned,1,borehole,---,maize,---,0.8,---,goats,11,---,10.2505118 7.5473845 0.0 20.0,yes,f9b48526-1d9f-4f75-b51e-944cde7b5f30,2026-01-04 00:06:00,2026-01-04,tester,2026-01-04 00:06:14,https://www.commcarehq.org/form/24af7100-0456-422b-aed2-32bad4ee1b24,tester
19,631251f6-65a0-4a6a-a6eb-0d534dbec286,community_03,Samuel,Johnson,male,2001-05-10,,08040601539,https://www.commcarehq.org/photos/farmer_19.jpg,3,mixed_farming,5,owned,3,irrigation_scheme,---,rice maize,---,2.3,2.7,---,---,---,10.5790361 7.2831152 0.0 20.0,yes,c18336b2-eb0c-40cb-96b8-ec6cdcbd9c8d,2026-06-19 00:02:00,2026-06-19,tester,2026-06-19 00:02:10,https://www.commcarehq.org/form/631251f6-65a0-4a6a-a6eb-0d534dbec286,tester
20,c63398a8-cffd-4423-b233-3302ee074467,community_02,Mercy,Bello,male,1986-11-13,49648888517,08077469766,https://www.commcarehq.org/photos/farmer_20.jpg,4,mixed_farming,9,family_land,5,rain-fed,---,maize rice groundnuts,1.7,2.3,1.9,goats,19,---,10.2321767 7.2159443 0.0 20.0,yes,5b9fa2e7-f4a6-4e01-8730-eb22454247c3,2026-03-24 00:06:00,2026-03-24,tester,2026-03-24 00:06:13,https://www.commcarehq.org/form/c63398a8-cffd-4423-b233-3302ee074467,tester
21,beec864f-44f6-4e13-a46a-c2bf8a19bdc2,community_01,Peter,Adeyemi,female,1985-08-01,,08057154294,https://www.commcarehq.org/photos/farmer_21.jpg,6,crop_farming,11,family_land,1,borehole,---,rice maize,---,5.4,2.4,---,---,---,10.3293095 7.5880739 0.0 20.0,yes,2050a636-95e5-4189-9bf3-38d3941b4191,2026-05-12 00:08:00,2026-05-12,tester,2026-05-12 00:08:05,https://www.commcarehq.org/form/beec864f-44f6-4e13-a46a-c2bf8a19bdc2,tester
22,a2acff26-833c-4ff0-8766-18a906be9c23,community_05,Mercy,Ali,male,1990-08-26,,08067259461,https://www.commcarehq.org/photos/farmer_22.jpg,8,crop_farming,18,owned,4,rain-fed,---,rice,---,---,3.4,---,---,---,10.4035488 7.30937 0.0 20.0,yes,2a982958-9748-4c05-93fe-83a4b8ff1d96,2026-05-01 00:03:00,2026-05-01,tester,2026-05-01 00:03:19,https://www.commcarehq.org/form/a2acff26-833c-4ff0-8766-18a906be9c23,tester
23,2101c2f1-4648-4b39-b3f0-3729fc67c6b9,community_04,Joseph,Daniel,female,1984-06-06,54731837094,08095822594,https://www.commcarehq.org/photos/farmer_23.jpg,4,crop_farming,18,owned,2,other,Rainwater Harvesting,maize groundnuts rice,0.6,5.0,3.0,---,---,---,10.4654755 7.528299 0.0 20.0,yes,c649ca44-b1b1-4c9b-bacd-ad566fab2058,2026-05-07 00:02:00,2026-05-07,tester,2026-05-07 00:02:09,https://www.commcarehq.org/form/2101c2f1-4648-4b39-b3f0-3729fc67c6b9,tester
24,524e83f4-0510-495f-b747-ce31f31f4d08,community_04,Blessing,Johnson,female,1969-05-25,11962491159,08074614936,https://www.commcarehq.org/photos/farmer_24.jpg,2,livestock_farming,25,leased,3,borehole,---,groundnuts rice maize,2.1,6.0,4.0,---,---,---,10.2393773 7.4534991 0.0 20.0,yes,2db6b6e4-8991-4617-a8d0-b7ccaf838096,2026-04-24 00:03:00,2026-04-24,tester,2026-04-24 00:03:14,https://www.commcarehq.org/form/524e83f4-0510-495f-b747-ce31f31f4d08,tester
25,8a68020a-eac6-4002-9d99-539425ffb5bc,community_07,Grace,Johnson,female,1990-12-02,68115916826,08057108629,https://www.commcarehq.org/photos/farmer_25.jpg,4,crop_farming,1,leased,2,borehole,---,groundnuts,1.6,---,---,goats,20,---,10.5848116 7.4761254 0.0 20.0,yes,4ba740fb-86be-42fe-8285-78c931c8b7b0,2026-03-19 00:03:00,2026-03-19,tester,2026-03-19 00:03:17,https://www.commcarehq.org/form/8a68020a-eac6-4002-9d99-539425ffb5bc,tester
26,dd118067-151c-47ff-9666-a5993d72792e,community_06,Mary,Garba,male,1991-07-17,64366683091,08025670649,https://www.commcarehq.org/photos/farmer_26.jpg,5,mixed_farming,8,family_land,3,borehole,---,rice groundnuts maize,2.8,4.4,1.6,goats,20,---,10.2525647 7.5638511 0.0 20.0,yes,751cf9f2-7b74-4484-a68c-d4ad75771c5b,2026-04-17 00:03:00,2026-04-17,tester,2026-04-17 00:03:11,https://www.commcarehq.org/form/dd118067-151c-47ff-9666-a5993d72792e,tester
27,95ee89ba-1490-4bc2-a5ed-4cd79a811228,community_01,Mercy,Michael,female,1982-04-19,52118547373,08073191987,https://www.commcarehq.org/photos/farmer_27.jpg,6,crop_farming,26,owned,2,rain-fed,---,rice maize groundnuts,2.6,6.1,0.9,goats,2,---,10.5772677 7.3312025 0.0 20.0,yes,ad4adad0-d52d-45ff-9d2d-03ee103977d5,2026-06-15 00:02:00,2026-06-15,tester,2026-06-15 00:02:19,https://www.commcarehq.org/form/95ee89ba-1490-4bc2-a5ed-4cd79a811228,tester
28,3909c1ca-b0e9-43b2-834c-bc5bc90172c0,community_07,Musa,Ojo,male,2008-02-01,,08012533965,https://www.commcarehq.org/photos/farmer_28.jpg,7,crop_farming,1,family_land,3,dam_reservoir,---,rice,---,---,1.8,goats,9,---,10.2397418 7.4742721 0.0 20.0,yes,566c2023-7157-4b5d-9778-fb56d6c4c72b,2026-06-15 00:04:00,2026-06-15,tester,2026-06-15 00:04:06,https://www.commcarehq.org/form/3909c1ca-b0e9-43b2-834c-bc5bc90172c0,tester
29,eff68195-e122-4111-a570-a98668a88c0a,community_03,John,James,female,1974-08-09,94350979790,08090397285,https://www.commcarehq.org/photos/farmer_29.jpg,7,crop_farming,10,family_land,4,other,Spring Water,groundnuts rice,2.2,---,0.6,goats,9,---,10.2063124 7.306147 0.0 20.0,yes,9b1c571f-f609-4003-8fc6-595e044173c0,2026-04-18 00:06:00,2026-04-18,tester,2026-04-18 00:06:08,https://www.commcarehq.org/form/eff68195-e122-4111-a570-a98668a88c0a,tester
30,4665e982-3fd1-4525-84ef-a638bcd42980,community_05,Ruth,Ali,female,1984-11-22,95664907881,08007854904,https://www.commcarehq.org/photos/farmer_30.jpg,6,mixed_farming,15,owned,1,rain-fed,---,maize,---,4.2,---,---,---,---,10.3523618 7.4389567 0.0 20.0,yes,ba748c6d-5e10-4bea-aa23-435cdb23bcc7,2026-05-10 00:06:00,2026-05-10,tester,2026-05-10 00:06:18,https://www.commcarehq.org/form/4665e982-3fd1-4525-84ef-a638bcd42980,tester
31,22ba1cb0-6199-4479-891e-d71690155ec2,community_01,Yusuf,James,female,1978-03-25,43879092961,08048373329,https://www.commcarehq.org/photos/farmer_31.jpg,9,crop_farming,4,family_land,2,rain-fed,---,rice maize groundnuts,1.5,5.7,3.8,goats rabbits,25,20,10.440164 7.3406585 0.0 20.0,yes,9a0b851d-70fc-4264-8a98-6b3a2fe72357,2026-02-24 00:03:00,2026-02-24,tester,2026-02-24 00:03:20,https://www.commcarehq.org/form/22ba1cb0-6199-4479-891e-d71690155ec2,tester
32,af21fc32-6618-4206-a3af-3f5dade8480d,community_02,Mary,Samuel,female,1991-09-20,94274662027,08065666027,https://www.commcarehq.org/photos/farmer_32.jpg,5,crop_farming,13,owned,3,rain-fed,---,rice groundnuts maize,1.5,2.5,1.8,---,---,---,10.4270374 7.2339828 0.0 20.0,yes,1daefcbd-2e73-477e-9adc-4fc37d0c16b7,2026-02-10 00:08:00,2026-02-10,tester,2026-02-10 00:08:06,https://www.commcarehq.org/form/af21fc32-6618-4206-a3af-3f5dade8480d,tester
33,d01d6450-be01-46c7-a1b4-f5f45107bdae,community_05,James,Ali,female,1978-12-13,81961932838,08014264603,https://www.commcarehq.org/photos/farmer_33.jpg,1,crop_farming,5,family_land,2,rain-fed,---,maize groundnuts rice,1.5,4.7,2.3,---,---,---,10.2288302 7.5447057 0.0 20.0,yes,349136ec-8bb6-4d34-9f81-ec6519580ea7,2026-01-05 00:05:00,2026-01-05,tester,2026-01-05 00:05:07,https://www.commcarehq.org/form/d01d6450-be01-46c7-a1b4-f5f45107bdae,tester
34,600a1295-8407-48e4-8cd4-2f6d8e24a13d,community_06,Blessing,Usman,female,1980-02-15,32869705212,08086890825,https://www.commcarehq.org/photos/farmer_34.jpg,2,crop_farming,25,owned,3,rain-fed,---,maize,---,2.6,---,---,---,---,10.2590759 7.2411218 0.0 20.0,yes,000c2a8a-4199-4ba6-bdfe-0d52be2af688,2026-02-14 00:06:00,2026-02-14,tester,2026-02-14 00:06:09,https://www.commcarehq.org/form/600a1295-8407-48e4-8cd4-2f6d8e24a13d,tester
35,2bd00053-4730-4d31-856c-b202ea8242df,community_06,Binta,Bello,male,1968-11-20,,08074956686,https://www.commcarehq.org/photos/farmer_35.jpg,4,mixed_farming,18,owned,2,rain-fed,---,groundnuts rice,1.4,---,1.5,---,---,---,10.2361186 7.4376319 0.0 20.0,yes,0fd0c100-fda2-4319-924b-b2ca34b46804,2026-05-29 00:06:00,2026-05-29,tester,2026-05-29 00:06:06,https://www.commcarehq.org/form/2bd00053-4730-4d31-856c-b202ea8242df,tester
36,4d3bf1c6-b29c-4d27-bd45-66e444c9ad85,community_03,Paul,Okafor,female,1988-10-27,70395287678,08018375124,https://www.commcarehq.org/photos/farmer_36.jpg,6,crop_farming,10,owned,2,rain-fed,---,rice maize groundnuts,1.3,3.8,1.9,goats,23,---,10.4410803 7.2601493 0.0 20.0,yes,bce166e4-1d52-4519-8d38-56e56e0bc480,2026-06-19 00:03:00,2026-06-19,tester,2026-06-19 00:03:16,https://www.commcarehq.org/form/4d3bf1c6-b29c-4d27-bd45-66e444c9ad85,tester
37,c72fcdc9-170f-43ee-afd9-3d76945da591,community_02,Binta,Ogunleye,female,1997-05-26,97517171228,08078687656,https://www.commcarehq.org/photos/farmer_37.jpg,11,crop_farming,4,owned,4,rain-fed,---,groundnuts rice,2.2,---,3.6,---,---,---,10.2617011 7.2723384 0.0 20.0,yes,7f8d8550-b831-49a6-87b0-f2483826ad40,2026-06-09 00:08:00,2026-06-09,tester,2026-06-09 00:08:10,https://www.commcarehq.org/form/c72fcdc9-170f-43ee-afd9-3d76945da591,tester
38,ddb2fbf6-a610-4200-943e-ed8f7a3747a1,community_05,Grace,Usman,male,1968-09-06,41992901998,08053848399,https://www.commcarehq.org/photos/farmer_38.jpg,6,mixed_farming,27,leased,1,rain-fed,---,groundnuts maize,2.7,3.8,---,goats,18,---,10.3140252 7.5052467 0.0 20.0,yes,807d62bb-d2a2-4392-81eb-c74495d8387b,2026-05-12 00:03:00,2026-05-12,tester,2026-05-12 00:03:18,https://www.commcarehq.org/form/ddb2fbf6-a610-4200-943e-ed8f7a3747a1,tester
39,124984fb-545e-48c8-868f-76c1377c5517,community_01,Elizabeth,Garba,female,1975-12-14,59400744392,08029309867,https://www.commcarehq.org/photos/farmer_39.jpg,2,crop_farming,31,owned,1,rain-fed,---,groundnuts,1.9,---,---,---,---,---,10.2444747 7.3152406 0.0 20.0,yes,5eafb1b7-1455-4caa-b25e-67398c6cae6c,2026-01-13 00:03:00,2026-01-13,tester,2026-01-13 00:03:18,https://www.commcarehq.org/form/124984fb-545e-48c8-868f-76c1377c5517,tester
40,039fe959-74a3-4c99-9452-b0f396ff98c2,community_05,Hauwa,Ali,male,1968-09-13,81433702538,08057203516,https://www.commcarehq.org/photos/farmer_40.jpg,9,crop_farming,31,owned,2,rain-fed,---,maize,---,5.2,---,goats,25,---,10.2414655 7.4327613 0.0 20.0,yes,60e7a9f0-56b0-4328-a163-3063ac3ab1ff,2026-02-04 00:02:00,2026-02-04,tester,2026-02-04 00:02:16,https://www.commcarehq.org/form/039fe959-74a3-4c99-9452-b0f396ff98c2,tester
41,2f26bf47-d4dd-4f31-9db4-5fde26f667b8,community_04,Joy,Ojo,male,1968-07-24,19169122031,08079027833,https://www.commcarehq.org/photos/farmer_41.jpg,6,crop_farming,13,owned,1,rain-fed,---,maize,---,3.1,---,goats,16,---,10.3546579 7.5894894 0.0 20.0,yes,aa46ea90-42a1-4052-9e7b-2142134daaac,2026-05-08 00:04:00,2026-05-08,tester,2026-05-08 00:04:13,https://www.commcarehq.org/form/2f26bf47-d4dd-4f31-9db4-5fde26f667b8,tester
42,35692667-3000-48e9-8219-0886a016bf38,community_06,Suleiman,Usman,male,1983-10-06,19030589268,08032471447,https://www.commcarehq.org/photos/farmer_42.jpg,5,mixed_farming,2,owned,3,rain-fed,---,rice groundnuts maize,0.9,4.1,3.2,goats,4,---,10.4580652 7.3448602 0.0 20.0,yes,7b63d8dc-45b7-43b1-9fcc-987deabe1e98,2026-01-09 00:06:00,2026-01-09,tester,2026-01-09 00:06:09,https://www.commcarehq.org/form/35692667-3000-48e9-8219-0886a016bf38,tester
43,b9c51093-48f6-49c0-b8ee-5e15c5a9a782,community_05,Daniel,Samuel,male,2005-10-08,97249621106,08029015917,https://www.commcarehq.org/photos/farmer_43.jpg,8,crop_farming,2,owned,1,rain-fed,---,maize groundnuts rice,2.2,4.8,2.4,goats,11,---,10.4847236 7.5709298 0.0 20.0,yes,f39790a9-9a2f-4bb3-a628-213dccd972bf,2026-04-03 00:06:00,2026-04-03,tester,2026-04-03 00:06:12,https://www.commcarehq.org/form/b9c51093-48f6-49c0-b8ee-5e15c5a9a782,tester
44,7b21d8f2-4228-4b1f-9141-dcfcf53473e1,community_01,John,Abdullahi,male,1976-01-11,71714003551,8085603975,https://www.commcarehq.org/photos/farmer_44.jpg,11,mixed_farming,29,owned,3,river_stream,---,rice groundnuts maize,1.6,6.0,0.7,goats,6,---,10.2647868 7.5738951 0.0 20.0,yes,ab58ef36-bd99-4d77-bf81-b20da5b1d5d5,2026-05-13 00:04:00,2026-05-13,tester,2026-05-13 00:04:07,https://www.commcarehq.org/form/7b21d8f2-4228-4b1f-9141-dcfcf53473e1,tester
45,ca17d020-27fc-42be-994a-52fe72b6215e,community_02,Binta,Sani,male,1976-10-13,34227856531,08055169390,https://www.commcarehq.org/photos/farmer_45.jpg,2,mixed_farming,27,family_land,1,rain-fed,---,rice maize,---,3.4,3.3,---,---,---,10.2291892 7.2239652 0.0 20.0,yes,448222bd-180a-4e46-aa34-594276ce872c,2026-05-04 00:05:00,2026-05-04,tester,2026-05-04 00:05:11,https://www.commcarehq.org/form/ca17d020-27fc-42be-994a-52fe72b6215e,tester
46,c10206a9-8910-4773-9848-22a274838f90,community_03,SARAH,Johnson,female,1990-12-18,80310934766,08053422023,https://www.commcarehq.org/photos/farmer_46.jpg,7,livestock_farming,11,leased,3,borehole,---,rice maize,---,3.5,1.6,goats,14,---,10.5866747 7.2860578 0.0 20.0,yes,d00d353c-7a08-4d0e-8c21-02df3b1d58a2,2026-01-13 00:04:00,2026-01-13,tester,2026-01-13 00:04:20,https://www.commcarehq.org/form/c10206a9-8910-4773-9848-22a274838f90,tester
47,d9b47873-5620-4738-880d-8ee40b3296e3,community_04,Joy,Ojo,female,1996-05-14,48149856894,08077345150,https://www.commcarehq.org/photos/farmer_47.jpg,7,mixed_farming,10,family_land,4,rain-fed,---,rice maize,---,5.0,1.2,---,---,---,10.2181213 7.2548145 0.0 20.0,yes,53e3d2a2-2fab-4a51-89ec-7f6c3a715ad3,2026-05-02 00:06:00,2026-05-02,tester,2026-05-02 00:06:19,https://www.commcarehq.org/form/d9b47873-5620-4738-880d-8ee40b3296e3,tester
48,679ee980-9e66-4811-8503-3cbd3693739f,community_01,Naomi,Yakubu,male,1956-04-26,52273653396,08055545403,https://www.commcarehq.org/photos/farmer_48.jpg,3,mixed_farming,47,leased,5,rain-fed,---,rice groundnuts maize,2.0,1.5,2.7,---,---,---,10.2591103 7.4722908 0.0 20.0,yes,3b5a79ad-f185-4229-81d8-3da3672c5493,2026-06-29 00:02:00,2026-06-29,tester,2026-06-29 00:02:11,https://www.commcarehq.org/form/679ee980-9e66-4811-8503-3cbd3693739f,tester
49,0c1c69b3-8624-4f5c-b2f7-3fe59e6d6239,community_01,Ibrahim,Usman,male,1979-10-30,,08098701236,https://www.commcarehq.org/photos/farmer_49.jpg,7,crop_farming,18,owned,2,river_stream,---,rice maize groundnuts,1.0,2.0,2.5,goats,11,---,10.4819604 7.476096 0.0 20.0,yes,94c425c9-7b37-406a-9ff0-3d3690c999e1,2026-05-03 00:04:00,2026-05-03,tester,2026-05-03 00:04:13,https://www.commcarehq.org/form/0c1c69b3-8624-4f5c-b2f7-3fe59e6d6239,tester
50,a6443c54-4a8b-4724-8f85-c8641f828276,community_02,Blessing,Adeyemi,male,1954-01-24,,08082273424,https://www.commcarehq.org/photos/farmer_50.jpg,4,mixed_farming,18,owned,3,rain-fed,---,rice,---,---,3.7,goats rabbits,9,28,10.3321174 7.3889616 0.0 20.0,yes,9690d762-90c2-4e55-b6d9-2e9069549be8,2026-02-05 00:02:00,2026-02-05,tester,2026-02-05 00:02:10,https://www.commcarehq.org/form/a6443c54-4a8b-4724-8f85-c8641f828276,tester
51,b6e40630-f3bd-42dd-9e88-83cb2f4a8bb3,community_03,Elizabeth,Michael,female,1983-02-15,17069077735,08090557991,https://www.commcarehq.org/photos/farmer_51.jpg,12,mixed_farming,6,leased,2,rain-fed,---,rice groundnuts maize,1.2,6.4,2.4,---,---,---,10.5404239 7.3872083 0.0 20.0,yes,52e4b614-16b8-4c34-9e4c-8b6dad9624c8,2026-01-29 00:04:00,2026-01-29,tester,2026-01-29 00:04:10,https://www.commcarehq.org/form/b6e40630-f3bd-42dd-9e88-83cb2f4a8bb3,tester
52,b1eb63f0-6576-48eb-b99e-8117e3e7832e,community_05,Binta,Mohammed,female,2003-02-06,39022308426,08018885061,https://www.commcarehq.org/photos/farmer_52.jpg,4,crop_farming,4,owned,2,rain-fed,---,rice groundnuts maize,2.1,4.7,0.7,goats rabbits,11,34,10.5692424 7.5551206 0.0 20.0,yes,0a558fa7-095b-4564-80a9-9eca92a071ed,2026-06-26 00:02:00,2026-06-26,tester,2026-06-26 00:02:14,https://www.commcarehq.org/form/b1eb63f0-6576-48eb-b99e-8117e3e7832e,tester
53,9d23301b-cf64-499a-ab17-de99deb02f67,community_03,Peter,Garba,female,1978-09-06,86029256503,08097887657,https://www.commcarehq.org/photos/farmer_53.jpg,7,crop_farming,19,owned,3,rain-fed,---,groundnuts rice maize,2.6,3.2,2.9,---,---,---,10.5595557 7.3781931 0.0 20.0,yes,1f1b219c-01ff-4eef-99c4-3c9aa449f083,2026-02-03 00:06:00,2026-02-03,tester,2026-02-03 00:06:18,https://www.commcarehq.org/form/9d23301b-cf64-499a-ab17-de99deb02f67,tester
54,c7fd0b6c-387a-47bb-8486-9d7ff0002d7a,community_03,Grace,Sani,male,1975-12-24,88245290322,08004750894,https://www.commcarehq.org/photos/farmer_54.jpg,5,mixed_farming,27,owned,2,irrigation_scheme,---,maize groundnuts,2.2,4.5,---,---,---,---,10.339108 7.2713895 0.0 20.0,yes,cab45e42-dc34-48ca-9210-9112f1442bd6,2026-05-16 00:03:00,2026-05-16,tester,2026-05-16 00:03:12,https://www.commcarehq.org/form/c7fd0b6c-387a-47bb-8486-9d7ff0002d7a,tester
55,701f7bd2-bcd5-400a-a171-bf9d83802254,community_06,Emmanuel,Yusuf,female,1977-12-08,43601077243,08023297184,https://www.commcarehq.org/photos/farmer_55.jpg,9,crop_farming,22,family_land,1,rain-fed,---,groundnuts rice,2.4,---,3.2,goats,11,---,10.5665588 7.4304441 0.0 20.0,yes,542f1ec2-f917-4e3c-80d9-f6964eee8915,2026-06-22 00:08:00,2026-06-22,tester,2026-06-22 00:08:15,https://www.commcarehq.org/form/701f7bd2-bcd5-400a-a171-bf9d83802254,tester
56,579d5290-ace3-441f-95af-83cb1f0b9b5a,community_02,Naomi,Peter,female,1980-02-10,96651537241,08065036356,https://www.commcarehq.org/photos/farmer_56.jpg,2,mixed_farming,8,family_land,2,rain-fed,---,groundnuts maize,2.9,3.8,---,goats,9,---,10.3321052 7.2316282 0.0 20.0,yes,3ddd24aa-519e-406e-84c3-36487193d4ec,2026-04-05 00:02:00,2026-04-05,tester,2026-04-05 00:02:11,https://www.commcarehq.org/form/579d5290-ace3-441f-95af-83cb1f0b9b5a,tester
57,28486d59-80dd-4a0d-b4f0-577b8e31b9b2,community_01,JOSEPH,adeyemi,female,2007-04-01,,08056229392,https://www.commcarehq.org/photos/farmer_57.jpg,4,livestock_farming,1,leased,3,rain-fed,---,rice,---,---,1.6,goats,16,---,10.3437038 7.3046247 0.0 20.0,yes,1ba5aab9-cba3-44e0-97fd-4f06174c7065,2026-05-08 00:05:00,2026-05-08,tester,2026-05-08 00:05:08,https://www.commcarehq.org/form/28486d59-80dd-4a0d-b4f0-577b8e31b9b2,tester
58,bb0e2dba-fa81-42ff-8351-fd77e1882645,community_06,Suleiman,Ibrahim,female,1993-01-01,87505757671,08087055721,https://www.commcarehq.org/photos/farmer_58.jpg,4,crop_farming,11,leased,2,river_stream,---,rice maize groundnuts,0.9,5.3,1.1,---,---,---,10.5667598 7.4168547 0.0 20.0,yes,39b28c10-c110-4c20-8fbe-4347cd19b701,2026-01-16 00:06:00,2026-01-16,tester,2026-01-16 00:06:06,https://www.commcarehq.org/form/bb0e2dba-fa81-42ff-8351-fd77e1882645,tester
59,1d3e7259-6a22-44ea-a8ea-887c0227811b,community_06,FATIMA,haruna,female,1970-05-06,,08027053666,https://www.commcarehq.org/photos/farmer_59.jpg,12,crop_farming,34,family_land,3,rain-fed,---,rice maize groundnuts,0.8,1.1,1.0,goats,18,---,10.3417764 7.5179745 0.0 20.0,yes,ec2a6f78-32df-4b0d-9e39-42d47a2f51fb,2026-04-14 00:05:00,2026-04-14,tester,2026-04-14 00:05:12,https://www.commcarehq.org/form/1d3e7259-6a22-44ea-a8ea-887c0227811b,tester
60,a1db0654-9399-4130-8852-9e6d1cd6984a,community_07,Peter,Ahmed,female,1976-05-27,84634375004,08046708639,https://www.commcarehq.org/photos/farmer_60.jpg,3,crop_farming,31,owned,1,rain-fed,---,rice groundnuts maize,2.8,2.4,3.9,---,---,---,10.4850846 7.3593184 0.0 20.0,yes,3f15c648-b90d-42f2-9ff8-d453c9965a89,2026-02-11 00:06:00,2026-02-11,tester,2026-02-11 00:06:12,https://www.commcarehq.org/form/a1db0654-9399-4130-8852-9e6d1cd6984a,tester
61,eedd9e97-51e7-4cbf-806b-e57811afc617,community_04,Deborah,David,female,1980-05-02,,08060730206,https://www.commcarehq.org/photos/farmer_61.jpg,7,mixed_farming,1,family_land,2,rain-fed,---,maize groundnuts,2.2,4.5,---,goats,21,---,10.2985799 7.2294027 0.0 20.0,yes,cf10ee4c-9814-49bc-84b8-807ca80f8d7d,2026-04-08 00:07:00,2026-04-08,tester,2026-04-08 00:07:09,https://www.commcarehq.org/form/eedd9e97-51e7-4cbf-806b-e57811afc617,tester
62,278d7096-598f-458b-9faa-bad74e9c04d5,community_05,Ibrahim,Samuel,male,2003-11-22,24043539950,08011454030,https://www.commcarehq.org/photos/farmer_62.jpg,7,crop_farming,4,owned,1,rain-fed,---,rice,---,---,2.3,rabbits,---,19,10.3204525 7.3972496 0.0 20.0,yes,c4ae28df-4342-4e16-bb8d-e129fa140f81,2026-04-22 00:04:00,2026-04-22,tester,2026-04-22 00:04:18,https://www.commcarehq.org/form/278d7096-598f-458b-9faa-bad74e9c04d5,tester
63,688c3e33-44c5-40c8-80c8-c367f76fd170,community_02,PAUL,bello,male,1950-09-19,24851402655,08010383844,https://www.commcarehq.org/photos/farmer_63.jpg,8,crop_farming,45,owned,5,dam_reservoir,---,rice maize,---,6.3,3.2,goats,10,---,10.3571741 7.2455551 0.0 20.0,yes,77ec2707-7290-4bf4-b722-6960251052ed,2026-06-01 00:06:00,2026-06-01,tester,2026-06-01 00:06:10,https://www.commcarehq.org/form/688c3e33-44c5-40c8-80c8-c367f76fd170,tester
64,48184add-a675-4fbf-a7c3-eb17d1ae9385,community_05,Mercy,Yusuf,female,1982-11-30,,08080876132,https://www.commcarehq.org/photos/farmer_64.jpg,4,crop_farming,20,owned,2,irrigation_scheme,---,maize groundnuts rice,2.3,5.4,2.6,rabbits,---,17,10.4630407 7.3420035 0.0 20.0,yes,d1da1218-f004-4669-a2ef-8739a6a28095,2026-01-12 00:06:00,2026-01-12,tester,2026-01-12 00:06:17,https://www.commcarehq.org/form/48184add-a675-4fbf-a7c3-eb17d1ae9385,tester
65,6aa5ccf5-428c-427a-9374-5b9ff1f1ddf4,community_07,Ibrahim,Abdullahi,male,2004-03-15,85242663481,+2348055437553,https://www.commcarehq.org/photos/farmer_65.jpg,3,livestock_farming,1,owned,5,rain-fed,---,rice,---,---,2.2,---,---,---,10.4787053 7.3275638 0.0 20.0,yes,ea5f5283-431d-4d84-baff-613b77ecdc3b,2026-01-30 00:02:00,2026-01-30,tester,2026-01-30 00:02:15,https://www.commcarehq.org/form/6aa5ccf5-428c-427a-9374-5b9ff1f1ddf4,tester
66,7ac361dd-86be-4ccf-b577-dbd9d0c1ef28,community_05,Ahmed,Abdullahi,male,1958-10-27,53637450593,08059241640,https://www.commcarehq.org/photos/farmer_66.jpg,7,crop_farming,1,family_land,1,borehole,---,rice,---,---,0.9,rabbits,---,22,10.2788297 7.245582 0.0 20.0,yes,63943043-3860-482c-abc4-735349609b1c,2026-05-06 00:06:00,2026-05-06,tester,2026-05-06 00:06:15,https://www.commcarehq.org/form/7ac361dd-86be-4ccf-b577-dbd9d0c1ef28,tester
67,8e49b40c-1d68-4eaf-a20f-2602ac1a1b3f,community_04,Hauwa,David,female,1988-08-28,52093313968,08095632131,https://www.commcarehq.org/photos/farmer_67.jpg,6,crop_farming,6,owned,3,rain-fed,---,rice,---,---,1.1,goats,7,---,10.3804004 7.2214445 0.0 20.0,yes,e50cf17e-da0a-4504-82fc-4e0311f399e4,2026-01-03 00:05:00,2026-01-03,tester,2026-01-03 00:05:09,https://www.commcarehq.org/form/8e49b40c-1d68-4eaf-a20f-2602ac1a1b3f,tester
68,81aa4c48-9198-4b2c-864a-cf4fbd120de0,community_02,Joseph,Sani,male,1978-12-13,,08041572022,https://www.commcarehq.org/photos/farmer_68.jpg,6,crop_farming,17,owned,1,rain-fed,---,rice groundnuts,2.4,---,2.0,goats rabbits,15,17,10.3190836 7.5997251 0.0 20.0,yes,78f41b87-550f-4229-9002-06b9b4628197,2026-03-31 00:08:00,2026-03-31,tester,2026-03-31 00:08:07,https://www.commcarehq.org/form/81aa4c48-9198-4b2c-864a-cf4fbd120de0,tester
69,d0202b11-92f8-4ba0-9345-bdee765e8802,community_03,Mary,Lawal,female,1986-07-24,94657043626,08061122032,https://www.commcarehq.org/photos/farmer_69.jpg,7,crop_farming,19,owned,3,borehole,---,groundnuts,2.9,---,---,---,---,---,10.5969945 7.546819 0.0 20.0,yes,8cd51722-4f48-443c-81ce-e7e09fb9043a,2026-02-03 00:03:00,2026-02-03,tester,2026-02-03 00:03:09,https://www.commcarehq.org/form/d0202b11-92f8-4ba0-9345-bdee765e8802,tester
70,157fe446-9288-45d2-be0c-03457fbf37f8,community_05,Joy,Garba,female,1979-05-02,97053477282,08044680529,https://www.commcarehq.org/photos/farmer_70.jpg,5,mixed_farming,28,family_land,5,rain-fed,---,maize groundnuts rice,1.0,3.1,1.2,goats,11,---,10.4311735 7.4264568 0.0 20.0,yes,32d79743-1988-4aec-819b-3125f8d48851,2026-03-29 00:07:00,2026-03-29,tester,2026-03-29 00:07:06,https://www.commcarehq.org/form/157fe446-9288-45d2-be0c-03457fbf37f8,tester
71,5d698742-7c47-4509-8e58-36353fb3b23b,community_01,Binta,Abdullahi,female,2005-11-23,37607187789,08099838803,https://www.commcarehq.org/photos/farmer_71.jpg,3,crop_farming,2,family_land,3,rain-fed,---,groundnuts rice maize,1.0,1.0,2.6,---,---,---,10.203225 7.3374297 0.0 20.0,yes,82bd9d18-79e9-4273-b7bf-a6ec5773e610,2026-04-19 00:07:00,2026-04-19,tester,2026-04-19 00:07:09,https://www.commcarehq.org/form/5d698742-7c47-4509-8e58-36353fb3b23b,tester
72,fd22bef4-f2ee-461c-86ff-473cf54cff11,community_03,Peter,David,male,1975-02-04,28465161052,08038866056,https://www.commcarehq.org/photos/farmer_72.jpg,4,mixed_farming,10,leased,3,river_stream,---,groundnuts,0.9,---,---,goats,25,---,10.5852995 7.3258015 0.0 20.0,yes,0a44c66b-79b6-44f4-a965-f8db67f89671,2026-03-12 00:07:00,2026-03-12,tester,2026-03-12 00:07:07,https://www.commcarehq.org/form/fd22bef4-f2ee-461c-86ff-473cf54cff11,tester
73,53935c7a-1e66-4f9f-a7fb-95f76ab3b8db,community_02,Hauwa,Eze,female,1995-08-06,,08026136772,https://www.commcarehq.org/photos/farmer_73.jpg,2,crop_farming,1,leased,6,rain-fed,---,rice groundnuts maize,2.9,5.1,0.6,goats,10,---,10.5690317 7.579472 0.0 20.0,yes,c181fc36-bc2d-4e90-90a4-86d9067350cf,2026-03-15 00:07:00,2026-03-15,tester,2026-03-15 00:07:18,https://www.commcarehq.org/form/53935c7a-1e66-4f9f-a7fb-95f76ab3b8db,tester
74,2e9f2f53-ac6c-41b7-be4b-873ce9b437ab,community_03,Joseph,Bello,female,1984-02-20,79058871749,08099135766,https://www.commcarehq.org/photos/farmer_74.jpg,5,mixed_farming,2,owned,6,rain-fed,---,rice groundnuts,0.8,---,3.0,rabbits,---,24,10.4092021 7.5131948 0.0 20.0,yes,8c883a2c-86f2-4781-86e3-5422d1113901,2026-02-12 00:04:00,2026-02-12,tester,2026-02-12 00:04:09,https://www.commcarehq.org/form/2e9f2f53-ac6c-41b7-be4b-873ce9b437ab,tester
75,9d928d9a-1ea2-4a94-bc56-0c0c5fbb1d97,community_05,Deborah,Mohammed,female,2008-01-16,,08020750434,https://www.commcarehq.org/photos/farmer_75.jpg,7,mixed_farming,1,owned,4,rain-fed,---,maize rice,---,6.0,1.1,rabbits,---,28,10.2898061 7.2993053 0.0 20.0,yes,6ec58ac9-025a-4889-b2f0-87ffc12f1ca3,2026-03-23 00:04:00,2026-03-23,tester,2026-03-23 00:04:07,https://www.commcarehq.org/form/9d928d9a-1ea2-4a94-bc56-0c0c5fbb1d97,tester
76,92eae4b3-315b-4134-a79c-fc1fd34d7494,community_04,Mary,Yakubu,female,2004-10-15,,08090428350,https://www.commcarehq.org/photos/farmer_76.jpg,4,mixed_farming,2,owned,3,other,Rainwater Harvesting,rice groundnuts maize,0.5,3.0,1.3,goats,24,---,10.5803961 7.2005848 0.0 20.0,yes,743ab6f1-811c-4471-8a10-e29e0b6da50e,2026-03-20 00:02:00,2026-03-20,tester,2026-03-20 00:02:11,https://www.commcarehq.org/form/92eae4b3-315b-4134-a79c-fc1fd34d7494,tester
77,596c612f-83d9-42c7-ad90-6b3c25a3f768,community_04,Peter,Usman,male,2005-07-07,82350889774,08048475563,https://www.commcarehq.org/photos/farmer_77.jpg,7,livestock_farming,1,owned,2,rain-fed,---,maize rice groundnuts,1.2,0.9,1.2,---,---,---,10.2621642 7.26575 0.0 20.0,yes,d8cf52c6-783b-4f75-b039-1abead65e696,2026-04-15 00:02:00,2026-04-15,tester,2026-04-15 00:02:16,https://www.commcarehq.org/form/596c612f-83d9-42c7-ad90-6b3c25a3f768,tester
78,0b59e541-7213-4ae9-ad39-45060bd23fa3,community_07,John,Ali,male,1995-05-24,51601288789,08086083023,https://www.commcarehq.org/photos/farmer_78.jpg,2,livestock_farming,1,leased,2,rain-fed,---,maize,---,1.1,---,rabbits,---,5,10.5321489 7.5930269 0.0 20.0,yes,33038760-f59b-45b9-8e8b-c5720d2f96e6,2026-04-13 00:04:00,2026-04-13,tester,2026-04-13 00:04:07,https://www.commcarehq.org/form/0b59e541-7213-4ae9-ad39-45060bd23fa3,tester
79,63bf0c2c-2fe7-4188-b606-d1d76ade9b34,community_04,James,Philip,female,2007-03-27,,08041983041,https://www.commcarehq.org/photos/farmer_79.jpg,7,crop_farming,1,family_land,1,irrigation_scheme,---,maize rice,---,5.8,0.6,---,---,---,10.3180421 7.3647969 0.0 20.0,yes,4a74684c-ad4f-47f0-9e43-aee452726b12,2026-01-16 00:02:00,2026-01-16,tester,2026-01-16 00:02:13,https://www.commcarehq.org/form/63bf0c2c-2fe7-4188-b606-d1d76ade9b34,tester
80,3030e480-eb7a-43a7-b242-a3839f1fe02b,community_03,David,Daniel,female,1972-08-26,,08050374735,https://www.commcarehq.org/photos/farmer_80.jpg,5,crop_farming,15,owned,5,rain-fed,---,groundnuts rice maize,1.1,1.9,2.4,---,---,---,10.5056199 7.579121 0.0 20.0,yes,29e82a3b-c552-4b75-8032-ea2e32356cc0,2026-04-10 00:04:00,2026-04-10,tester,2026-04-10 00:04:10,https://www.commcarehq.org/form/3030e480-eb7a-43a7-b242-a3839f1fe02b,tester
81,58f604ce-dde3-418e-9547-5d9df872fe16,community_01,Blessing,Johnson,female,1977-06-29,,08035198895,https://www.commcarehq.org/photos/farmer_81.jpg,10,mixed_farming,1,owned,1,rain-fed,---,maize,---,4.8,---,---,---,---,10.3294355 7.2087652 0.0 20.0,yes,553e3342-188e-4150-adc2-30a4fee6a415,2026-02-06 00:08:00,2026-02-06,tester,2026-02-06 00:08:08,https://www.commcarehq.org/form/58f604ce-dde3-418e-9547-5d9df872fe16,tester
82,edf2514c-364b-4046-9f98-cfa6096d4f0d,community_06,Deborah,Samuel,female,1989-09-13,54245744424,08011979619,https://www.commcarehq.org/photos/farmer_82.jpg,8,crop_farming,19,family_land,2,borehole,---,groundnuts,2.3,---,---,---,---,---,10.3566406 7.5977133 0.0 20.0,yes,da554060-3f27-4322-93c8-c7dc807b9130,2026-01-09 00:03:00,2026-01-09,tester,2026-01-09 00:03:15,https://www.commcarehq.org/form/edf2514c-364b-4046-9f98-cfa6096d4f0d,tester
83,60b5fe7f-218e-4847-8569-ae4881e324dd,community_07,Hauwa,Garba,female,2001-04-26,40398948041,08033698673,https://www.commcarehq.org/photos/farmer_83.jpg,3,crop_farming,3,family_land,5,rain-fed,---,groundnuts maize,1.7,2.8,---,rabbits,---,32,10.515492 7.4312222 0.0 20.0,yes,5f60df81-9689-4c32-8259-f55bb1be9f43,2026-02-27 00:03:00,2026-02-27,tester,2026-02-27 00:03:19,https://www.commcarehq.org/form/60b5fe7f-218e-4847-8569-ae4881e324dd,tester
84,910c1b33-e323-4749-8be4-484ce7c7f94b,community_01,Deborah,Musa,male,1995-06-02,65353243316,08010993987,https://www.commcarehq.org/photos/farmer_84.jpg,6,livestock_farming,3,owned,2,rain-fed,---,rice maize groundnuts,1.2,1.1,1.9,---,---,---,10.2218019 7.2015262 0.0 20.0,yes,c367bcfe-07ef-46e8-b10b-7f513aa23746,2026-06-19 00:07:00,2026-06-19,tester,2026-06-19 00:07:20,https://www.commcarehq.org/form/910c1b33-e323-4749-8be4-484ce7c7f94b,tester
85,435392a9-fcbe-4103-baa9-9d2ece1a5bc4,community_02,Amina,Daniel,male,1994-11-09,,08033460518,https://www.commcarehq.org/photos/farmer_85.jpg,12,crop_farming,4,family_land,6,borehole,---,rice,---,---,1.7,---,---,---,10.4358906 7.4214408 0.0 20.0,yes,b70741d3-1afc-4ab3-bff1-49ea69ea535a,2026-05-14 00:05:00,2026-05-14,tester,2026-05-14 00:05:20,https://www.commcarehq.org/form/435392a9-fcbe-4103-baa9-9d2ece1a5bc4,tester
86,c0453f39-b4cb-437b-918b-0b5d23fd073c,community_04,Peter,Ibrahim,male,1995-10-25,95825278204,08019491210,https://www.commcarehq.org/photos/farmer_86.jpg,3,livestock_farming,11,owned,3,irrigation_scheme,---,groundnuts,1.5,---,---,goats,12,---,10.4078753 7.5668648 0.0 20.0,no,eb86cd67-e5bb-4808-9983-641425830193,2026-06-29 00:06:00,2026-06-29,tester,2026-06-29 00:06:18,https://www.commcarehq.org/form/c0453f39-b4cb-437b-918b-0b5d23fd073c,tester
87,d08fbb08-7cd5-421f-baaf-6bcffd432074,community_01,Sarah,Peter,female,1985-05-18,46124497642,08034602166,https://www.commcarehq.org/photos/farmer_87.jpg,3,mixed_farming,2,family_land,2,rain-fed,---,maize rice,---,5.6,3.5,---,---,---,10.291183 7.3201922 0.0 20.0,yes,106e63e5-7210-407d-acb3-31eae84c3c51,2026-03-24 00:04:00,2026-03-24,tester,2026-03-24 00:04:18,https://www.commcarehq.org/form/d08fbb08-7cd5-421f-baaf-6bcffd432074,tester
88,e4d4f7ca-e03b-4d43-907b-706f076bef71,community_04,Fatima,Daniel,male,1952-11-13,,08088513518,https://www.commcarehq.org/photos/farmer_88.jpg,1,crop_farming,4,owned,5,borehole,---,maize rice,---,3.5,2.7,goats,2,---,10.3955147 7.3784414 0.0 20.0,yes,8cfd138a-ca5c-42cc-b38d-8a3bc2eb6e56,2026-05-02 00:06:00,2026-05-02,tester,2026-05-02 00:06:16,https://www.commcarehq.org/form/e4d4f7ca-e03b-4d43-907b-706f076bef71,tester
89,082add05-2f01-4381-9e80-2e7400b9bbff,community_03,Joy,Michael,male,1975-02-19,31688086108,08087222265,https://www.commcarehq.org/photos/farmer_89.jpg,1,mixed_farming,1,owned,3,rain-fed,---,rice maize groundnuts,2.7,5.6,2.1,goats,11,---,10.5297243 7.358861 0.0 20.0,yes,cdb5ebca-8871-4b04-be4d-fa65c11d5fe6,2026-05-11 00:07:00,2026-05-11,tester,2026-05-11 00:07:16,https://www.commcarehq.org/form/082add05-2f01-4381-9e80-2e7400b9bbff,tester
90,e306cc98-24e9-41de-bc32-ceb3c7fd5ee8,community_04,Hauwa,Eze,male,1979-06-11,97086832438,08032696152,https://www.commcarehq.org/photos/farmer_90.jpg,3,mixed_farming,22,owned,1,borehole,---,maize rice,---,2.9,3.1,---,---,---,10.5264059 7.3372668 0.0 20.0,yes,82066a4d-92e5-4b94-9bb4-99d6c92e7e2b,2026-06-25 00:06:00,2026-06-25,tester,2026-06-25 00:06:20,https://www.commcarehq.org/form/e306cc98-24e9-41de-bc32-ceb3c7fd5ee8,tester
91,0bd35fe0-529d-4ff3-8f44-fcbc0df82364,community_07,Ahmed,Samuel,male,1968-04-14,29201857661,08077599862,https://www.commcarehq.org/photos/farmer_91.jpg,4,mixed_farming,22,owned,3,river_stream,---,groundnuts rice,1.7,---,1.2,goats,23,---,10.3193423 7.2216248 0.0 20.0,yes,5ddd1465-e17e-47cd-854e-31f3b0e281b9,2026-02-05 00:03:00,2026-02-05,tester,2026-02-05 00:03:15,https://www.commcarehq.org/form/0bd35fe0-529d-4ff3-8f44-fcbc0df82364,tester
92,2960768c-57e6-4950-945d-95eaa9ce49da,community_03,Blessing,Michael,female,1991-04-09,,08046160271,https://www.commcarehq.org/photos/farmer_92.jpg,4,crop_farming,14,family_land,2,rain-fed,---,groundnuts,1.8,---,---,---,---,---,10.5568026 7.5027391 0.0 20.0,yes,42d99e5e-a48a-4b30-9ba9-90e410208bd9,2026-01-05 00:07:00,2026-01-05,tester,2026-01-05 00:07:05,https://www.commcarehq.org/form/2960768c-57e6-4950-945d-95eaa9ce49da,tester
93,8e00c209-a72c-4707-95a5-9d5ddc5a0b5e,community_05,Peter,Garba,female,1994-05-18,51183027018,08018227538,https://www.commcarehq.org/photos/farmer_93.jpg,4,crop_farming,4,owned,4,borehole,---,groundnuts,2.3,---,---,rabbits,---,25,10.484444 7.5168509 0.0 20.0,yes,673022cf-46a9-4f4b-9faa-cfbb72788bb5,2026-06-13 00:04:00,2026-06-13,tester,2026-06-13 00:04:06,https://www.commcarehq.org/form/8e00c209-a72c-4707-95a5-9d5ddc5a0b5e,tester
94,3b4a8c5f-6abf-4399-9347-254929cb7b0b,community_04,Grace,Adeyemi,male,1975-07-26,63447922883,08012726041,https://www.commcarehq.org/photos/farmer_94.jpg,7,crop_farming,7,owned,4,borehole,---,groundnuts rice,2.4,---,3.4,---,---,---,10.3639025 7.2641494 0.0 20.0,yes,8e20d7e3-267f-451d-956e-edf96329cb09,2026-02-23 00:07:00,2026-02-23,tester,2026-02-23 00:07:20,https://www.commcarehq.org/form/3b4a8c5f-6abf-4399-9347-254929cb7b0b,tester
95,97bcec18-d3ab-455d-b450-0a8692bd34d9,community_02,Amina,Yusuf,female,1951-05-05,,08070796492,https://www.commcarehq.org/photos/farmer_95.jpg,1,livestock_farming,24,family_land,2,rain-fed,---,groundnuts,2.6,---,---,rabbits,---,24,10.557811 7.5820357 0.0 20.0,yes,e36a26e1-a198-4c67-96d5-401853e640fb,2026-01-24 00:04:00,2026-01-24,tester,2026-01-24 00:04:15,https://www.commcarehq.org/form/97bcec18-d3ab-455d-b450-0a8692bd34d9,tester
96,cbc0e081-82b8-409d-bc8d-13dee44a668b,community_02,Joseph,David,female,1989-07-22,,08076716091,https://www.commcarehq.org/photos/farmer_96.jpg,6,mixed_farming,15,owned,2,rain-fed,---,rice groundnuts maize,2.8,1.2,1.9,goats,10,---,10.2049441 7.5473329 0.0 20.0,yes,cf3e3cd6-d1a6-4b08-9e42-696c51d94536,2026-05-28 00:07:00,2026-05-28,tester,2026-05-28 00:07:12,https://www.commcarehq.org/form/cbc0e081-82b8-409d-bc8d-13dee44a668b,tester
97,43778de1-9a6b-4fcc-b0b6-c5aa721e2cfc,community_07,Ahmed,Tanko,male,1977-05-26,43185717519,08046618860,https://www.commcarehq.org/photos/farmer_97.jpg,4,crop_farming,6,owned,2,rain-fed,---,groundnuts rice,1.9,---,1.8,rabbits,---,30,10.5205045 7.3792394 0.0 20.0,yes,c2c563d7-ccb1-400c-9fea-22f3451bc724,2026-04-25 00:04:00,2026-04-25,tester,2026-04-25 00:04:08,https://www.commcarehq.org/form/43778de1-9a6b-4fcc-b0b6-c5aa721e2cfc,tester
98,fc1e6405-c1a7-4b4f-9656-ecb10082f43e,community_07,Suleiman,Ojo,male,1995-09-27,22137185725,08079685643,https://www.commcarehq.org/photos/farmer_98.jpg,3,crop_farming,13,family_land,2,rain-fed,---,groundnuts rice,2.4,---,1.3,goats,22,---,10.3167934 7.408794 0.0 20.0,yes,2afd35ba-28f7-4eb5-b39d-13b102ba143a,2026-01-12 00:03:00,2026-01-12,tester,2026-01-12 00:03:20,https://www.commcarehq.org/form/fc1e6405-c1a7-4b4f-9656-ecb10082f43e,tester
99,65df5198-daaa-428f-b425-8d9053470819,community_01,Yusuf,Balogun,female,1999-03-30,37457281372,08047714985,https://www.commcarehq.org/photos/farmer_99.jpg,6,mixed_farming,8,owned,5,river_stream,---,rice groundnuts,2.2,---,1.1,rabbits,---,40,10.4424643 7.3287375 0.0 20.0,yes,e7567f68-c154-43ab-a912-19cee615537f,2026-04-18 00:06:00,2026-04-18,tester,2026-04-18 00:06:12,https://www.commcarehq.org/form/65df5198-daaa-428f-b425-8d9053470819,tester
100,605103c3-4cd5-432a-90cc-5c7e679220bb,community_02,Ibrahim,Ahmed,male,2001-09-02,,08072787962,https://www.commcarehq.org/photos/farmer_100.jpg,7,livestock_farming,2,leased,3,rain-fed,---,rice maize groundnuts,2.4,3.9,2.5,---,---,---,10.4696974 7.5575464 0.0 20.0,yes,8ab19434-636c-46b6-aa1e-614389a0d3b1,2026-04-19 00:08:00,2026-04-19,tester,2026-04-19 00:08:05,https://www.commcarehq.org/form/605103c3-4cd5-432a-90cc-5c7e679220bb,tester
101,8a93c62e-1439-4fea-b1e7-2f7364b8da7d,community_04,Amina,David,male,1983-02-26,,08012286270,https://www.commcarehq.org/photos/farmer_101.jpg,1,mixed_farming,8,owned,3,borehole,---,maize rice,---,6.2,3.9,goats rabbits,19,18,10.2812349 7.54754 0.0 20.0,yes,da899044-c790-47c0-8bb7-e44611d8e015,2026-04-24 00:08:00,2026-04-24,tester,2026-04-24 00:08:12,https://www.commcarehq.org/form/8a93c62e-1439-4fea-b1e7-2f7364b8da7d,tester
102,8c1325de-3343-4088-ad5e-47070790e54f,community_07,Yusuf,Ogunleye,female,1967-09-11,49485772012,08049097102,https://www.commcarehq.org/photos/farmer_102.jpg,12,mixed_farming,10,owned,2,borehole,---,rice maize groundnuts,2.5,3.8,0.8,---,---,---,10.5827951 7.4082425 0.0 20.0,yes,303122de-1331-48f8-8687-a2149085ac88,2026-02-10 00:05:00,2026-02-10,tester,2026-02-10 00:05:17,https://www.commcarehq.org/form/8c1325de-3343-4088-ad5e-47070790e54f,tester
103,dd51fdd4-39fc-482a-b8c5-6b618ef63aad,community_01,Peter,Michael,male,1991-02-10,94837010202,08059890649,https://www.commcarehq.org/photos/farmer_103.jpg,7,crop_farming,11,owned,1,rain-fed,---,groundnuts maize,1.8,3.6,---,---,---,---,10.4606113 7.3281251 0.0 20.0,yes,5eea6c25-88c5-4062-b74c-48509d33c0d1,2026-01-25 00:03:00,2026-01-25,tester,2026-01-25 00:03:05,https://www.commcarehq.org/form/dd51fdd4-39fc-482a-b8c5-6b618ef63aad,tester
104,9cb1efa1-cc25-4a12-be98-ac6d568f9d5e,community_05,John,Adeyemi,female,1990-05-18,97768677875,08080607001,https://www.commcarehq.org/photos/farmer_104.jpg,5,crop_farming,9,owned,2,rain-fed,---,maize,---,4.5,---,---,---,---,10.4473397 7.5023842 0.0 20.0,yes,e32d1970-fc5a-4bbb-97fb-390256865f16,2026-06-29 00:08:00,2026-06-29,tester,2026-06-29 00:08:07,https://www.commcarehq.org/form/9cb1efa1-cc25-4a12-be98-ac6d568f9d5e,tester
105,915540f9-4c7a-40fc-b4bc-a8aa0fe74f3c,community_03,Esther,James,male,1977-05-30,74109649171,08038012778,https://www.commcarehq.org/photos/farmer_105.jpg,5,mixed_farming,30,leased,3,dam_reservoir,---,rice,---,---,3.6,goats rabbits,3,40,10.3576327 7.4190102 0.0 20.0,yes,578f54ff-65af-44a8-a183-849d14d22999,2026-02-23 00:07:00,2026-02-23,tester,2026-02-23 00:07:16,https://www.commcarehq.org/form/915540f9-4c7a-40fc-b4bc-a8aa0fe74f3c,tester
106,95063afb-ca24-4ab3-b61a-b392971eb8f5,community_02,Naomi,Ojo,female,2006-03-15,36855321468,08016507956,https://www.commcarehq.org/photos/farmer_106.jpg,9,crop_farming,2,leased,6,rain-fed,---,rice groundnuts,2.8,---,1.6,---,---,---,10.3222702 7.433668 0.0 20.0,yes,417a7c41-f47b-4b0c-a662-aed8b0674c03,2026-04-04 00:08:00,2026-04-04,tester,2026-04-04 00:08:15,https://www.commcarehq.org/form/95063afb-ca24-4ab3-b61a-b392971eb8f5,tester
107,71064365-3615-4973-8d9d-cef1a3b8e550,community_07,Rebecca,Yusuf,male,1970-02-24,,08017843351,https://www.commcarehq.org/photos/farmer_107.jpg,2,crop_farming,35,owned,3,rain-fed,---,groundnuts,2.6,---,---,---,---,---,10.4315603 7.5076801 0.0 20.0,yes,3e577bf8-4231-4f78-b05e-8f3543066c32,2026-01-10 00:06:00,2026-01-10,tester,2026-01-10 00:06:13,https://www.commcarehq.org/form/71064365-3615-4973-8d9d-cef1a3b8e550,tester
108,57a54c01-ef98-4113-93d8-abe764658ee6,community_04,Mercy,Ibrahim,female,2002-03-15,,08058150302,https://www.commcarehq.org/photos/farmer_108.jpg,7,crop_farming,2,owned,3,dam_reservoir,---,rice maize groundnuts,0.6,5.1,1.3,goats rabbits,9,15,10.4071541 7.5165842 0.0 20.0,yes,00a3e5a3-d7c6-4c7d-9f04-94f5bf920e5b,2026-04-27 00:02:00,2026-04-27,tester,2026-04-27 00:02:06,https://www.commcarehq.org/form/57a54c01-ef98-4113-93d8-abe764658ee6,tester
109,4e18d891-aa27-4de6-8060-a2801a004d1e,community_07,Ibrahim,James,female,1982-02-28,33923655686,08033580292,https://www.commcarehq.org/photos/farmer_109.jpg,6,crop_farming,16,leased,1,rain-fed,---,groundnuts,0.7,---,---,---,---,---,10.2747623 7.3448892 0.0 20.0,yes,1d4b8e34-70be-4081-9368-9fc6a7f97b58,2026-01-31 00:07:00,2026-01-31,tester,2026-01-31 00:07:12,https://www.commcarehq.org/form/4e18d891-aa27-4de6-8060-a2801a004d1e,tester
110,a7d7285a-41f2-4379-b553-9e7e11d20057,community_03,IBRAHIM,BALOGUN,male,1979-03-28,11764798660,08021515811,https://www.commcarehq.org/photos/farmer_110.jpg,4,livestock_farming,21,owned,3,river_stream,---,groundnuts,1.6,---,---,---,---,---,10.2682267 7.5321454 0.0 20.0,yes,4026b690-2b0d-47cf-b674-bb1f07701099,2026-05-30 00:08:00,2026-05-30,tester,2026-05-30 00:08:10,https://www.commcarehq.org/form/a7d7285a-41f2-4379-b553-9e7e11d20057,tester
111,8147c86a-8b50-48f9-ace2-f86d731bedd2,community_04,Esther,Mohammed,male,1978-09-11,62526650242,08031285410,https://www.commcarehq.org/photos/farmer_111.jpg,6,livestock_farming,18,owned,6,rain-fed,---,rice groundnuts maize,1.8,2.7,0.7,---,---,---,10.5209201 7.5158222 0.0 20.0,yes,f7f02d7b-656b-4882-a4a4-728a5873b5d6,2026-05-31 00:08:00,2026-05-31,tester,2026-05-31 00:08:08,https://www.commcarehq.org/form/8147c86a-8b50-48f9-ace2-f86d731bedd2,tester
112,ae1beb0a-e975-42dc-9872-8549f90728ff,community_03,James,Ibrahim,female,1964-02-22,68169881816,08020705532,https://www.commcarehq.org/photos/farmer_112.jpg,5,crop_farming,38,owned,3,rain-fed,---,rice maize,---,5.0,1.9,---,---,---,10.3480852 7.4219645 0.0 20.0,yes,52630a11-c50a-48ec-b876-27ce8891dc8a,2026-03-20 00:06:00,2026-03-20,tester,2026-03-20 00:06:16,https://www.commcarehq.org/form/ae1beb0a-e975-42dc-9872-8549f90728ff,tester
113,acd0969b-d440-4f41-8c2c-782cc56fabe4,community_06,Joseph,Balogun,male,1975-03-19,23579806655,08024356719,https://www.commcarehq.org/photos/farmer_113.jpg,3,crop_farming,28,owned,2,rain-fed,---,rice,---,---,1.8,---,---,---,10.4084022 7.4846423 0.0 20.0,yes,4e6c7229-becf-44c4-a7c8-491bab656e74,2026-02-14 00:07:00,2026-02-14,tester,2026-02-14 00:07:20,https://www.commcarehq.org/form/acd0969b-d440-4f41-8c2c-782cc56fabe4,tester
114,c1eef5ea-001d-475e-8e58-d1c19a6738e8,community_03,John,Tanko,female,1972-04-06,81294373670,08052102019,https://www.commcarehq.org/photos/farmer_114.jpg,6,mixed_farming,34,owned,4,rain-fed,---,rice maize groundnuts,2.9,2.2,2.6,goats,14,---,10.304443 7.3628539 0.0 20.0,yes,0c62c96a-114e-4dac-8fa3-53e5dc6d19e2,2026-01-19 00:06:00,2026-01-19,tester,2026-01-19 00:06:14,https://www.commcarehq.org/form/c1eef5ea-001d-475e-8e58-d1c19a6738e8,tester
115,22aa09f1-436a-40eb-859b-513d60ccf57b,community_02,Mary,Abdullahi,male,1987-09-20,88928958800,08042376884,https://www.commcarehq.org/photos/farmer_115.jpg,1,crop_farming,11,owned,2,rain-fed,---,groundnuts maize,0.7,4.5,---,rabbits,---,13,10.3906222 7.3414152 0.0 20.0,yes,d60701e6-a3dd-43c9-9eaf-1ce2cbc0f111,2026-03-10 00:03:00,2026-03-10,tester,2026-03-10 00:03:11,https://www.commcarehq.org/form/22aa09f1-436a-40eb-859b-513d60ccf57b,tester
116,be14dcb7-26e7-489b-824c-bed4bf44b7d5,community_04,John,Garba,female,1973-03-19,59901493709,08011966675,https://www.commcarehq.org/photos/farmer_116.jpg,3,crop_farming,18,owned,3,rain-fed,---,groundnuts rice maize,1.7,3.7,2.3,goats,23,---,10.3828784 7.2481473 0.0 20.0,yes,a46b8149-e9ca-47e4-9875-c47be136409d,2026-03-22 00:07:00,2026-03-22,tester,2026-03-22 00:07:05,https://www.commcarehq.org/form/be14dcb7-26e7-489b-824c-bed4bf44b7d5,tester
117,4d7ed765-7713-4c1b-a6ec-734aa9e3b04d,community_01,John,David,female,1987-03-01,41193699086,08029314473,https://www.commcarehq.org/photos/farmer_117.jpg,6,crop_farming,19,family_land,1,river_stream,---,maize rice groundnuts,0.9,6.3,1.0,rabbits,---,33,10.2537887 7.5573082 0.0 20.0,yes,f37a7421-d930-42fc-8772-fb2103831056,2026-05-17 00:07:00,2026-05-17,tester,2026-05-17 00:07:15,https://www.commcarehq.org/form/4d7ed765-7713-4c1b-a6ec-734aa9e3b04d,tester
118,afb371ac-f88d-4508-88ba-35cab51cc5df,community_06,Musa,Mohammed,female,1980-05-23,,08008464335,https://www.commcarehq.org/photos/farmer_118.jpg,5,crop_farming,22,leased,1,rain-fed,---,groundnuts maize rice,1.3,3.6,3.2,goats,4,---,10.3146094 7.4526849 0.0 20.0,yes,6c1b6e43-6877-4456-a2bb-b85334c10e94,2026-02-12 00:07:00,2026-02-12,tester,2026-02-12 00:07:15,https://www.commcarehq.org/form/afb371ac-f88d-4508-88ba-35cab51cc5df,tester
119,d1dd66eb-36d9-4962-b347-b88a8c33a4df,community_03,Hauwa,Okafor,male,1964-04-25,54296068163,08067638797,https://www.commcarehq.org/photos/farmer_119.jpg,7,crop_farming,2,owned,1,dam_reservoir,---,rice groundnuts maize,0.9,1.1,0.7,---,---,---,10.210546 7.358805 0.0 20.0,yes,f86fb69e-4aa9-4c7a-ab31-b26f34be1046,2026-01-22 00:02:00,2026-01-22,tester,2026-01-22 00:02:13,https://www.commcarehq.org/form/d1dd66eb-36d9-4962-b347-b88a8c33a4df,tester
120,e024eb7c-c0a4-4d95-9ff9-f42726c002c7,community_04,Fatima,Ojo,female,1993-03-05,,08041510398,https://www.commcarehq.org/photos/farmer_120.jpg,6,crop_farming,8,owned,3,rain-fed,---,rice maize,---,3.6,2.7,goats,13,---,10.2908514 7.2358216 0.0 20.0,yes,97b91879-5707-40be-8498-7343ebc132fb,2026-04-16 00:04:00,2026-04-16,tester,2026-04-16 00:04:09,https://www.commcarehq.org/form/e024eb7c-c0a4-4d95-9ff9-f42726c002c7,tester
121,f268abb1-7333-45b2-960b-839fc1bd0533,community_02,Amina,Yakubu,female,1971-02-19,78384848954,08094042203,https://www.commcarehq.org/photos/farmer_121.jpg,6,crop_farming,25,family_land,1,rain-fed,---,rice,---,---,3.2,---,---,---,10.4738561 7.3138707 0.0 20.0,yes,f5c2192c-f77f-402e-baa2-4132ba971dd9,2026-03-10 00:05:00,2026-03-10,tester,2026-03-10 00:05:11,https://www.commcarehq.org/form/f268abb1-7333-45b2-960b-839fc1bd0533,tester
122,9133c2bf-097f-4a88-be4d-3c244e71a0fe,community_06,Rebecca,Peter,male,1976-11-24,77099216564,08010051127,https://www.commcarehq.org/photos/farmer_122.jpg,1,crop_farming,22,owned,2,rain-fed,---,maize,---,1.0,---,rabbits,---,19,10.5102612 7.2285539 0.0 20.0,yes,0fa919e1-5337-4b8f-8c0a-7503a477f466,2026-02-19 00:08:00,2026-02-19,tester,2026-02-19 00:08:13,https://www.commcarehq.org/form/9133c2bf-097f-4a88-be4d-3c244e71a0fe,tester
123,c540e1a9-f3d8-4a35-b256-5e8660bbca3f,community_06,Joy,Yusuf,male,1972-12-29,,08047047594,https://www.commcarehq.org/photos/farmer_123.jpg,8,crop_farming,3,family_land,3,rain-fed,---,maize groundnuts rice,2.7,5.7,1.3,goats,22,---,10.2060271 7.5177562 0.0 20.0,yes,54ad05a9-f79f-4896-b24e-6f321bc6bfdf,2026-04-12 00:08:00,2026-04-12,tester,2026-04-12 00:08:12,https://www.commcarehq.org/form/c540e1a9-f3d8-4a35-b256-5e8660bbca3f,tester
124,19fc7a03-7b93-4b14-9322-f6cf996219e0,community_01,Grace,Okafor,female,1977-04-25,40449084336,08010699606,https://www.commcarehq.org/photos/farmer_124.jpg,8,crop_farming,11,leased,3,river_stream,---,rice groundnuts,0.6,---,1.8,---,---,---,10.2157954 7.4826504 0.0 20.0,yes,42507fb8-bf10-4c4b-bae0-faece75cf3b6,2026-05-19 00:07:00,2026-05-19,tester,2026-05-19 00:07:20,https://www.commcarehq.org/form/19fc7a03-7b93-4b14-9322-f6cf996219e0,tester
125,e7512a9c-b8a7-4972-b42b-60c97a284f4b,community_02,Rebecca,Sani,male,1971-09-12,,08050122306,https://www.commcarehq.org/photos/farmer_125.jpg,6,mixed_farming,24,family_land,1,rain-fed,---,maize groundnuts rice,2.4,1.4,1.5,goats rabbits,12,35,10.4635564 7.2175109 0.0 20.0,yes,f5cb8a5d-b56e-4687-877b-1047924f626d,2026-02-15 00:08:00,2026-02-15,tester,2026-02-15 00:08:06,https://www.commcarehq.org/form/e7512a9c-b8a7-4972-b42b-60c97a284f4b,tester
126,0e839254-0c25-46d5-a9e0-eba098c24e5e,community_02,Ruth,Daniel,male,1979-08-11,46895061501,08002709698,https://www.commcarehq.org/photos/farmer_126.jpg,12,mixed_farming,26,family_land,3,rain-fed,---,maize,---,1.0,---,goats rabbits,18,16,10.4126644 7.2757842 0.0 20.0,yes,5215e8eb-000e-4015-b74e-8d9ddcb6865b,2026-03-05 00:06:00,2026-03-05,tester,2026-03-05 00:06:10,https://www.commcarehq.org/form/0e839254-0c25-46d5-a9e0-eba098c24e5e,tester
127,33fded93-779f-435b-94ec-3453857813b2,community_04,Mercy,Usman,female,1967-01-14,,08074175565,https://www.commcarehq.org/photos/farmer_127.jpg,7,crop_farming,21,family_land,2,rain-fed,---,maize groundnuts rice,1.4,3.8,3.1,goats,16,---,10.3588362 7.4905253 0.0 20.0,yes,22a778bb-de41-4c65-9743-70936f6ef20c,2026-06-02 00:02:00,2026-06-02,tester,2026-06-02 00:02:09,https://www.commcarehq.org/form/33fded93-779f-435b-94ec-3453857813b2,tester
128,0625ec76-7239-482e-84d3-432d56842257,community_07,Musa,Yusuf,male,1991-06-29,,08098955504,https://www.commcarehq.org/photos/farmer_128.jpg,2,crop_farming,9,family_land,1,rain-fed,---,rice,---,---,0.8,goats rabbits,17,38,10.5278061 7.2381456 0.0 20.0,yes,9a16d7ac-0f4b-43dd-b9d8-1029e6b1e1c5,2026-01-10 00:07:00,2026-01-10,tester,2026-01-10 00:07:17,https://www.commcarehq.org/form/0625ec76-7239-482e-84d3-432d56842257,tester
129,a6cf7c18-c3cf-4c05-bb18-fbb2d8d6d97c,community_01,Grace,Philip,female,1989-12-09,,08017789660,https://www.commcarehq.org/photos/farmer_129.jpg,1,mixed_farming,5,owned,3,other,Spring Water,rice groundnuts maize,1.6,5.2,1.0,goats,17,---,10.2197244 7.3596765 0.0 20.0,yes,7871f1c0-385b-412f-b732-c74aa352f39f,2026-05-09 00:05:00,2026-05-09,tester,2026-05-09 00:05:09,https://www.commcarehq.org/form/a6cf7c18-c3cf-4c05-bb18-fbb2d8d6d97c,tester
130,4a0e773e-6ffa-40f1-b64e-2272281aa76e,community_06,Ruth,Sani,male,1987-04-02,42316398164,08022465143,https://www.commcarehq.org/photos/farmer_130.jpg,4,crop_farming,10,owned,2,other,Community Well,groundnuts maize rice,2.8,1.9,2.9,goats,25,---,10.2449487 7.2218152 0.0 20.0,yes,0245eec5-476e-4c26-9125-573b2338968c,2026-02-07 00:08:00,2026-02-07,tester,2026-02-07 00:08:14,https://www.commcarehq.org/form/4a0e773e-6ffa-40f1-b64e-2272281aa76e,tester
131,0781ed01-8c58-4a2a-a86a-a9540b3f7f43,community_01,Yusuf,Abdullahi,male,1996-01-21,38080519624,08025247160,https://www.commcarehq.org/photos/farmer_131.jpg,7,crop_farming,1,owned,3,rain-fed,---,groundnuts rice maize,2.2,4.5,3.7,goats rabbits,5,26,10.2924674 7.3522805 0.0 20.0,yes,33dde7d0-1aae-41dd-890a-47fdda0647e8,2026-01-26 00:04:00,2026-01-26,tester,2026-01-26 00:04:20,https://www.commcarehq.org/form/0781ed01-8c58-4a2a-a86a-a9540b3f7f43,tester
132,3b38536e-cd9f-4d4f-bfa0-42d067b9042c,community_06,Mercy,Bello,male,1978-09-29,,08002533133,https://www.commcarehq.org/photos/farmer_132.jpg,8,livestock_farming,9,family_land,3,rain-fed,---,rice,---,---,3.8,goats,12,---,10.4627727 7.235118 0.0 20.0,yes,f255cdab-da9b-42ac-86fd-679fca0d9765,2026-06-23 00:06:00,2026-06-23,tester,2026-06-23 00:06:12,https://www.commcarehq.org/form/3b38536e-cd9f-4d4f-bfa0-42d067b9042c,tester
133,3e5e889d-c7a3-4f6a-9b4f-3fc2c883997f,community_03,Blessing,Peter,male,1987-01-24,36335760771,08065621689,https://www.commcarehq.org/photos/farmer_133.jpg,6,crop_farming,19,leased,6,dam_reservoir,---,groundnuts,1.3,---,---,---,---,---,10.506174 7.5520528 0.0 20.0,yes,312c8c81-9774-4625-9d74-74080d2b60fd,2026-04-16 00:04:00,2026-04-16,tester,2026-04-16 00:04:19,https://www.commcarehq.org/form/3e5e889d-c7a3-4f6a-9b4f-3fc2c883997f,tester
134,482ddefe-13a8-4049-bc38-a8ccbbe6e41a,community_05,Joy,Michael,female,1974-04-09,10793480168,08076252263,https://www.commcarehq.org/photos/farmer_134.jpg,8,mixed_farming,31,family_land,5,rain-fed,---,groundnuts,1.0,---,---,goats,2,---,10.5800792 7.2890217 0.0 20.0,yes,2de650f1-25db-4c4b-a69b-4a49b57c03af,2026-02-21 00:08:00,2026-02-21,tester,2026-02-21 00:08:11,https://www.commcarehq.org/form/482ddefe-13a8-4049-bc38-a8ccbbe6e41a,tester
135,fa06cee5-1716-43eb-818e-8830a5e61193,community_01,Elizabeth,Ali,female,1980-11-20,,08047687395,https://www.commcarehq.org/photos/farmer_135.jpg,7,mixed_farming,17,owned,2,rain-fed,---,rice,---,---,2.4,rabbits,---,26,10.4064507 7.4522594 0.0 20.0,yes,25a5e937-f620-4d2a-823c-9f8729d7bcbf,2026-03-16 00:05:00,2026-03-16,tester,2026-03-16 00:05:17,https://www.commcarehq.org/form/fa06cee5-1716-43eb-818e-8830a5e61193,tester
136,c5f82fe8-7118-4fcd-9454-754c47413c8b,community_06,Emmanuel,Haruna,male,2003-08-28,,08069460515,https://www.commcarehq.org/photos/farmer_136.jpg,8,crop_farming,1,owned,3,irrigation_scheme,---,groundnuts maize,1.3,4.4,---,rabbits,---,9,10.2364765 7.4824907 0.0 20.0,yes,1b4312a3-d037-4d11-bbae-341ff8a410a6,2026-01-22 00:06:00,2026-01-22,tester,2026-01-22 00:06:17,https://www.commcarehq.org/form/c5f82fe8-7118-4fcd-9454-754c47413c8b,tester
137,984747a3-39d2-4866-943d-e582a7cf4aef,community_05,Esther,Eze,female,1990-06-18,,08095618174,https://www.commcarehq.org/photos/farmer_137.jpg,5,crop_farming,6,owned,1,rain-fed,---,groundnuts maize,1.7,3.5,---,---,---,---,10.3973867 7.2867495 0.0 20.0,yes,d6a4ded8-7cc9-4c32-9958-c2448011c282,2026-04-27 00:05:00,2026-04-27,tester,2026-04-27 00:05:19,https://www.commcarehq.org/form/984747a3-39d2-4866-943d-e582a7cf4aef,tester
138,4904904e-6312-4dbe-876a-de45e14261d1,community_01,Hauwa,Yusuf,male,1976-08-26,39314236296,08001608682,https://www.commcarehq.org/photos/farmer_138.jpg,2,crop_farming,19,family_land,3,rain-fed,---,groundnuts maize rice,2.8,1.1,1.5,goats,14,---,10.5033768 7.5373239 0.0 20.0,yes,de9c6f7b-2ea1-43f5-87bf-fe2d9ebebaf3,2026-05-01 00:03:00,2026-05-01,tester,2026-05-01 00:03:08,https://www.commcarehq.org/form/4904904e-6312-4dbe-876a-de45e14261d1,tester
139,dbf6bbd1-8ca9-4c9a-84ab-82bfa086e50d,community_05,James,Johnson,male,1982-09-02,74801048121,08076774825,https://www.commcarehq.org/photos/farmer_139.jpg,7,mixed_farming,17,family_land,2,rain-fed,---,groundnuts maize rice,0.5,0.6,2.7,goats,8,---,10.5995948 7.3656165 0.0 20.0,yes,d1ab0e17-4369-493e-ad5f-179565004291,2026-05-24 00:08:00,2026-05-24,tester,2026-05-24 00:08:11,https://www.commcarehq.org/form/dbf6bbd1-8ca9-4c9a-84ab-82bfa086e50d,tester
140,2f405b14-a502-4083-9812-73d674867e3b,community_01,John,Ogunleye,male,1972-02-12,22911235485,+2348063760133,https://www.commcarehq.org/photos/farmer_140.jpg,8,crop_farming,9,owned,3,river_stream,---,maize rice,---,6.1,0.7,---,---,---,10.471279 7.4220709 0.0 20.0,no,6926040f-7710-4d99-bef0-c68a4375c6ac,2026-05-28 00:07:00,2026-05-28,tester,2026-05-28 00:07:15,https://www.commcarehq.org/form/2f405b14-a502-4083-9812-73d674867e3b,tester
141,a41d0c84-9eed-4c67-879f-b9cc11f115de,community_06,Naomi,Abdullahi,male,1958-07-03,97510992796,08051611738,https://www.commcarehq.org/photos/farmer_141.jpg,10,crop_farming,20,owned,5,borehole,---,groundnuts,1.6,---,---,goats,17,---,10.2616311 7.3360464 0.0 20.0,yes,709562fe-3050-4e9b-8af9-a90f352905de,2026-05-15 00:04:00,2026-05-15,tester,2026-05-15 00:04:15,https://www.commcarehq.org/form/a41d0c84-9eed-4c67-879f-b9cc11f115de,tester
142,01c6018f-87bc-47e5-877a-097102727ba5,community_01,Deborah,James,female,1962-04-03,,08047509650,https://www.commcarehq.org/photos/farmer_142.jpg,6,mixed_farming,20,owned,2,rain-fed,---,groundnuts,1.2,---,---,---,---,---,10.4684496 7.3090617 0.0 20.0,yes,0d296061-3c24-49eb-9044-1295aa4b522c,2026-01-30 00:02:00,2026-01-30,tester,2026-01-30 00:02:08,https://www.commcarehq.org/form/01c6018f-87bc-47e5-877a-097102727ba5,tester
143,10f1ed8c-cc5d-4dca-b303-20a217251c0a,community_02,Daniel,Sani,male,1997-02-13,19325555021,+2348038500903,https://www.commcarehq.org/photos/farmer_143.jpg,3,mixed_farming,10,family_land,3,rain-fed,---,maize groundnuts,2.3,4.5,---,---,---,---,10.5022972 7.3862781 0.0 20.0,yes,5fc9aaae-15cc-4983-8d60-9482447d98ed,2026-06-28 00:05:00,2026-06-28,tester,2026-06-28 00:05:08,https://www.commcarehq.org/form/10f1ed8c-cc5d-4dca-b303-20a217251c0a,tester
144,895f7c0c-ebb2-4be1-9cd0-0e73e7ff8ae0,community_03,AHMED,Ojo,female,1983-03-20,95451384522,08023193834,https://www.commcarehq.org/photos/farmer_144.jpg,3,crop_farming,6,owned,2,rain-fed,---,maize,---,5.4,---,---,---,---,10.4597806 7.5169724 0.0 20.0,yes,c97ce469-d7e8-41a7-b8e1-aa9ff7526234,2026-04-13 00:06:00,2026-04-13,tester,2026-04-13 00:06:18,https://www.commcarehq.org/form/895f7c0c-ebb2-4be1-9cd0-0e73e7ff8ae0,tester
145,afa956d1-6833-45ef-9ca5-436fc259e958,community_02,Peter,Sani,male,1985-01-18,90290375722,08049536167,https://www.commcarehq.org/photos/farmer_145.jpg,8,mixed_farming,15,owned,1,rain-fed,---,groundnuts rice,2.2,---,2.6,---,---,---,10.4579956 7.2245929 0.0 20.0,yes,3d3f1739-4dfe-4142-9c9f-29904dbbcf58,2026-02-05 00:06:00,2026-02-05,tester,2026-02-05 00:06:05,https://www.commcarehq.org/form/afa956d1-6833-45ef-9ca5-436fc259e958,tester
146,95376028-fe63-4ff7-9446-606a8fe53ae2,community_05,Ahmed,Peter,male,1986-09-19,56718186147,08027699799,https://www.commcarehq.org/photos/farmer_146.jpg,2,livestock_farming,2,owned,3,rain-fed,---,maize groundnuts rice,2.7,1.9,3.0,goats,12,---,10.3624131 7.374076 0.0 20.0,yes,e5cf8e3d-2e8a-4082-b093-381970c8cc7a,2026-02-14 00:05:00,2026-02-14,tester,2026-02-14 00:05:09,https://www.commcarehq.org/form/95376028-fe63-4ff7-9446-606a8fe53ae2,tester
147,0f751be5-0670-4aec-aed5-160215d181db,community_02,Joseph,Haruna,female,1974-02-17,,08061007449,https://www.commcarehq.org/photos/farmer_147.jpg,2,livestock_farming,28,family_land,2,rain-fed,---,maize rice,---,1.9,2.0,goats,17,---,10.2947 7.4006915 0.0 20.0,yes,5642d7a2-ad13-46df-949b-63d8476157d8,2026-05-20 00:06:00,2026-05-20,tester,2026-05-20 00:06:16,https://www.commcarehq.org/form/0f751be5-0670-4aec-aed5-160215d181db,tester
148,8dd31cfc-b82f-4269-b7ac-145f3d8ebb48,community_01,Grace,Okafor,male,1986-11-07,,08007587255,https://www.commcarehq.org/photos/farmer_148.jpg,2,mixed_farming,22,owned,3,rain-fed,---,groundnuts maize rice,1.7,3.6,2.1,---,---,---,10.5842325 7.5192893 0.0 20.0,yes,8863b72d-cbcc-4c4c-a72e-db7d65c96a3f,2026-01-10 00:07:00,2026-01-10,tester,2026-01-10 00:07:14,https://www.commcarehq.org/form/8dd31cfc-b82f-4269-b7ac-145f3d8ebb48,tester
149,5d163a40-52b1-4e10-b16c-a650f94cc4a3,community_05,Blessing,Mohammed,male,1983-09-22,52908290237,08086205821,https://www.commcarehq.org/photos/farmer_149.jpg,5,mixed_farming,20,owned,3,borehole,---,groundnuts maize,2.5,1.9,---,goats,18,---,10.3371392 7.2337606 0.0 20.0,yes,021f2015-7946-4a74-b5fc-a945833e2eb0,2026-02-09 00:08:00,2026-02-09,tester,2026-02-09 00:08:20,https://www.commcarehq.org/form/5d163a40-52b1-4e10-b16c-a650f94cc4a3,tester
150,4f87fdf9-75c0-4470-a321-4078712378ed,community_05,David,Lawal,male,1984-03-26,60860285603,08002804449,https://www.commcarehq.org/photos/farmer_150.jpg,7,crop_farming,9,owned,5,rain-fed,---,rice groundnuts,0.7,---,2.4,goats,15,---,10.4608264 7.3090362 0.0 20.0,yes,583a5e51-a733-43a2-9d53-b6649353b59c,2026-01-26 00:04:00,2026-01-26,tester,2026-01-26 00:04:17,https://www.commcarehq.org/form/4f87fdf9-75c0-4470-a321-4078712378ed,tester
151,d4eb1635-f35f-45fe-a05f-bfe77983c519,community_03,Ahmed,Balogun,male,1982-10-19,53722409092,08056800142,https://www.commcarehq.org/photos/farmer_151.jpg,9,crop_farming,20,family_land,1,rain-fed,---,groundnuts rice maize,1.4,5.1,2.8,rabbits,---,9,10.4782615 7.3013343 0.0 20.0,yes,ec57c977-59a4-4a59-9e52-352cd931819c,2026-01-20 00:07:00,2026-01-20,tester,2026-01-20 00:07:19,https://www.commcarehq.org/form/d4eb1635-f35f-45fe-a05f-bfe77983c519,tester
152,885f5c47-cfd4-46e8-89e3-d6deaf53a0f5,community_07,James,Lawal,male,1956-03-09,44677553341,08073309244,https://www.commcarehq.org/photos/farmer_152.jpg,4,crop_farming,10,owned,2,rain-fed,---,rice maize,---,1.1,0.8,---,---,---,10.3783528 7.558605 0.0 20.0,yes,1f32170d-35a0-4070-ba85-272779a81f51,2026-06-13 00:02:00,2026-06-13,tester,2026-06-13 00:02:06,https://www.commcarehq.org/form/885f5c47-cfd4-46e8-89e3-d6deaf53a0f5,tester
153,b560ac66-4eae-4a3e-9c26-a836065cc69e,community_05,James,Peter,female,1965-10-26,,08074478023,https://www.commcarehq.org/photos/farmer_153.jpg,8,mixed_farming,23,owned,2,rain-fed,---,groundnuts maize rice,0.7,3.3,3.2,rabbits,---,4,10.5870052 7.4642936 0.0 20.0,yes,e0caf1b6-6ce7-4f4f-b3cf-5999e95d78d5,2026-04-10 00:02:00,2026-04-10,tester,2026-04-10 00:02:16,https://www.commcarehq.org/form/b560ac66-4eae-4a3e-9c26-a836065cc69e,tester
154,43289aba-8fa7-4b2c-b1d2-792fbe7be0e9,community_04,Naomi,Ojo,male,1996-04-01,91588846120,08023764989,https://www.commcarehq.org/photos/farmer_154.jpg,1,mixed_farming,7,owned,3,rain-fed,---,rice groundnuts maize,2.8,0.7,1.0,---,---,---,10.5672076 7.2183207 0.0 20.0,yes,ccf7cc9c-578f-40e2-a57c-ec3b2eafbf4c,2026-02-03 00:02:00,2026-02-03,tester,2026-02-03 00:02:10,https://www.commcarehq.org/form/43289aba-8fa7-4b2c-b1d2-792fbe7be0e9,tester
155,110a4202-a033-4e9d-aabb-5a9cc5cb706d,community_05,Naomi,Ahmed,female,1999-04-12,,08008156023,https://www.commcarehq.org/photos/farmer_155.jpg,8,livestock_farming,9,owned,1,rain-fed,---,groundnuts rice,1.2,---,3.2,goats,13,---,10.3754645 7.5702702 0.0 20.0,yes,00334b6f-91a8-4639-abe3-ea8480a78c44,2026-01-26 00:08:00,2026-01-26,tester,2026-01-26 00:08:17,https://www.commcarehq.org/form/110a4202-a033-4e9d-aabb-5a9cc5cb706d,tester
156,bfec7b00-7400-4d45-b92d-87d297c0ab24,community_06,Amina,Michael,male,2006-05-22,,08052674112,https://www.commcarehq.org/photos/farmer_156.jpg,6,mixed_farming,1,owned,3,dam_reservoir,---,maize rice groundnuts,0.5,1.9,0.9,rabbits,---,25,10.5450924 7.5947128 0.0 20.0,yes,317beeb8-9d66-4eed-b873-816eab93e7ba,2026-04-29 00:08:00,2026-04-29,tester,2026-04-29 00:08:11,https://www.commcarehq.org/form/bfec7b00-7400-4d45-b92d-87d297c0ab24,tester
157,55be1200-87ce-48c5-8325-224c11ef3d50,community_02,John,James,female,1978-11-01,14480147404,08062438707,https://www.commcarehq.org/photos/farmer_157.jpg,7,crop_farming,4,owned,1,rain-fed,---,maize groundnuts,2.4,5.9,---,goats,5,---,10.2392257 7.4950991 0.0 20.0,yes,15795168-a905-4cba-b13d-a201f6fc530b,2026-04-07 00:03:00,2026-04-07,tester,2026-04-07 00:03:07,https://www.commcarehq.org/form/55be1200-87ce-48c5-8325-224c11ef3d50,tester
158,3e0bf86e-4fa9-4d14-93bd-fe68a61c9b8d,community_03,Ruth,Musa,female,1998-11-18,28783975392,08041323052,https://www.commcarehq.org/photos/farmer_158.jpg,3,crop_farming,6,owned,2,borehole,---,rice groundnuts maize,0.7,5.6,2.2,---,---,---,10.5347956 7.3116684 0.0 20.0,yes,92d4c981-4814-4438-b3a3-b4a0e833037c,2026-03-05 00:03:00,2026-03-05,tester,2026-03-05 00:03:15,https://www.commcarehq.org/form/3e0bf86e-4fa9-4d14-93bd-fe68a61c9b8d,tester
159,6e288b0c-d2d4-42b1-9739-a22a88eec699,community_03,Peter,Michael,female,1965-12-15,,08004705478,https://www.commcarehq.org/photos/farmer_159.jpg,9,mixed_farming,27,leased,1,rain-fed,---,groundnuts,1.7,---,---,goats,24,---,10.4281523 7.433464 0.0 20.0,yes,6b5d0a4a-d8ac-4c0a-9c85-d6daea52435a,2026-04-29 00:08:00,2026-04-29,tester,2026-04-29 00:08:09,https://www.commcarehq.org/form/6e288b0c-d2d4-42b1-9739-a22a88eec699,tester
160,26e569be-f20a-4ba5-a9c3-6247c089b231,community_06,Joseph,Isa,female,1988-07-15,99594661248,08008304295,https://www.commcarehq.org/photos/farmer_160.jpg,11,mixed_farming,2,owned,3,rain-fed,---,maize rice,---,4.2,1.8,goats,19,---,10.4243033 7.5094302 0.0 20.0,yes,31145b93-95af-49a5-8360-9feef0266dd9,2026-03-27 00:03:00,2026-03-27,tester,2026-03-27 00:03:08,https://www.commcarehq.org/form/26e569be-f20a-4ba5-a9c3-6247c089b231,tester
161,dcd642c0-4c0c-4584-b204-ec9309c66da5,community_05,Suleiman,Lawal,female,1960-03-24,48216331406,08054034584,https://www.commcarehq.org/photos/farmer_161.jpg,7,crop_farming,40,owned,3,river_stream,---,groundnuts,2.7,---,---,rabbits,---,13,10.3153491 7.5826508 0.0 20.0,yes,c361fae9-789b-448a-9c3f-c162715aee27,2026-03-12 00:02:00,2026-03-12,tester,2026-03-12 00:02:09,https://www.commcarehq.org/form/dcd642c0-4c0c-4584-b204-ec9309c66da5,tester
162,1271b306-116b-4c6b-803f-beca228eba2d,community_04,Deborah,Daniel,male,1981-12-11,,08051346208,https://www.commcarehq.org/photos/farmer_162.jpg,4,crop_farming,19,owned,3,rain-fed,---,rice maize groundnuts,1.3,1.3,3.3,goats,10,---,10.3487609 7.3152585 0.0 20.0,yes,2995e2cc-7c16-488c-be2a-abfa9b61f2f8,2026-02-07 00:04:00,2026-02-07,tester,2026-02-07 00:04:14,https://www.commcarehq.org/form/1271b306-116b-4c6b-803f-beca228eba2d,tester
163,a72ddcdd-fcc1-409c-81d3-85c09283f62e,community_03,Rebecca,Eze,female,1972-04-12,,08086612031,https://www.commcarehq.org/photos/farmer_163.jpg,5,mixed_farming,21,leased,1,rain-fed,---,rice,---,---,1.6,---,---,---,10.3997668 7.2581536 0.0 20.0,yes,1661a2ff-b06e-4919-98ff-839f99020ec8,2026-03-23 00:03:00,2026-03-23,tester,2026-03-23 00:03:05,https://www.commcarehq.org/form/a72ddcdd-fcc1-409c-81d3-85c09283f62e,tester
164,1ccf4c79-3ebe-479e-be81-3a7e702331ac,community_07,Mercy,Yakubu,male,1979-02-15,,08079677931,https://www.commcarehq.org/photos/farmer_164.jpg,6,mixed_farming,10,owned,3,rain-fed,---,maize,---,0.8,---,---,---,---,10.2888575 7.574266 0.0 20.0,yes,380b7334-1977-4f15-9249-8f4c4c7564aa,2026-01-06 00:02:00,2026-01-06,tester,2026-01-06 00:02:19,https://www.commcarehq.org/form/1ccf4c79-3ebe-479e-be81-3a7e702331ac,tester
165,07266c04-865a-4fa6-a349-a55b9be18707,community_05,Fatima,Yakubu,male,1976-09-07,60108380090,08037430334,https://www.commcarehq.org/photos/farmer_165.jpg,2,crop_farming,29,owned,3,rain-fed,---,groundnuts rice,0.9,---,1.6,---,---,---,10.3341667 7.5732612 0.0 20.0,yes,72ce8712-db55-4013-a06e-4cac5c3d918d,2026-04-07 00:02:00,2026-04-07,tester,2026-04-07 00:02:05,https://www.commcarehq.org/form/07266c04-865a-4fa6-a349-a55b9be18707,tester
166,4a15dcd1-b106-4a5d-9f1f-bad5bc1f0b0d,community_03,Elizabeth,Mohammed,male,1977-05-04,65114238912,08024835472,https://www.commcarehq.org/photos/farmer_166.jpg,3,mixed_farming,21,owned,3,rain-fed,---,maize,---,5.9,---,rabbits,---,19,10.3972201 7.5882501 0.0 20.0,yes,3d5aab86-4003-4ad2-b93c-55d47eb442d2,2026-04-03 00:06:00,2026-04-03,tester,2026-04-03 00:06:20,https://www.commcarehq.org/form/4a15dcd1-b106-4a5d-9f1f-bad5bc1f0b0d,tester
167,bce2d3a3-6143-4105-ba36-a7645ca650b1,community_04,Deborah,Mohammed,female,1985-01-01,12470738735,08081038112,https://www.commcarehq.org/photos/farmer_167.jpg,6,crop_farming,10,owned,1,borehole,---,groundnuts,2.0,---,---,goats,12,---,10.5307288 7.4739869 0.0 20.0,yes,4fee78a5-de0c-47a9-8050-05f2c39629ed,2026-06-25 00:07:00,2026-06-25,tester,2026-06-25 00:07:16,https://www.commcarehq.org/form/bce2d3a3-6143-4105-ba36-a7645ca650b1,tester
168,e4f1673d-4780-47dd-8676-68d978ea96ad,community_01,Blessing,Samuel,female,2000-02-14,67917200288,08039112186,https://www.commcarehq.org/photos/farmer_168.jpg,7,mixed_farming,2,owned,4,irrigation_scheme,---,maize rice,---,4.6,1.0,goats,21,---,10.5880446 7.2688829 0.0 20.0,yes,a4c83387-f374-4fb9-8120-1c0845e6be3e,2026-01-31 00:03:00,2026-01-31,tester,2026-01-31 00:03:09,https://www.commcarehq.org/form/e4f1673d-4780-47dd-8676-68d978ea96ad,tester
169,cfacaf21-d80a-4a57-bb3a-2c1a34863835,community_06,Sarah,Ogunleye,male,2006-05-27,19069777766,08004410654,https://www.commcarehq.org/photos/farmer_169.jpg,2,mixed_farming,1,leased,1,rain-fed,---,maize groundnuts rice,0.9,5.0,1.5,---,---,---,10.5420552 7.5123209 0.0 20.0,yes,24833309-dd4d-43a7-8fa9-3f5bf2839b52,2026-05-10 00:06:00,2026-05-10,tester,2026-05-10 00:06:07,https://www.commcarehq.org/form/cfacaf21-d80a-4a57-bb3a-2c1a34863835,tester
170,ca1f6204-8cc3-491b-8fc1-7b7f6919aea0,community_01,Blessing,Lawal,male,1993-02-15,86252926140,08007998461,https://www.commcarehq.org/photos/farmer_170.jpg,8,crop_farming,7,owned,3,rain-fed,---,groundnuts maize,0.8,1.3,---,---,---,---,10.4228528 7.2162434 0.0 20.0,yes,78f86692-89e2-4791-a161-124ff0baca6e,2026-01-30 00:05:00,2026-01-30,tester,2026-01-30 00:05:14,https://www.commcarehq.org/form/ca1f6204-8cc3-491b-8fc1-7b7f6919aea0,tester
171,d6d1ee3e-8415-4104-9c7f-bca2b2152c2e,community_03,Suleiman,Ahmed,female,1972-10-04,37607885145,08088893066,https://www.commcarehq.org/photos/farmer_171.jpg,6,crop_farming,10,owned,3,rain-fed,---,groundnuts,1.4,---,---,goats,8,---,10.5962645 7.2491049 0.0 20.0,yes,b9f26d2f-26e6-4481-9178-35e249011cba,2026-05-08 00:04:00,2026-05-08,tester,2026-05-08 00:04:13,https://www.commcarehq.org/form/d6d1ee3e-8415-4104-9c7f-bca2b2152c2e,tester
172,7e5e5d08-c98d-4125-9d38-5781cc5eb9bb,community_05,Paul,Ojo,female,1986-12-16,,+2348051414290,https://www.commcarehq.org/photos/farmer_172.jpg,1,crop_farming,6,owned,3,rain-fed,---,groundnuts rice maize,2.5,1.7,2.8,---,---,---,10.3374463 7.5438689 0.0 20.0,yes,e1678914-0045-4333-98ab-673aea648099,2026-01-09 00:05:00,2026-01-09,tester,2026-01-09 00:05:08,https://www.commcarehq.org/form/7e5e5d08-c98d-4125-9d38-5781cc5eb9bb,tester
173,0ad70c44-69b0-471e-80fa-a052a28dc0f4,community_03,Ibrahim,Tanko,male,1996-04-09,34507337695,08041741666,https://www.commcarehq.org/photos/farmer_173.jpg,7,crop_farming,1,owned,2,rain-fed,---,maize rice groundnuts,0.7,4.0,0.9,goats,25,---,10.5060776 7.4500612 0.0 20.0,yes,c9500b05-1f5c-4321-bb76-be3fba27b2bc,2026-04-20 00:04:00,2026-04-20,tester,2026-04-20 00:04:16,https://www.commcarehq.org/form/0ad70c44-69b0-471e-80fa-a052a28dc0f4,tester
174,d83f6725-14b8-4dda-914b-f3b979028e67,community_03,Grace,Adeyemi,male,1991-09-10,21544834587,08081150645,https://www.commcarehq.org/photos/farmer_174.jpg,6,mixed_farming,11,owned,2,rain-fed,---,groundnuts rice,1.3,---,2.3,---,---,---,10.4459311 7.3453337 0.0 20.0,yes,887e4a26-8c54-4d9e-a9b3-c3fcb10f9ed1,2026-05-08 00:07:00,2026-05-08,tester,2026-05-08 00:07:07,https://www.commcarehq.org/form/d83f6725-14b8-4dda-914b-f3b979028e67,tester
175,7ba62f66-43a9-47d9-8ee2-5ad281952903,community_06,Mercy,Daniel,male,1998-12-15,,08069755255,https://www.commcarehq.org/photos/farmer_175.jpg,6,mixed_farming,5,owned,2,rain-fed,---,maize,---,2.9,---,---,---,---,10.5053769 7.2722403 0.0 20.0,no,1ddeb03a-4b90-4c21-9317-7e6b285dd000,2026-06-30 00:06:00,2026-06-30,tester,2026-06-30 00:06:10,https://www.commcarehq.org/form/7ba62f66-43a9-47d9-8ee2-5ad281952903,tester
176,3a93178a-7e47-42c7-94df-95829cc9aa5f,community_04,John,Adeyemi,female,1969-02-28,,08056745653,https://www.commcarehq.org/photos/farmer_176.jpg,4,mixed_farming,28,owned,1,river_stream,---,maize groundnuts,1.1,4.1,---,goats rabbits,5,3,10.2982346 7.5308915 0.0 20.0,yes,b1bebb85-f5d1-4daa-8477-d41182e831b6,2026-05-24 00:05:00,2026-05-24,tester,2026-05-24 00:05:18,https://www.commcarehq.org/form/3a93178a-7e47-42c7-94df-95829cc9aa5f,tester
177,f9ff9393-d909-496d-be0e-46aa135fc096,community_05,Grace,Daniel,male,2004-02-15,,08018940806,https://www.commcarehq.org/photos/farmer_177.jpg,3,crop_farming,1,owned,3,rain-fed,---,rice groundnuts maize,1.7,1.0,2.6,---,---,---,10.5329337 7.4948945 0.0 20.0,yes,30030e9f-3ec7-42d3-be61-cf2b4eaa2611,2026-03-02 00:05:00,2026-03-02,tester,2026-03-02 00:05:11,https://www.commcarehq.org/form/f9ff9393-d909-496d-be0e-46aa135fc096,tester
178,cf614657-9d40-458f-8627-76a3b3b83607,community_01,Rebecca,Daniel,female,1991-09-12,59535876341,+2348061542271,https://www.commcarehq.org/photos/farmer_178.jpg,6,crop_farming,2,family_land,3,rain-fed,---,groundnuts maize rice,1.3,6.3,1.8,rabbits,---,17,10.5430589 7.3553884 0.0 20.0,yes,80a1f3e5-6b1f-48d2-a88d-0ba2d1983d62,2026-04-11 00:04:00,2026-04-11,tester,2026-04-11 00:04:14,https://www.commcarehq.org/form/cf614657-9d40-458f-8627-76a3b3b83607,tester
179,fec576e8-2ed3-4291-be23-fb68e3cf50ec,community_01,Joy,Lawal,male,1993-11-27,99192473014,08040889448,https://www.commcarehq.org/photos/farmer_179.jpg,8,crop_farming,3,family_land,5,rain-fed,---,rice maize groundnuts,2.2,5.1,2.7,goats,16,---,10.2544369 7.3602647 0.0 20.0,yes,20b83ea6-6930-4683-9b52-20e0e1735471,2026-03-22 00:06:00,2026-03-22,tester,2026-03-22 00:06:07,https://www.commcarehq.org/form/fec576e8-2ed3-4291-be23-fb68e3cf50ec,tester
180,e7ec8ec2-a4af-4b13-ae9a-7e0d2f3b24f8,community_01,Peter,Yakubu,female,1973-09-13,,08073472687,https://www.commcarehq.org/photos/farmer_180.jpg,2,livestock_farming,15,owned,1,rain-fed,---,groundnuts rice maize,1.0,4.7,1.1,goats,15,---,10.2597005 7.5832131 0.0 20.0,yes,2619baf4-70f7-4780-b1de-9362408be539,2026-05-26 00:02:00,2026-05-26,tester,2026-05-26 00:02:05,https://www.commcarehq.org/form/e7ec8ec2-a4af-4b13-ae9a-7e0d2f3b24f8,tester
181,98c37a9e-a363-476d-aa49-0ede40388ba7,community_05,David,Lawal,female,1989-05-11,36642306493,08098273422,https://www.commcarehq.org/photos/farmer_181.jpg,5,crop_farming,5,owned,2,rain-fed,---,maize,---,4.0,---,rabbits,---,32,10.253282 7.3292984 0.0 20.0,yes,5366d29c-ed28-4d76-856c-ef2a8166908f,2026-06-25 00:03:00,2026-06-25,tester,2026-06-25 00:03:17,https://www.commcarehq.org/form/98c37a9e-a363-476d-aa49-0ede40388ba7,tester
182,29cd198a-b482-4f81-b8ef-9b96265fdae2,community_05,Suleiman,Eze,male,2008-06-09,75433145755,08099995702,https://www.commcarehq.org/photos/farmer_182.jpg,7,mixed_farming,1,leased,4,rain-fed,---,maize rice groundnuts,0.8,2.4,2.4,goats,5,---,10.5914066 7.3996842 0.0 20.0,yes,1cb9cc80-42ca-426f-85b7-95afc70f6438,2026-03-13 00:07:00,2026-03-13,tester,2026-03-13 00:07:16,https://www.commcarehq.org/form/29cd198a-b482-4f81-b8ef-9b96265fdae2,tester
183,52f8b24a-d37a-49cb-80e6-e101213ceb11,community_07,Musa,Michael,female,1981-10-21,35308832733,08039718670,https://www.commcarehq.org/photos/farmer_183.jpg,11,crop_farming,15,owned,5,other,Spring Water,maize rice,---,1.2,3.0,goats rabbits,13,20,10.272262 7.267318 0.0 20.0,yes,10b08a74-5981-4635-87c9-52dd7ead5ab2,2026-03-11 00:06:00,2026-03-11,tester,2026-03-11 00:06:11,https://www.commcarehq.org/form/52f8b24a-d37a-49cb-80e6-e101213ceb11,tester
184,a1368c06-d62f-49d1-9601-a242fb80c64f,community_04,Amina,Yakubu,female,1995-03-05,,08068066359,https://www.commcarehq.org/photos/farmer_184.jpg,12,crop_farming,5,owned,1,rain-fed,---,maize rice groundnuts,1.0,0.8,2.8,goats,3,---,10.4188625 7.4409166 0.0 20.0,yes,44868234-6b4e-411a-a959-c6d436064341,2026-03-07 00:03:00,2026-03-07,tester,2026-03-07 00:03:12,https://www.commcarehq.org/form/a1368c06-d62f-49d1-9601-a242fb80c64f,tester
185,944f571f-6a1a-4a53-b435-2ffe435813a4,community_07,Deborah,David,male,1973-12-28,,08027614483,https://www.commcarehq.org/photos/farmer_185.jpg,8,crop_farming,24,owned,2,rain-fed,---,rice maize,---,1.0,2.0,goats,7,---,10.3704068 7.2161752 0.0 20.0,yes,34552e4c-1c2a-40e9-9c45-fa1391181a1f,2026-04-29 00:07:00,2026-04-29,tester,2026-04-29 00:07:12,https://www.commcarehq.org/form/944f571f-6a1a-4a53-b435-2ffe435813a4,tester
186,283f7381-26dc-4ba4-8bc6-c8b171f8c51e,community_05,Yusuf,Peter,female,1978-06-01,20468362271,08094119852,https://www.commcarehq.org/photos/farmer_186.jpg,3,mixed_farming,17,owned,1,borehole,---,maize rice,---,4.0,3.2,goats,25,---,10.2718209 7.2728833 0.0 20.0,yes,a67637db-54b3-42fa-b2af-49f3e243f8f1,2026-01-22 00:05:00,2026-01-22,tester,2026-01-22 00:05:14,https://www.commcarehq.org/form/283f7381-26dc-4ba4-8bc6-c8b171f8c51e,tester
187,fbbf09e6-3e4f-4085-85b9-4ab67fb73b57,community_02,Suleiman,Ali,female,1992-01-17,,08081176815,https://www.commcarehq.org/photos/farmer_187.jpg,12,crop_farming,13,leased,3,rain-fed,---,rice maize groundnuts,2.5,1.0,1.0,goats,2,---,10.2752884 7.2107261 0.0 20.0,yes,0297edb8-b6b2-4730-a723-fdc5dda98c37,2026-02-07 00:07:00,2026-02-07,tester,2026-02-07 00:07:12,https://www.commcarehq.org/form/fbbf09e6-3e4f-4085-85b9-4ab67fb73b57,tester
188,6d78fb2a-09b4-440e-bd4c-d42f146de7d4,community_03,Binta,Tanko,female,1991-11-15,11811957488,08019744042,https://www.commcarehq.org/photos/farmer_188.jpg,5,crop_farming,1,owned,3,rain-fed,---,rice maize,---,0.7,1.9,---,---,---,10.5741124 7.5620293 0.0 20.0,yes,dce81698-14fa-4cb6-9cf8-27d525fa835d,2026-03-01 00:07:00,2026-03-01,tester,2026-03-01 00:07:06,https://www.commcarehq.org/form/6d78fb2a-09b4-440e-bd4c-d42f146de7d4,tester
189,8f7b7be6-2657-4d92-9455-e1015563b92b,community_04,David,Okafor,male,1997-12-07,,08016644174,https://www.commcarehq.org/photos/farmer_189.jpg,6,livestock_farming,6,leased,3,rain-fed,---,rice maize,---,6.3,3.4,---,---,---,10.5183891 7.519902 0.0 20.0,yes,1acb81c0-d4fa-4c91-ba34-937f8189e9b0,2026-06-09 00:03:00,2026-06-09,tester,2026-06-09 00:03:14,https://www.commcarehq.org/form/8f7b7be6-2657-4d92-9455-e1015563b92b,tester
190,f6a62cdc-80c2-43c8-a578-a4586960aeb3,community_05,Fatima,Adeyemi,male,2005-08-30,69242556032,08094259326,https://www.commcarehq.org/photos/farmer_190.jpg,4,crop_farming,1,owned,1,rain-fed,---,maize,---,2.0,---,goats,13,---,10.508038 7.4228089 0.0 20.0,yes,490e0233-550a-4294-836e-54f63c047d8a,2026-06-26 00:08:00,2026-06-26,tester,2026-06-26 00:08:08,https://www.commcarehq.org/form/f6a62cdc-80c2-43c8-a578-a4586960aeb3,tester
191,2a911430-b83a-4500-9f76-f295d7dd43d5,community_05,Elizabeth,Ali,female,1963-05-24,,08068155112,https://www.commcarehq.org/photos/farmer_191.jpg,5,crop_farming,33,owned,5,rain-fed,---,groundnuts,2.6,---,---,goats,15,---,10.202635 7.5339253 0.0 20.0,yes,5dd76ff1-8d86-480e-a086-f65829ca2cb0,2026-03-15 00:06:00,2026-03-15,tester,2026-03-15 00:06:10,https://www.commcarehq.org/form/2a911430-b83a-4500-9f76-f295d7dd43d5,tester
192,f2cf0b82-d6cb-45ee-8b17-0d3bbf76709f,community_01,Daniel,Ogunleye,female,1993-04-23,,08057149895,https://www.commcarehq.org/photos/farmer_192.jpg,10,mixed_farming,12,family_land,5,rain-fed,---,maize,---,0.9,---,---,---,---,10.4565863 7.5610045 0.0 20.0,yes,fa2af5c2-2134-4c6c-9408-579ebffffb2c,2026-06-11 00:07:00,2026-06-11,tester,2026-06-11 00:07:14,https://www.commcarehq.org/form/f2cf0b82-d6cb-45ee-8b17-0d3bbf76709f,tester
193,1ad9c1c0-059d-4789-8c6c-5b8a697a0fc4,community_03,Naomi,Adeyemi,female,1971-01-20,93871226876,08097425766,https://www.commcarehq.org/photos/farmer_193.jpg,8,crop_farming,3,owned,2,borehole,---,rice,---,---,4.0,goats,4,---,10.324901 7.3362836 0.0 20.0,yes,46efd117-d530-402f-930d-8313af1a244d,2026-01-06 00:02:00,2026-01-06,tester,2026-01-06 00:02:13,https://www.commcarehq.org/form/1ad9c1c0-059d-4789-8c6c-5b8a697a0fc4,tester
194,b8ff9187-273d-4289-8065-80e7c587c58e,community_02,Emmanuel,Ahmed,female,1963-06-17,,08025179450,https://www.commcarehq.org/photos/farmer_194.jpg,5,livestock_farming,37,family_land,3,river_stream,---,maize,---,2.3,---,---,---,---,10.4291063 7.2559886 0.0 20.0,yes,0e4055ff-30ba-4265-837b-9315e592c170,2026-03-05 00:02:00,2026-03-05,tester,2026-03-05 00:02:15,https://www.commcarehq.org/form/b8ff9187-273d-4289-8065-80e7c587c58e,tester
195,0878fc5d-b58f-496b-9421-4e9b25bdf402,community_04,John,Haruna,female,1993-07-10,20359688573,08004120645,https://www.commcarehq.org/photos/farmer_195.jpg,6,mixed_farming,8,family_land,2,rain-fed,---,groundnuts,1.8,---,---,---,---,---,10.5872127 7.4052742 0.0 20.0,yes,e88bef68-8e4c-4154-9c9d-70b94333bc8a,2026-06-27 00:03:00,2026-06-27,tester,2026-06-27 00:03:19,https://www.commcarehq.org/form/0878fc5d-b58f-496b-9421-4e9b25bdf402,tester
196,c0f3ae3f-faa1-4dd9-a5db-0f8a3af3a6e9,community_03,suleiman,Isa,female,1994-09-04,,08013251332,https://www.commcarehq.org/photos/farmer_196.jpg,3,mixed_farming,1,leased,2,rain-fed,---,maize groundnuts rice,1.9,0.9,0.7,---,---,---,10.3809498 7.3351293 0.0 20.0,yes,abc4b649-9c00-4ece-9cd2-af90642710cf,2026-06-05 00:03:00,2026-06-05,tester,2026-06-05 00:03:09,https://www.commcarehq.org/form/c0f3ae3f-faa1-4dd9-a5db-0f8a3af3a6e9,tester
197,dcc9259b-8e36-4aae-b98f-a936f4f8f379,community_04,Samuel,Lawal,male,1991-05-26,,08064235987,https://www.commcarehq.org/photos/farmer_197.jpg,1,mixed_farming,10,owned,1,rain-fed,---,rice groundnuts maize,2.4,3.5,0.6,---,---,---,10.5849507 7.309985 0.0 20.0,yes,cddcba19-f0b8-4077-8f5b-34a5a2e2f312,2026-06-30 00:08:00,2026-06-30,tester,2026-06-30 00:08:19,https://www.commcarehq.org/form/dcc9259b-8e36-4aae-b98f-a936f4f8f379,tester
198,a1322274-3183-4f1e-962d-9c1e882c197d,community_01,Mercy,Eze,male,1979-07-02,66609850824,08005309521,https://www.commcarehq.org/photos/farmer_198.jpg,3,mixed_farming,2,family_land,6,rain-fed,---,groundnuts maize,0.9,5.9,---,goats rabbits,5,17,10.5008535 7.4344116 0.0 20.0,yes,51cbd2b6-b295-404e-85fb-2ca41c939a38,2026-05-10 00:05:00,2026-05-10,tester,2026-05-10 00:05:08,https://www.commcarehq.org/form/a1322274-3183-4f1e-962d-9c1e882c197d,tester
199,f1138da7-3e7c-4335-98e9-18e49633e725,community_02,Ibrahim,Ali,male,2007-12-10,44439722839,08055176154,https://www.commcarehq.org/photos/farmer_199.jpg,8,crop_farming,1,family_land,3,dam_reservoir,---,maize groundnuts rice,2.5,6.3,2.7,rabbits,---,5,10.5734027 7.3928745 0.0 20.0,yes,f8bdaafa-157b-43a6-90ee-04ab63a35f70,2026-06-24 00:05:00,2026-06-24,tester,2026-06-24 00:05:16,https://www.commcarehq.org/form/f1138da7-3e7c-4335-98e9-18e49633e725,tester
200,c49073a9-6f52-41c9-84de-7e5ed308ef64,community_06,John,Okafor,female,1993-10-09,19881166487,08031152469,https://www.commcarehq.org/photos/farmer_200.jpg,5,mixed_farming,13,family_land,2,other,Community Well,maize,---,6.3,---,goats rabbits,24,2,10.4435147 7.2017117 0.0 20.0,no,d55c8319-ff3b-4ece-9403-ffc51f5443c5,2026-02-14 00:05:00,2026-02-14,tester,2026-02-14 00:05:20,https://www.commcarehq.org/form/c49073a9-6f52-41c9-84de-7e5ed308ef64,tester
201,56138d7f-0c85-406f-a361-e6a495a5b129,community_06,Mercy,Bello,female,1984-10-09,73014098354,08063883176,https://www.commcarehq.org/photos/farmer_201.jpg,2,crop_farming,8,family_land,2,borehole,---,groundnuts,2.5,---,---,---,---,---,10.2884591 7.5920476 0.0 20.0,yes,b4d7331c-79ea-46d2-be87-a1b6d2b79351,2026-01-10 00:04:00,2026-01-10,tester,2026-01-10 00:04:20,https://www.commcarehq.org/form/56138d7f-0c85-406f-a361-e6a495a5b129,tester
202,34901cd4-cfd7-49c6-9d48-bbe986d02cf9,community_07,Yusuf,Eze,male,1990-05-15,,08054565650,https://www.commcarehq.org/photos/farmer_202.jpg,4,livestock_farming,8,leased,3,rain-fed,---,groundnuts maize rice,0.5,3.1,2.9,---,---,---,10.3291997 7.5377366 0.0 20.0,yes,880f8650-c76e-49ab-958d-0cfdfcc48565,2026-02-01 00:07:00,2026-02-01,tester,2026-02-01 00:07:19,https://www.commcarehq.org/form/34901cd4-cfd7-49c6-9d48-bbe986d02cf9,tester
203,0414996c-70db-49fd-8083-968e9394d5cf,community_04,Esther,Lawal,male,1976-02-22,,08053338892,https://www.commcarehq.org/photos/farmer_203.jpg,10,crop_farming,22,owned,3,rain-fed,---,groundnuts maize,2.6,2.0,---,---,---,---,10.533007 7.5286535 0.0 20.0,yes,ec1267b5-6871-4969-a790-cd3652784ea9,2026-03-02 00:02:00,2026-03-02,tester,2026-03-02 00:02:19,https://www.commcarehq.org/form/0414996c-70db-49fd-8083-968e9394d5cf,tester
204,a04a966e-104d-4836-aed4-0aa6bb5eb754,community_06,Binta,Ali,female,2008-06-18,21567908867,08070806410,https://www.commcarehq.org/photos/farmer_204.jpg,3,crop_farming,1,owned,3,rain-fed,---,maize rice,---,5.3,3.6,---,---,---,10.5750339 7.5131717 0.0 20.0,yes,4893df65-95d6-48bf-83be-4019ee36c9cf,2026-03-26 00:06:00,2026-03-26,tester,2026-03-26 00:06:11,https://www.commcarehq.org/form/a04a966e-104d-4836-aed4-0aa6bb5eb754,tester
205,30e28b8b-773e-4eb4-98d3-814f75f33153,community_01,Amina,Eze,female,1982-09-22,46545438659,08034611015,https://www.commcarehq.org/photos/farmer_205.jpg,7,crop_farming,18,family_land,1,rain-fed,---,maize groundnuts,1.8,4.4,---,goats,9,---,10.53407 7.5434809 0.0 20.0,yes,174eb7ba-ca46-4539-a902-0122177859cd,2026-02-20 00:03:00,2026-02-20,tester,2026-02-20 00:03:11,https://www.commcarehq.org/form/30e28b8b-773e-4eb4-98d3-814f75f33153,tester
206,2f90e01d-9382-4f06-b3f4-4a9031d33bbc,community_06,Ibrahim,Daniel,female,1978-09-09,,08085323189,https://www.commcarehq.org/photos/farmer_206.jpg,10,mixed_farming,15,family_land,1,borehole,---,rice maize,---,1.7,1.1,---,---,---,10.2294925 7.212007 0.0 20.0,yes,f9a80365-f48f-40a8-93ce-581c8e3eadf1,2026-03-16 00:05:00,2026-03-16,tester,2026-03-16 00:05:11,https://www.commcarehq.org/form/2f90e01d-9382-4f06-b3f4-4a9031d33bbc,tester
207,3c665b86-ea5b-4112-b11d-19fcfd30cb97,community_05,elizabeth,LAWAL,male,1960-04-07,53698219274,08082112181,https://www.commcarehq.org/photos/farmer_207.jpg,8,livestock_farming,20,owned,2,borehole,---,rice maize groundnuts,0.8,5.8,1.0,goats,19,---,10.3497021 7.4398197 0.0 20.0,yes,cc84ea37-aabe-4968-8b67-b343d31d28ae,2026-03-04 00:02:00,2026-03-04,tester,2026-03-04 00:02:11,https://www.commcarehq.org/form/3c665b86-ea5b-4112-b11d-19fcfd30cb97,tester
208,06d8832e-23c5-468f-86f1-5fc563917499,community_06,Musa,Abdullahi,male,1992-05-06,,08098204605,https://www.commcarehq.org/photos/farmer_208.jpg,8,mixed_farming,6,owned,2,rain-fed,---,maize rice,---,4.0,2.7,---,---,---,10.2828798 7.5579539 0.0 20.0,yes,55c1ccbd-76bf-4846-8b05-bd661aaf96c0,2026-03-02 00:05:00,2026-03-02,tester,2026-03-02 00:05:11,https://www.commcarehq.org/form/06d8832e-23c5-468f-86f1-5fc563917499,tester
209,8f19fe8f-4058-497e-9d29-7b54e6fb7ad5,community_02,Naomi,David,female,1955-03-11,49015603832,08043546444,https://www.commcarehq.org/photos/farmer_209.jpg,6,crop_farming,15,owned,1,rain-fed,---,rice groundnuts maize,2.8,1.1,0.7,goats,8,---,10.4700429 7.3000095 0.0 20.0,yes,92886fd8-ac68-4880-b0ed-df3ef9b549c6,2026-06-24 00:08:00,2026-06-24,tester,2026-06-24 00:08:13,https://www.commcarehq.org/form/8f19fe8f-4058-497e-9d29-7b54e6fb7ad5,tester
210,a22d2cae-1284-4178-8c8b-4b839fb64b8a,community_02,Hauwa,Peter,female,1968-03-04,49940937355,08087445645,https://www.commcarehq.org/photos/farmer_210.jpg,4,mixed_farming,14,owned,3,rain-fed,---,rice maize,---,2.5,0.8,---,---,---,10.5767719 7.3670751 0.0 20.0,yes,563fd79f-70de-4cc9-9b8c-526c1b231c7b,2026-05-23 00:02:00,2026-05-23,tester,2026-05-23 00:02:16,https://www.commcarehq.org/form/a22d2cae-1284-4178-8c8b-4b839fb64b8a,tester
211,12c334a4-7d93-415f-b169-55f4d516adc1,community_01,Deborah,Peter,male,1968-08-12,,08034647530,https://www.commcarehq.org/photos/farmer_211.jpg,3,livestock_farming,22,owned,3,rain-fed,---,maize groundnuts,2.9,0.9,---,goats rabbits,17,38,10.5847753 7.4556013 0.0 20.0,yes,f24147f1-6e5f-422e-9cd8-e27871ce2866,2026-02-13 00:02:00,2026-02-13,tester,2026-02-13 00:02:10,https://www.commcarehq.org/form/12c334a4-7d93-415f-b169-55f4d516adc1,tester
212,78b97f98-f906-497d-8dd1-88d389b484dc,community_01,Yusuf,Eze,male,1994-12-24,49655602393,08060051841,https://www.commcarehq.org/photos/farmer_212.jpg,2,crop_farming,14,owned,1,river_stream,---,maize groundnuts rice,2.0,3.5,2.9,goats,2,---,10.3782926 7.529833 0.0 20.0,yes,7eed4af1-8edd-44b3-b858-eb07ef9f5624,2026-03-05 00:06:00,2026-03-05,tester,2026-03-05 00:06:15,https://www.commcarehq.org/form/78b97f98-f906-497d-8dd1-88d389b484dc,tester
213,24a88cea-7ff7-4d37-b9fe-944c71703bbe,community_07,Naomi,Ibrahim,male,1985-02-14,74076169840,08038738841,https://www.commcarehq.org/photos/farmer_213.jpg,7,livestock_farming,6,family_land,1,dam_reservoir,---,groundnuts,1.2,---,---,---,---,---,10.5665185 7.4792176 0.0 20.0,yes,e9e57f7e-7c1d-4252-8f2d-8bff61fc8e5a,2026-02-25 00:05:00,2026-02-25,tester,2026-02-25 00:05:18,https://www.commcarehq.org/form/24a88cea-7ff7-4d37-b9fe-944c71703bbe,tester
214,89dca2cf-4bf6-490b-ac5a-d96b554723de,community_07,Mercy,James,female,2006-10-21,,08034254067,https://www.commcarehq.org/photos/farmer_214.jpg,6,crop_farming,1,owned,1,rain-fed,---,rice maize groundnuts,1.7,1.0,2.8,---,---,---,10.3883151 7.3116568 0.0 20.0,yes,f74bf499-5ada-4e86-a71b-26e8566d0aa2,2026-01-05 00:06:00,2026-01-05,tester,2026-01-05 00:06:08,https://www.commcarehq.org/form/89dca2cf-4bf6-490b-ac5a-d96b554723de,tester
215,95e7db54-faad-408d-a79a-62b9bb7f79b7,community_01,Mary,Sani,female,1998-07-03,,08013206268,https://www.commcarehq.org/photos/farmer_215.jpg,7,livestock_farming,7,family_land,4,rain-fed,---,groundnuts rice,1.4,---,1.3,goats rabbits,15,2,10.3348467 7.2768607 0.0 20.0,yes,04b5c694-5503-4dc7-8622-feae7abe69b9,2026-02-26 00:02:00,2026-02-26,tester,2026-02-26 00:02:10,https://www.commcarehq.org/form/95e7db54-faad-408d-a79a-62b9bb7f79b7,tester
216,01e7ba38-2483-4225-8acd-7f581c569d32,community_05,Grace,Usman,male,1970-10-01,38452755404,08093421306,https://www.commcarehq.org/photos/farmer_216.jpg,3,crop_farming,18,family_land,4,rain-fed,---,maize groundnuts rice,1.1,1.1,1.6,---,---,---,10.5698214 7.5085626 0.0 20.0,yes,7ebac2c0-ce33-4458-9abf-e7bfac0d3485,2026-02-14 00:07:00,2026-02-14,tester,2026-02-14 00:07:15,https://www.commcarehq.org/form/01e7ba38-2483-4225-8acd-7f581c569d32,tester
217,606bbb5b-d39b-4ada-b407-f5a4b69496be,community_07,Ahmed,Ibrahim,male,1998-11-21,79717736545,08059268377,https://www.commcarehq.org/photos/farmer_217.jpg,1,crop_farming,3,owned,6,rain-fed,---,rice maize,---,1.3,1.6,rabbits,---,28,10.4592186 7.315382 0.0 20.0,yes,08018d4d-3555-46e8-b05f-c4c2a548a0ba,2026-03-26 00:04:00,2026-03-26,tester,2026-03-26 00:04:12,https://www.commcarehq.org/form/606bbb5b-d39b-4ada-b407-f5a4b69496be,tester
218,6b09551d-99b1-4432-8ed7-b78a55c17979,community_02,Grace,Philip,female,1958-09-10,,08051604909,https://www.commcarehq.org/photos/farmer_218.jpg,1,mixed_farming,14,owned,1,rain-fed,---,rice,---,---,1.2,goats,21,---,10.3141412 7.3793085 0.0 20.0,yes,5e53f28b-a7f5-4a7f-adf8-2a8b9a282fef,2026-03-11 00:08:00,2026-03-11,tester,2026-03-11 00:08:20,https://www.commcarehq.org/form/6b09551d-99b1-4432-8ed7-b78a55c17979,tester
219,b4a605d3-0835-4797-be91-7ca3eebd390b,community_01,Daniel,David,male,1979-10-28,12070177372,08074093551,https://www.commcarehq.org/photos/farmer_219.jpg,6,crop_farming,20,owned,5,rain-fed,---,groundnuts,0.5,---,---,---,---,---,10.3965815 7.5702764 0.0 20.0,yes,5fa7a005-5cda-4fdb-967f-9cd89368492a,2026-04-06 00:05:00,2026-04-06,tester,2026-04-06 00:05:20,https://www.commcarehq.org/form/b4a605d3-0835-4797-be91-7ca3eebd390b,tester
220,31cd111f-8bc4-4193-bf94-ac042d8ea286,community_02,Blessing,Bello,male,2006-12-21,,08017977376,https://www.commcarehq.org/photos/farmer_220.jpg,5,livestock_farming,1,owned,1,rain-fed,---,rice groundnuts maize,1.2,3.2,2.9,goats,21,---,10.4650419 7.264571 0.0 20.0,yes,8f2798c6-b978-49b5-955e-d4184a706aa7,2026-01-24 00:07:00,2026-01-24,tester,2026-01-24 00:07:17,https://www.commcarehq.org/form/31cd111f-8bc4-4193-bf94-ac042d8ea286,tester
221,a5f32501-61cd-42cb-a3e7-656198344a05,community_03,Blessing,Michael,male,1953-04-26,,08023963348,https://www.commcarehq.org/photos/farmer_221.jpg,8,mixed_farming,52,owned,1,rain-fed,---,maize rice groundnuts,3.0,5.4,0.5,goats,24,---,10.3667369 7.3153361 0.0 20.0,yes,32a8ec7e-e95a-4327-8751-9ffaf9774625,2026-02-15 00:04:00,2026-02-15,tester,2026-02-15 00:04:10,https://www.commcarehq.org/form/a5f32501-61cd-42cb-a3e7-656198344a05,tester
222,95c579bc-b8eb-40fb-9db2-f0e97bc73f3c,community_05,John,Ibrahim,male,1951-10-03,,08010172946,https://www.commcarehq.org/photos/farmer_222.jpg,9,crop_farming,18,owned,1,rain-fed,---,groundnuts rice maize,1.2,6.2,2.8,rabbits,---,15,10.4089338 7.2029048 0.0 20.0,yes,cbc9658f-11fd-492a-906c-8c999035f555,2026-03-10 00:05:00,2026-03-10,tester,2026-03-10 00:05:20,https://www.commcarehq.org/form/95c579bc-b8eb-40fb-9db2-f0e97bc73f3c,tester
223,98f6f1f4-b1f0-4a0a-bca6-c6d1f514a87f,community_05,Hauwa,Usman,male,1981-02-01,,+2348096303314,https://www.commcarehq.org/photos/farmer_223.jpg,8,livestock_farming,1,family_land,3,borehole,---,maize,---,3.2,---,---,---,---,10.4059656 7.4640914 0.0 20.0,no,ce00822d-5d0e-4fd7-9480-08b48b27cf06,2026-06-13 00:08:00,2026-06-13,tester,2026-06-13 00:08:15,https://www.commcarehq.org/form/98f6f1f4-b1f0-4a0a-bca6-c6d1f514a87f,tester
224,2209394e-4bee-4b29-866e-a7d8be734dfc,community_01,Daniel,Tanko,male,1970-08-02,77030536743,8046049998,https://www.commcarehq.org/photos/farmer_224.jpg,3,crop_farming,10,leased,3,borehole,---,groundnuts,1.7,---,---,goats,23,---,10.5948878 7.3867212 0.0 20.0,yes,a80c5656-da61-4799-b6f0-e511affcaa69,2026-01-30 00:05:00,2026-01-30,tester,2026-01-30 00:05:12,https://www.commcarehq.org/form/2209394e-4bee-4b29-866e-a7d8be734dfc,tester
225,d90cc5da-4de2-46ee-aadf-9dd7d4a73438,community_02,Rebecca,Lawal,female,1984-12-01,,08009332769,https://www.commcarehq.org/photos/farmer_225.jpg,1,mixed_farming,16,owned,3,rain-fed,---,rice groundnuts maize,1.4,4.8,3.1,goats,22,---,10.5864992 7.3747849 0.0 20.0,yes,f6facc1a-cbde-4b3a-aed2-83e94768d9c4,2026-03-08 00:02:00,2026-03-08,tester,2026-03-08 00:02:14,https://www.commcarehq.org/form/d90cc5da-4de2-46ee-aadf-9dd7d4a73438,tester
226,131fda9f-57c4-4d3e-a80d-ba80d814c1d2,community_01,Fatima,Johnson,female,1962-09-27,56614698720,8095005893,https://www.commcarehq.org/photos/farmer_226.jpg,5,crop_farming,43,family_land,4,rain-fed,---,maize groundnuts,2.5,2.3,---,goats,23,---,10.4405862 7.2583483 0.0 20.0,yes,303207b1-3efb-4b50-b1e3-f1a359d9f79d,2026-06-29 00:02:00,2026-06-29,tester,2026-06-29 00:02:15,https://www.commcarehq.org/form/131fda9f-57c4-4d3e-a80d-ba80d814c1d2,tester
227,60b38b73-1d97-4525-a9ee-45fc0e14b99a,community_02,Yusuf,James,male,1966-11-14,75350955632,08029081789,https://www.commcarehq.org/photos/farmer_227.jpg,10,livestock_farming,26,owned,3,rain-fed,---,rice,---,---,1.9,goats,17,---,10.5030857 7.3564252 0.0 20.0,yes,3f610581-cd6c-469e-9619-0f58d23fa034,2026-03-14 00:04:00,2026-03-14,tester,2026-03-14 00:04:11,https://www.commcarehq.org/form/60b38b73-1d97-4525-a9ee-45fc0e14b99a,tester
228,a6629141-c388-4054-a2e5-c069f90866e6,community_05,Mercy,David,male,1987-06-14,,08074116212,https://www.commcarehq.org/photos/farmer_228.jpg,8,crop_farming,19,owned,1,other,Spring Water,groundnuts,0.7,---,---,rabbits,---,5,10.2469387 7.4061741 0.0 20.0,yes,fde602ec-8126-45e7-b7d8-7ad1542dca0e,2026-04-22 00:03:00,2026-04-22,tester,2026-04-22 00:03:17,https://www.commcarehq.org/form/a6629141-c388-4054-a2e5-c069f90866e6,tester
229,1cf85b52-c9a6-4a8b-ac27-33c0ebc917c3,community_02,Mary,Garba,male,1987-04-14,,08036767862,https://www.commcarehq.org/photos/farmer_229.jpg,9,crop_farming,16,family_land,3,rain-fed,---,maize rice groundnuts,2.5,1.6,2.2,---,---,---,10.4285692 7.2397765 0.0 20.0,yes,164e4ede-9c38-4742-98f0-cae1e885a56f,2026-05-18 00:03:00,2026-05-18,tester,2026-05-18 00:03:17,https://www.commcarehq.org/form/1cf85b52-c9a6-4a8b-ac27-33c0ebc917c3,tester
230,73c87934-c854-4ab9-9ca4-c455afcf26a9,community_06,Amina,David,male,1977-11-05,90904917173,08058672618,https://www.commcarehq.org/photos/farmer_230.jpg,8,mixed_farming,4,owned,3,rain-fed,---,maize groundnuts rice,2.9,3.5,1.8,---,---,---,10.5780914 7.2000342 0.0 20.0,yes,ccf03278-983a-4de3-a671-625e610dcc88,2026-05-13 00:08:00,2026-05-13,tester,2026-05-13 00:08:14,https://www.commcarehq.org/form/73c87934-c854-4ab9-9ca4-c455afcf26a9,tester
231,0bd6a2e5-a07c-4464-8f5f-f0b119dd7546,community_05,Samuel,Peter,female,1978-01-14,37962772622,8066001821,https://www.commcarehq.org/photos/farmer_231.jpg,7,crop_farming,20,owned,3,rain-fed,---,maize,---,3.2,---,---,---,---,10.5760797 7.2572976 0.0 20.0,yes,f687fa8c-9fa9-4489-8084-1c8f8c70ebce,2026-06-11 00:07:00,2026-06-11,tester,2026-06-11 00:07:13,https://www.commcarehq.org/form/0bd6a2e5-a07c-4464-8f5f-f0b119dd7546,tester
232,4052ffad-d046-4ba5-89a3-ac897e186182,community_07,Yusuf,Ojo,male,1987-09-05,30708476039,08037392256,https://www.commcarehq.org/photos/farmer_232.jpg,1,crop_farming,9,owned,1,rain-fed,---,maize,---,6.2,---,rabbits,---,35,10.491331 7.3226198 0.0 20.0,yes,2ea221ff-8d80-4cab-bc12-8da5ec32d917,2026-05-06 00:02:00,2026-05-06,tester,2026-05-06 00:02:16,https://www.commcarehq.org/form/4052ffad-d046-4ba5-89a3-ac897e186182,tester
233,5efaa98b-0589-47a8-8c00-b3cfee90f18f,community_05,Deborah,Ahmed,male,1986-04-15,64768877128,08018675845,https://www.commcarehq.org/photos/farmer_233.jpg,1,crop_farming,19,family_land,1,rain-fed,---,rice groundnuts,2.2,---,2.0,---,---,---,10.3416006 7.3874663 0.0 20.0,yes,6e617565-ad75-4813-a4ee-070afc78c712,2026-04-20 00:06:00,2026-04-20,tester,2026-04-20 00:06:12,https://www.commcarehq.org/form/5efaa98b-0589-47a8-8c00-b3cfee90f18f,tester
234,7c021cf8-c5f3-4305-9e7f-52edabef01c6,community_02,Deborah,Bello,female,1991-05-25,31876989787,08050298096,https://www.commcarehq.org/photos/farmer_234.jpg,2,livestock_farming,4,owned,6,rain-fed,---,rice maize,---,2.0,3.1,---,---,---,10.5521328 7.4112446 0.0 20.0,yes,8534e62e-95c0-4413-bd93-fb780aa47d60,2026-06-05 00:05:00,2026-06-05,tester,2026-06-05 00:05:10,https://www.commcarehq.org/form/7c021cf8-c5f3-4305-9e7f-52edabef01c6,tester
235,15779a3c-a3cb-4d6a-953a-29d703ac26d2,community_05,Naomi,Lawal,male,1995-01-03,,08059433192,https://www.commcarehq.org/photos/farmer_235.jpg,7,crop_farming,8,owned,6,rain-fed,---,maize,---,6.1,---,---,---,---,10.5573671 7.5741658 0.0 20.0,yes,06f717ef-a218-41f6-b7e8-fbd6f1796cd2,2026-05-05 00:02:00,2026-05-05,tester,2026-05-05 00:02:16,https://www.commcarehq.org/form/15779a3c-a3cb-4d6a-953a-29d703ac26d2,tester
236,e434f58a-597e-4760-b57c-4e3d2c91a3ff,community_01,Samuel,Johnson,male,2003-04-03,22922971351,+2348041584907,https://www.commcarehq.org/photos/farmer_236.jpg,5,crop_farming,4,leased,3,rain-fed,---,rice maize,---,1.5,1.7,goats,13,---,10.4836878 7.2442663 0.0 20.0,yes,3f80bcbc-cf21-46a7-8183-35f822102c31,2026-02-04 00:05:00,2026-02-04,tester,2026-02-04 00:05:18,https://www.commcarehq.org/form/e434f58a-597e-4760-b57c-4e3d2c91a3ff,tester
237,7a4a31de-000d-4aa9-9272-a095060204af,community_05,Naomi,Musa,male,1988-08-04,,08014461773,https://www.commcarehq.org/photos/farmer_237.jpg,8,crop_farming,4,leased,5,rain-fed,---,groundnuts rice maize,1.6,4.1,0.5,---,---,---,10.233046 7.3715808 0.0 20.0,yes,087e850a-90ef-409d-b6f2-8208bbcb6e39,2026-05-11 00:03:00,2026-05-11,tester,2026-05-11 00:03:12,https://www.commcarehq.org/form/7a4a31de-000d-4aa9-9272-a095060204af,tester
238,6938c64b-dc5e-4a5b-a755-5f1ccb97aa30,community_02,mary,TANKO,male,1980-04-02,81856764442,08061861142,https://www.commcarehq.org/photos/farmer_238.jpg,4,mixed_farming,3,leased,2,rain-fed,---,groundnuts rice maize,1.6,0.9,2.0,goats,5,---,10.3122224 7.3404098 0.0 20.0,yes,8a20e8dc-3ce1-43bf-ba05-06515a4b8328,2026-03-23 00:02:00,2026-03-23,tester,2026-03-23 00:02:10,https://www.commcarehq.org/form/6938c64b-dc5e-4a5b-a755-5f1ccb97aa30,tester
239,c66795f5-1eaf-4928-8afa-90566df6f3b3,community_01,Grace,Adeyemi,female,1989-02-17,,08011933005,https://www.commcarehq.org/photos/farmer_239.jpg,4,crop_farming,19,owned,2,rain-fed,---,maize groundnuts rice,0.8,5.0,0.9,---,---,---,10.4617421 7.2761734 0.0 20.0,yes,c2c9649b-5c1d-40bc-9b0f-c3693d166e4c,2026-01-26 00:02:00,2026-01-26,tester,2026-01-26 00:02:15,https://www.commcarehq.org/form/c66795f5-1eaf-4928-8afa-90566df6f3b3,tester
240,4c616647-2c0d-44cc-b224-990759c5db02,community_02,Ruth,Lawal,male,1976-05-09,86909184154,08098479049,https://www.commcarehq.org/photos/farmer_240.jpg,7,crop_farming,9,owned,6,rain-fed,---,maize groundnuts,0.9,5.0,---,goats,14,---,10.3085977 7.2736265 0.0 20.0,yes,6ff9aa7f-6b5d-4e88-8918-9948e10ea177,2026-02-25 00:06:00,2026-02-25,tester,2026-02-25 00:06:05,https://www.commcarehq.org/form/4c616647-2c0d-44cc-b224-990759c5db02,tester
241,609afeac-030d-4b80-9be4-fea843b35ad4,community_06,Paul,Yakubu,male,1978-03-03,49601042989,08075102018,https://www.commcarehq.org/photos/farmer_241.jpg,4,mixed_farming,8,leased,1,rain-fed,---,rice maize,---,2.4,3.8,---,---,---,10.2534446 7.5593343 0.0 20.0,yes,d4722654-8fb5-4646-bc4b-832fd3685662,2026-01-15 00:07:00,2026-01-15,tester,2026-01-15 00:07:05,https://www.commcarehq.org/form/609afeac-030d-4b80-9be4-fea843b35ad4,tester
242,72afcb06-e54f-494e-84bf-c9756e106e9f,community_06,Peter,Balogun,female,2007-10-04,,08089576926,https://www.commcarehq.org/photos/farmer_242.jpg,7,crop_farming,1,owned,3,borehole,---,maize,---,1.9,---,---,---,---,10.5608673 7.2374764 0.0 20.0,yes,6449210d-f639-47d9-ad81-4cb8665cd8f7,2026-02-17 00:08:00,2026-02-17,tester,2026-02-17 00:08:10,https://www.commcarehq.org/form/72afcb06-e54f-494e-84bf-c9756e106e9f,tester
243,c8730b41-e2e0-4728-97ca-c7ef9b4f80ff,community_02,Ruth,Balogun,male,1992-04-17,,08086114464,https://www.commcarehq.org/photos/farmer_243.jpg,8,mixed_farming,4,owned,4,borehole,---,groundnuts rice maize,2.4,2.1,3.8,---,---,---,10.2037585 7.5166643 0.0 20.0,yes,97105d83-f31c-4b9f-b9fc-c0668cb64ca8,2026-03-28 00:08:00,2026-03-28,tester,2026-03-28 00:08:07,https://www.commcarehq.org/form/c8730b41-e2e0-4728-97ca-c7ef9b4f80ff,tester
244,ccb4c544-b4cb-4db7-8aa4-522518f28fae,community_02,Ruth,Lawal,female,1994-02-02,40728400736,08006618125,https://www.commcarehq.org/photos/farmer_244.jpg,12,crop_farming,6,family_land,1,borehole,---,rice groundnuts maize,0.9,1.2,0.9,---,---,---,10.4462787 7.2473404 0.0 20.0,yes,e59d2730-8a11-443a-8268-20f8a5431a78,2026-01-22 00:02:00,2026-01-22,tester,2026-01-22 00:02:09,https://www.commcarehq.org/form/ccb4c544-b4cb-4db7-8aa4-522518f28fae,tester
245,15c98bec-7d8b-4507-b847-6ec03823d525,community_01,Esther,Johnson,female,1983-08-05,,08062824329,https://www.commcarehq.org/photos/farmer_245.jpg,3,livestock_farming,25,family_land,5,borehole,---,groundnuts rice,1.9,---,3.9,goats,4,---,10.2510143 7.5070142 0.0 20.0,yes,46d6b9ad-16d7-4410-833b-a5ca4d7939b3,2026-05-07 00:05:00,2026-05-07,tester,2026-05-07 00:05:20,https://www.commcarehq.org/form/15c98bec-7d8b-4507-b847-6ec03823d525,tester
246,571b1120-6531-4587-a8fa-0660c9fa0e2d,community_05,David,Eze,female,1992-12-25,85149482121,08055835456,https://www.commcarehq.org/photos/farmer_246.jpg,11,crop_farming,1,owned,2,irrigation_scheme,---,maize,---,2.7,---,---,---,---,10.2557397 7.3841554 0.0 20.0,yes,1f22b6d8-cd3d-4007-af90-99d3836d7a6c,2026-05-22 00:05:00,2026-05-22,tester,2026-05-22 00:05:12,https://www.commcarehq.org/form/571b1120-6531-4587-a8fa-0660c9fa0e2d,tester
247,ed4d43ad-a188-440a-8754-a34418ad8a0a,community_02,Peter,Musa,female,1996-07-13,13148561166,08064015451,https://www.commcarehq.org/photos/farmer_247.jpg,9,crop_farming,7,owned,1,rain-fed,---,rice maize groundnuts,1.5,2.5,3.2,---,---,---,10.2623549 7.5524629 0.0 20.0,yes,3367ffb1-f3bb-4ee6-af62-0e12e347871e,2026-02-14 00:06:00,2026-02-14,tester,2026-02-14 00:06:10,https://www.commcarehq.org/form/ed4d43ad-a188-440a-8754-a34418ad8a0a,tester
248,496587e2-f2ec-49da-8c2c-90b4abc9bca1,community_01,Joy,Usman,female,1967-07-17,,08095741959,https://www.commcarehq.org/photos/farmer_248.jpg,4,crop_farming,26,owned,3,rain-fed,---,rice,---,---,2.1,goats,22,---,10.352188 7.2218687 0.0 20.0,yes,d43ca05f-5db2-4558-9ddb-2e1f6cde548e,2026-04-19 00:03:00,2026-04-19,tester,2026-04-19 00:03:13,https://www.commcarehq.org/form/496587e2-f2ec-49da-8c2c-90b4abc9bca1,tester
249,7bacd4d4-9a4b-4a12-9a8e-28183c43c8ad,community_01,Fatima,Samuel,female,1976-03-13,25210918377,08005735602,https://www.commcarehq.org/photos/farmer_249.jpg,7,mixed_farming,3,owned,1,rain-fed,---,maize rice,---,3.5,1.6,goats,13,---,10.4810627 7.2389519 0.0 20.0,yes,f8f7fda6-9589-49ed-968f-37e50f6e6aec,2026-05-09 00:02:00,2026-05-09,tester,2026-05-09 00:02:09,https://www.commcarehq.org/form/7bacd4d4-9a4b-4a12-9a8e-28183c43c8ad,tester
250,3dcbf29f-b8fe-4b13-81db-b9fef2faa95f,community_01,Paul,David,male,1976-02-16,73060316089,08006922617,https://www.commcarehq.org/photos/farmer_250.jpg,7,mixed_farming,22,owned,1,rain-fed,---,groundnuts maize,1.1,6.5,---,---,---,---,10.4267603 7.5977618 0.0 20.0,yes,43c2a649-9b35-42fb-87e4-ab6c8d709b7b,2026-01-04 00:03:00,2026-01-04,tester,2026-01-04 00:03:14,https://www.commcarehq.org/form/3dcbf29f-b8fe-4b13-81db-b9fef2faa95f,tester
251,e01091db-079c-4489-a854-426113c20e5c,community_04,Paul,Abdullahi,female,1979-02-03,32744463946,08005307499,https://www.commcarehq.org/photos/farmer_251.jpg,6,crop_farming,19,owned,2,rain-fed,---,rice groundnuts maize,1.4,5.6,3.8,goats,23,---,5.4869161 9.6465638 0.0 20.0,yes,d383e438-8fe8-4816-bc1a-5a5288fb2569,2026-01-11 00:06:00,2026-01-11,tester,2026-01-11 00:06:06,https://www.commcarehq.org/form/e01091db-079c-4489-a854-426113c20e5c,tester
252,adff1277-58c5-4771-b375-b3a9daa69c62,community_05,Peter,Ogunleye,female,2007-02-08,63988313275,08082863458,https://www.commcarehq.org/photos/farmer_252.jpg,1,livestock_farming,1,owned,5,other,Community Well,rice,---,---,3.1,goats rabbits,16,11,10.5794135 7.2582055 0.0 20.0,yes,28f7ca29-e0bf-4491-bc29-d5dded805019,2026-05-26 00:02:00,2026-05-26,tester,2026-05-26 00:02:17,https://www.commcarehq.org/form/adff1277-58c5-4771-b375-b3a9daa69c62,tester
253,49284bd8-16fe-428e-9843-b02ac88b5316,community_01,Paul,Samuel,female,1960-06-20,46176167454,08021120844,https://www.commcarehq.org/photos/farmer_253.jpg,4,mixed_farming,6,leased,2,borehole,---,groundnuts,1.4,---,---,goats,17,---,10.513543 7.5862359 0.0 20.0,yes,a00e2f50-8f51-497d-b3be-655fc9c8bdb1,2026-06-27 00:06:00,2026-06-27,tester,2026-06-27 00:06:17,https://www.commcarehq.org/form/49284bd8-16fe-428e-9843-b02ac88b5316,tester
254,a50d6fad-743d-4e6b-9538-4d41325ffd8c,community_06,Mercy,Abdullahi,female,1986-08-30,56098427837,08008943762,https://www.commcarehq.org/photos/farmer_254.jpg,2,livestock_farming,21,owned,4,borehole,---,maize,---,4.7,---,---,---,---,10.2864549 7.2839052 0.0 20.0,yes,b0036ed3-a9a3-4cdf-8330-c7ed7ee21dc2,2026-06-23 00:06:00,2026-06-23,tester,2026-06-23 00:06:05,https://www.commcarehq.org/form/a50d6fad-743d-4e6b-9538-4d41325ffd8c,tester
255,a544ed38-a247-4a1c-a99e-4528fce65ef7,community_03,Daniel,Yusuf,male,1994-07-16,74420421366,08043849394,https://www.commcarehq.org/photos/farmer_255.jpg,5,mixed_farming,7,owned,3,rain-fed,---,rice groundnuts,3.0,---,3.3,goats rabbits,22,28,10.2414701 7.4999775 0.0 20.0,yes,5b60e81e-1897-450e-a720-e2aa8805b7bf,2026-05-20 00:02:00,2026-05-20,tester,2026-05-20 00:02:19,https://www.commcarehq.org/form/a544ed38-a247-4a1c-a99e-4528fce65ef7,tester
256,65320ef9-dc39-446d-ab58-99a739164d90,community_04,Paul,Musa,female,1973-03-22,,08051893749,https://www.commcarehq.org/photos/farmer_256.jpg,8,crop_farming,24,family_land,3,river_stream,---,maize rice,---,4.5,0.5,rabbits,---,3,10.2613501 7.3497623 0.0 20.0,yes,13fc4437-d577-471e-8049-de2f5ff8e4a5,2026-06-03 00:04:00,2026-06-03,tester,2026-06-03 00:04:15,https://www.commcarehq.org/form/65320ef9-dc39-446d-ab58-99a739164d90,tester
257,44d141df-5441-43ec-8cd2-c3d44b6c60dc,community_01,Blessing,Usman,male,1959-09-06,17853562047,08085169195,https://www.commcarehq.org/photos/farmer_257.jpg,6,crop_farming,8,family_land,2,rain-fed,---,rice groundnuts,2.9,---,1.2,goats rabbits,15,39,10.2612194 7.4472399 0.0 20.0,yes,683f4b06-2f07-4687-b548-92eaac6b8772,2026-01-21 00:06:00,2026-01-21,tester,2026-01-21 00:06:17,https://www.commcarehq.org/form/44d141df-5441-43ec-8cd2-c3d44b6c60dc,tester
258,cf9bffa0-0b63-4930-88f2-8c933eae9c96,community_01,Suleiman,Peter,female,1981-04-08,43921261900,08025277762,https://www.commcarehq.org/photos/farmer_258.jpg,4,mixed_farming,4,owned,4,rain-fed,---,groundnuts,0.7,---,---,---,---,---,10.283189 7.2402687 0.0 20.0,yes,5600a4a2-33d6-4f66-a874-9c19ddf62291,2026-04-16 00:02:00,2026-04-16,tester,2026-04-16 00:02:20,https://www.commcarehq.org/form/cf9bffa0-0b63-4930-88f2-8c933eae9c96,tester
259,7600a913-a9cc-4caf-855e-64f393a56e72,community_07,Fatima,Daniel,female,1990-08-20,,08081015609,https://www.commcarehq.org/photos/farmer_259.jpg,5,mixed_farming,6,owned,2,rain-fed,---,rice,---,---,0.6,rabbits,---,25,10.2459154 7.2867831 0.0 20.0,yes,24b3ffb1-edf3-479a-90d6-a2cdf8b775c8,2026-02-26 00:02:00,2026-02-26,tester,2026-02-26 00:02:09,https://www.commcarehq.org/form/7600a913-a9cc-4caf-855e-64f393a56e72,tester
260,8e4bbf0b-2430-42c8-9847-001d67760849,community_02,Ruth,Daniel,female,1987-08-12,67964026963,08053116823,https://www.commcarehq.org/photos/farmer_260.jpg,7,crop_farming,7,leased,2,rain-fed,---,rice maize groundnuts,2.1,4.1,2.0,---,---,---,10.4530794 7.2257065 0.0 20.0,yes,675106f5-8c16-4347-b3be-a77fa6b56f7a,2026-01-09 00:06:00,2026-01-09,tester,2026-01-09 00:06:13,https://www.commcarehq.org/form/8e4bbf0b-2430-42c8-9847-001d67760849,tester
261,8bad7943-4bad-4c35-9dc1-cb49792da7c4,community_04,Musa,Eze,female,1978-01-14,31967254280,08084122313,https://www.commcarehq.org/photos/farmer_261.jpg,11,crop_farming,19,family_land,1,rain-fed,---,groundnuts rice maize,1.9,4.8,3.8,---,---,---,8.3040704 11.5172744 0.0 20.0,yes,fefff853-34e3-45c4-925a-0d4305e78fa2,2026-04-22 00:04:00,2026-04-22,tester,2026-04-22 00:04:15,https://www.commcarehq.org/form/8bad7943-4bad-4c35-9dc1-cb49792da7c4,tester
262,196452fe-8eb2-4a81-b703-022a7eff25d8,community_02,Grace,Abdullahi,male,2003-12-04,33419533723,08065200750,https://www.commcarehq.org/photos/farmer_262.jpg,6,crop_farming,5,leased,1,rain-fed,---,groundnuts maize,2.3,2.1,---,---,---,---,10.4225801 7.3252699 0.0 20.0,yes,aaa50d5b-bf61-4969-b777-0d0c9c3c5dd0,2026-04-11 00:04:00,2026-04-11,tester,2026-04-11 00:04:19,https://www.commcarehq.org/form/196452fe-8eb2-4a81-b703-022a7eff25d8,tester
263,0c7abc4f-f3c9-4c28-80d5-87908b3aba5d,community_04,Binta,Philip,male,1987-05-20,27224519780,08013641193,https://www.commcarehq.org/photos/farmer_263.jpg,7,livestock_farming,9,leased,5,rain-fed,---,rice maize,---,2.1,1.1,goats rabbits,16,22,10.544758 7.5012139 0.0 20.0,yes,f34aed72-553d-4c7d-aeec-372524f62993,2026-04-16 00:07:00,2026-04-16,tester,2026-04-16 00:07:19,https://www.commcarehq.org/form/0c7abc4f-f3c9-4c28-80d5-87908b3aba5d,tester
264,54370025-0629-4426-b6ff-9f3d922d99fb,community_05,Esther,Yakubu,male,1979-02-20,77563548926,08022205867,https://www.commcarehq.org/photos/farmer_264.jpg,12,crop_farming,1,family_land,2,rain-fed,---,maize,---,1.8,---,---,---,---,10.5433835 7.5041952 0.0 20.0,yes,b9109b33-c597-4bd4-b645-f6de2d7a7b84,2026-04-27 00:07:00,2026-04-27,tester,2026-04-27 00:07:09,https://www.commcarehq.org/form/54370025-0629-4426-b6ff-9f3d922d99fb,tester
265,c9dd1326-1168-4177-8b4f-e1a5b100c632,community_06,Mary,Philip,male,1953-11-30,,08057121386,https://www.commcarehq.org/photos/farmer_265.jpg,4,crop_farming,2,leased,1,rain-fed,---,maize rice groundnuts,0.8,3.8,1.7,goats,14,---,10.4031707 7.2212628 0.0 20.0,yes,2cd5e413-4592-4a6d-a273-f79a44e6ad37,2026-01-26 00:02:00,2026-01-26,tester,2026-01-26 00:02:17,https://www.commcarehq.org/form/c9dd1326-1168-4177-8b4f-e1a5b100c632,tester
266,05e966e0-c599-4764-b7c3-e878d874de1c,community_05,David,Daniel,male,1987-02-20,80839542298,08046692002,https://www.commcarehq.org/photos/farmer_266.jpg,3,livestock_farming,13,owned,1,river_stream,---,maize rice groundnuts,0.9,1.7,2.7,---,---,---,10.2012427 7.2740315 0.0 20.0,yes,61bb693d-0b14-4b1a-8cf2-c7919d11ea56,2026-06-09 00:05:00,2026-06-09,tester,2026-06-09 00:05:14,https://www.commcarehq.org/form/05e966e0-c599-4764-b7c3-e878d874de1c,tester
267,656d3185-9027-4f7e-941c-a4ccecf440e8,community_06,Yusuf,Garba,male,1984-04-07,29135008396,08096409817,https://www.commcarehq.org/photos/farmer_267.jpg,3,mixed_farming,16,leased,4,rain-fed,---,groundnuts rice,2.4,---,3.2,goats,25,---,10.3962647 7.3403124 0.0 20.0,yes,0c2b0f24-bc83-45b6-a365-43e3cfaac2a0,2026-06-19 00:05:00,2026-06-19,tester,2026-06-19 00:05:13,https://www.commcarehq.org/form/656d3185-9027-4f7e-941c-a4ccecf440e8,tester
268,8f59515b-8a2c-46dc-a84e-9786de7b56dc,community_03,Amina,Haruna,male,1967-08-11,,08095167098,https://www.commcarehq.org/photos/farmer_268.jpg,8,crop_farming,37,family_land,2,borehole,---,maize,---,4.3,---,---,---,---,10.4715206 7.5596886 0.0 20.0,yes,3115cbf2-b382-43ee-8eeb-776bc57e0010,2026-05-15 00:03:00,2026-05-15,tester,2026-05-15 00:03:13,https://www.commcarehq.org/form/8f59515b-8a2c-46dc-a84e-9786de7b56dc,tester
269,90ec165b-cec3-44ae-aca1-2557ae8f1f55,community_07,Daniel,Michael,male,1982-02-04,81208482577,08078175731,https://www.commcarehq.org/photos/farmer_269.jpg,3,crop_farming,5,owned,2,borehole,---,maize rice,---,0.9,1.5,---,---,---,10.5301882 7.2493743 0.0 20.0,yes,76429c56-c0d8-48b1-8c09-5c9d1fa44e79,2026-01-02 00:05:00,2026-01-02,tester,2026-01-02 00:05:16,https://www.commcarehq.org/form/90ec165b-cec3-44ae-aca1-2557ae8f1f55,tester
270,03c31670-fcad-4da0-805b-cda9255da94f,community_05,Amina,Musa,male,1991-10-26,,08071029150,https://www.commcarehq.org/photos/farmer_270.jpg,2,mixed_farming,13,owned,1,irrigation_scheme,---,maize groundnuts rice,2.2,2.4,2.5,rabbits,---,10,10.3665249 7.2798093 0.0 20.0,yes,e4a513dd-b96c-4892-a365-948bf8a4ca40,2026-03-18 00:06:00,2026-03-18,tester,2026-03-18 00:06:19,https://www.commcarehq.org/form/03c31670-fcad-4da0-805b-cda9255da94f,tester
271,3edee3c5-00d9-44ce-90a2-773c9a72b372,community_04,Joseph,Abdullahi,female,1993-10-13,80064920161,08097444405,https://www.commcarehq.org/photos/farmer_271.jpg,1,crop_farming,4,owned,6,irrigation_scheme,---,groundnuts maize,0.8,4.5,---,---,---,---,10.4072033 7.5356792 0.0 20.0,yes,8e16b148-44c8-44a5-b284-48c21977081d,2026-03-11 00:08:00,2026-03-11,tester,2026-03-11 00:08:08,https://www.commcarehq.org/form/3edee3c5-00d9-44ce-90a2-773c9a72b372,tester
272,10a82c0f-f7ec-4c14-b6b9-1b7d99627c05,community_02,Mary,Haruna,male,1981-06-11,17374250039,08075591861,https://www.commcarehq.org/photos/farmer_272.jpg,8,crop_farming,16,family_land,4,rain-fed,---,rice,---,---,0.8,goats rabbits,17,34,10.3775263 7.2222613 0.0 20.0,yes,6bd541d4-0604-4a24-b305-6695c57831b5,2026-04-14 00:05:00,2026-04-14,tester,2026-04-14 00:05:10,https://www.commcarehq.org/form/10a82c0f-f7ec-4c14-b6b9-1b7d99627c05,tester
273,32be0957-9809-4956-848f-ae1dd8fc81c1,community_06,Joy,Tanko,male,1968-08-13,29036814176,08061861754,https://www.commcarehq.org/photos/farmer_273.jpg,5,mixed_farming,24,family_land,2,borehole,---,maize rice,---,1.4,1.5,goats rabbits,14,21,10.2136334 7.4601689 0.0 20.0,yes,a103bdf4-ee19-4dc7-bd1e-f054eea292f7,2026-04-24 00:02:00,2026-04-24,tester,2026-04-24 00:02:16,https://www.commcarehq.org/form/32be0957-9809-4956-848f-ae1dd8fc81c1,tester
274,1cdf49e4-077b-4529-912e-7e6185642d3f,community_07,Samuel,Michael,female,1994-01-07,82417538760,08029551165,https://www.commcarehq.org/photos/farmer_274.jpg,6,crop_farming,13,family_land,6,rain-fed,---,rice groundnuts,1.9,---,3.7,---,---,---,10.2517688 7.3296306 0.0 20.0,yes,a508f298-bfeb-4e7a-b232-4099dd42406a,2026-03-31 00:06:00,2026-03-31,tester,2026-03-31 00:06:17,https://www.commcarehq.org/form/1cdf49e4-077b-4529-912e-7e6185642d3f,tester
275,a983339b-7188-4d90-b860-ef9e6db0162b,community_01,Amina,Tanko,female,1994-10-27,,08047987281,https://www.commcarehq.org/photos/farmer_275.jpg,6,crop_farming,10,owned,1,rain-fed,---,rice groundnuts,2.8,---,1.6,---,---,---,10.5955483 7.4295119 0.0 20.0,yes,363405b0-8ac5-40c0-9e43-b88605bdd1f5,2026-03-06 00:05:00,2026-03-06,tester,2026-03-06 00:05:19,https://www.commcarehq.org/form/a983339b-7188-4d90-b860-ef9e6db0162b,tester
276,deabe011-b801-464c-a654-23211e23be26,community_05,Peter,Daniel,female,1988-04-03,96003469046,08090010758,https://www.commcarehq.org/photos/farmer_276.jpg,5,livestock_farming,17,owned,1,rain-fed,---,maize groundnuts,2.5,3.1,---,---,---,---,10.427661 7.250877 0.0 20.0,yes,4ab3d47f-dfb1-457b-b299-92dd9e7dbae4,2026-01-26 00:02:00,2026-01-26,tester,2026-01-26 00:02:20,https://www.commcarehq.org/form/deabe011-b801-464c-a654-23211e23be26,tester
277,be0676a9-3443-4b65-bab5-6d1ce086d0c7,community_02,Hauwa,Sani,male,1992-03-03,20127125726,08081252563,https://www.commcarehq.org/photos/farmer_277.jpg,1,livestock_farming,9,family_land,1,rain-fed,---,groundnuts rice,1.0,---,3.4,goats,23,---,10.2249314 7.397422 0.0 20.0,yes,dbf97dd4-8917-4558-bbc9-0dff508152bf,2026-05-25 00:06:00,2026-05-25,tester,2026-05-25 00:06:06,https://www.commcarehq.org/form/be0676a9-3443-4b65-bab5-6d1ce086d0c7,tester
278,9e6680ec-51a4-42a1-a787-b34696dcbd8d,community_03,Fatima,Usman,female,1984-10-02,44915784501,08071423478,https://www.commcarehq.org/photos/farmer_278.jpg,10,mixed_farming,13,family_land,5,rain-fed,---,rice groundnuts,1.6,---,2.0,goats rabbits,16,25,10.3407156 7.3372503 0.0 20.0,yes,4b93231e-c376-4e40-8c45-b5d9ce3db8aa,2026-03-02 00:03:00,2026-03-02,tester,2026-03-02 00:03:07,https://www.commcarehq.org/form/9e6680ec-51a4-42a1-a787-b34696dcbd8d,tester
279,0bb9f80b-0f15-4145-847b-e8792a9ad5fa,community_04,Peter,Usman,female,1967-09-29,13443563465,08082004236,https://www.commcarehq.org/photos/farmer_279.jpg,4,crop_farming,8,family_land,1,rain-fed,---,rice maize,---,5.9,3.5,goats,11,---,10.5120834 7.3170734 0.0 20.0,yes,e71e5402-f979-47df-92af-cb7ef4e61169,2026-05-15 00:04:00,2026-05-15,tester,2026-05-15 00:04:15,https://www.commcarehq.org/form/0bb9f80b-0f15-4145-847b-e8792a9ad5fa,tester
280,5e20d03c-ae13-4d88-a114-e0fa589d8a4e,community_05,Esther,JAMES,male,1951-02-27,31097090725,08085351770,https://www.commcarehq.org/photos/farmer_280.jpg,4,crop_farming,8,owned,1,rain-fed,---,groundnuts rice,1.2,---,2.6,---,---,---,10.3538653 7.2177662 0.0 20.0,yes,ce6db8f0-6f3e-4027-b242-9ca126f648ca,2026-02-17 00:07:00,2026-02-17,tester,2026-02-17 00:07:18,https://www.commcarehq.org/form/5e20d03c-ae13-4d88-a114-e0fa589d8a4e,tester
281,2ed150a5-be70-4dda-9d09-9f48f83b1526,community_04,Ahmed,Ahmed,male,1975-09-06,,08038272076,https://www.commcarehq.org/photos/farmer_281.jpg,6,mixed_farming,7,owned,3,rain-fed,---,maize rice groundnuts,0.9,2.8,3.1,rabbits,---,2,10.3122801 7.4730395 0.0 20.0,yes,5bd0ed84-d721-45a8-be95-aaf5749f7104,2026-03-05 00:08:00,2026-03-05,tester,2026-03-05 00:08:14,https://www.commcarehq.org/form/2ed150a5-be70-4dda-9d09-9f48f83b1526,tester
282,4d312980-f05e-4679-b046-a97938872abb,community_02,Joseph,Musa,female,1991-08-10,,08061532144,https://www.commcarehq.org/photos/farmer_282.jpg,2,mixed_farming,7,owned,3,rain-fed,---,rice maize groundnuts,1.6,2.0,3.3,goats rabbits,17,13,10.2587607 7.4471797 0.0 20.0,yes,caed2902-f822-495b-9a73-04e968cd33ab,2026-01-30 00:07:00,2026-01-30,tester,2026-01-30 00:07:06,https://www.commcarehq.org/form/4d312980-f05e-4679-b046-a97938872abb,tester
283,1024b775-66f5-47e2-a7f2-7a7e4fe6ee09,community_02,Esther,Tanko,male,1988-03-16,11105718202,08068376304,https://www.commcarehq.org/photos/farmer_283.jpg,1,crop_farming,14,owned,2,rain-fed,---,rice maize,---,2.5,1.9,---,---,---,10.5894005 7.4487665 0.0 20.0,yes,e0d34d54-9a46-49b8-891a-9811f27da16b,2026-01-12 00:04:00,2026-01-12,tester,2026-01-12 00:04:09,https://www.commcarehq.org/form/1024b775-66f5-47e2-a7f2-7a7e4fe6ee09,tester
284,d6769c96-af28-4b62-a71b-411a4d17f502,community_07,Amina,James,female,1967-10-29,,08079356176,https://www.commcarehq.org/photos/farmer_284.jpg,3,mixed_farming,37,family_land,3,borehole,---,groundnuts maize rice,1.3,1.7,2.5,---,---,---,10.5196024 7.5909899 0.0 20.0,yes,de4411c1-80da-413f-b4d4-ae0dce4b0633,2026-03-22 00:07:00,2026-03-22,tester,2026-03-22 00:07:08,https://www.commcarehq.org/form/d6769c96-af28-4b62-a71b-411a4d17f502,tester
285,31d98322-9851-4119-bec5-1d0c162ac5cc,community_05,Samuel,Balogun,female,1995-01-10,97455399654,08042728992,https://www.commcarehq.org/photos/farmer_285.jpg,6,mixed_farming,13,owned,5,rain-fed,---,rice,---,---,2.2,rabbits,---,13,10.5505623 7.2062049 0.0 20.0,yes,f7ae1a5a-ef7f-4b93-9221-41b0aae94675,2026-03-09 00:08:00,2026-03-09,tester,2026-03-09 00:08:20,https://www.commcarehq.org/form/31d98322-9851-4119-bec5-1d0c162ac5cc,tester
286,a5f12a91-68e1-4aa1-886a-7c6e6e1516a6,community_05,Sarah,Tanko,male,1994-06-02,82442697940,08099345718,https://www.commcarehq.org/photos/farmer_286.jpg,5,livestock_farming,1,owned,2,irrigation_scheme,---,maize rice groundnuts,2.4,4.7,3.1,---,---,---,10.5280424 7.4037496 0.0 20.0,yes,5228cfe9-c232-4583-b83e-275f88c5647b,2026-01-02 00:06:00,2026-01-02,tester,2026-01-02 00:06:16,https://www.commcarehq.org/form/a5f12a91-68e1-4aa1-886a-7c6e6e1516a6,tester
287,ca554808-189d-4856-ba06-d16623d12e9b,community_05,Samuel,David,male,1996-09-10,26204938773,08024055592,https://www.commcarehq.org/photos/farmer_287.jpg,6,crop_farming,12,leased,3,rain-fed,---,rice maize groundnuts,1.4,1.5,1.5,---,---,---,10.2677283 7.575682 0.0 20.0,yes,e5992d22-c3c4-44ec-afe3-46de8d955789,2026-06-05 00:08:00,2026-06-05,tester,2026-06-05 00:08:08,https://www.commcarehq.org/form/ca554808-189d-4856-ba06-d16623d12e9b,tester
288,34e11947-6c95-4c2f-80e0-6c7bc2cfeb86,community_07,Ahmed,Mohammed,male,1988-04-15,18171352692,08095708029,https://www.commcarehq.org/photos/farmer_288.jpg,7,crop_farming,15,owned,1,irrigation_scheme,---,maize,---,5.8,---,rabbits,---,10,10.5972309 7.4926535 0.0 20.0,yes,2d25aa1b-c129-4148-bbbb-15c72c55a97d,2026-04-01 00:08:00,2026-04-01,tester,2026-04-01 00:08:07,https://www.commcarehq.org/form/34e11947-6c95-4c2f-80e0-6c7bc2cfeb86,tester
289,9256cc65-7f7f-4c34-88fe-ddd393d567b5,community_05,Peter,Balogun,male,2003-02-16,81878518578,08060680175,https://www.commcarehq.org/photos/farmer_289.jpg,4,livestock_farming,1,leased,4,rain-fed,---,rice,---,---,1.2,---,---,---,10.2748419 7.3986906 0.0 20.0,yes,451608b1-3e4c-4524-baf8-778762a185b0,2026-06-12 00:02:00,2026-06-12,tester,2026-06-12 00:02:11,https://www.commcarehq.org/form/9256cc65-7f7f-4c34-88fe-ddd393d567b5,tester
290,b04200e1-7295-4fd8-a8fb-35f0866ab4f6,community_01,Fatima,Ibrahim,male,1994-06-20,92734272063,08035646132,https://www.commcarehq.org/photos/farmer_290.jpg,5,mixed_farming,10,owned,2,rain-fed,---,maize rice,---,2.5,2.8,goats,16,---,10.4642451 7.3390314 0.0 20.0,yes,fa30da26-9711-404f-adf2-3d609329e919,2026-02-02 00:08:00,2026-02-02,tester,2026-02-02 00:08:20,https://www.commcarehq.org/form/b04200e1-7295-4fd8-a8fb-35f0866ab4f6,tester
291,32592a69-160c-4ae1-8a5a-3062652992af,community_06,Deborah,Ibrahim,female,1986-02-13,16051633920,08053648420,https://www.commcarehq.org/photos/farmer_291.jpg,6,mixed_farming,10,owned,1,rain-fed,---,rice,---,---,0.9,---,---,---,10.2516861 7.4159069 0.0 20.0,yes,512c7175-6209-458a-9852-80856476a50c,2026-01-06 00:08:00,2026-01-06,tester,2026-01-06 00:08:17,https://www.commcarehq.org/form/32592a69-160c-4ae1-8a5a-3062652992af,tester
292,13a5e0b3-59b9-4a99-84e1-f51b361dc547,community_01,Yusuf,Johnson,female,1968-06-13,,08053115828,https://www.commcarehq.org/photos/farmer_292.jpg,5,mixed_farming,1,owned,1,rain-fed,---,maize rice groundnuts,0.9,2.3,1.3,---,---,---,10.3089833 7.2494571 0.0 20.0,yes,02c25676-42fa-4c38-a00c-d60d8fda454e,2026-06-17 00:05:00,2026-06-17,tester,2026-06-17 00:05:09,https://www.commcarehq.org/form/13a5e0b3-59b9-4a99-84e1-f51b361dc547,tester
293,afa061d0-1667-4bf6-952b-4875db9d0fa6,community_06,Naomi,Mohammed,female,1999-07-13,,08040861771,https://www.commcarehq.org/photos/farmer_293.jpg,7,crop_farming,1,owned,2,rain-fed,---,rice maize groundnuts,1.2,1.1,3.9,---,---,---,10.5630663 7.4132816 0.0 20.0,yes,fc1848ed-dab1-47db-a2de-d5bdd31db7cb,2026-01-05 00:05:00,2026-01-05,tester,2026-01-05 00:05:17,https://www.commcarehq.org/form/afa061d0-1667-4bf6-952b-4875db9d0fa6,tester
294,ba25105f-dc9d-4ab3-a059-58267fc64972,community_07,Emmanuel,Sani,female,1987-06-29,71126470839,08035638901,https://www.commcarehq.org/photos/farmer_294.jpg,12,mixed_farming,16,owned,3,rain-fed,---,maize rice,---,2.4,1.7,goats,12,---,10.439492 7.5485712 0.0 20.0,yes,bc68b795-5f52-4065-9cae-2ee8a033a7cb,2026-02-23 00:08:00,2026-02-23,tester,2026-02-23 00:08:20,https://www.commcarehq.org/form/ba25105f-dc9d-4ab3-a059-58267fc64972,tester
295,a9875557-0eeb-437d-bef3-64ea7210f0fe,community_04,Ibrahim,Ojo,male,1978-10-23,21738443338,08094010511,https://www.commcarehq.org/photos/farmer_295.jpg,2,mixed_farming,17,owned,3,rain-fed,---,maize,---,1.2,---,---,---,---,10.5520905 7.3084431 0.0 20.0,yes,8453b2c3-68a4-4b1d-88c1-47c0fe0d592a,2026-04-06 00:06:00,2026-04-06,tester,2026-04-06 00:06:10,https://www.commcarehq.org/form/a9875557-0eeb-437d-bef3-64ea7210f0fe,tester
296,3bf5d7db-47a9-4265-9089-6abac335cc6c,community_01,Esther,Adeyemi,male,1980-10-20,72157239307,08023799174,https://www.commcarehq.org/photos/farmer_296.jpg,5,crop_farming,1,owned,4,rain-fed,---,groundnuts rice,2.1,---,2.6,goats,22,---,10.2904118 7.4515287 0.0 20.0,yes,ebeb875a-7e78-47fd-a23f-f7a21581ae86,2026-03-12 00:04:00,2026-03-12,tester,2026-03-12 00:04:18,https://www.commcarehq.org/form/3bf5d7db-47a9-4265-9089-6abac335cc6c,tester
297,b1c5585b-8ffe-467b-bbb9-718b9954cd86,community_04,Musa,Samuel,female,1991-09-26,38601765923,08001722175,https://www.commcarehq.org/photos/farmer_297.jpg,6,mixed_farming,9,leased,3,borehole,---,groundnuts rice,0.5,---,1.3,goats rabbits,21,12,10.3901856 7.2000987 0.0 20.0,yes,3b05a5f2-8653-4637-990e-59fa2a2bb329,2026-01-14 00:03:00,2026-01-14,tester,2026-01-14 00:03:19,https://www.commcarehq.org/form/b1c5585b-8ffe-467b-bbb9-718b9954cd86,tester
298,02cb13ac-af49-44cf-9eeb-e60dc639215e,community_03,Ruth,Johnson,male,1972-10-01,64863567025,08073830621,https://www.commcarehq.org/photos/farmer_298.jpg,8,mixed_farming,36,owned,3,borehole,---,maize rice groundnuts,0.6,2.7,2.1,---,---,---,10.285512 7.4239176 0.0 20.0,yes,5f58ff75-4d57-4e88-9431-158de4ad9416,2026-02-18 00:05:00,2026-02-18,tester,2026-02-18 00:05:16,https://www.commcarehq.org/form/02cb13ac-af49-44cf-9eeb-e60dc639215e,tester
299,5eae7399-ebd5-4f90-abf4-afe006d86a78,community_01,Suleiman,Yusuf,male,1993-07-07,24295590542,+2348099502663,https://www.commcarehq.org/photos/farmer_299.jpg,8,crop_farming,10,family_land,3,other,Spring Water,maize groundnuts,1.7,5.7,---,---,---,---,10.2152774 7.2115348 0.0 20.0,yes,5f8c508b-1374-45d7-a7a3-b3ba57859cde,2026-02-09 00:07:00,2026-02-09,tester,2026-02-09 00:07:10,https://www.commcarehq.org/form/5eae7399-ebd5-4f90-abf4-afe006d86a78,tester
300,2e00a1a7-ae5a-44be-b543-9d46ed53097e,community_06,Sarah,Bello,male,1975-11-29,53217358824,08005916088,https://www.commcarehq.org/photos/farmer_300.jpg,5,livestock_farming,24,owned,3,river_stream,---,groundnuts rice maize,2.6,3.5,3.1,goats rabbits,16,40,10.2794734 7.4021863 0.0 20.0,yes,c6d2977d-35d2-4d1b-a47c-254f25ed0801,2026-01-01 00:04:00,2026-01-01,tester,2026-01-01 00:04:13,https://www.commcarehq.org/form/2e00a1a7-ae5a-44be-b543-9d46ed53097e,tester
301,e388c028-f38e-4b75-9cdd-e4e5e879c657,community_04,Mary,Johnson,male,1974-09-28,,08009103601,https://www.commcarehq.org/photos/farmer_301.jpg,3,crop_farming,16,owned,3,irrigation_scheme,---,rice,---,---,3.1,goats,3,---,10.3148306 7.3115854 0.0 20.0,yes,3e7a74a1-6e64-4431-b50a-b3930a4a32e2,2026-04-16 00:03:00,2026-04-16,tester,2026-04-16 00:03:11,https://www.commcarehq.org/form/e388c028-f38e-4b75-9cdd-e4e5e879c657,tester
302,cafb95f8-9028-4add-856c-40511fb7ccec,community_02,John,Isa,female,1989-02-25,88834782293,08037586195,https://www.commcarehq.org/photos/farmer_302.jpg,4,mixed_farming,12,family_land,3,rain-fed,---,rice maize groundnuts,1.8,1.8,1.3,goats,5,---,10.4524455 7.3900839 0.0 20.0,yes,991f392d-abb9-4f6f-95fd-90a19cd5cb93,2026-03-24 00:04:00,2026-03-24,tester,2026-03-24 00:04:17,https://www.commcarehq.org/form/cafb95f8-9028-4add-856c-40511fb7ccec,tester
303,370a2631-a1b1-447c-ab59-8110402d54d1,community_05,Naomi,Musa,male,2003-07-03,54991912411,08039131574,https://www.commcarehq.org/photos/farmer_303.jpg,7,crop_farming,4,owned,1,rain-fed,---,maize rice,---,2.3,3.9,---,---,---,10.5603462 7.4027843 0.0 20.0,yes,672ca077-fd06-4ba7-822d-d58f274985a9,2026-03-10 00:06:00,2026-03-10,tester,2026-03-10 00:06:17,https://www.commcarehq.org/form/370a2631-a1b1-447c-ab59-8110402d54d1,tester
304,1c480a9b-9cea-464e-85a1-24afde3942c2,community_04,Rebecca,Yakubu,male,1986-07-19,,08019713993,https://www.commcarehq.org/photos/farmer_304.jpg,4,crop_farming,1,family_land,1,rain-fed,---,groundnuts,1.1,---,---,goats,4,---,10.2616552 7.4221393 0.0 20.0,yes,b301adad-175f-4fa8-8c6b-365618eec6a5,2026-01-02 00:05:00,2026-01-02,tester,2026-01-02 00:05:10,https://www.commcarehq.org/form/1c480a9b-9cea-464e-85a1-24afde3942c2,tester
305,5eac2229-ee26-42ca-a7fb-37c44599c599,community_03,Ruth,Sani,female,1978-08-05,26823171034,08033933268,https://www.commcarehq.org/photos/farmer_305.jpg,12,mixed_farming,19,owned,4,rain-fed,---,rice groundnuts,2.0,---,3.1,---,---,---,10.255232 7.2751882 0.0 20.0,yes,690475c8-87e2-4f72-95e1-9838b88e646f,2026-04-22 00:02:00,2026-04-22,tester,2026-04-22 00:02:15,https://www.commcarehq.org/form/5eac2229-ee26-42ca-a7fb-37c44599c599,tester
306,1e81d6b8-796a-482c-ac5f-9de9bdf806b6,community_03,Rebecca,Usman,male,1989-06-23,69936341946,8013518376,https://www.commcarehq.org/photos/farmer_306.jpg,11,crop_farming,17,owned,6,dam_reservoir,---,maize groundnuts,1.3,2.1,---,---,---,---,10.5209674 7.380108 0.0 20.0,yes,aa55fefa-6f42-4bc1-b415-2855b9fd137a,2026-05-02 00:07:00,2026-05-02,tester,2026-05-02 00:07:15,https://www.commcarehq.org/form/1e81d6b8-796a-482c-ac5f-9de9bdf806b6,tester
307,1c582c74-31f7-4ae4-9eba-de9d4b0f5ef5,community_06,Daniel,James,female,1953-08-08,52979551883,08097256844,https://www.commcarehq.org/photos/farmer_307.jpg,2,crop_farming,39,family_land,2,borehole,---,rice,---,---,1.4,goats rabbits,15,22,10.3190733 7.214246 0.0 20.0,yes,9b67ebf5-f3c6-45e1-af9f-6612480da58b,2026-01-10 00:06:00,2026-01-10,tester,2026-01-10 00:06:17,https://www.commcarehq.org/form/1c582c74-31f7-4ae4-9eba-de9d4b0f5ef5,tester
308,52c360aa-164a-4998-9ae1-9df1f85a911a,community_02,Fatima,Sani,male,1968-12-07,,08034699985,https://www.commcarehq.org/photos/farmer_308.jpg,9,crop_farming,6,owned,3,rain-fed,---,groundnuts,2.9,---,---,goats,22,---,10.2317133 7.5649387 0.0 20.0,yes,20aa5b36-4d39-4d13-80c7-bdc2e486b5af,2026-02-19 00:06:00,2026-02-19,tester,2026-02-19 00:06:13,https://www.commcarehq.org/form/52c360aa-164a-4998-9ae1-9df1f85a911a,tester
309,940483bf-45ec-4697-baa9-7391bc5b1e25,community_07,Hauwa,Yakubu,male,1976-01-04,69852423409,08026150312,https://www.commcarehq.org/photos/farmer_309.jpg,12,mixed_farming,18,owned,3,rain-fed,---,groundnuts,1.1,---,---,---,---,---,10.4445545 7.4912656 0.0 20.0,yes,f4e4ed60-186c-45ab-82b1-87a03effe4b6,2026-04-28 00:06:00,2026-04-28,tester,2026-04-28 00:06:18,https://www.commcarehq.org/form/940483bf-45ec-4697-baa9-7391bc5b1e25,tester
310,0025250a-8892-46a7-9703-7864841d6893,community_05,Ibrahim,Sani,male,1966-01-22,29088479934,08047266208,https://www.commcarehq.org/photos/farmer_310.jpg,3,crop_farming,14,family_land,3,rain-fed,---,maize rice,---,0.7,2.7,goats,13,---,10.3661572 7.5059761 0.0 20.0,yes,af6f1e7e-8ce0-488f-b2d1-8cd27a25526d,2026-03-14 00:06:00,2026-03-14,tester,2026-03-14 00:06:20,https://www.commcarehq.org/form/0025250a-8892-46a7-9703-7864841d6893,tester
311,da39d050-0fec-45c3-8472-e6dfe8deffae,community_07,Joseph,Philip,male,1995-05-21,87784575441,08028799532,https://www.commcarehq.org/photos/farmer_311.jpg,7,mixed_farming,11,leased,3,rain-fed,---,rice maize groundnuts,2.6,3.5,2.1,---,---,---,10.5695642 7.2710507 0.0 20.0,yes,bbc1af2c-f667-4f95-a80a-b775f49de93d,2026-05-17 00:08:00,2026-05-17,tester,2026-05-17 00:08:15,https://www.commcarehq.org/form/da39d050-0fec-45c3-8472-e6dfe8deffae,tester
312,90c1203f-a44d-40af-a550-5f2694fe8dc6,community_06,Binta,Isa,female,1998-08-08,67631029021,08010265054,https://www.commcarehq.org/photos/farmer_312.jpg,3,mixed_farming,8,family_land,6,irrigation_scheme,---,maize groundnuts rice,1.6,4.8,1.3,---,---,---,10.2799141 7.25306 0.0 20.0,yes,7540670e-2339-4bf3-9b68-e821d5f1038e,2026-01-08 00:03:00,2026-01-08,tester,2026-01-08 00:03:19,https://www.commcarehq.org/form/90c1203f-a44d-40af-a550-5f2694fe8dc6,tester
313,47dae679-2321-453a-8ad3-f901ec824826,community_03,Ahmed,Eze,male,1993-11-15,40748815843,08049006898,https://www.commcarehq.org/photos/farmer_313.jpg,3,livestock_farming,9,owned,3,rain-fed,---,maize,---,3.4,---,---,---,---,10.3593587 7.5289263 0.0 20.0,yes,cc584196-ed0b-4ac6-87ab-772314e14e39,2026-04-04 00:05:00,2026-04-04,tester,2026-04-04 00:05:19,https://www.commcarehq.org/form/47dae679-2321-453a-8ad3-f901ec824826,tester
314,a41b5af5-0e60-45c8-8b1f-46165cd152cb,community_03,Mary,James,male,1987-05-15,,08036124236,https://www.commcarehq.org/photos/farmer_314.jpg,6,crop_farming,9,owned,3,borehole,---,maize rice groundnuts,2.4,1.4,1.5,goats,13,---,10.4855213 7.3226651 0.0 20.0,yes,16266dbe-a179-4018-a3e3-507b9fbed894,2026-05-26 00:07:00,2026-05-26,tester,2026-05-26 00:07:14,https://www.commcarehq.org/form/a41b5af5-0e60-45c8-8b1f-46165cd152cb,tester
315,706aaf7a-2146-4f9b-bf26-5365443534c9,community_03,Samuel,Adeyemi,male,1974-04-30,65229618497,08022851035,https://www.commcarehq.org/photos/farmer_315.jpg,7,crop_farming,23,family_land,3,rain-fed,---,maize rice,---,4.4,3.5,---,---,---,10.3519489 7.4674979 0.0 20.0,yes,793035bd-bdd6-4bbd-87c1-b10f22fa38e3,2026-02-27 00:04:00,2026-02-27,tester,2026-02-27 00:04:11,https://www.commcarehq.org/form/706aaf7a-2146-4f9b-bf26-5365443534c9,tester
316,49398c99-cc44-4398-8024-112fb5f7e687,community_02,James,Eze,female,1973-01-13,82102559810,08087306952,https://www.commcarehq.org/photos/farmer_316.jpg,7,crop_farming,4,owned,3,rain-fed,---,groundnuts rice maize,2.2,3.2,0.6,---,---,---,10.2365437 7.2760057 0.0 20.0,yes,42a58d22-b079-4155-8eb9-b03cee3e4cd7,2026-01-17 00:03:00,2026-01-17,tester,2026-01-17 00:03:14,https://www.commcarehq.org/form/49398c99-cc44-4398-8024-112fb5f7e687,tester
317,d3f69443-e1fa-42c8-98ee-6a789028941e,community_01,Peter,Garba,female,1979-05-24,17651108815,08036110152,https://www.commcarehq.org/photos/farmer_317.jpg,12,livestock_farming,4,family_land,2,rain-fed,---,rice maize groundnuts,1.1,2.9,1.4,---,---,---,10.3933119 7.3135023 0.0 20.0,yes,1210e77f-8e22-4592-b7b1-c19af4f4a68b,2026-03-09 00:08:00,2026-03-09,tester,2026-03-09 00:08:12,https://www.commcarehq.org/form/d3f69443-e1fa-42c8-98ee-6a789028941e,tester
318,601e6ac6-0459-4d4a-8871-495621c1d1a6,community_03,Ahmed,Sani,male,1985-04-09,82904296987,08041043946,https://www.commcarehq.org/photos/farmer_318.jpg,7,crop_farming,8,owned,3,borehole,---,groundnuts maize,2.8,1.8,---,---,---,---,10.2767616 7.358496 0.0 20.0,yes,5524549c-9204-46a8-86cf-9741526bef81,2026-02-10 00:06:00,2026-02-10,tester,2026-02-10 00:06:10,https://www.commcarehq.org/form/601e6ac6-0459-4d4a-8871-495621c1d1a6,tester
319,32322442-fbd3-4065-8ee6-38b70d9fbb9e,community_02,Esther,Ibrahim,female,1972-03-19,,08048313374,https://www.commcarehq.org/photos/farmer_319.jpg,6,crop_farming,26,owned,2,river_stream,---,maize groundnuts,2.5,1.7,---,---,---,---,10.5330207 7.2094716 0.0 20.0,yes,17eef349-c952-4173-a9c0-eec5219d7503,2026-04-08 00:04:00,2026-04-08,tester,2026-04-08 00:04:11,https://www.commcarehq.org/form/32322442-fbd3-4065-8ee6-38b70d9fbb9e,tester
320,5659439d-ec63-48dd-b780-69ba4c55dc20,community_06,Hauwa,Yakubu,male,1995-03-07,77529122887,08095997397,https://www.commcarehq.org/photos/farmer_320.jpg,4,crop_farming,2,owned,2,rain-fed,---,groundnuts maize,0.8,5.0,---,goats,25,---,10.260709 7.2601678 0.0 20.0,yes,6a570bb7-61b3-4bd8-83bb-87b89f336e2a,2026-02-21 00:06:00,2026-02-21,tester,2026-02-21 00:06:07,https://www.commcarehq.org/form/5659439d-ec63-48dd-b780-69ba4c55dc20,tester
321,98a4c49b-5900-4210-a650-ef180d95f356,community_03,Ibrahim,Okafor,male,1977-10-15,,08061786793,https://www.commcarehq.org/photos/farmer_321.jpg,6,crop_farming,8,owned,6,rain-fed,---,rice groundnuts maize,0.8,3.0,1.9,rabbits,---,35,10.2241145 7.5958572 0.0 20.0,yes,3f0a02d7-a1ed-46b3-91e9-63117532fc1e,2026-05-25 00:05:00,2026-05-25,tester,2026-05-25 00:05:06,https://www.commcarehq.org/form/98a4c49b-5900-4210-a650-ef180d95f356,tester
322,443e7373-a4f7-4691-a16d-c08b871245bf,community_07,Deborah,Abdullahi,male,1981-09-21,87633907147,08005115854,https://www.commcarehq.org/photos/farmer_322.jpg,8,mixed_farming,14,family_land,2,irrigation_scheme,---,groundnuts maize rice,1.0,4.0,2.1,---,---,---,10.5794015 7.5557588 0.0 20.0,yes,00bcf12b-d1a3-4147-96d0-bee25f3972de,2026-03-17 00:02:00,2026-03-17,tester,2026-03-17 00:02:17,https://www.commcarehq.org/form/443e7373-a4f7-4691-a16d-c08b871245bf,tester
323,7377e3a0-8ce6-4c61-8ffd-6b120bfcd3e6,community_01,Peter,Johnson,male,1992-09-13,,08034675388,https://www.commcarehq.org/photos/farmer_323.jpg,4,crop_farming,4,owned,3,rain-fed,---,rice,---,---,1.7,goats,12,---,10.4632668 7.2806806 0.0 20.0,yes,ace2aac6-e42a-43ad-86c9-24c10f77d1ea,2026-03-11 00:03:00,2026-03-11,tester,2026-03-11 00:03:11,https://www.commcarehq.org/form/7377e3a0-8ce6-4c61-8ffd-6b120bfcd3e6,tester
324,890235ac-42d3-462b-8b08-e7c5a64fe72f,community_06,Amina,Peter,female,1963-01-06,62435470498,+2348004175195,https://www.commcarehq.org/photos/farmer_324.jpg,7,mixed_farming,8,leased,3,borehole,---,maize groundnuts,1.0,1.0,---,---,---,---,10.4034941 7.5779587 0.0 20.0,no,cf38ef0d-d1f3-4aac-a6b5-38a6a808aa2a,2026-04-08 00:08:00,2026-04-08,tester,2026-04-08 00:08:18,https://www.commcarehq.org/form/890235ac-42d3-462b-8b08-e7c5a64fe72f,tester
325,42251e83-023d-4d2b-b475-e0d6781a2ded,community_03,Deborah,James,male,1963-12-07,,08062768809,https://www.commcarehq.org/photos/farmer_325.jpg,8,crop_farming,16,owned,4,rain-fed,---,groundnuts rice,2.0,---,1.2,---,---,---,10.447022 7.5293003 0.0 20.0,yes,6d8a29c5-7c1b-49a8-ad58-cc203abf8ab5,2026-02-14 00:06:00,2026-02-14,tester,2026-02-14 00:06:09,https://www.commcarehq.org/form/42251e83-023d-4d2b-b475-e0d6781a2ded,tester
326,d7a69102-ca43-4e5c-a767-37282d391ab2,community_05,Paul,Adeyemi,male,1975-04-22,49531209279,8043860004,https://www.commcarehq.org/photos/farmer_326.jpg,8,crop_farming,25,family_land,3,rain-fed,---,maize,---,5.9,---,goats rabbits,4,32,10.3857733 7.3660307 0.0 20.0,yes,19fb6928-612b-4da0-a492-26288010cd4e,2026-04-23 00:03:00,2026-04-23,tester,2026-04-23 00:03:05,https://www.commcarehq.org/form/d7a69102-ca43-4e5c-a767-37282d391ab2,tester
327,4609a979-6f8a-481e-b69a-4bab0f75fca3,community_02,Ruth,Michael,female,1997-10-05,25961452647,08047812192,https://www.commcarehq.org/photos/farmer_327.jpg,3,crop_farming,10,owned,1,borehole,---,maize rice,---,4.5,2.3,---,---,---,10.5039574 7.2526828 0.0 20.0,yes,968e2939-7d84-41a3-8200-71fd7887bc60,2026-06-19 00:03:00,2026-06-19,tester,2026-06-19 00:03:06,https://www.commcarehq.org/form/4609a979-6f8a-481e-b69a-4bab0f75fca3,tester
328,9fd7515e-529a-41a5-878a-add473d096fc,community_05,Paul,David,female,1974-07-07,43478291751,08013543685,https://www.commcarehq.org/photos/farmer_328.jpg,6,crop_farming,29,owned,2,rain-fed,---,maize groundnuts,1.1,5.3,---,---,---,---,10.4652992 7.4672051 0.0 20.0,yes,31030ca9-2d5d-47be-bacb-6761f6532598,2026-05-13 00:04:00,2026-05-13,tester,2026-05-13 00:04:07,https://www.commcarehq.org/form/9fd7515e-529a-41a5-878a-add473d096fc,tester
329,8ccea8bf-48c4-4b89-9d89-530b72d3615b,community_06,David,Ojo,male,1985-03-17,,08081713459,https://www.commcarehq.org/photos/farmer_329.jpg,7,livestock_farming,17,owned,3,rain-fed,---,rice maize groundnuts,1.9,3.7,0.7,---,---,---,10.4774779 7.5988699 0.0 20.0,yes,becdbf19-bb85-4347-a57c-538b9fda5a67,2026-02-10 00:02:00,2026-02-10,tester,2026-02-10 00:02:10,https://www.commcarehq.org/form/8ccea8bf-48c4-4b89-9d89-530b72d3615b,tester
330,a8946f59-3e90-44c6-b6ed-8276afe6e1ee,community_05,Deborah,Eze,male,1961-10-14,,08068299299,https://www.commcarehq.org/photos/farmer_330.jpg,6,livestock_farming,1,owned,3,rain-fed,---,rice groundnuts maize,2.4,1.3,2.2,goats,9,---,10.2637772 7.3676037 0.0 20.0,yes,c2a9d143-b35b-409b-82e5-888f009e24e4,2026-03-05 00:08:00,2026-03-05,tester,2026-03-05 00:08:16,https://www.commcarehq.org/form/a8946f59-3e90-44c6-b6ed-8276afe6e1ee,tester
331,b0981dc5-29da-4425-ba62-fb7ba5c96bd2,community_01,James,Peter,female,1996-09-12,,08014670131,https://www.commcarehq.org/photos/farmer_331.jpg,8,crop_farming,2,owned,3,rain-fed,---,maize rice groundnuts,1.5,5.8,0.9,---,---,---,10.5504969 7.4765748 0.0 20.0,yes,260bb7a7-ac7c-417c-8f4b-37cee53e0655,2026-03-16 00:03:00,2026-03-16,tester,2026-03-16 00:03:08,https://www.commcarehq.org/form/b0981dc5-29da-4425-ba62-fb7ba5c96bd2,tester
332,863788de-f6dc-4399-b6a2-81635aaf6415,community_01,Suleiman,Eze,female,1972-08-08,67692050763,08001787963,https://www.commcarehq.org/photos/farmer_332.jpg,8,crop_farming,7,family_land,2,rain-fed,---,maize rice groundnuts,3.0,5.5,2.2,---,---,---,10.4426511 7.5481574 0.0 20.0,yes,7a4cda27-105c-46e0-9c57-b2895e2b9a36,2026-01-11 00:06:00,2026-01-11,tester,2026-01-11 00:06:08,https://www.commcarehq.org/form/863788de-f6dc-4399-b6a2-81635aaf6415,tester
333,dddc7736-6c9c-46f6-a8a9-1bc423c370a7,community_04,Paul,Ojo,female,1985-03-11,95486125412,08043737855,https://www.commcarehq.org/photos/farmer_333.jpg,6,mixed_farming,22,leased,1,rain-fed,---,groundnuts maize,2.8,5.3,---,---,---,---,10.3014057 7.5273474 0.0 20.0,yes,8a6f5967-79b5-4f1a-83b8-741e9d144118,2026-03-05 00:04:00,2026-03-05,tester,2026-03-05 00:04:19,https://www.commcarehq.org/form/dddc7736-6c9c-46f6-a8a9-1bc423c370a7,tester
334,227bffc7-27c0-4044-afc9-3783fb26351b,community_06,Ibrahim,Ali,female,1984-03-26,86723074873,08067771403,https://www.commcarehq.org/photos/farmer_334.jpg,7,crop_farming,10,owned,5,rain-fed,---,rice groundnuts,2.4,---,1.2,---,---,---,10.3348005 7.3751076 0.0 20.0,yes,0a20924d-19ad-45da-acef-0de9e72ff936,2026-02-10 00:03:00,2026-02-10,tester,2026-02-10 00:03:15,https://www.commcarehq.org/form/227bffc7-27c0-4044-afc9-3783fb26351b,tester
335,e4d742b5-c796-4001-b2e4-0f7930d31966,community_01,John,Okafor,male,1978-02-12,,08053610584,https://www.commcarehq.org/photos/farmer_335.jpg,2,crop_farming,30,owned,3,irrigation_scheme,---,rice groundnuts,1.3,---,1.3,---,---,---,10.2620047 7.5970709 0.0 20.0,yes,abb200d0-538d-4ce6-9624-23324f3e4f6c,2026-02-27 00:08:00,2026-02-27,tester,2026-02-27 00:08:12,https://www.commcarehq.org/form/e4d742b5-c796-4001-b2e4-0f7930d31966,tester
336,2d4f6b89-3870-4da8-8eca-f1117d943717,community_02,Peter,Ali,female,1996-02-08,77053976518,+2348084554856,https://www.commcarehq.org/photos/farmer_336.jpg,6,livestock_farming,5,owned,2,dam_reservoir,---,rice maize,---,1.0,2.9,goats,24,---,10.4153102 7.2515059 0.0 20.0,yes,9181d4a1-a05b-4af2-b45e-59c63713ea08,2026-05-10 00:07:00,2026-05-10,tester,2026-05-10 00:07:20,https://www.commcarehq.org/form/2d4f6b89-3870-4da8-8eca-f1117d943717,tester
337,d0bf7916-f873-40e1-9e31-64c813dcd13e,community_04,Mary,Abdullahi,female,1990-07-16,44295644929,08045064491,https://www.commcarehq.org/photos/farmer_337.jpg,7,livestock_farming,16,leased,5,rain-fed,---,maize rice groundnuts,2.3,3.4,3.0,---,---,---,10.2860817 7.3808447 0.0 20.0,yes,7a886c6e-2fe1-425a-bad3-68d700857c8d,2026-06-22 00:04:00,2026-06-22,tester,2026-06-22 00:04:15,https://www.commcarehq.org/form/d0bf7916-f873-40e1-9e31-64c813dcd13e,tester
338,4b9ab9d0-f7d6-42de-8960-08c5eda4ce0b,community_02,Paul,Michael,male,1987-07-28,13705414652,08090757004,https://www.commcarehq.org/photos/farmer_338.jpg,4,mixed_farming,6,family_land,1,rain-fed,---,maize,---,1.0,---,---,---,---,10.579612 7.3549805 0.0 20.0,yes,fcd83f50-5ac1-4c21-b6b3-cdf5356451e9,2026-06-28 00:05:00,2026-06-28,tester,2026-06-28 00:05:09,https://www.commcarehq.org/form/4b9ab9d0-f7d6-42de-8960-08c5eda4ce0b,tester
339,b0ea9856-8e2c-447d-9361-7741ca514d7c,community_06,Rebecca,James,male,2002-02-28,45152444945,08042963750,https://www.commcarehq.org/photos/farmer_339.jpg,1,crop_farming,1,leased,5,rain-fed,---,rice,---,---,2.5,---,---,---,10.2753928 7.448349 0.0 20.0,yes,b7de215c-579b-4f41-894e-16438ec5a2ce,2026-02-25 00:04:00,2026-02-25,tester,2026-02-25 00:04:08,https://www.commcarehq.org/form/b0ea9856-8e2c-447d-9361-7741ca514d7c,tester
340,36f91428-637e-4fea-8ce3-60562523d215,community_06,Elizabeth,Peter,female,1978-07-17,,08075846987,https://www.commcarehq.org/photos/farmer_340.jpg,3,crop_farming,12,family_land,3,irrigation_scheme,---,groundnuts rice,3.0,---,3.7,---,---,---,10.4191922 7.3555383 0.0 20.0,yes,93728c90-02b9-4731-bf5f-bc7787cbe402,2026-01-30 00:07:00,2026-01-30,tester,2026-01-30 00:07:07,https://www.commcarehq.org/form/36f91428-637e-4fea-8ce3-60562523d215,tester
341,60826dc1-0bec-44f3-a23d-a492c31c182f,community_02,Daniel,Peter,male,1972-12-20,25423799715,08080695757,https://www.commcarehq.org/photos/farmer_341.jpg,8,crop_farming,13,owned,3,rain-fed,---,maize,---,0.6,---,goats,19,---,10.3555235 7.3990458 0.0 20.0,yes,d186c586-fee1-4d98-8c32-c7fae852c7b2,2026-03-15 00:08:00,2026-03-15,tester,2026-03-15 00:08:06,https://www.commcarehq.org/form/60826dc1-0bec-44f3-a23d-a492c31c182f,tester
342,0a0b7ce3-b500-4909-b2f7-3b6a11e22bb2,community_04,Grace,Daniel,female,1986-09-22,55702456798,08075031908,https://www.commcarehq.org/photos/farmer_342.jpg,6,crop_farming,12,family_land,1,rain-fed,---,groundnuts,2.3,---,---,goats,8,---,10.4284581 7.4452068 0.0 20.0,yes,bf4ffe20-fcdb-4141-91be-b0ec6473cdce,2026-04-08 00:03:00,2026-04-08,tester,2026-04-08 00:03:08,https://www.commcarehq.org/form/0a0b7ce3-b500-4909-b2f7-3b6a11e22bb2,tester
343,5864eb6c-1a7d-4058-9529-ebff0d542bbf,community_07,Amina,Michael,male,1971-04-16,,08083801268,https://www.commcarehq.org/photos/farmer_343.jpg,6,livestock_farming,20,owned,3,rain-fed,---,groundnuts maize rice,1.4,5.6,1.2,---,---,---,10.2041719 7.4770093 0.0 20.0,yes,bd9d0030-1eab-4e14-8195-97f67f599adc,2026-04-25 00:03:00,2026-04-25,tester,2026-04-25 00:03:12,https://www.commcarehq.org/form/5864eb6c-1a7d-4058-9529-ebff0d542bbf,tester
344,9879e503-1716-444c-9598-2b7f3a5cb446,community_01,Mary,James,male,1975-04-12,47538413359,08097622827,https://www.commcarehq.org/photos/farmer_344.jpg,6,livestock_farming,32,owned,3,rain-fed,---,groundnuts,1.1,---,---,rabbits,---,6,10.2967007 7.4461283 0.0 20.0,yes,22a37a5b-0fb9-490f-b66c-6747548c9267,2026-02-06 00:05:00,2026-02-06,tester,2026-02-06 00:05:06,https://www.commcarehq.org/form/9879e503-1716-444c-9598-2b7f3a5cb446,tester
345,70c86938-e798-47c2-b66f-94604a143191,community_05,Esther,Lawal,female,1971-06-23,31254029708,08039932631,https://www.commcarehq.org/photos/farmer_345.jpg,5,mixed_farming,22,family_land,5,rain-fed,---,rice,---,---,2.3,rabbits,---,22,10.2226853 7.4739051 0.0 20.0,yes,5afa951f-61e6-4e85-9785-8e512c8c39d9,2026-05-17 00:02:00,2026-05-17,tester,2026-05-17 00:02:10,https://www.commcarehq.org/form/70c86938-e798-47c2-b66f-94604a143191,tester
346,ca13e9c2-a5ac-423a-afd1-d0c2b5a76ac3,community_05,Ibrahim,Samuel,male,1959-07-15,16711795478,08087126506,https://www.commcarehq.org/photos/farmer_346.jpg,6,crop_farming,40,owned,3,rain-fed,---,maize rice,---,3.4,3.6,---,---,---,10.2895359 7.3147454 0.0 20.0,yes,0b261b71-fb5a-40ba-afe0-4eacc8a0314a,2026-04-10 00:04:00,2026-04-10,tester,2026-04-10 00:04:10,https://www.commcarehq.org/form/ca13e9c2-a5ac-423a-afd1-d0c2b5a76ac3,tester
347,663dbe3e-fb79-4bd5-bfa1-fdcadac750bb,community_03,Amina,Usman,female,2000-12-09,,08052483944,https://www.commcarehq.org/photos/farmer_347.jpg,8,crop_farming,6,owned,6,rain-fed,---,rice,---,---,1.2,goats,25,---,10.4475505 7.5601417 0.0 20.0,yes,98b41581-13be-4d09-a70d-3369ffea912b,2026-04-15 00:04:00,2026-04-15,tester,2026-04-15 00:04:14,https://www.commcarehq.org/form/663dbe3e-fb79-4bd5-bfa1-fdcadac750bb,tester
348,b2ca4212-9fb6-4e23-b57d-0f06dd4ea015,community_02,Sarah,Ibrahim,male,1981-08-27,36626262113,08038694902,https://www.commcarehq.org/photos/farmer_348.jpg,7,mixed_farming,19,family_land,3,borehole,---,groundnuts,1.5,---,---,---,---,---,10.252222 7.572501 0.0 20.0,yes,2110a9b3-a067-4b15-8068-c9c84cb1bacb,2026-06-06 00:06:00,2026-06-06,tester,2026-06-06 00:06:06,https://www.commcarehq.org/form/b2ca4212-9fb6-4e23-b57d-0f06dd4ea015,tester
349,22a7498d-9f3d-4af3-bc34-bfb8824198e7,community_05,Paul,Bello,male,2008-01-18,,08039212839,https://www.commcarehq.org/photos/farmer_349.jpg,7,crop_farming,1,owned,1,rain-fed,---,groundnuts,1.5,---,---,---,---,---,10.2633122 7.4209285 0.0 20.0,yes,a55182ba-b246-405c-bdc0-27a514ac2386,2026-03-13 00:07:00,2026-03-13,tester,2026-03-13 00:07:12,https://www.commcarehq.org/form/22a7498d-9f3d-4af3-bc34-bfb8824198e7,tester
350,23636a91-5a26-47b0-844f-fe7ed9b9f169,community_07,Ahmed,Peter,female,2008-04-27,,08044759345,https://www.commcarehq.org/photos/farmer_350.jpg,6,livestock_farming,1,leased,1,rain-fed,---,rice,---,---,1.6,goats rabbits,6,14,10.58463 7.3282794 0.0 20.0,yes,1f6abddd-2082-400c-8c36-80be5e290c6f,2026-01-22 00:04:00,2026-01-22,tester,2026-01-22 00:04:20,https://www.commcarehq.org/form/23636a91-5a26-47b0-844f-fe7ed9b9f169,tester
351,5c5b0919-7e52-46c5-a318-ab50c8a5d416,community_01,Naomi,Okafor,male,2004-03-30,82937290927,08090316729,https://www.commcarehq.org/photos/farmer_351.jpg,2,crop_farming,1,owned,6,rain-fed,---,groundnuts maize,1.5,0.7,---,---,---,---,10.334254 7.5212584 0.0 20.0,yes,7cfa1ef0-d72e-4407-bd3f-81e79232371b,2026-04-19 00:05:00,2026-04-19,tester,2026-04-19 00:05:15,https://www.commcarehq.org/form/5c5b0919-7e52-46c5-a318-ab50c8a5d416,tester
352,d9033826-4762-4672-a186-7e961855ac12,community_01,Daniel,Balogun,male,1992-02-24,21475327679,08089880172,https://www.commcarehq.org/photos/farmer_352.jpg,4,mixed_farming,3,leased,1,borehole,---,rice groundnuts,0.9,---,2.7,---,---,---,10.5493606 7.5144527 0.0 20.0,yes,8413faf9-4bfd-4726-96db-e8d500074829,2026-02-01 00:02:00,2026-02-01,tester,2026-02-01 00:02:09,https://www.commcarehq.org/form/d9033826-4762-4672-a186-7e961855ac12,tester
353,e7ecf1e0-61ad-4e42-a99f-f060713fb794,community_02,Suleiman,Philip,male,2007-07-05,43009404934,08027361874,https://www.commcarehq.org/photos/farmer_353.jpg,8,mixed_farming,1,owned,4,other,Community Well,rice,---,---,2.5,goats,5,---,10.2303119 7.2748192 0.0 20.0,yes,acd4530d-57dc-4215-a405-f733740fa56c,2026-02-28 00:03:00,2026-02-28,tester,2026-02-28 00:03:17,https://www.commcarehq.org/form/e7ecf1e0-61ad-4e42-a99f-f060713fb794,tester
354,fd5c0e03-5ef6-44cc-8b71-e8da3730611e,community_05,Blessing,Ahmed,female,1982-03-23,60785705807,08075692700,https://www.commcarehq.org/photos/farmer_354.jpg,12,crop_farming,25,leased,6,borehole,---,rice maize,---,4.7,2.6,---,---,---,10.4908596 7.3276256 0.0 20.0,yes,64ed6460-5569-4b0d-a452-8522ff340c7b,2026-05-03 00:04:00,2026-05-03,tester,2026-05-03 00:04:20,https://www.commcarehq.org/form/fd5c0e03-5ef6-44cc-8b71-e8da3730611e,tester
355,2003e9e9-5097-4ec3-a13b-06465dab5f32,community_02,Ruth,Johnson,male,1972-09-17,60211881192,08048379484,https://www.commcarehq.org/photos/farmer_355.jpg,2,crop_farming,9,family_land,2,rain-fed,---,maize groundnuts,1.6,5.4,---,rabbits,---,13,10.2867975 7.2065557 0.0 20.0,yes,5bd28b7a-2842-496c-a962-7bcf2bcc4397,2026-03-11 00:04:00,2026-03-11,tester,2026-03-11 00:04:11,https://www.commcarehq.org/form/2003e9e9-5097-4ec3-a13b-06465dab5f32,tester
356,1ea13698-f115-426f-80b2-15cf9d534a88,community_01,Joseph,Isa,male,1958-03-24,67978351466,08048463197,https://www.commcarehq.org/photos/farmer_356.jpg,7,livestock_farming,14,owned,1,rain-fed,---,rice maize,---,4.6,2.0,goats,6,---,10.3364389 7.3493419 0.0 20.0,yes,17666f34-0aa5-4ac0-8be4-d32a2cacba9c,2026-02-02 00:04:00,2026-02-02,tester,2026-02-02 00:04:20,https://www.commcarehq.org/form/1ea13698-f115-426f-80b2-15cf9d534a88,tester
357,994ea516-fc76-4a1a-ace2-a7394e41d1ee,community_01,Samuel,Samuel,male,1990-07-23,97241682280,08099755311,https://www.commcarehq.org/photos/farmer_357.jpg,5,livestock_farming,8,family_land,1,rain-fed,---,maize,---,3.6,---,goats,6,---,10.2325231 7.3963762 0.0 20.0,yes,bcfe2dc2-6a1d-4b82-a91e-414b625342e2,2026-03-10 00:02:00,2026-03-10,tester,2026-03-10 00:02:19,https://www.commcarehq.org/form/994ea516-fc76-4a1a-ace2-a7394e41d1ee,tester
358,4e653890-bff6-4df9-b2a1-5fc8ad5ad261,community_03,John,Abdullahi,female,1971-06-15,96858555202,08003657943,https://www.commcarehq.org/photos/farmer_358.jpg,7,crop_farming,8,owned,1,rain-fed,---,maize groundnuts rice,1.6,5.4,0.5,goats,6,---,10.2115285 7.4575953 0.0 20.0,yes,f0898276-7fc8-46a8-94ca-13794bdc8025,2026-04-05 00:05:00,2026-04-05,tester,2026-04-05 00:05:09,https://www.commcarehq.org/form/4e653890-bff6-4df9-b2a1-5fc8ad5ad261,tester
359,b8deda96-ae68-430b-a330-a79a80328136,community_03,Joseph,Sani,male,1991-05-16,,08041625300,https://www.commcarehq.org/photos/farmer_359.jpg,5,crop_farming,13,owned,3,rain-fed,---,maize,---,4.2,---,---,---,---,10.3296057 7.5025965 0.0 20.0,yes,617bfa08-5fe0-4e77-9616-475a5bf4f5a8,2026-05-11 00:02:00,2026-05-11,tester,2026-05-11 00:02:09,https://www.commcarehq.org/form/b8deda96-ae68-430b-a330-a79a80328136,tester
360,82e97529-9ec9-4a46-ab85-87274323427d,community_04,Elizabeth,Bello,male,2006-03-08,54483324328,08003040476,https://www.commcarehq.org/photos/farmer_360.jpg,7,crop_farming,1,family_land,2,rain-fed,---,rice groundnuts maize,2.1,4.7,2.2,goats,9,---,10.5817684 7.2550692 0.0 20.0,yes,2c7ed84b-49d8-442f-9ccd-dc4f21eec3d4,2026-04-10 00:08:00,2026-04-10,tester,2026-04-10 00:08:17,https://www.commcarehq.org/form/82e97529-9ec9-4a46-ab85-87274323427d,tester
361,2d95075f-c884-4d10-8a5e-ceb55e3c9168,community_01,Emmanuel,Ahmed,male,1979-10-05,88168939101,08002430858,https://www.commcarehq.org/photos/farmer_361.jpg,6,livestock_farming,24,family_land,2,rain-fed,---,groundnuts,2.4,---,---,goats,8,---,10.3041367 7.2476671 0.0 20.0,yes,c18fac4f-ecc0-496d-8545-22d898a9471f,2026-01-08 00:05:00,2026-01-08,tester,2026-01-08 00:05:17,https://www.commcarehq.org/form/2d95075f-c884-4d10-8a5e-ceb55e3c9168,tester
362,23de58a9-87b3-4f43-9277-2d93fc90b789,community_02,Mary,Musa,male,2005-03-26,,8072625346,https://www.commcarehq.org/photos/farmer_362.jpg,4,crop_farming,3,owned,1,rain-fed,---,groundnuts maize,2.9,2.8,---,goats,14,---,10.2661029 7.3966729 0.0 20.0,yes,501d3217-67db-43cb-9c53-ad8524e7286e,2026-03-15 00:08:00,2026-03-15,tester,2026-03-15 00:08:12,https://www.commcarehq.org/form/23de58a9-87b3-4f43-9277-2d93fc90b789,tester
363,a7b0d986-79e5-40bc-83c0-77033a5a3c4d,community_01,Mary,Michael,male,2008-06-30,,08093351021,https://www.commcarehq.org/photos/farmer_363.jpg,6,crop_farming,1,owned,1,rain-fed,---,maize groundnuts,0.8,4.3,---,---,---,---,10.5521162 7.5728173 0.0 20.0,yes,b8698985-1749-44a4-8cf0-818d7e3bfe25,2026-01-29 00:02:00,2026-01-29,tester,2026-01-29 00:02:12,https://www.commcarehq.org/form/a7b0d986-79e5-40bc-83c0-77033a5a3c4d,tester
364,f28bc1f3-69fb-4b02-88ce-4f9a10e57fbe,community_03,Naomi,Okafor,female,1995-07-15,30151134092,08023304410,https://www.commcarehq.org/photos/farmer_364.jpg,3,livestock_farming,12,owned,2,rain-fed,---,maize groundnuts rice,2.2,5.4,4.0,goats,20,---,10.3741378 7.5808586 0.0 20.0,yes,ec18b64e-bbe2-480b-b72e-121b4fbfe31e,2026-03-01 00:07:00,2026-03-01,tester,2026-03-01 00:07:06,https://www.commcarehq.org/form/f28bc1f3-69fb-4b02-88ce-4f9a10e57fbe,tester
365,6a374491-8318-4d23-b17f-49a6564158ca,community_02,Fatima,Eze,male,1968-04-23,61117931491,08075364539,https://www.commcarehq.org/photos/farmer_365.jpg,2,crop_farming,28,owned,2,rain-fed,---,rice maize,---,3.2,2.4,---,---,---,10.3373815 7.5673195 0.0 20.0,yes,da261a85-1335-42c4-abbd-94ea91f7f9a0,2026-02-07 00:06:00,2026-02-07,tester,2026-02-07 00:06:15,https://www.commcarehq.org/form/6a374491-8318-4d23-b17f-49a6564158ca,tester
366,bb4d0571-1d56-4856-a437-3cd7bda3dbe6,community_04,Joy,Balogun,male,1974-03-31,,08038895552,https://www.commcarehq.org/photos/farmer_366.jpg,7,crop_farming,22,owned,2,borehole,---,maize rice groundnuts,1.9,5.0,2.9,---,---,---,10.4575609 7.2622805 0.0 20.0,yes,515c85b2-e0f4-458f-8f55-39d3206afc8d,2026-02-18 00:07:00,2026-02-18,tester,2026-02-18 00:07:05,https://www.commcarehq.org/form/bb4d0571-1d56-4856-a437-3cd7bda3dbe6,tester
367,ece00b2b-b8a5-446d-bbd3-07ad4651c6fe,community_07,Esther,Abdullahi,male,2006-07-16,,08024850800,https://www.commcarehq.org/photos/farmer_367.jpg,3,mixed_farming,1,owned,1,rain-fed,---,groundnuts maize,1.4,2.7,---,goats,21,---,10.3913758 7.4459213 0.0 20.0,yes,d4a17a95-a04c-4633-ac31-1d815c69b7c8,2026-05-06 00:02:00,2026-05-06,tester,2026-05-06 00:02:20,https://www.commcarehq.org/form/ece00b2b-b8a5-446d-bbd3-07ad4651c6fe,tester
368,9a317dcc-5670-4d7a-a877-13d6f325a29d,community_02,Amina,Mohammed,female,1969-10-13,,08045896939,https://www.commcarehq.org/photos/farmer_368.jpg,3,crop_farming,7,owned,3,rain-fed,---,groundnuts maize,1.3,5.2,---,---,---,---,10.3642428 7.2041176 0.0 20.0,yes,a6e6d26f-fce3-4812-9935-f93e8575dc0f,2026-06-22 00:08:00,2026-06-22,tester,2026-06-22 00:08:05,https://www.commcarehq.org/form/9a317dcc-5670-4d7a-a877-13d6f325a29d,tester
369,839fc91b-d564-47f5-90c9-b056ebcaf202,community_07,Samuel,Bello,male,1976-12-27,,08057215148,https://www.commcarehq.org/photos/farmer_369.jpg,3,crop_farming,10,leased,5,rain-fed,---,rice groundnuts,2.4,---,0.7,goats,12,---,10.4334279 7.3973404 0.0 20.0,yes,d7773693-4593-4ac9-8ca1-4bbdc7240f9a,2026-06-29 00:02:00,2026-06-29,tester,2026-06-29 00:02:08,https://www.commcarehq.org/form/839fc91b-d564-47f5-90c9-b056ebcaf202,tester
370,707139eb-7042-4647-a4e3-82051b87d38c,community_01,Sarah,Balogun,female,1985-11-29,11846721961,08078354047,https://www.commcarehq.org/photos/farmer_370.jpg,2,mixed_farming,16,owned,1,river_stream,---,groundnuts,0.9,---,---,---,---,---,10.3784408 7.5986082 0.0 20.0,yes,6248afa1-0d73-4260-bc3b-e9f082f484e4,2026-03-09 00:05:00,2026-03-09,tester,2026-03-09 00:05:07,https://www.commcarehq.org/form/707139eb-7042-4647-a4e3-82051b87d38c,tester
371,fbda662d-7e1e-40a8-b712-0875deddc57c,community_07,Ahmed,Isa,female,2008-03-09,28469832995,08073350525,https://www.commcarehq.org/photos/farmer_371.jpg,5,livestock_farming,1,family_land,1,rain-fed,---,groundnuts,0.9,---,---,---,---,---,10.5434771 7.2283674 0.0 20.0,yes,e73221c7-0ea1-4e30-ab23-dab3fb61ba71,2026-05-11 00:03:00,2026-05-11,tester,2026-05-11 00:03:07,https://www.commcarehq.org/form/fbda662d-7e1e-40a8-b712-0875deddc57c,tester
372,8aa1e5ec-a9b4-4d4e-b3bf-d53ce82a7b8e,community_03,Fatima,Okafor,male,1979-08-27,66961868287,08004870693,https://www.commcarehq.org/photos/farmer_372.jpg,7,livestock_farming,16,family_land,3,rain-fed,---,groundnuts rice maize,1.7,1.0,2.6,goats rabbits,19,11,10.5091672 7.2159794 0.0 20.0,yes,21fdaeae-d408-40ff-9c12-27de4e18104d,2026-03-13 00:05:00,2026-03-13,tester,2026-03-13 00:05:15,https://www.commcarehq.org/form/8aa1e5ec-a9b4-4d4e-b3bf-d53ce82a7b8e,tester
373,85efb42c-33eb-4d68-965f-8b365edb256d,community_02,Mercy,Eze,male,1988-10-22,94534335686,08057136956,https://www.commcarehq.org/photos/farmer_373.jpg,3,crop_farming,10,owned,1,irrigation_scheme,---,rice,---,---,1.2,rabbits,---,23,10.4070687 7.3646157 0.0 20.0,yes,3fc24035-6b28-4bf9-aadc-33c9c1c6ab88,2026-04-19 00:07:00,2026-04-19,tester,2026-04-19 00:07:11,https://www.commcarehq.org/form/85efb42c-33eb-4d68-965f-8b365edb256d,tester
374,dac624d1-47d6-47df-8274-cc226ee3615d,community_06,Naomi,Abdullahi,male,1972-04-08,,08035375178,https://www.commcarehq.org/photos/farmer_374.jpg,8,mixed_farming,22,owned,3,rain-fed,---,maize rice,---,6.1,2.1,goats,10,---,10.3010143 7.5866055 0.0 20.0,yes,e7cdaabb-13d4-4f5d-9a98-2e5279fe4fbf,2026-04-11 00:02:00,2026-04-11,tester,2026-04-11 00:02:07,https://www.commcarehq.org/form/dac624d1-47d6-47df-8274-cc226ee3615d,tester
375,b4321932-56da-4bf4-bcc5-8346bf7c1623,community_02,Elizabeth,Mohammed,female,1987-09-16,,+2348054296414,https://www.commcarehq.org/photos/farmer_375.jpg,1,mixed_farming,2,owned,1,rain-fed,---,groundnuts rice,2.8,---,2.9,goats,23,---,10.2039424 7.3350424 0.0 20.0,yes,c1751263-7930-4393-9727-d9fa194814aa,2026-03-12 00:04:00,2026-03-12,tester,2026-03-12 00:04:18,https://www.commcarehq.org/form/b4321932-56da-4bf4-bcc5-8346bf7c1623,tester
376,7eaeb6a7-9d03-4f73-8e44-830a197bbce8,community_02,Peter,Eze,female,1968-01-16,,08015328826,https://www.commcarehq.org/photos/farmer_376.jpg,2,crop_farming,16,family_land,1,rain-fed,---,groundnuts,1.2,---,---,goats,23,---,10.431855 7.4398865 0.0 20.0,yes,190b4c3a-c2ff-409d-b3da-182ce8e90594,2026-02-24 00:03:00,2026-02-24,tester,2026-02-24 00:03:08,https://www.commcarehq.org/form/7eaeb6a7-9d03-4f73-8e44-830a197bbce8,tester
377,37a8cb94-69dc-471c-a19b-4ba2d5deb4c1,community_06,David,Ogunleye,male,2001-08-27,,08007264830,https://www.commcarehq.org/photos/farmer_377.jpg,7,mixed_farming,3,owned,1,borehole,---,groundnuts maize,1.0,2.4,---,goats,9,---,10.559381 7.3517776 0.0 20.0,yes,fe2b3a00-4f7d-436c-949a-dccc738b5293,2026-01-07 00:07:00,2026-01-07,tester,2026-01-07 00:07:12,https://www.commcarehq.org/form/37a8cb94-69dc-471c-a19b-4ba2d5deb4c1,tester
378,e7190164-98e6-4613-a34f-8f5291f11e2e,community_05,Fatima,Ali,female,1999-01-13,74512531011,08044443292,https://www.commcarehq.org/photos/farmer_378.jpg,4,mixed_farming,9,family_land,1,rain-fed,---,groundnuts,2.3,---,---,goats,21,---,10.220026 7.2317021 0.0 20.0,yes,44d12e1b-7e6d-4c62-b3f8-dfc457633645,2026-04-26 00:03:00,2026-04-26,tester,2026-04-26 00:03:14,https://www.commcarehq.org/form/e7190164-98e6-4613-a34f-8f5291f11e2e,tester
379,849c4142-c439-40cb-a3ae-ffbf72bc5458,community_01,David,Mohammed,female,1990-02-01,40351584282,08086578872,https://www.commcarehq.org/photos/farmer_379.jpg,6,crop_farming,7,family_land,4,rain-fed,---,rice,---,---,0.9,---,---,---,10.4892834 7.2610874 0.0 20.0,yes,eeff915b-1599-480a-928d-fb8e1375e455,2026-03-04 00:08:00,2026-03-04,tester,2026-03-04 00:08:05,https://www.commcarehq.org/form/849c4142-c439-40cb-a3ae-ffbf72bc5458,tester
380,0d9b5133-94ed-42e3-8fe9-3e4e0ee48f82,community_02,Rebecca,Lawal,male,1967-10-31,,08031482637,https://www.commcarehq.org/photos/farmer_380.jpg,6,crop_farming,16,owned,3,rain-fed,---,groundnuts rice,1.2,---,2.4,---,---,---,10.4201263 7.490494 0.0 20.0,yes,373109c7-c437-4de5-8c31-41968f088935,2026-04-30 00:07:00,2026-04-30,tester,2026-04-30 00:07:16,https://www.commcarehq.org/form/0d9b5133-94ed-42e3-8fe9-3e4e0ee48f82,tester
381,8304be45-827c-464b-88b3-86ffe44689ab,community_06,Blessing,Ogunleye,female,1991-10-15,,08018100981,https://www.commcarehq.org/photos/farmer_381.jpg,6,crop_farming,16,owned,1,borehole,---,maize,---,5.7,---,---,---,---,10.4596285 7.3207889 0.0 20.0,yes,78c24564-8359-4a04-8d16-62dfcdb9ef67,2026-01-05 00:03:00,2026-01-05,tester,2026-01-05 00:03:19,https://www.commcarehq.org/form/8304be45-827c-464b-88b3-86ffe44689ab,tester
382,617547b0-4788-4a30-93a5-5bcc540edcfd,community_02,Joseph,Ali,female,1992-11-14,18416496794,08021613398,https://www.commcarehq.org/photos/farmer_382.jpg,2,mixed_farming,16,owned,5,rain-fed,---,groundnuts rice maize,0.9,4.8,1.4,goats,8,---,10.3485066 7.3793435 0.0 20.0,yes,c02e545f-57b6-40d0-8ce6-1813682bdcf7,2026-06-06 00:05:00,2026-06-06,tester,2026-06-06 00:05:16,https://www.commcarehq.org/form/617547b0-4788-4a30-93a5-5bcc540edcfd,tester
383,09a655fd-b740-42d1-b85c-ed571e0fc167,community_04,Musa,Samuel,male,1984-11-29,,08045657591,https://www.commcarehq.org/photos/farmer_383.jpg,6,mixed_farming,21,owned,1,rain-fed,---,maize rice groundnuts,1.1,0.8,0.5,goats,15,---,10.3670356 7.5303688 0.0 20.0,yes,060b873a-6e12-42a4-9fe4-d53d0d1031ab,2026-05-21 00:06:00,2026-05-21,tester,2026-05-21 00:06:13,https://www.commcarehq.org/form/09a655fd-b740-42d1-b85c-ed571e0fc167,tester
384,6266e03b-73c3-4986-91d6-90bca8c1b0d7,community_07,John,Yusuf,female,2008-02-21,,08072916168,https://www.commcarehq.org/photos/farmer_384.jpg,5,livestock_farming,1,owned,3,river_stream,---,rice maize,---,3.7,2.8,---,---,---,10.4730406 7.5224756 0.0 20.0,yes,b3f3304d-add9-4206-97ac-5577efd48f14,2026-03-04 00:03:00,2026-03-04,tester,2026-03-04 00:03:05,https://www.commcarehq.org/form/6266e03b-73c3-4986-91d6-90bca8c1b0d7,tester
385,cbbc2046-c05d-40cd-a975-b9372512319d,community_03,James,Johnson,female,1990-06-14,,08038112782,https://www.commcarehq.org/photos/farmer_385.jpg,4,mixed_farming,14,family_land,2,rain-fed,---,groundnuts,2.1,---,---,---,---,---,10.5099864 7.5704498 0.0 20.0,yes,07904d07-7008-42fc-9ccd-e7f53014a993,2026-04-14 00:08:00,2026-04-14,tester,2026-04-14 00:08:18,https://www.commcarehq.org/form/cbbc2046-c05d-40cd-a975-b9372512319d,tester
386,67e18bb3-8baa-4495-abeb-317444bd4665,community_01,Ruth,Yusuf,male,1992-03-11,78710021446,08093242283,https://www.commcarehq.org/photos/farmer_386.jpg,7,crop_farming,3,owned,6,rain-fed,---,rice,---,---,2.8,rabbits,---,13,10.2130739 7.3165692 0.0 20.0,yes,1c303927-91a0-4abe-854d-5623a8bf242b,2026-06-23 00:07:00,2026-06-23,tester,2026-06-23 00:07:16,https://www.commcarehq.org/form/67e18bb3-8baa-4495-abeb-317444bd4665,tester
387,661680d0-2e2c-4caf-bbf6-1b5894cd47fc,community_05,Fatima,Musa,male,1995-06-20,,08000097884,https://www.commcarehq.org/photos/farmer_387.jpg,5,mixed_farming,10,owned,1,river_stream,---,rice,---,---,3.2,---,---,---,10.2895168 7.3134788 0.0 20.0,yes,470dbfb4-88eb-45dc-970c-2b4604bd4a9c,2026-03-28 00:07:00,2026-03-28,tester,2026-03-28 00:07:10,https://www.commcarehq.org/form/661680d0-2e2c-4caf-bbf6-1b5894cd47fc,tester
388,0d28d8a6-6256-41ca-a512-7afcc1d2dbe9,community_05,Paul,Ali,male,1981-08-12,,08048293321,https://www.commcarehq.org/photos/farmer_388.jpg,1,crop_farming,4,leased,4,rain-fed,---,rice maize,---,4.0,3.0,goats,5,---,10.4673077 7.4686563 0.0 20.0,yes,a13da3c5-9f22-424c-bc3a-7a2f017ad5cd,2026-03-19 00:07:00,2026-03-19,tester,2026-03-19 00:07:11,https://www.commcarehq.org/form/0d28d8a6-6256-41ca-a512-7afcc1d2dbe9,tester
389,4f423db8-705a-4c82-a2e4-f2127ef92776,community_07,Binta,Musa,male,1991-06-07,47811291681,08038497848,https://www.commcarehq.org/photos/farmer_389.jpg,8,crop_farming,6,owned,1,rain-fed,---,maize groundnuts,0.6,1.3,---,---,---,---,10.3111449 7.2809022 0.0 20.0,yes,8533a8fc-95e7-49f6-afb4-6fd247038ae4,2026-01-10 00:08:00,2026-01-10,tester,2026-01-10 00:08:05,https://www.commcarehq.org/form/4f423db8-705a-4c82-a2e4-f2127ef92776,tester
390,cdf5d6a9-8a6e-4397-b6d0-68e65aae6393,community_05,Yusuf,Johnson,female,1996-05-16,37921912660,08023675589,https://www.commcarehq.org/photos/farmer_390.jpg,7,mixed_farming,12,family_land,2,rain-fed,---,rice maize,---,0.8,1.7,goats,22,---,10.2251194 7.5318211 0.0 20.0,yes,4fb66857-01b6-4eb5-a5df-af6ed04004da,2026-04-29 00:06:00,2026-04-29,tester,2026-04-29 00:06:12,https://www.commcarehq.org/form/cdf5d6a9-8a6e-4397-b6d0-68e65aae6393,tester
391,a623e737-f2eb-4568-9056-715a55b471ee,community_07,Joy,Okafor,male,1996-03-13,,08053022820,https://www.commcarehq.org/photos/farmer_391.jpg,3,crop_farming,9,leased,1,dam_reservoir,---,maize groundnuts rice,3.0,1.8,2.8,goats,5,---,10.5702517 7.3556106 0.0 20.0,yes,c716775c-7d68-4bcd-a969-46bc7a0d0e97,2026-02-15 00:06:00,2026-02-15,tester,2026-02-15 00:06:11,https://www.commcarehq.org/form/a623e737-f2eb-4568-9056-715a55b471ee,tester
392,b96fcaca-ba16-4a83-a29a-c7cf65b34648,community_01,David,Bello,male,1989-06-30,47499430674,08012214737,https://www.commcarehq.org/photos/farmer_392.jpg,5,mixed_farming,3,owned,1,river_stream,---,groundnuts,0.7,---,---,---,---,---,10.3080204 7.2715882 0.0 20.0,yes,ad63bd22-f94d-4e38-95dd-6125cacd43e1,2026-03-28 00:02:00,2026-03-28,tester,2026-03-28 00:02:19,https://www.commcarehq.org/form/b96fcaca-ba16-4a83-a29a-c7cf65b34648,tester
393,39fc2716-a7fe-4949-aa05-f209c78e232a,community_04,Ruth,Adeyemi,female,1971-05-29,83827482031,08097969791,https://www.commcarehq.org/photos/farmer_393.jpg,5,mixed_farming,31,leased,3,rain-fed,---,maize groundnuts,2.5,5.2,---,goats rabbits,7,32,10.5093854 7.4990937 0.0 20.0,yes,1a60b6ad-61d6-4775-8a34-3152189b3ab7,2026-02-28 00:08:00,2026-02-28,tester,2026-02-28 00:08:20,https://www.commcarehq.org/form/39fc2716-a7fe-4949-aa05-f209c78e232a,tester
394,a6f74e4a-bd4c-49a4-bad7-b20dd52dac37,community_04,Samuel,David,male,1996-06-20,87325396070,08039964898,https://www.commcarehq.org/photos/farmer_394.jpg,1,mixed_farming,2,owned,2,other,Spring Water,groundnuts rice,2.5,---,2.7,goats,19,---,10.3173805 7.5434628 0.0 20.0,yes,883186db-fc5d-45e1-8737-bbc61288a553,2026-03-18 00:07:00,2026-03-18,tester,2026-03-18 00:07:09,https://www.commcarehq.org/form/a6f74e4a-bd4c-49a4-bad7-b20dd52dac37,tester
395,9f34625c-b200-43b8-b2a3-05f650e867c8,community_05,Joy,David,female,1990-06-02,,08034740210,https://www.commcarehq.org/photos/farmer_395.jpg,4,livestock_farming,12,owned,2,rain-fed,---,groundnuts,1.9,---,---,rabbits,---,5,10.310606 7.5365869 0.0 20.0,yes,fe7c33a8-f5ff-40e5-9764-ce3422531ca2,2026-05-19 00:08:00,2026-05-19,tester,2026-05-19 00:08:07,https://www.commcarehq.org/form/9f34625c-b200-43b8-b2a3-05f650e867c8,tester
396,6a5e3541-a3cc-41c0-a43d-602d4eeb3b38,community_06,Mercy,Philip,female,1981-10-03,,08014938037,https://www.commcarehq.org/photos/farmer_396.jpg,1,crop_farming,16,family_land,2,rain-fed,---,rice groundnuts maize,1.3,1.6,3.7,rabbits,---,3,10.3881263 7.4914995 0.0 20.0,yes,44c682ea-299c-4014-96c0-62856951dc4c,2026-06-24 00:06:00,2026-06-24,tester,2026-06-24 00:06:12,https://www.commcarehq.org/form/6a5e3541-a3cc-41c0-a43d-602d4eeb3b38,tester
397,24fc4399-48a4-4cd1-924c-81983e985124,community_07,Amina,Adeyemi,male,1992-10-30,66089574201,08026153459,https://www.commcarehq.org/photos/farmer_397.jpg,5,livestock_farming,14,owned,3,other,Community Well,groundnuts maize rice,1.9,5.4,2.5,---,---,---,10.4844273 7.2923423 0.0 20.0,yes,b15bf8b7-e235-4bb4-b11b-a400e5def2ec,2026-01-12 00:07:00,2026-01-12,tester,2026-01-12 00:07:07,https://www.commcarehq.org/form/24fc4399-48a4-4cd1-924c-81983e985124,tester
398,3e9e0d61-732d-42cb-8232-50d4a6cb06a0,community_05,Sarah,Daniel,male,2007-08-07,12990259848,08043416139,https://www.commcarehq.org/photos/farmer_398.jpg,6,crop_farming,1,leased,1,rain-fed,---,rice groundnuts maize,1.7,2.1,0.7,goats rabbits,16,5,10.4993297 7.4097128 0.0 20.0,yes,0ae1e0e0-3477-452b-8bf7-e7ac34961a73,2026-01-29 00:04:00,2026-01-29,tester,2026-01-29 00:04:09,https://www.commcarehq.org/form/3e9e0d61-732d-42cb-8232-50d4a6cb06a0,tester
399,9891b788-1c13-42c2-be4e-c5a82d142fae,community_02,Rebecca,Usman,female,1978-06-10,50148679900,8064624312,https://www.commcarehq.org/photos/farmer_399.jpg,1,crop_farming,18,owned,6,rain-fed,---,rice groundnuts,1.2,---,2.8,---,---,---,10.2081198 7.4268623 0.0 20.0,yes,c21b0a44-29d0-4a1b-8a9a-37559e5b4260,2026-03-03 00:04:00,2026-03-03,tester,2026-03-03 00:04:13,https://www.commcarehq.org/form/9891b788-1c13-42c2-be4e-c5a82d142fae,tester
400,a142368b-dcf2-4481-830b-e4fae6fa6e15,community_06,Emmanuel,Adeyemi,female,1966-10-18,,8069093655,https://www.commcarehq.org/photos/farmer_400.jpg,3,mixed_farming,28,owned,2,rain-fed,---,rice maize groundnuts,1.4,4.2,3.6,goats,12,---,10.5035706 7.4129944 0.0 20.0,yes,0f41d9a1-40c5-45b5-b638-2bd236293af9,2026-04-21 00:06:00,2026-04-21,tester,2026-04-21 00:06:05,https://www.commcarehq.org/form/a142368b-dcf2-4481-830b-e4fae6fa6e15,tester
401,3382d8d8-6ed5-4b82-a20e-458bbe5328ea,community_05,Mary,Okafor,female,1996-03-26,21762263451,08019572230,https://www.commcarehq.org/photos/farmer_401.jpg,3,livestock_farming,11,owned,2,rain-fed,---,rice,---,---,0.9,---,---,---,10.4147564 7.4516428 0.0 20.0,yes,6b417f99-6dd4-42b2-973b-32851313c315,2026-01-12 00:05:00,2026-01-12,tester,2026-01-12 00:05:13,https://www.commcarehq.org/form/3382d8d8-6ed5-4b82-a20e-458bbe5328ea,tester
402,c8107d05-e851-40fa-89fe-38e8c717db10,community_04,Ahmed,Lawal,female,2001-03-19,,08081525069,https://www.commcarehq.org/photos/farmer_402.jpg,6,mixed_farming,6,owned,3,rain-fed,---,groundnuts,2.3,---,---,rabbits,---,15,10.2790579 7.318 0.0 20.0,yes,d8dbe3aa-b93f-4a19-93e9-1b95cbadac70,2026-04-26 00:03:00,2026-04-26,tester,2026-04-26 00:03:09,https://www.commcarehq.org/form/c8107d05-e851-40fa-89fe-38e8c717db10,tester
403,1ccafb35-cad4-4eb3-83e6-e381e8a3527a,community_01,Suleiman,Philip,female,1991-07-24,21544516184,08081310184,https://www.commcarehq.org/photos/farmer_403.jpg,3,crop_farming,4,owned,3,rain-fed,---,rice maize groundnuts,0.9,6.5,2.4,---,---,---,10.3699545 7.4443795 0.0 20.0,yes,43cec106-81a8-4ef6-a7e1-fd3c1fb38f08,2026-03-13 00:04:00,2026-03-13,tester,2026-03-13 00:04:13,https://www.commcarehq.org/form/1ccafb35-cad4-4eb3-83e6-e381e8a3527a,tester
404,196ad8a6-5c1f-45f2-8138-afcf10168ab8,community_04,Elizabeth,Balogun,female,1972-12-19,86332555658,08040571075,https://www.commcarehq.org/photos/farmer_404.jpg,3,mixed_farming,9,owned,1,rain-fed,---,groundnuts,2.8,---,---,---,---,---,10.5537684 7.2965979 0.0 20.0,yes,fa611c0e-1435-482f-926f-49b5e4094d8d,2026-03-28 00:06:00,2026-03-28,tester,2026-03-28 00:06:07,https://www.commcarehq.org/form/196ad8a6-5c1f-45f2-8138-afcf10168ab8,tester
405,044d3be6-460c-434b-aae5-5f45a119ceff,community_02,Ibrahim,Sani,male,2001-10-29,,08028265607,https://www.commcarehq.org/photos/farmer_405.jpg,2,mixed_farming,7,owned,1,borehole,---,rice groundnuts maize,0.7,1.5,3.1,rabbits,---,14,13.7377041 9.0293035 0.0 20.0,yes,8045f6c8-3dfb-45a7-8541-aa65c72607c1,2026-05-18 00:07:00,2026-05-18,tester,2026-05-18 00:07:16,https://www.commcarehq.org/form/044d3be6-460c-434b-aae5-5f45a119ceff,tester
406,14ffd959-7590-4668-9d3b-46ebb294d0d0,community_01,Binta,Balogun,female,2006-01-07,25771886824,08075221516,https://www.commcarehq.org/photos/farmer_406.jpg,7,livestock_farming,1,owned,2,borehole,---,maize rice,---,0.7,2.0,goats rabbits,21,18,10.5543171 7.3511583 0.0 20.0,yes,103c57d1-efaf-4b6d-b43c-57ff27b917c8,2026-01-23 00:04:00,2026-01-23,tester,2026-01-23 00:04:13,https://www.commcarehq.org/form/14ffd959-7590-4668-9d3b-46ebb294d0d0,tester
407,8e69ecbe-6d58-45fd-88d7-b01652c964b5,community_04,Joseph,David,female,1994-02-22,57204557661,08030315750,https://www.commcarehq.org/photos/farmer_407.jpg,1,mixed_farming,10,owned,3,other,Spring Water,rice groundnuts maize,0.7,2.1,0.7,goats,14,---,10.4114303 7.556082 0.0 20.0,yes,caea4310-9114-4256-b2a0-a372e0061213,2026-01-02 00:04:00,2026-01-02,tester,2026-01-02 00:04:13,https://www.commcarehq.org/form/8e69ecbe-6d58-45fd-88d7-b01652c964b5,tester
408,c91f2391-68ed-4638-8c2b-83b726520171,community_07,Binta,Isa,male,1982-10-21,79525573383,08063261467,https://www.commcarehq.org/photos/farmer_408.jpg,7,mixed_farming,14,owned,1,rain-fed,---,groundnuts maize rice,1.0,2.4,3.2,goats,3,---,10.3166501 7.5928834 0.0 20.0,yes,ef29d25a-6a38-4c60-87d6-ff5bbea61b40,2026-04-01 00:08:00,2026-04-01,tester,2026-04-01 00:08:16,https://www.commcarehq.org/form/c91f2391-68ed-4638-8c2b-83b726520171,tester
409,039ee3df-41c2-4634-87b9-ae0cd50b243a,community_05,Deborah,Tanko,male,1992-07-29,49457672611,08018764378,https://www.commcarehq.org/photos/farmer_409.jpg,7,mixed_farming,1,family_land,4,rain-fed,---,rice groundnuts maize,1.3,6.3,2.1,rabbits,---,23,10.2150164 7.474731 0.0 20.0,yes,6343f188-62a7-43d1-ad25-2479ace2b1b9,2026-03-16 00:03:00,2026-03-16,tester,2026-03-16 00:03:11,https://www.commcarehq.org/form/039ee3df-41c2-4634-87b9-ae0cd50b243a,tester
410,9c826d7e-c361-4118-b7f2-8588db221909,community_07,John,Lawal,female,1988-03-01,62064368465,08078807448,https://www.commcarehq.org/photos/farmer_410.jpg,3,crop_farming,19,owned,4,rain-fed,---,maize groundnuts rice,2.7,5.6,3.0,---,---,---,10.4447501 7.4019546 0.0 20.0,yes,360f02eb-ee9a-46ea-9982-b163b2bab65a,2026-03-25 00:05:00,2026-03-25,tester,2026-03-25 00:05:08,https://www.commcarehq.org/form/9c826d7e-c361-4118-b7f2-8588db221909,tester
411,8aeba8c4-d9d6-4b9d-86a7-ba4a4283df44,community_03,Esther,Tanko,male,1978-07-09,36563637499,8089017115,https://www.commcarehq.org/photos/farmer_411.jpg,3,crop_farming,23,owned,3,other,Rainwater Harvesting,maize groundnuts rice,1.5,4.2,1.7,rabbits,---,40,10.2283651 7.2492695 0.0 20.0,yes,b85715fe-e66f-4aed-be75-c1746fdace80,2026-05-28 00:04:00,2026-05-28,tester,2026-05-28 00:04:08,https://www.commcarehq.org/form/8aeba8c4-d9d6-4b9d-86a7-ba4a4283df44,tester
412,fa426de9-3952-47b7-a13e-e02e166eb484,community_04,Peter,Garba,male,1985-09-14,70116369023,08018126122,https://www.commcarehq.org/photos/farmer_412.jpg,9,mixed_farming,10,owned,3,borehole,---,rice groundnuts,2.4,---,1.7,---,---,---,10.3741485 7.5162928 0.0 20.0,yes,fc71c28c-086c-402c-b3c2-d2049da5b690,2026-06-27 00:02:00,2026-06-27,tester,2026-06-27 00:02:08,https://www.commcarehq.org/form/fa426de9-3952-47b7-a13e-e02e166eb484,tester
413,d71cae54-368e-416c-9482-465fa6d1679b,community_05,David,Lawal,female,1960-06-19,58117301215,08038080143,https://www.commcarehq.org/photos/farmer_413.jpg,8,mixed_farming,17,leased,5,rain-fed,---,maize,---,3.9,---,---,---,---,10.3697894 7.4245483 0.0 20.0,yes,4684bf31-1e80-48af-9a22-351c4ac92448,2026-06-09 00:03:00,2026-06-09,tester,2026-06-09 00:03:13,https://www.commcarehq.org/form/d71cae54-368e-416c-9482-465fa6d1679b,tester
414,4b9aa97e-093b-41ed-97f9-260b993a2a4d,community_02,Grace,James,male,1965-10-19,,08073289754,https://www.commcarehq.org/photos/farmer_414.jpg,4,mixed_farming,4,owned,2,borehole,---,groundnuts maize rice,2.5,2.2,1.1,goats,16,---,10.4331596 7.2662404 0.0 20.0,yes,e76cc7bd-90a8-4faa-ac2e-964e3400a2d2,2026-06-30 00:06:00,2026-06-30,tester,2026-06-30 00:06:18,https://www.commcarehq.org/form/4b9aa97e-093b-41ed-97f9-260b993a2a4d,tester
415,0e537bb0-0a54-4e6b-b8f8-3581fa6916b2,community_06,Blessing,Abdullahi,male,1971-10-06,94866383293,08076780517,https://www.commcarehq.org/photos/farmer_415.jpg,7,crop_farming,22,owned,6,irrigation_scheme,---,rice groundnuts maize,2.7,1.2,3.4,---,---,---,10.5122112 7.5105075 0.0 20.0,yes,cea6e372-12dd-47f8-b331-cf56bea5cb15,2026-05-25 00:06:00,2026-05-25,tester,2026-05-25 00:06:06,https://www.commcarehq.org/form/0e537bb0-0a54-4e6b-b8f8-3581fa6916b2,tester
416,d3f7aba1-74b8-428e-a1bf-9eaec736536e,community_03,Yusuf,Yusuf,female,1979-08-20,69115034859,08090473975,https://www.commcarehq.org/photos/farmer_416.jpg,4,livestock_farming,21,owned,6,borehole,---,groundnuts maize,2.9,5.8,---,goats,6,---,10.4265071 7.3736593 0.0 20.0,yes,ec721421-9065-436b-b65a-498fdeeb0814,2026-02-07 00:05:00,2026-02-07,tester,2026-02-07 00:05:16,https://www.commcarehq.org/form/d3f7aba1-74b8-428e-a1bf-9eaec736536e,tester
417,33e40820-9eda-42d6-b746-bf3f31a1ef29,community_04,Sarah,Usman,female,1999-12-25,67315124925,08069258088,https://www.commcarehq.org/photos/farmer_417.jpg,4,crop_farming,2,owned,1,rain-fed,---,groundnuts,2.0,---,---,---,---,---,10.3087606 7.5595976 0.0 20.0,yes,3f67ee88-6453-4441-ad06-c33863459a16,2026-02-12 00:05:00,2026-02-12,tester,2026-02-12 00:05:12,https://www.commcarehq.org/form/33e40820-9eda-42d6-b746-bf3f31a1ef29,tester
418,22236cb6-feb6-4f8c-950a-3ed6aa921679,community_01,Ahmed,Tanko,male,1980-06-10,,08019320168,https://www.commcarehq.org/photos/farmer_418.jpg,1,crop_farming,21,owned,2,rain-fed,---,maize groundnuts rice,1.5,1.6,2.7,goats,20,---,10.4568293 7.4507911 0.0 20.0,yes,a9289565-4db7-48f9-b032-5f97f70b0074,2026-04-05 00:03:00,2026-04-05,tester,2026-04-05 00:03:13,https://www.commcarehq.org/form/22236cb6-feb6-4f8c-950a-3ed6aa921679,tester
419,1ea707f0-ae08-4ffb-b601-b373712cb23a,community_02,Naomi,Ibrahim,male,1980-04-20,74179399649,08087741107,https://www.commcarehq.org/photos/farmer_419.jpg,8,mixed_farming,13,leased,1,dam_reservoir,---,maize,---,0.6,---,---,---,---,10.3051196 7.5881188 0.0 20.0,yes,178fdcda-3fce-42de-81ff-68433b1a0241,2026-04-27 00:03:00,2026-04-27,tester,2026-04-27 00:03:07,https://www.commcarehq.org/form/1ea707f0-ae08-4ffb-b601-b373712cb23a,tester
420,b4600957-113b-401b-b78b-fffcb638235f,community_07,Elizabeth,Johnson,male,1960-01-23,,08044942996,https://www.commcarehq.org/photos/farmer_420.jpg,9,crop_farming,28,owned,3,rain-fed,---,maize rice,---,2.8,1.2,goats,23,---,10.3228393 7.437022 0.0 20.0,yes,10650197-2f24-4858-b551-06805983fb3a,2026-02-13 00:08:00,2026-02-13,tester,2026-02-13 00:08:15,https://www.commcarehq.org/form/b4600957-113b-401b-b78b-fffcb638235f,tester
421,7116fee4-feb9-4f42-b71b-a0f74281c85c,community_01,Deborah,David,male,2006-11-28,18568154197,08022214114,https://www.commcarehq.org/photos/farmer_421.jpg,6,crop_farming,1,family_land,5,irrigation_scheme,---,rice groundnuts maize,2.1,2.1,3.8,goats,20,---,10.4938192 7.3965223 0.0 20.0,yes,ad3312ef-c29c-426f-9d01-25bec77bc0e4,2026-06-05 00:05:00,2026-06-05,tester,2026-06-05 00:05:12,https://www.commcarehq.org/form/7116fee4-feb9-4f42-b71b-a0f74281c85c,tester
422,b7ca061b-8360-4b70-8600-845abedf121b,community_05,Deborah,Haruna,male,1973-05-17,,08016302790,https://www.commcarehq.org/photos/farmer_422.jpg,8,crop_farming,8,owned,5,rain-fed,---,rice groundnuts,2.7,---,0.6,---,---,---,10.2574518 7.4635642 0.0 20.0,yes,08a8c0b2-f10a-452b-93aa-773105246c10,2026-02-27 00:07:00,2026-02-27,tester,2026-02-27 00:07:16,https://www.commcarehq.org/form/b7ca061b-8360-4b70-8600-845abedf121b,tester
423,d31e4efd-0f31-444e-a8d1-d57a835010b3,community_02,Rebecca,Bello,female,1981-07-05,,08054125757,https://www.commcarehq.org/photos/farmer_423.jpg,1,crop_farming,15,family_land,1,rain-fed,---,maize groundnuts rice,2.1,3.8,3.2,---,---,---,10.2507496 7.5674344 0.0 20.0,yes,e8f7bd39-b9a3-4ece-b11a-b80fc97cdd8c,2026-01-09 00:06:00,2026-01-09,tester,2026-01-09 00:06:12,https://www.commcarehq.org/form/d31e4efd-0f31-444e-a8d1-d57a835010b3,tester
424,2aeaa165-267e-4167-86b4-54e1361ce8f5,community_05,Mercy,Usman,female,1981-10-26,,08062686500,https://www.commcarehq.org/photos/farmer_424.jpg,5,crop_farming,26,family_land,1,rain-fed,---,groundnuts rice,2.7,---,1.9,goats,8,---,10.5888438 7.2747044 0.0 20.0,yes,4859e206-9965-4539-86e0-3b78f0b67096,2026-04-26 00:04:00,2026-04-26,tester,2026-04-26 00:04:17,https://www.commcarehq.org/form/2aeaa165-267e-4167-86b4-54e1361ce8f5,tester
425,57a251c1-85c1-41cd-bff7-b06bd83cb615,community_06,Hauwa,Bello,female,1978-11-02,63654755153,08058544881,https://www.commcarehq.org/photos/farmer_425.jpg,7,mixed_farming,26,family_land,2,rain-fed,---,groundnuts rice maize,0.6,2.1,0.6,---,---,---,10.5977892 7.3523757 0.0 20.0,yes,fd6901f6-734e-4844-ba6c-6b7ae1373121,2026-06-25 00:05:00,2026-06-25,tester,2026-06-25 00:05:06,https://www.commcarehq.org/form/57a251c1-85c1-41cd-bff7-b06bd83cb615,tester
426,ae656d33-2b37-4dca-a0ff-6ea46f0f567f,community_01,Mary,Isa,male,1981-01-02,63788387456,08043186129,https://www.commcarehq.org/photos/farmer_426.jpg,8,crop_farming,13,family_land,1,rain-fed,---,groundnuts maize rice,0.9,1.0,2.9,goats,19,---,8.2378097 11.1405714 0.0 20.0,yes,3cfefa70-74d4-48f9-be98-bd6be83c852a,2026-03-29 00:05:00,2026-03-29,tester,2026-03-29 00:05:10,https://www.commcarehq.org/form/ae656d33-2b37-4dca-a0ff-6ea46f0f567f,tester
427,cbcc935e-008d-427f-b068-8f2d7c5e01f4,community_07,Rebecca,David,female,1993-01-15,24474262651,8029553394,https://www.commcarehq.org/photos/farmer_427.jpg,5,mixed_farming,1,family_land,2,rain-fed,---,groundnuts rice,1.0,---,2.7,goats,23,---,10.5297314 7.2298039 0.0 20.0,yes,ab632b43-4b3a-4a6d-87db-1c56bdad0fd8,2026-05-04 00:06:00,2026-05-04,tester,2026-05-04 00:06:20,https://www.commcarehq.org/form/cbcc935e-008d-427f-b068-8f2d7c5e01f4,tester
428,805dccd5-a1f8-4a5f-9e34-147ff30a931f,community_01,John,Yakubu,female,1993-02-22,,08003302182,https://www.commcarehq.org/photos/farmer_428.jpg,4,livestock_farming,14,owned,3,rain-fed,---,maize,---,3.2,---,goats,2,---,10.3063018 7.538642 0.0 20.0,yes,f03c52b0-e4d1-4b06-a83b-a7e41675737b,2026-06-14 00:08:00,2026-06-14,tester,2026-06-14 00:08:08,https://www.commcarehq.org/form/805dccd5-a1f8-4a5f-9e34-147ff30a931f,tester
429,76c623e6-076c-4aef-afda-94a43978ee77,community_02,Emmanuel,Abdullahi,male,1973-11-23,27169533338,+2348065568703,https://www.commcarehq.org/photos/farmer_429.jpg,4,livestock_farming,23,owned,1,rain-fed,---,maize groundnuts,2.9,5.7,---,---,---,---,10.501716 7.415566 0.0 20.0,yes,8a9d40ef-7401-413c-b9f7-305563845f97,2026-02-12 00:03:00,2026-02-12,tester,2026-02-12 00:03:20,https://www.commcarehq.org/form/76c623e6-076c-4aef-afda-94a43978ee77,tester
430,ed8670e2-f957-423b-a1e5-22425c8e1721,community_05,Esther,Johnson,female,1957-10-14,90457140472,08043878253,https://www.commcarehq.org/photos/farmer_430.jpg,7,mixed_farming,28,leased,4,irrigation_scheme,---,groundnuts,2.5,---,---,goats,9,---,10.5513631 7.2290993 0.0 20.0,yes,16f09378-0bfe-401c-b2be-f0112963c945,2026-06-14 00:08:00,2026-06-14,tester,2026-06-14 00:08:08,https://www.commcarehq.org/form/ed8670e2-f957-423b-a1e5-22425c8e1721,tester
431,6a993065-3de6-4b7d-aa3b-8b2d1c71030c,community_06,Deborah,Johnson,male,2002-11-03,96775911233,08065113853,https://www.commcarehq.org/photos/farmer_431.jpg,7,crop_farming,6,leased,1,irrigation_scheme,---,rice maize,---,4.4,1.0,goats,13,---,10.593916 7.4814737 0.0 20.0,yes,d5cd646b-0a91-421a-a184-329c87563a52,2026-03-15 00:03:00,2026-03-15,tester,2026-03-15 00:03:07,https://www.commcarehq.org/form/6a993065-3de6-4b7d-aa3b-8b2d1c71030c,tester
432,f77d6244-2798-434f-a3a1-65a2235d5a83,community_04,paul,HARUNA,male,1985-05-04,27450089586,08021803030,https://www.commcarehq.org/photos/farmer_432.jpg,3,crop_farming,7,family_land,2,rain-fed,---,maize groundnuts,2.2,1.6,---,goats,13,---,10.3283395 7.4987306 0.0 20.0,yes,8bf5f582-17b9-4573-a771-9b66183140b2,2026-06-10 00:04:00,2026-06-10,tester,2026-06-10 00:04:20,https://www.commcarehq.org/form/f77d6244-2798-434f-a3a1-65a2235d5a83,tester
433,3325dc1e-dd64-4b82-b6d6-a32dfb6d498f,community_01,Sarah,Tanko,female,2005-08-24,73315984151,08036210879,https://www.commcarehq.org/photos/farmer_433.jpg,10,crop_farming,3,family_land,3,dam_reservoir,---,maize,---,1.6,---,goats,20,---,10.2856394 7.3647761 0.0 20.0,yes,4d3a1375-ad38-4541-bec6-eb3836faaa0e,2026-01-26 00:07:00,2026-01-26,tester,2026-01-26 00:07:18,https://www.commcarehq.org/form/3325dc1e-dd64-4b82-b6d6-a32dfb6d498f,tester
434,c918f29b-575a-4a7d-94ba-4409eed9d253,community_06,Ahmed,Tanko,female,1982-10-02,53665059166,08067258253,https://www.commcarehq.org/photos/farmer_434.jpg,2,livestock_farming,8,owned,2,dam_reservoir,---,maize rice groundnuts,1.9,6.2,2.2,rabbits,---,30,10.441443 7.5391775 0.0 20.0,yes,d429e449-3065-413a-99a0-2f2b72bb7021,2026-01-01 00:03:00,2026-01-01,tester,2026-01-01 00:03:10,https://www.commcarehq.org/form/c918f29b-575a-4a7d-94ba-4409eed9d253,tester
435,776ea4b4-223a-4437-aa0f-661ee4dcf438,community_03,Rebecca,Musa,male,1976-11-16,,08097278199,https://www.commcarehq.org/photos/farmer_435.jpg,7,mixed_farming,7,owned,2,borehole,---,rice,---,---,1.2,goats,3,---,10.421684 7.442632 0.0 20.0,yes,5421a5d0-cd8b-4beb-b35e-c974e75f57ef,2026-04-30 00:06:00,2026-04-30,tester,2026-04-30 00:06:19,https://www.commcarehq.org/form/776ea4b4-223a-4437-aa0f-661ee4dcf438,tester
436,44f9fe87-0125-4920-a3f2-1751b5853661,community_03,John,Ogunleye,female,1980-08-05,40857863442,08063087972,https://www.commcarehq.org/photos/farmer_436.jpg,5,crop_farming,3,family_land,3,rain-fed,---,groundnuts rice,2.7,---,2.5,rabbits,---,11,10.4571647 7.266992 0.0 20.0,yes,f18043d3-b0ca-4d07-b336-ef947e537c8f,2026-05-31 00:07:00,2026-05-31,tester,2026-05-31 00:07:16,https://www.commcarehq.org/form/44f9fe87-0125-4920-a3f2-1751b5853661,tester
437,ff589e45-956d-4cb0-8261-eeae6fca56d3,community_05,Fatima,Ahmed,male,1988-04-03,39305632034,08095906461,https://www.commcarehq.org/photos/farmer_437.jpg,1,crop_farming,6,owned,3,dam_reservoir,---,maize groundnuts,0.6,4.1,---,rabbits,---,9,10.3530328 7.2418022 0.0 20.0,yes,7124e7bc-58b7-48dd-aaa1-45dd57ee4fd1,2026-01-11 00:02:00,2026-01-11,tester,2026-01-11 00:02:06,https://www.commcarehq.org/form/ff589e45-956d-4cb0-8261-eeae6fca56d3,tester
438,5f198b9d-5246-4cba-be9c-4334b39d575d,community_03,Suleiman,Johnson,female,1952-03-14,38903759526,08005435648,https://www.commcarehq.org/photos/farmer_438.jpg,5,mixed_farming,19,owned,1,borehole,---,maize groundnuts rice,2.6,4.0,1.6,goats,21,---,10.251523 7.5359966 0.0 20.0,yes,fb0ed8dd-9be0-4e27-8816-21aacb1c0d60,2026-06-29 00:08:00,2026-06-29,tester,2026-06-29 00:08:16,https://www.commcarehq.org/form/5f198b9d-5246-4cba-be9c-4334b39d575d,tester
439,6544798f-eb4b-4f2e-96a9-2b7007492b01,community_07,Daniel,Balogun,male,1976-03-26,,08053758724,https://www.commcarehq.org/photos/farmer_439.jpg,4,crop_farming,21,owned,2,irrigation_scheme,---,groundnuts,1.1,---,---,goats,25,---,10.2102582 7.59604 0.0 20.0,yes,aab6a3d8-ce2e-4340-92fc-9a09ea46fda0,2026-04-19 00:02:00,2026-04-19,tester,2026-04-19 00:02:16,https://www.commcarehq.org/form/6544798f-eb4b-4f2e-96a9-2b7007492b01,tester
440,ecbe9f5c-b8a9-41d2-86b9-ae64c7ab16b7,community_04,Ruth,Garba,male,1993-09-06,66201251633,08045418591,https://www.commcarehq.org/photos/farmer_440.jpg,5,mixed_farming,11,family_land,1,borehole,---,groundnuts rice,0.6,---,0.6,goats,14,---,10.4257713 7.507365 0.0 20.0,yes,ee1c48f3-0c28-4c8d-8c39-004a73ff85b3,2026-04-19 00:08:00,2026-04-19,tester,2026-04-19 00:08:14,https://www.commcarehq.org/form/ecbe9f5c-b8a9-41d2-86b9-ae64c7ab16b7,tester
441,d4fcd6f2-986e-4d33-9922-b4ebfeaa8b24,community_04,Daniel,Ali,female,1971-01-06,35097664218,08092818400,https://www.commcarehq.org/photos/farmer_441.jpg,3,mixed_farming,3,owned,3,rain-fed,---,maize,---,2.9,---,rabbits,---,12,10.3695221 7.2170494 0.0 20.0,no,ba23822c-cf3d-4684-89fa-760e2582b6c2,2026-01-25 00:08:00,2026-01-25,tester,2026-01-25 00:08:16,https://www.commcarehq.org/form/d4fcd6f2-986e-4d33-9922-b4ebfeaa8b24,tester
442,fae63728-f67b-43f1-9b11-150810e280b6,community_03,Sarah,Okafor,male,1970-07-20,36132449292,08054107398,https://www.commcarehq.org/photos/farmer_442.jpg,5,crop_farming,20,owned,6,rain-fed,---,rice,---,---,2.0,goats,18,---,10.3787279 7.4813631 0.0 20.0,yes,962f4bd6-f628-4f2c-a2d0-953d8f1c2074,2026-05-08 00:02:00,2026-05-08,tester,2026-05-08 00:02:11,https://www.commcarehq.org/form/fae63728-f67b-43f1-9b11-150810e280b6,tester
443,eca1af20-b2bf-4f2e-8c14-eb569c432991,community_01,Amina,Johnson,male,1982-09-05,67525177348,08080558640,https://www.commcarehq.org/photos/farmer_443.jpg,5,crop_farming,11,family_land,1,borehole,---,maize,---,4.0,---,rabbits,---,18,10.2149403 7.4996091 0.0 20.0,yes,36e4ada0-9b62-48f8-9887-2d6cc3f2dbfe,2026-03-02 00:06:00,2026-03-02,tester,2026-03-02 00:06:07,https://www.commcarehq.org/form/eca1af20-b2bf-4f2e-8c14-eb569c432991,tester
444,326d147f-7394-406b-8859-c9e1e19b31d1,community_06,Blessing,Lawal,female,1981-09-22,53232190878,08070658288,https://www.commcarehq.org/photos/farmer_444.jpg,6,crop_farming,8,family_land,1,rain-fed,---,maize,---,2.8,---,---,---,---,10.3643549 7.3528016 0.0 20.0,yes,b3efbb10-76b0-4868-91c4-34d3c01ec0cc,2026-02-25 00:05:00,2026-02-25,tester,2026-02-25 00:05:14,https://www.commcarehq.org/form/326d147f-7394-406b-8859-c9e1e19b31d1,tester
445,d2f9e2f9-8de8-461a-b0d7-52ae6ccdf962,community_07,ruth,IBRAHIM,female,1994-01-25,94142597191,08025168082,https://www.commcarehq.org/photos/farmer_445.jpg,6,crop_farming,4,owned,3,irrigation_scheme,---,groundnuts,0.7,---,---,goats,7,---,10.4637055 7.4523299 0.0 20.0,yes,846bff40-6c8c-4811-a098-13125fd0c139,2026-03-08 00:02:00,2026-03-08,tester,2026-03-08 00:02:07,https://www.commcarehq.org/form/d2f9e2f9-8de8-461a-b0d7-52ae6ccdf962,tester
446,c6b6f79c-e13c-46b3-8b60-0cb6d4824f4b,community_02,Ahmed,Ogunleye,female,1976-10-28,,08074119975,https://www.commcarehq.org/photos/farmer_446.jpg,8,mixed_farming,2,family_land,1,irrigation_scheme,---,maize groundnuts,0.9,1.2,---,---,---,---,10.4087785 7.4949782 0.0 20.0,yes,d32e8c81-194a-4f12-998c-2fa2cd47e43b,2026-04-23 00:06:00,2026-04-23,tester,2026-04-23 00:06:16,https://www.commcarehq.org/form/c6b6f79c-e13c-46b3-8b60-0cb6d4824f4b,tester
447,6aaca16b-7799-493c-b4f4-364bd3e7d49b,community_03,Amina,Sani,male,1971-10-12,54986808749,08040883050,https://www.commcarehq.org/photos/farmer_447.jpg,8,mixed_farming,32,family_land,3,rain-fed,---,maize groundnuts rice,2.3,2.9,3.8,---,---,---,10.4658334 7.2200102 0.0 20.0,yes,3f903d63-2166-4155-af9e-5df45bcf1da7,2026-04-01 00:03:00,2026-04-01,tester,2026-04-01 00:03:08,https://www.commcarehq.org/form/6aaca16b-7799-493c-b4f4-364bd3e7d49b,tester
448,5cf0ee2e-960a-4db6-ad3f-c806bf649c0a,community_02,Paul,Bello,female,1990-12-04,86878140707,08061286533,https://www.commcarehq.org/photos/farmer_448.jpg,3,mixed_farming,13,owned,6,irrigation_scheme,---,rice maize groundnuts,1.5,2.0,1.4,rabbits,---,30,10.4046802 7.2606758 0.0 20.0,yes,ed1183c2-d946-45bb-bb38-0f1b0d18a6e6,2026-02-09 00:06:00,2026-02-09,tester,2026-02-09 00:06:15,https://www.commcarehq.org/form/5cf0ee2e-960a-4db6-ad3f-c806bf649c0a,tester
449,7bcbff45-b7e4-4be2-91ea-cecb81c8fb38,community_01,Sarah,Isa,female,1992-08-21,85344977713,08015572555,https://www.commcarehq.org/photos/farmer_449.jpg,2,crop_farming,16,owned,3,rain-fed,---,groundnuts rice,0.7,---,0.8,rabbits,---,17,10.5481064 6.0237917 0.0 20.0,yes,24a916ab-3be1-478f-a534-822501c141c7,2026-02-11 00:08:00,2026-02-11,tester,2026-02-11 00:08:11,https://www.commcarehq.org/form/7bcbff45-b7e4-4be2-91ea-cecb81c8fb38,tester
450,89d14189-5515-4c24-a1ac-7272aea36086,community_05,Mary,garba,male,1976-01-21,15362805151,08093547793,https://www.commcarehq.org/photos/farmer_450.jpg,5,crop_farming,7,owned,4,borehole,---,groundnuts maize,1.5,0.9,---,---,---,---,10.5646216 7.4990087 0.0 20.0,yes,682f832a-2cb9-4c60-8376-d7a44fdd7aa4,2026-02-02 00:07:00,2026-02-02,tester,2026-02-02 00:07:13,https://www.commcarehq.org/form/89d14189-5515-4c24-a1ac-7272aea36086,tester
451,09eac961-1214-483e-adc6-3ea3316c3c27,community_04,Blessing,Lawal,male,2000-07-06,,08045002597,https://www.commcarehq.org/photos/farmer_451.jpg,5,mixed_farming,5,owned,3,rain-fed,---,rice,---,---,3.9,goats,21,---,10.3246463 7.4026893 0.0 20.0,yes,6d756e44-ddeb-4b80-bb2c-a3cec2d6cd43,2026-06-26 00:08:00,2026-06-26,tester,2026-06-26 00:08:07,https://www.commcarehq.org/form/09eac961-1214-483e-adc6-3ea3316c3c27,tester
452,b8124e54-7b75-46f1-9dfa-e1514fb0d927,community_02,Blessing,Mohammed,female,1976-05-18,15070558596,08087929801,https://www.commcarehq.org/photos/farmer_452.jpg,1,mixed_farming,26,owned,2,other,Spring Water,groundnuts,1.8,---,---,goats,13,---,10.3515932 7.2030713 0.0 20.0,yes,7af8faeb-752a-47a8-8581-294ba115f757,2026-06-17 00:07:00,2026-06-17,tester,2026-06-17 00:07:14,https://www.commcarehq.org/form/b8124e54-7b75-46f1-9dfa-e1514fb0d927,tester
453,2a79f24b-051b-4aed-8a89-a1ce8479e035,community_06,Musa,Yakubu,female,1996-02-09,,08096298644,https://www.commcarehq.org/photos/farmer_453.jpg,5,crop_farming,5,owned,2,rain-fed,---,groundnuts maize rice,2.4,6.3,1.2,---,---,---,10.3700606 7.2970067 0.0 20.0,yes,c09e552f-3cd8-48ca-9f3e-ad9480e3bd2c,2026-03-08 00:08:00,2026-03-08,tester,2026-03-08 00:08:17,https://www.commcarehq.org/form/2a79f24b-051b-4aed-8a89-a1ce8479e035,tester
454,c864503f-db93-4cd2-a1f2-658527e2e621,community_06,Paul,Peter,female,1990-01-19,,08003362066,https://www.commcarehq.org/photos/farmer_454.jpg,4,crop_farming,6,leased,2,irrigation_scheme,---,rice maize groundnuts,1.5,5.1,2.6,goats rabbits,5,19,10.4836564 7.2399659 0.0 20.0,yes,3ca68a81-d1f4-41d5-8c56-fbd113409f7f,2026-05-09 00:08:00,2026-05-09,tester,2026-05-09 00:08:13,https://www.commcarehq.org/form/c864503f-db93-4cd2-a1f2-658527e2e621,tester
455,2d664882-175b-4631-8abc-c6a9f7017f4c,community_04,Esther,Ojo,male,2000-06-30,81248396098,08094451058,https://www.commcarehq.org/photos/farmer_455.jpg,5,crop_farming,5,owned,3,rain-fed,---,rice,---,---,3.3,goats rabbits,25,12,10.2213885 7.4115048 0.0 20.0,yes,88496069-0d78-4cce-a265-31caed7c0627,2026-05-03 00:04:00,2026-05-03,tester,2026-05-03 00:04:12,https://www.commcarehq.org/form/2d664882-175b-4631-8abc-c6a9f7017f4c,tester
456,4bac1468-4a3a-4153-8355-b1c7a6259b4b,community_03,Yusuf,Okafor,female,1968-06-21,99416928372,08019911662,https://www.commcarehq.org/photos/farmer_456.jpg,5,mixed_farming,18,owned,3,rain-fed,---,maize rice groundnuts,1.3,1.4,1.2,rabbits,---,14,10.2616655 7.4851701 0.0 20.0,yes,95a0e49f-82e7-4b82-bbe8-b3bba0798cb9,2026-05-18 00:06:00,2026-05-18,tester,2026-05-18 00:06:20,https://www.commcarehq.org/form/4bac1468-4a3a-4153-8355-b1c7a6259b4b,tester
457,a83a9ef7-61e6-4d2a-9f1d-50b2f29ff06b,community_05,Hauwa,Balogun,female,2000-12-16,,08022674085,https://www.commcarehq.org/photos/farmer_457.jpg,6,livestock_farming,6,family_land,3,river_stream,---,rice,---,---,3.2,---,---,---,10.301972 7.4859033 0.0 20.0,yes,5f78679b-6b32-4e49-9335-132583b6e347,2026-04-09 00:06:00,2026-04-09,tester,2026-04-09 00:06:12,https://www.commcarehq.org/form/a83a9ef7-61e6-4d2a-9f1d-50b2f29ff06b,tester
458,e205ee20-2b5c-4dfe-8d47-d609be350d57,community_02,Mercy,Yakubu,female,1993-01-21,,08080887757,https://www.commcarehq.org/photos/farmer_458.jpg,6,mixed_farming,2,family_land,2,rain-fed,---,rice maize,---,2.1,2.0,---,---,---,10.4140321 7.3446527 0.0 20.0,yes,7150ac91-4a4a-48a9-87ce-8e1e144556ad,2026-06-04 00:06:00,2026-06-04,tester,2026-06-04 00:06:11,https://www.commcarehq.org/form/e205ee20-2b5c-4dfe-8d47-d609be350d57,tester
459,1b4f882d-4b99-45d1-afa2-d89e9f64518e,community_03,Paul,Sani,male,1981-03-11,27709579721,08059525365,https://www.commcarehq.org/photos/farmer_459.jpg,7,livestock_farming,25,family_land,1,other,Community Well,rice groundnuts maize,0.8,5.5,2.9,goats rabbits,9,7,10.5447392 7.5945983 0.0 20.0,yes,518bd4bc-3d89-40f5-b050-dd006e4c9ba0,2026-04-08 00:07:00,2026-04-08,tester,2026-04-08 00:07:13,https://www.commcarehq.org/form/1b4f882d-4b99-45d1-afa2-d89e9f64518e,tester
460,0ba6391e-d0eb-46ac-8d72-724ed4d7d3d7,community_01,Sarah,Michael,male,1982-09-12,42304439574,08027116509,https://www.commcarehq.org/photos/farmer_460.jpg,4,livestock_farming,17,leased,1,rain-fed,---,groundnuts,0.9,---,---,goats rabbits,5,16,10.2702917 7.200845 0.0 20.0,yes,f3cdbf62-41a1-499d-989a-3270ae078d35,2026-05-14 00:05:00,2026-05-14,tester,2026-05-14 00:05:19,https://www.commcarehq.org/form/0ba6391e-d0eb-46ac-8d72-724ed4d7d3d7,tester
461,d5d4c946-703b-4630-a479-08e4ecca9201,community_03,Mary,Musa,female,1976-08-04,,08096715813,https://www.commcarehq.org/photos/farmer_461.jpg,3,crop_farming,19,leased,3,dam_reservoir,---,rice groundnuts maize,1.2,5.2,3.2,rabbits,---,22,10.323732 7.5465418 0.0 20.0,yes,6f170ed0-e9cb-4687-95d7-4ecf21aa846b,2026-06-23 00:08:00,2026-06-23,tester,2026-06-23 00:08:08,https://www.commcarehq.org/form/d5d4c946-703b-4630-a479-08e4ecca9201,tester
462,43867e64-c350-43ff-80c2-f1cf4f918faa,community_01,John,Balogun,female,2002-04-05,90497112402,08038390483,https://www.commcarehq.org/photos/farmer_462.jpg,1,crop_farming,3,owned,1,borehole,---,maize,---,0.5,---,goats rabbits,12,39,10.3075458 7.4474455 0.0 20.0,yes,0af2ffdb-0dcb-4bdd-bc28-16095b5f3f3b,2026-06-07 00:02:00,2026-06-07,tester,2026-06-07 00:02:16,https://www.commcarehq.org/form/43867e64-c350-43ff-80c2-f1cf4f918faa,tester
463,4bd8e9a6-470c-45cf-b7eb-1b4c01d2eb76,community_06,Emmanuel,Daniel,male,1981-10-02,89746668055,08061675555,https://www.commcarehq.org/photos/farmer_463.jpg,8,livestock_farming,22,family_land,4,rain-fed,---,maize groundnuts rice,1.6,1.0,2.1,goats,24,---,10.2506017 7.5773072 0.0 20.0,yes,33fabe33-fef8-4937-99ff-adbdcea3bcf6,2026-06-29 00:08:00,2026-06-29,tester,2026-06-29 00:08:16,https://www.commcarehq.org/form/4bd8e9a6-470c-45cf-b7eb-1b4c01d2eb76,tester
464,d1395f4e-84f2-4532-855e-a6aa80ae15d9,community_03,Binta,Yakubu,female,1974-01-01,22789458540,08050983104,https://www.commcarehq.org/photos/farmer_464.jpg,5,crop_farming,32,owned,6,rain-fed,---,maize groundnuts,2.5,1.1,---,---,---,---,10.4205703 7.3121324 0.0 20.0,yes,7179e041-5f53-44a5-8443-ed062c62331f,2026-06-01 00:05:00,2026-06-01,tester,2026-06-01 00:05:09,https://www.commcarehq.org/form/d1395f4e-84f2-4532-855e-a6aa80ae15d9,tester
465,e7ee4f92-3d26-4896-837a-32c1b6b53179,community_03,Rebecca,Isa,male,1955-10-30,16224606339,08088927218,https://www.commcarehq.org/photos/farmer_465.jpg,5,mixed_farming,3,owned,6,rain-fed,---,maize groundnuts,2.3,0.6,---,rabbits,---,27,10.2878229 7.4816507 0.0 20.0,yes,c588353d-2ec0-464c-9008-c26edc3d2026,2026-03-12 00:02:00,2026-03-12,tester,2026-03-12 00:02:19,https://www.commcarehq.org/form/e7ee4f92-3d26-4896-837a-32c1b6b53179,tester
466,89ff975b-c603-4c27-b1a0-7f2c2b8192ce,community_01,Joy,Peter,male,1973-10-30,94009517385,08037700598,https://www.commcarehq.org/photos/farmer_466.jpg,4,crop_farming,6,owned,6,irrigation_scheme,---,groundnuts maize,0.7,5.2,---,---,---,---,10.5012232 7.2236007 0.0 20.0,yes,a07576b4-5960-4c88-b1e7-765e68877b1f,2026-04-06 00:02:00,2026-04-06,tester,2026-04-06 00:02:10,https://www.commcarehq.org/form/89ff975b-c603-4c27-b1a0-7f2c2b8192ce,tester
467,5b2b4a5d-c755-4d03-958c-c1d84bec7b0c,community_06,Naomi,Abdullahi,male,1975-02-03,18075019327,08072870510,https://www.commcarehq.org/photos/farmer_467.jpg,3,mixed_farming,1,leased,2,river_stream,---,groundnuts maize rice,2.2,1.9,2.8,---,---,---,10.3652817 7.4221332 0.0 20.0,yes,dbd13c15-ef29-4244-9c0b-319f5517fb74,2026-04-16 00:04:00,2026-04-16,tester,2026-04-16 00:04:09,https://www.commcarehq.org/form/5b2b4a5d-c755-4d03-958c-c1d84bec7b0c,tester
468,fa5f4ed7-2658-47c9-993e-84ee4cfb5c86,community_04,James,Ibrahim,female,1994-08-24,,08051488097,https://www.commcarehq.org/photos/farmer_468.jpg,11,mixed_farming,11,family_land,1,rain-fed,---,groundnuts maize,1.6,3.6,---,---,---,---,10.5485428 7.2605536 0.0 20.0,yes,63c11d12-fc77-496b-85d2-e948b8fcb830,2026-04-14 00:08:00,2026-04-14,tester,2026-04-14 00:08:13,https://www.commcarehq.org/form/fa5f4ed7-2658-47c9-993e-84ee4cfb5c86,tester
469,4ce15f33-1856-4537-b1d3-e278f51c784b,community_07,David,Musa,female,1986-10-04,81047099986,08013183999,https://www.commcarehq.org/photos/farmer_469.jpg,5,crop_farming,11,owned,2,borehole,---,maize rice,---,4.2,1.7,goats rabbits,14,38,10.2731089 7.5298608 0.0 20.0,yes,108eed91-df42-45f0-9734-a3d1624abf1e,2026-05-19 00:04:00,2026-05-19,tester,2026-05-19 00:04:15,https://www.commcarehq.org/form/4ce15f33-1856-4537-b1d3-e278f51c784b,tester
470,bfabcbb7-2f06-4eb8-a836-a01114cd14fa,community_01,Ruth,Ojo,female,1967-05-25,,08000179090,https://www.commcarehq.org/photos/farmer_470.jpg,5,crop_farming,25,owned,6,rain-fed,---,rice maize groundnuts,1.3,6.0,1.4,---,---,---,10.5992844 7.5571875 0.0 20.0,yes,bbf9411e-1625-4bfb-b098-a7e3f3b62d8d,2026-02-16 00:05:00,2026-02-16,tester,2026-02-16 00:05:15,https://www.commcarehq.org/form/bfabcbb7-2f06-4eb8-a836-a01114cd14fa,tester
471,399f56f9-35f4-4930-9276-2110812925c5,community_06,Naomi,Okafor,male,1966-04-27,,08076033899,https://www.commcarehq.org/photos/farmer_471.jpg,5,mixed_farming,17,owned,3,rain-fed,---,maize,---,1.1,---,goats,8,---,10.3854782 7.4202978 0.0 20.0,yes,ad0f1e78-a543-4974-9307-de6e4b80dc61,2026-06-01 00:07:00,2026-06-01,tester,2026-06-01 00:07:16,https://www.commcarehq.org/form/399f56f9-35f4-4930-9276-2110812925c5,tester
472,008d12fd-cae0-40a0-86db-a4fd593508e0,community_05,Elizabeth,Garba,female,1976-07-09,,08026237281,https://www.commcarehq.org/photos/farmer_472.jpg,5,livestock_farming,28,owned,3,borehole,---,groundnuts,1.9,---,---,---,---,---,10.5821647 7.5961943 0.0 20.0,yes,3a43c606-e7c2-4ce0-8af0-e4140240f476,2026-06-07 00:06:00,2026-06-07,tester,2026-06-07 00:06:10,https://www.commcarehq.org/form/008d12fd-cae0-40a0-86db-a4fd593508e0,tester
473,89ce3623-79ab-4f6a-afa8-1fe023b81b49,community_07,daniel,samuel,female,1990-07-24,14924214050,08030095563,https://www.commcarehq.org/photos/farmer_473.jpg,6,mixed_farming,3,owned,3,rain-fed,---,groundnuts maize rice,2.2,1.3,3.6,goats,8,---,10.3155904 7.4324213 0.0 20.0,yes,f7f8a41e-9754-4400-b4eb-78042cdf4998,2026-04-06 00:08:00,2026-04-06,tester,2026-04-06 00:08:12,https://www.commcarehq.org/form/89ce3623-79ab-4f6a-afa8-1fe023b81b49,tester
474,5d121ba0-2a8b-4955-9001-5e25e9b41da9,community_01,Joseph,Ibrahim,male,1974-01-24,32410994216,08068023281,https://www.commcarehq.org/photos/farmer_474.jpg,3,mixed_farming,12,family_land,3,rain-fed,---,maize,---,2.5,---,goats,2,---,10.2127793 7.2159335 0.0 20.0,yes,a624406d-59b7-4ca6-9f52-2388e5c27aff,2026-04-18 00:08:00,2026-04-18,tester,2026-04-18 00:08:06,https://www.commcarehq.org/form/5d121ba0-2a8b-4955-9001-5e25e9b41da9,tester
475,6deb26a3-628f-4367-82b4-631d794d451b,community_03,Amina,Ojo,female,1979-10-25,27239760325,08081347608,https://www.commcarehq.org/photos/farmer_475.jpg,5,crop_farming,25,leased,3,other,Community Well,rice groundnuts,0.7,---,2.6,---,---,---,10.2669948 7.2185705 0.0 20.0,yes,d994effd-36cf-4abd-a929-f38fb87c89c3,2026-03-03 00:05:00,2026-03-03,tester,2026-03-03 00:05:10,https://www.commcarehq.org/form/6deb26a3-628f-4367-82b4-631d794d451b,tester
476,261cd076-4a4c-4175-8fce-f5411f5412e9,community_06,Naomi,Ogunleye,male,1988-04-06,29738972795,08004031751,https://www.commcarehq.org/photos/farmer_476.jpg,6,mixed_farming,20,family_land,6,borehole,---,rice maize groundnuts,2.2,3.9,2.0,---,---,---,10.2845744 7.3485714 0.0 20.0,yes,287a5cd4-30a1-437a-8465-b32aed620330,2026-01-21 00:07:00,2026-01-21,tester,2026-01-21 00:07:15,https://www.commcarehq.org/form/261cd076-4a4c-4175-8fce-f5411f5412e9,tester
477,ebbfd465-4f04-4598-b61d-230ec4a3c89d,community_04,Samuel,Ogunleye,female,1997-05-21,16514451913,08077794768,https://www.commcarehq.org/photos/farmer_477.jpg,3,livestock_farming,9,leased,2,river_stream,---,maize rice,---,5.7,2.8,rabbits,---,32,10.2650054 7.2215897 0.0 20.0,yes,10926cfc-ccc9-47cc-97f8-eec91120eef4,2026-06-07 00:04:00,2026-06-07,tester,2026-06-07 00:04:09,https://www.commcarehq.org/form/ebbfd465-4f04-4598-b61d-230ec4a3c89d,tester
478,2d4095b0-4dac-4137-bc92-2632226d14a7,community_05,Joy,Garba,male,1965-03-09,75621708428,08096798709,https://www.commcarehq.org/photos/farmer_478.jpg,5,mixed_farming,9,family_land,4,rain-fed,---,maize,---,6.1,---,---,---,---,10.2524802 7.4867758 0.0 20.0,yes,68997594-1be1-44d7-8129-3c6796ab41d8,2026-02-02 00:07:00,2026-02-02,tester,2026-02-02 00:07:08,https://www.commcarehq.org/form/2d4095b0-4dac-4137-bc92-2632226d14a7,tester
479,8ae13c68-4bbd-4dd8-b04b-2bed283b31a8,community_02,Yusuf,Daniel,male,1973-10-30,66036587907,08021683728,https://www.commcarehq.org/photos/farmer_479.jpg,6,mixed_farming,35,owned,1,borehole,---,groundnuts maize rice,1.7,2.8,2.6,rabbits,---,35,10.2872679 7.577645 0.0 20.0,yes,52ca2fa7-7a8e-410f-a599-d9f9cae65be7,2026-03-05 00:08:00,2026-03-05,tester,2026-03-05 00:08:13,https://www.commcarehq.org/form/8ae13c68-4bbd-4dd8-b04b-2bed283b31a8,tester
480,f58dceca-1e86-4bbc-91ea-8e7ea0b6acb8,community_01,Joseph,David,male,1983-05-13,78779572368,08004894939,https://www.commcarehq.org/photos/farmer_480.jpg,3,livestock_farming,3,owned,2,rain-fed,---,maize rice groundnuts,2.1,3.1,2.0,---,---,---,10.4418637 7.2754258 0.0 20.0,yes,0a630d32-1282-4607-9059-8a9a888851fc,2026-04-17 00:04:00,2026-04-17,tester,2026-04-17 00:04:05,https://www.commcarehq.org/form/f58dceca-1e86-4bbc-91ea-8e7ea0b6acb8,tester
481,065f1281-9934-4a0c-a927-784498200663,community_02,Hauwa,David,male,1993-12-24,19094469340,08021241836,https://www.commcarehq.org/photos/farmer_481.jpg,8,crop_farming,9,leased,3,rain-fed,---,maize groundnuts rice,0.9,1.9,1.6,rabbits,---,40,10.4283575 7.3521065 0.0 20.0,yes,c3fc937c-664d-4a89-abe1-d5027ca91fc5,2026-05-24 00:04:00,2026-05-24,tester,2026-05-24 00:04:12,https://www.commcarehq.org/form/065f1281-9934-4a0c-a927-784498200663,tester
482,b1abcd9e-8eaf-4286-ab4a-9275307cc750,community_07,Suleiman,Ahmed,female,1961-01-11,,08032299060,https://www.commcarehq.org/photos/farmer_482.jpg,8,mixed_farming,26,owned,3,river_stream,---,maize rice groundnuts,1.3,3.2,2.6,---,---,---,10.3073005 7.5088355 0.0 20.0,yes,e5cf702a-028f-49a1-a800-a27c7f55d8fb,2026-06-12 00:04:00,2026-06-12,tester,2026-06-12 00:04:11,https://www.commcarehq.org/form/b1abcd9e-8eaf-4286-ab4a-9275307cc750,tester
483,58622f44-872b-4c6a-af74-7db4b8d80052,community_03,Peter,Usman,male,1981-12-23,94731687993,08073849112,https://www.commcarehq.org/photos/farmer_483.jpg,3,mixed_farming,27,leased,2,river_stream,---,maize,---,4.1,---,goats,13,---,10.35883 7.5376958 0.0 20.0,yes,e390f4ce-de6b-485b-a99b-a0fa5f9151c5,2026-03-03 00:02:00,2026-03-03,tester,2026-03-03 00:02:19,https://www.commcarehq.org/form/58622f44-872b-4c6a-af74-7db4b8d80052,tester
484,f803ff41-47d4-400e-9db0-4f794f82edc2,community_06,James,Peter,male,1967-05-17,24537630933,8092996528,https://www.commcarehq.org/photos/farmer_484.jpg,6,crop_farming,20,owned,1,rain-fed,---,maize groundnuts rice,2.9,4.6,0.6,---,---,---,10.2487928 7.5760587 0.0 20.0,yes,686d1b78-e9e5-49ed-9e92-221cfb70b421,2026-02-12 00:03:00,2026-02-12,tester,2026-02-12 00:03:08,https://www.commcarehq.org/form/f803ff41-47d4-400e-9db0-4f794f82edc2,tester
485,216548ac-b64c-4d2c-a4a9-a88b4a9a89c2,community_01,Suleiman,Sani,male,1958-02-06,35324248881,08049728660,https://www.commcarehq.org/photos/farmer_485.jpg,6,livestock_farming,44,owned,3,rain-fed,---,groundnuts rice maize,1.7,1.3,2.0,---,---,---,10.2779917 7.2013621 0.0 20.0,yes,8fac2aec-4a93-4927-8a5c-fe183e3dcd7e,2026-01-16 00:07:00,2026-01-16,tester,2026-01-16 00:07:06,https://www.commcarehq.org/form/216548ac-b64c-4d2c-a4a9-a88b4a9a89c2,tester
486,8b274599-129b-4041-9968-b565f54b5c2e,community_07,Binta,Ogunleye,male,2000-10-06,54528020380,08066001811,https://www.commcarehq.org/photos/farmer_486.jpg,5,mixed_farming,4,owned,1,rain-fed,---,rice groundnuts maize,2.4,3.7,2.7,goats,7,---,10.2793838 7.2792462 0.0 20.0,yes,bfce49b6-8c48-4d17-afd0-1b034559fc22,2026-03-31 00:07:00,2026-03-31,tester,2026-03-31 00:07:09,https://www.commcarehq.org/form/8b274599-129b-4041-9968-b565f54b5c2e,tester
487,ddbf77ea-bfc6-4b7d-a848-a07b9ad3958a,community_04,Joseph,Isa,female,1998-04-04,58301765921,08013688691,https://www.commcarehq.org/photos/farmer_487.jpg,4,crop_farming,10,owned,3,rain-fed,---,maize rice,---,4.6,3.4,---,---,---,10.3416155 7.2516811 0.0 20.0,yes,01b08d59-c565-411a-83d7-b92ea7ac135f,2026-01-23 00:06:00,2026-01-23,tester,2026-01-23 00:06:16,https://www.commcarehq.org/form/ddbf77ea-bfc6-4b7d-a848-a07b9ad3958a,tester
488,e446e297-6584-4d38-8073-cb3eb5c399c1,community_07,Ruth,David,male,2001-06-14,93275507281,08049788100,https://www.commcarehq.org/photos/farmer_488.jpg,10,livestock_farming,5,family_land,3,borehole,---,rice maize,---,6.0,3.2,---,---,---,10.3610149 7.2801216 0.0 20.0,yes,518de010-3131-4ab6-bbcf-2beaa28a66b0,2026-03-09 00:03:00,2026-03-09,tester,2026-03-09 00:03:09,https://www.commcarehq.org/form/e446e297-6584-4d38-8073-cb3eb5c399c1,tester
489,f248f2a7-4dc6-474e-8ca7-2f3eda0ea671,community_02,John,Ogunleye,female,2005-07-07,25611091312,08072939857,https://www.commcarehq.org/photos/farmer_489.jpg,8,crop_farming,3,leased,4,river_stream,---,maize groundnuts rice,2.1,5.9,1.3,---,---,---,10.3915154 7.5194952 0.0 20.0,yes,8e615daa-a2c1-4f2b-af06-47016174c6b0,2026-06-15 00:02:00,2026-06-15,tester,2026-06-15 00:02:06,https://www.commcarehq.org/form/f248f2a7-4dc6-474e-8ca7-2f3eda0ea671,tester
490,8c54829d-2f17-4e0d-9c02-6b083cbea4e8,community_02,Ahmed,Abdullahi,male,2005-07-03,41418782332,08089763062,https://www.commcarehq.org/photos/farmer_490.jpg,6,mixed_farming,2,family_land,1,borehole,---,maize rice groundnuts,1.3,2.2,2.2,goats,10,---,10.5197129 7.5747134 0.0 20.0,yes,c9e4f27a-d40b-4d2d-aa4a-1209ab77d729,2026-04-05 00:02:00,2026-04-05,tester,2026-04-05 00:02:18,https://www.commcarehq.org/form/8c54829d-2f17-4e0d-9c02-6b083cbea4e8,tester
491,507a88d2-c7a2-4909-a002-9835009addf4,community_07,James,Bello,male,1971-01-28,87382026272,08090752353,https://www.commcarehq.org/photos/farmer_491.jpg,1,crop_farming,11,owned,1,rain-fed,---,maize groundnuts rice,2.3,1.0,1.6,---,---,---,10.5007591 7.3719986 0.0 20.0,yes,0d9ff0fa-5fda-4eab-8f87-f26d7f0eba3a,2026-04-14 00:05:00,2026-04-14,tester,2026-04-14 00:05:19,https://www.commcarehq.org/form/507a88d2-c7a2-4909-a002-9835009addf4,tester
492,5a34de47-5e21-4b40-a9d8-308b6cf80634,community_03,Blessing,yakubu,male,2001-10-29,,8027914374,https://www.commcarehq.org/photos/farmer_492.jpg,5,mixed_farming,4,family_land,2,river_stream,---,rice,---,---,2.9,---,---,---,10.323507 7.2461153 0.0 20.0,yes,00e9f2f4-3177-41fd-98a8-afa359f4d25f,2026-04-08 00:04:00,2026-04-08,tester,2026-04-08 00:04:14,https://www.commcarehq.org/form/5a34de47-5e21-4b40-a9d8-308b6cf80634,tester
493,4caefab7-6200-4f50-8408-0d791655ced1,community_02,Esther,Adeyemi,female,1981-04-10,14916585311,08015303822,https://www.commcarehq.org/photos/farmer_493.jpg,8,crop_farming,23,owned,1,rain-fed,---,maize rice,---,3.8,3.2,---,---,---,10.3791304 7.3800556 0.0 20.0,yes,a4a61c83-4ce7-44d6-9182-cc29b02b8b97,2026-01-23 00:05:00,2026-01-23,tester,2026-01-23 00:05:11,https://www.commcarehq.org/form/4caefab7-6200-4f50-8408-0d791655ced1,tester
494,e3f0262a-5661-4605-89e0-93a85c1f07d2,community_03,Daniel,Usman,female,2003-06-21,58293745808,08032153241,https://www.commcarehq.org/photos/farmer_494.jpg,6,mixed_farming,3,owned,3,rain-fed,---,rice,---,---,1.8,rabbits,---,25,10.3399058 7.2646048 0.0 20.0,yes,ce1bb8ab-08ea-460f-8e80-2f4c6e152507,2026-04-16 00:07:00,2026-04-16,tester,2026-04-16 00:07:11,https://www.commcarehq.org/form/e3f0262a-5661-4605-89e0-93a85c1f07d2,tester
495,eb7e00ac-11e4-427d-962e-ff3f1e412bba,community_03,Peter,Bello,female,1977-08-30,,08087632629,https://www.commcarehq.org/photos/farmer_495.jpg,5,crop_farming,8,owned,2,borehole,---,rice groundnuts,1.5,---,3.7,---,---,---,10.2969832 7.4822749 0.0 20.0,yes,55c8521a-2636-4194-a3a5-f68cd1011055,2026-03-12 00:06:00,2026-03-12,tester,2026-03-12 00:06:19,https://www.commcarehq.org/form/eb7e00ac-11e4-427d-962e-ff3f1e412bba,tester
496,e4fb35e9-f437-47a9-9b78-556ecee0937d,community_02,BLESSING,Michael,male,1995-10-13,,08086125517,https://www.commcarehq.org/photos/farmer_496.jpg,8,mixed_farming,9,family_land,3,dam_reservoir,---,groundnuts,0.9,---,---,---,---,---,10.5040995 7.3782172 0.0 20.0,yes,4b888aca-f7d3-4d41-a430-e19f1f4195ad,2026-02-14 00:02:00,2026-02-14,tester,2026-02-14 00:02:20,https://www.commcarehq.org/form/e4fb35e9-f437-47a9-9b78-556ecee0937d,tester
497,3b73d0c8-499a-4137-97c5-6e8df3706d81,community_06,Ruth,Johnson,male,1971-04-08,59017596537,08038170035,https://www.commcarehq.org/photos/farmer_497.jpg,10,mixed_farming,2,owned,3,rain-fed,---,groundnuts,2.3,---,---,---,---,---,10.5457277 7.411506 0.0 20.0,yes,21b8735e-4534-429c-b468-de26a44ffaef,2026-02-18 00:04:00,2026-02-18,tester,2026-02-18 00:04:15,https://www.commcarehq.org/form/3b73d0c8-499a-4137-97c5-6e8df3706d81,tester
498,bd3d92ed-7f12-4cee-9ecd-2f17b0df09f1,community_05,Joy,Ibrahim,female,1980-06-02,,08069232233,https://www.commcarehq.org/photos/farmer_498.jpg,10,crop_farming,6,owned,6,borehole,---,groundnuts,1.0,---,---,rabbits,---,28,10.2831649 7.2431126 0.0 20.0,yes,8147caff-043b-4160-9404-20d552b46136,2026-06-19 00:05:00,2026-06-19,tester,2026-06-19 00:05:18,https://www.commcarehq.org/form/bd3d92ed-7f12-4cee-9ecd-2f17b0df09f1,tester
499,55a0f6a6-40ad-4c2b-a24b-081378fac593,community_04,Yusuf,Adeyemi,female,1988-06-26,55746234009,08078527918,https://www.commcarehq.org/photos/farmer_499.jpg,3,crop_farming,10,owned,4,rain-fed,---,groundnuts rice,1.1,---,3.3,---,---,---,10.2653478 7.5260267 0.0 20.0,yes,df3819df-18bb-4800-8584-818fae029039,2026-03-13 00:05:00,2026-03-13,tester,2026-03-13 00:05:17,https://www.commcarehq.org/form/55a0f6a6-40ad-4c2b-a24b-081378fac593,tester
500,93579b30-f56a-458f-babc-cbd2a88e7d87,community_02,samuel,LAWAL,male,1974-04-04,92262874450,08070035120,https://www.commcarehq.org/photos/farmer_500.jpg,3,crop_farming,5,family_land,1,rain-fed,---,maize groundnuts,1.6,3.1,---,---,---,---,10.3389494 7.5255323 0.0 20.0,yes,5e78f1fc-7aae-495d-bdce-6da566214389,2026-01-15 00:03:00,2026-01-15,tester,2026-01-15 00:03:13,https://www.commcarehq.org/form/93579b30-f56a-458f-babc-cbd2a88e7d87,tester
501,7e55ab44-590b-4f91-908d-c7125ae1635d,community_05,John,Musa,male,1958-09-24,33569218238,+2348022791120,https://www.commcarehq.org/photos/farmer_501.jpg,7,livestock_farming,2,owned,4,borehole,---,maize,---,0.8,---,goats,16,---,10.4888849 7.5665167 0.0 20.0,yes,365acf49-5418-4e1b-aa4a-27f42223da88,2026-05-20 00:05:00,2026-05-20,tester,2026-05-20 00:05:08,https://www.commcarehq.org/form/7e55ab44-590b-4f91-908d-c7125ae1635d,tester
502,fc91ff73-0474-4ef1-b62c-98c55a0ff73f,community_06,Ruth,Ojo,female,1981-12-13,35178238709,08090355916,https://www.commcarehq.org/photos/farmer_502.jpg,1,crop_farming,2,family_land,3,rain-fed,---,rice maize,---,4.8,3.7,rabbits,---,17,10.3941871 7.4508804 0.0 20.0,yes,cb63b4b1-d9ff-49d7-a1f0-5b5ad3cae4e3,2026-01-20 00:08:00,2026-01-20,tester,2026-01-20 00:08:10,https://www.commcarehq.org/form/fc91ff73-0474-4ef1-b62c-98c55a0ff73f,tester
503,edac4939-aaef-4696-8ff4-d534aae1e1b6,community_01,Fatima,Bello,female,2000-10-18,60237756037,08095870990,https://www.commcarehq.org/photos/farmer_503.jpg,3,mixed_farming,4,owned,6,rain-fed,---,maize groundnuts rice,2.3,5.9,0.9,goats rabbits,7,33,10.5781386 7.4993753 0.0 20.0,yes,46b3ca29-68c2-4496-b0e8-19027c71d38a,2026-05-23 00:05:00,2026-05-23,tester,2026-05-23 00:05:10,https://www.commcarehq.org/form/edac4939-aaef-4696-8ff4-d534aae1e1b6,tester
504,47f92bd6-1582-48b0-8ee1-a49a233c3ca2,community_01,Daniel,Tanko,male,2002-04-08,47842565441,08056811768,https://www.commcarehq.org/photos/farmer_504.jpg,4,crop_farming,1,owned,3,rain-fed,---,groundnuts maize,1.7,5.3,---,goats,13,---,10.3510093 7.4029947 0.0 20.0,yes,6dd45df3-5d92-4b3d-89f7-e1dfce897a99,2026-06-06 00:08:00,2026-06-06,tester,2026-06-06 00:08:15,https://www.commcarehq.org/form/47f92bd6-1582-48b0-8ee1-a49a233c3ca2,tester
505,b45b59fa-94b3-4dc4-932e-40459db1040d,community_02,AHMED,ali,male,1983-12-21,38595602886,08018742443,https://www.commcarehq.org/photos/farmer_505.jpg,4,crop_farming,14,owned,2,rain-fed,---,groundnuts rice maize,1.9,6.1,1.0,goats,4,---,10.5458741 7.5715748 0.0 20.0,yes,377bbd5f-733b-456c-bc6a-4201cb6c6710,2026-01-11 00:03:00,2026-01-11,tester,2026-01-11 00:03:15,https://www.commcarehq.org/form/b45b59fa-94b3-4dc4-932e-40459db1040d,tester
506,2c9b4978-12e6-4b56-9a3c-4382f54255ef,community_02,Ahmed,Ogunleye,female,1992-11-14,,08086162714,https://www.commcarehq.org/photos/farmer_506.jpg,3,mixed_farming,11,owned,1,rain-fed,---,groundnuts rice maize,1.9,5.6,1.3,rabbits,---,7,10.2707121 7.260736 0.0 20.0,yes,461d0deb-c514-4a78-a9da-39ad71788364,2026-02-14 00:08:00,2026-02-14,tester,2026-02-14 00:08:07,https://www.commcarehq.org/form/2c9b4978-12e6-4b56-9a3c-4382f54255ef,tester
507,cff49754-1ea0-4ccb-a234-99e05ac0c550,community_03,Musa,Yakubu,female,1970-10-13,84884645534,08044481552,https://www.commcarehq.org/photos/farmer_507.jpg,2,mixed_farming,1,owned,6,irrigation_scheme,---,maize rice,---,2.0,1.6,goats,25,---,10.4551224 7.3127076 0.0 20.0,yes,37925cc3-0674-4c73-b58d-22f41e1b860e,2026-03-21 00:08:00,2026-03-21,tester,2026-03-21 00:08:08,https://www.commcarehq.org/form/cff49754-1ea0-4ccb-a234-99e05ac0c550,tester
508,ca14897d-c497-4e5e-b069-a91c0be452c5,community_04,Suleiman,Peter,male,1984-09-02,69829590188,08081106012,https://www.commcarehq.org/photos/farmer_508.jpg,4,mixed_farming,17,leased,3,borehole,---,groundnuts,1.7,---,---,rabbits,---,28,10.435251 7.4376246 0.0 20.0,yes,377bce14-6b37-4d84-8e41-40c2802cd9f3,2026-05-28 00:07:00,2026-05-28,tester,2026-05-28 00:07:08,https://www.commcarehq.org/form/ca14897d-c497-4e5e-b069-a91c0be452c5,tester
509,3b035a9e-ed07-42bd-a95d-78c2a5fc02c0,community_05,Esther,Ogunleye,male,1976-06-14,67689962001,08047770311,https://www.commcarehq.org/photos/farmer_509.jpg,5,livestock_farming,1,owned,1,rain-fed,---,rice,---,---,3.6,rabbits,---,24,10.4212603 7.2647355 0.0 20.0,yes,6051e0df-536e-4d72-966b-8f18a0e1bc76,2026-06-07 00:03:00,2026-06-07,tester,2026-06-07 00:03:06,https://www.commcarehq.org/form/3b035a9e-ed07-42bd-a95d-78c2a5fc02c0,tester
510,6eb3927f-eefc-4b84-b753-b8af3238f195,community_01,Joseph,Sani,female,2000-11-26,,08081588586,https://www.commcarehq.org/photos/farmer_510.jpg,4,livestock_farming,2,owned,6,dam_reservoir,---,groundnuts maize,1.6,2.0,---,---,---,---,10.2434641 7.589259 0.0 20.0,yes,01b30e4d-e4a6-49d6-a698-eb48a5a28f36,2026-06-19 00:06:00,2026-06-19,tester,2026-06-19 00:06:10,https://www.commcarehq.org/form/6eb3927f-eefc-4b84-b753-b8af3238f195,tester
511,3f39bf3d-8939-4dcb-9117-8402db64eb52,community_02,Peter,Ogunleye,female,1999-10-21,,08028468539,https://www.commcarehq.org/photos/farmer_511.jpg,12,crop_farming,2,family_land,2,borehole,---,groundnuts rice maize,2.6,5.4,1.4,goats,6,---,10.3778379 7.3639006 0.0 20.0,yes,fcd34cd8-b988-4e39-8cb0-f9875eefce18,2026-05-09 00:07:00,2026-05-09,tester,2026-05-09 00:07:08,https://www.commcarehq.org/form/3f39bf3d-8939-4dcb-9117-8402db64eb52,tester
512,95b59135-5803-4c32-9a54-9af88400ae65,community_03,Blessing,Usman,female,1982-10-08,,08034707773,https://www.commcarehq.org/photos/farmer_512.jpg,8,crop_farming,6,family_land,2,rain-fed,---,maize groundnuts,1.3,3.5,---,---,---,---,10.3373714 7.2894063 0.0 20.0,yes,1d64234e-902c-4e10-95ce-980de1378836,2026-04-22 00:07:00,2026-04-22,tester,2026-04-22 00:07:05,https://www.commcarehq.org/form/95b59135-5803-4c32-9a54-9af88400ae65,tester
513,8f1d54ac-a4bb-4f9c-bcf6-90b20628f9da,community_06,Suleiman,Ahmed,female,1977-07-02,77119178718,08016493753,https://www.commcarehq.org/photos/farmer_513.jpg,3,mixed_farming,10,family_land,2,rain-fed,---,rice maize groundnuts,1.2,6.2,1.2,---,---,---,10.3209076 7.3643814 0.0 20.0,yes,55275e25-2783-4335-ba86-abe4b003a732,2026-04-28 00:06:00,2026-04-28,tester,2026-04-28 00:06:15,https://www.commcarehq.org/form/8f1d54ac-a4bb-4f9c-bcf6-90b20628f9da,tester
514,338644d8-14b4-4bc4-8b7f-6e3595f10c35,community_02,Suleiman,Okafor,male,1980-02-14,,08052371688,https://www.commcarehq.org/photos/farmer_514.jpg,5,livestock_farming,2,owned,1,rain-fed,---,maize groundnuts,0.5,3.8,---,goats,10,---,10.2417499 7.2885758 0.0 20.0,yes,acce9e7d-e8f5-47ec-ac2e-c5cd1349b292,2026-05-19 00:06:00,2026-05-19,tester,2026-05-19 00:06:11,https://www.commcarehq.org/form/338644d8-14b4-4bc4-8b7f-6e3595f10c35,tester
515,db4012f7-587c-405d-b12d-783f25e2302f,community_06,Paul,Musa,male,1987-10-02,46394379580,08087139219,https://www.commcarehq.org/photos/farmer_515.jpg,10,crop_farming,12,family_land,3,rain-fed,---,maize groundnuts rice,2.8,6.2,1.9,goats,10,---,10.2766328 7.37531 0.0 20.0,yes,04db51bb-61e4-48f6-8ff0-6874a7007e67,2026-03-17 00:05:00,2026-03-17,tester,2026-03-17 00:05:19,https://www.commcarehq.org/form/db4012f7-587c-405d-b12d-783f25e2302f,tester
516,ee1ba9f4-f797-4ab6-b14b-2371cad0f1a8,community_04,Esther,Lawal,male,1975-08-14,33502508110,08046017481,https://www.commcarehq.org/photos/farmer_516.jpg,4,livestock_farming,17,owned,3,rain-fed,---,rice maize,---,6.2,2.5,---,---,---,10.3496901 7.3203534 0.0 20.0,yes,889572b9-5154-47f8-9823-11d0af3bbe40,2026-02-06 00:08:00,2026-02-06,tester,2026-02-06 00:08:09,https://www.commcarehq.org/form/ee1ba9f4-f797-4ab6-b14b-2371cad0f1a8,tester
517,42393f07-2e3e-4ad1-ba96-0d9c88dda6ec,community_01,Elizabeth,Samuel,female,1989-05-01,32240459211,08091632664,https://www.commcarehq.org/photos/farmer_517.jpg,3,livestock_farming,10,owned,3,rain-fed,---,rice,---,---,2.0,goats,9,---,10.3250159 7.3956396 0.0 20.0,yes,7426c701-3406-47b8-943c-a3117838277a,2026-02-05 00:04:00,2026-02-05,tester,2026-02-05 00:04:15,https://www.commcarehq.org/form/42393f07-2e3e-4ad1-ba96-0d9c88dda6ec,tester
518,c7f74181-0ff5-4730-9377-94cd79f677d6,community_05,John,James,male,1967-06-18,62609642181,08011089727,https://www.commcarehq.org/photos/farmer_518.jpg,4,crop_farming,18,owned,3,rain-fed,---,maize rice groundnuts,0.9,4.0,1.6,---,---,---,10.4851211 7.3250511 0.0 20.0,yes,8bfb901e-db9c-4f22-a227-fc684dd63cc3,2026-05-09 00:04:00,2026-05-09,tester,2026-05-09 00:04:20,https://www.commcarehq.org/form/c7f74181-0ff5-4730-9377-94cd79f677d6,tester
519,aba43b17-1009-4d5b-b922-303987c93470,community_03,Fatima,Ali,male,1995-10-12,,08003043476,https://www.commcarehq.org/photos/farmer_519.jpg,5,livestock_farming,12,family_land,3,river_stream,---,groundnuts maize,2.0,4.7,---,---,---,---,10.303983 7.5389622 0.0 20.0,yes,552fe072-e162-45ce-9ed2-1b34bff1f46e,2026-01-10 00:04:00,2026-01-10,tester,2026-01-10 00:04:12,https://www.commcarehq.org/form/aba43b17-1009-4d5b-b922-303987c93470,tester
520,2639582d-23a9-4e13-8b73-3f9bda7093d5,community_04,Mercy,Yusuf,male,2004-12-03,21972287072,08062699404,https://www.commcarehq.org/photos/farmer_520.jpg,7,mixed_farming,3,family_land,2,rain-fed,---,rice maize,---,1.6,2.9,goats,5,---,10.3222918 7.3306859 0.0 20.0,yes,d4b67bfb-de0a-440d-a65c-3f9651edcf34,2026-03-25 00:07:00,2026-03-25,tester,2026-03-25 00:07:12,https://www.commcarehq.org/form/2639582d-23a9-4e13-8b73-3f9bda7093d5,tester
521,5cdb95e8-b6a8-4973-b555-a90ee4ae45e0,community_03,Paul,Abdullahi,male,1999-05-15,77368963249,08012304795,https://www.commcarehq.org/photos/farmer_521.jpg,11,crop_farming,7,owned,3,irrigation_scheme,---,maize rice groundnuts,0.6,4.0,2.6,goats rabbits,3,36,10.438231 7.3361137 0.0 20.0,yes,f784518c-2d3a-49c8-ac09-0757a4be0bde,2026-01-05 00:06:00,2026-01-05,tester,2026-01-05 00:06:12,https://www.commcarehq.org/form/5cdb95e8-b6a8-4973-b555-a90ee4ae45e0,tester
522,4fe7c07d-4635-4fe6-8129-d09bcaaf5100,community_06,Ahmed,Ogunleye,male,2006-10-03,81569493004,08022637556,https://www.commcarehq.org/photos/farmer_522.jpg,8,crop_farming,1,owned,2,irrigation_scheme,---,rice maize,---,5.0,0.9,rabbits,---,39,10.2205369 7.2573837 0.0 20.0,yes,a1a91611-ebff-4c55-851e-f47257ed2c0f,2026-05-30 00:05:00,2026-05-30,tester,2026-05-30 00:05:07,https://www.commcarehq.org/form/4fe7c07d-4635-4fe6-8129-d09bcaaf5100,tester
523,b3b24150-76ed-4f99-997a-b6d6162e1a42,community_06,Musa,Yakubu,male,1979-06-02,56927801639,08075923029,https://www.commcarehq.org/photos/farmer_523.jpg,6,mixed_farming,13,leased,6,rain-fed,---,groundnuts,1.8,---,---,goats,15,---,10.2456308 7.2327664 0.0 20.0,yes,52b503ec-33b8-4a7b-85a5-6954ecf139d9,2026-05-06 00:08:00,2026-05-06,tester,2026-05-06 00:08:07,https://www.commcarehq.org/form/b3b24150-76ed-4f99-997a-b6d6162e1a42,tester
524,721aee6b-7b73-4b67-a602-c4774b651a3e,community_02,Elizabeth,Johnson,female,1975-09-01,,08088588453,https://www.commcarehq.org/photos/farmer_524.jpg,4,crop_farming,14,owned,6,rain-fed,---,rice groundnuts maize,2.9,0.6,3.4,goats,6,---,10.2079901 7.4977653 0.0 20.0,yes,5930fdb3-75ad-44f4-8c91-ffecb7c8aee5,2026-03-03 00:08:00,2026-03-03,tester,2026-03-03 00:08:07,https://www.commcarehq.org/form/721aee6b-7b73-4b67-a602-c4774b651a3e,tester
525,89aa24e0-32f5-43f9-8551-9f1b03100c2f,community_01,Deborah,Sani,male,1979-02-06,56669714072,08032456351,https://www.commcarehq.org/photos/farmer_525.jpg,11,crop_farming,5,owned,3,rain-fed,---,rice maize,---,1.7,3.2,goats rabbits,16,24,10.4038628 7.4398335 0.0 20.0,yes,34ba323c-ae09-4d3c-afe5-eadf63588ccb,2026-02-23 00:04:00,2026-02-23,tester,2026-02-23 00:04:12,https://www.commcarehq.org/form/89aa24e0-32f5-43f9-8551-9f1b03100c2f,tester
526,56786c02-8387-444f-8821-4d4a6c0805c9,community_06,Grace,Ogunleye,male,1990-12-02,71383237855,08060333553,https://www.commcarehq.org/photos/farmer_526.jpg,2,livestock_farming,2,family_land,3,rain-fed,---,maize,---,0.7,---,goats,21,---,10.5062837 7.3512841 0.0 20.0,no,80706c7b-78bf-4e5c-a188-5a790dc520b2,2026-03-05 00:04:00,2026-03-05,tester,2026-03-05 00:04:10,https://www.commcarehq.org/form/56786c02-8387-444f-8821-4d4a6c0805c9,tester
527,eb23d74a-f89b-4990-92fc-d676067bbf79,community_04,Joseph,Abdullahi,male,1996-07-24,92054676347,08094962589,https://www.commcarehq.org/photos/farmer_527.jpg,11,livestock_farming,1,owned,3,rain-fed,---,groundnuts,1.2,---,---,---,---,---,10.2537284 7.542886 0.0 20.0,yes,2ca358ce-894d-498f-ab0d-5c1b306b6736,2026-03-09 00:07:00,2026-03-09,tester,2026-03-09 00:07:13,https://www.commcarehq.org/form/eb23d74a-f89b-4990-92fc-d676067bbf79,tester
528,368f84f3-e623-4c8d-9d92-0bd9f7c50583,community_05,Samuel,James,male,1977-02-01,,08095504279,https://www.commcarehq.org/photos/farmer_528.jpg,7,crop_farming,6,owned,3,rain-fed,---,rice maize groundnuts,2.7,5.0,1.7,---,---,---,10.5325731 7.3314605 0.0 20.0,yes,2f944504-b8ae-48bc-a98b-732d5d70b60e,2026-04-27 00:03:00,2026-04-27,tester,2026-04-27 00:03:20,https://www.commcarehq.org/form/368f84f3-e623-4c8d-9d92-0bd9f7c50583,tester
529,cf930d34-aaf6-4497-bc02-26be648c8522,community_01,James,Michael,male,1979-10-03,,08097788770,https://www.commcarehq.org/photos/farmer_529.jpg,5,mixed_farming,29,owned,2,rain-fed,---,rice maize groundnuts,2.3,1.8,1.5,rabbits,---,18,10.2377172 7.4869841 0.0 20.0,yes,16dec8b1-222a-4784-ba31-37817fdec00c,2026-06-09 00:02:00,2026-06-09,tester,2026-06-09 00:02:16,https://www.commcarehq.org/form/cf930d34-aaf6-4497-bc02-26be648c8522,tester
530,5ebf5115-254f-4b50-81d1-50b3847063c6,community_02,Joy,Ojo,female,1960-10-11,57816902819,08021026188,https://www.commcarehq.org/photos/farmer_530.jpg,2,crop_farming,18,family_land,6,borehole,---,rice maize groundnuts,1.9,1.5,1.8,---,---,---,10.4572986 7.2237989 0.0 20.0,yes,cc945e1b-e4e6-402b-accb-88e5894acf47,2026-06-07 00:04:00,2026-06-07,tester,2026-06-07 00:04:08,https://www.commcarehq.org/form/5ebf5115-254f-4b50-81d1-50b3847063c6,tester
531,dcd5b09e-caed-431f-91c2-d34fd45dd769,community_07,Elizabeth,Peter,male,1989-06-26,86172871536,08047985210,https://www.commcarehq.org/photos/farmer_531.jpg,6,crop_farming,1,owned,3,rain-fed,---,groundnuts rice,1.8,---,2.7,goats,11,---,10.3726485 7.4750169 0.0 20.0,yes,5fc4ada7-84cd-48df-80f6-2f97d16b97db,2026-05-02 00:02:00,2026-05-02,tester,2026-05-02 00:02:09,https://www.commcarehq.org/form/dcd5b09e-caed-431f-91c2-d34fd45dd769,tester
532,6cddb754-2ad6-479c-a232-c545cb262f70,community_04,Samuel,Ogunleye,female,2006-06-19,43468199801,08038703450,https://www.commcarehq.org/photos/farmer_532.jpg,5,crop_farming,1,owned,1,borehole,---,groundnuts,2.5,---,---,goats rabbits,16,4,10.4617394 7.2686661 0.0 20.0,yes,d5d8b9ce-e7ee-4658-b91f-2bb5e6aca993,2026-02-22 00:06:00,2026-02-22,tester,2026-02-22 00:06:17,https://www.commcarehq.org/form/6cddb754-2ad6-479c-a232-c545cb262f70,tester
533,cdf3482e-ee80-486f-9100-7392c3a7534f,community_04,Suleiman,yakubu,male,2001-10-27,10515182601,08082872414,https://www.commcarehq.org/photos/farmer_533.jpg,7,livestock_farming,4,family_land,2,rain-fed,---,groundnuts,2.6,---,---,---,---,---,10.5146074 7.5609566 0.0 20.0,yes,8f36fecc-29d9-4b8e-9b2d-abd7f1ccad2f,2026-02-06 00:02:00,2026-02-06,tester,2026-02-06 00:02:17,https://www.commcarehq.org/form/cdf3482e-ee80-486f-9100-7392c3a7534f,tester
534,e4805d13-9dec-47d1-9d69-20da5789c90f,community_01,Ibrahim,Isa,male,1985-04-30,,08096027488,https://www.commcarehq.org/photos/farmer_534.jpg,6,crop_farming,21,family_land,4,rain-fed,---,rice,---,---,2.1,---,---,---,10.2096426 7.5882698 0.0 20.0,yes,2cedaa26-7509-47b2-a9fe-a5e22f55c1da,2026-03-30 00:08:00,2026-03-30,tester,2026-03-30 00:08:16,https://www.commcarehq.org/form/e4805d13-9dec-47d1-9d69-20da5789c90f,tester
535,557ab764-fd60-4cf7-b265-f05b48fb7ad6,community_04,Daniel,James,male,2006-09-15,,08039581489,https://www.commcarehq.org/photos/farmer_535.jpg,8,mixed_farming,2,owned,3,river_stream,---,rice maize groundnuts,1.0,2.8,0.7,goats,18,---,10.3824746 7.2094542 0.0 20.0,yes,2429e557-a73d-4191-87f5-7e6165e6f810,2026-04-23 00:08:00,2026-04-23,tester,2026-04-23 00:08:07,https://www.commcarehq.org/form/557ab764-fd60-4cf7-b265-f05b48fb7ad6,tester
536,ecf1e724-65c2-42fa-8375-e3b0976bab82,community_07,Mary,Okafor,male,1987-05-06,15586788407,08005758893,https://www.commcarehq.org/photos/farmer_536.jpg,8,mixed_farming,8,owned,2,rain-fed,---,rice,---,---,1.1,goats,18,---,10.3097284 7.2749967 0.0 20.0,yes,08c07b9f-cf35-4819-b84f-50bc2a4d2b87,2026-01-03 00:03:00,2026-01-03,tester,2026-01-03 00:03:07,https://www.commcarehq.org/form/ecf1e724-65c2-42fa-8375-e3b0976bab82,tester
537,61b5d1df-6e71-4fb8-b4f6-769d765de54c,community_07,John,Balogun,female,1984-07-04,11412414932,08087005377,https://www.commcarehq.org/photos/farmer_537.jpg,6,mixed_farming,1,owned,3,rain-fed,---,groundnuts,1.1,---,---,goats rabbits,2,7,10.3537932 7.5011874 0.0 20.0,yes,5808bfba-513f-45ed-b421-009929db1f7c,2026-03-02 00:03:00,2026-03-02,tester,2026-03-02 00:03:20,https://www.commcarehq.org/form/61b5d1df-6e71-4fb8-b4f6-769d765de54c,tester
538,c9a8ddb9-ce85-4de7-8578-1c071a6e9393,community_02,Samuel,Balogun,female,1976-11-20,,08063573999,https://www.commcarehq.org/photos/farmer_538.jpg,7,crop_farming,3,owned,3,other,Spring Water,rice groundnuts,1.1,---,0.9,goats,9,---,10.2329928 7.2384485 0.0 20.0,yes,197251e3-e6fe-43f3-b8d0-547493670c32,2026-03-23 00:02:00,2026-03-23,tester,2026-03-23 00:02:16,https://www.commcarehq.org/form/c9a8ddb9-ce85-4de7-8578-1c071a6e9393,tester
539,f55c4eb0-4990-4c9c-b946-e9c9074fa064,community_05,Ibrahim,Yakubu,male,1982-04-27,,08012803324,https://www.commcarehq.org/photos/farmer_539.jpg,3,mixed_farming,20,owned,3,rain-fed,---,maize rice,---,1.4,0.7,goats,6,---,10.457585 7.2064128 0.0 20.0,yes,335ffa22-c015-49b1-a0ce-b83bc110eca0,2026-05-19 00:02:00,2026-05-19,tester,2026-05-19 00:02:09,https://www.commcarehq.org/form/f55c4eb0-4990-4c9c-b946-e9c9074fa064,tester
540,5050c1e4-c13f-44f8-b145-e62c8376085b,community_07,Binta,Garba,male,1982-07-12,65365061563,08015502312,https://www.commcarehq.org/photos/farmer_540.jpg,5,crop_farming,8,owned,5,rain-fed,---,groundnuts rice maize,0.8,1.2,2.0,goats,7,---,10.5898211 7.3383806 0.0 20.0,no,c7480cea-df6a-48cd-87e6-93bb82e66855,2026-06-20 00:08:00,2026-06-20,tester,2026-06-20 00:08:17,https://www.commcarehq.org/form/5050c1e4-c13f-44f8-b145-e62c8376085b,tester
541,9b026589-9f41-4d47-acda-672638654fc8,community_01,Grace,Musa,male,2008-02-21,14396034898,08005540771,https://www.commcarehq.org/photos/farmer_541.jpg,4,mixed_farming,1,owned,5,dam_reservoir,---,maize groundnuts rice,2.3,3.1,1.6,---,---,---,10.4922053 7.5894215 0.0 20.0,yes,8e84bd4d-e600-4585-acc7-ed0a1c5c1e35,2026-04-08 00:07:00,2026-04-08,tester,2026-04-08 00:07:06,https://www.commcarehq.org/form/9b026589-9f41-4d47-acda-672638654fc8,tester
542,fbbd2053-c18d-4a5f-875f-deca3a641e78,community_07,Musa,Ojo,male,2000-12-05,,08082806304,https://www.commcarehq.org/photos/farmer_542.jpg,8,livestock_farming,5,owned,1,rain-fed,---,groundnuts maize,3.0,3.7,---,goats,12,---,10.4997813 7.250487 0.0 20.0,yes,c6f1a05e-5cc5-4cf2-be12-e6418f4541e8,2026-02-16 00:05:00,2026-02-16,tester,2026-02-16 00:05:19,https://www.commcarehq.org/form/fbbd2053-c18d-4a5f-875f-deca3a641e78,tester
543,eef091b5-8468-434b-ab08-78254c6ff1cd,community_07,Esther,David,female,1980-01-15,,08079820988,https://www.commcarehq.org/photos/farmer_543.jpg,6,livestock_farming,9,family_land,2,river_stream,---,groundnuts rice maize,1.4,0.7,3.9,goats,18,---,10.4262501 7.5973687 0.0 20.0,yes,7be219b1-aab3-4220-8f28-03b1181c5145,2026-02-02 00:03:00,2026-02-02,tester,2026-02-02 00:03:15,https://www.commcarehq.org/form/eef091b5-8468-434b-ab08-78254c6ff1cd,tester
544,bfd06946-f2e9-4ccf-9b3c-0153d8c2fdad,community_06,Paul,Daniel,male,1989-12-29,26954272945,08013686712,https://www.commcarehq.org/photos/farmer_544.jpg,2,crop_farming,10,family_land,1,rain-fed,---,rice maize groundnuts,1.9,1.0,1.0,goats,23,---,10.3226892 7.3349453 0.0 20.0,yes,2d55fe86-9869-42df-b716-48483f737b32,2026-03-15 00:06:00,2026-03-15,tester,2026-03-15 00:06:10,https://www.commcarehq.org/form/bfd06946-f2e9-4ccf-9b3c-0153d8c2fdad,tester
545,672067db-739d-44f8-8f5c-abc0e20e7c47,community_05,Esther,Yakubu,male,1968-07-04,,08048088911,https://www.commcarehq.org/photos/farmer_545.jpg,5,crop_farming,12,owned,5,rain-fed,---,rice maize groundnuts,2.6,1.9,1.0,---,---,---,10.4020946 7.2211486 0.0 20.0,yes,15d5e8f8-4820-44a6-8f87-5319294c94cc,2026-02-11 00:02:00,2026-02-11,tester,2026-02-11 00:02:11,https://www.commcarehq.org/form/672067db-739d-44f8-8f5c-abc0e20e7c47,tester
546,d220339c-1c7d-42ac-865e-8bdf300a77c8,community_01,Samuel,Sani,female,1986-05-31,15480474821,08092941167,https://www.commcarehq.org/photos/farmer_546.jpg,7,mixed_farming,2,family_land,1,borehole,---,maize,---,4.6,---,---,---,---,10.2203714 7.4029307 0.0 20.0,yes,52eae831-0fdd-406b-a0a5-ccbeae0f456a,2026-06-15 00:04:00,2026-06-15,tester,2026-06-15 00:04:19,https://www.commcarehq.org/form/d220339c-1c7d-42ac-865e-8bdf300a77c8,tester
547,19146a0f-06b6-420f-9c04-b807a4d8ae5f,community_06,Ibrahim,Tanko,male,2007-05-28,54828933799,08025709568,https://www.commcarehq.org/photos/farmer_547.jpg,7,mixed_farming,1,family_land,5,rain-fed,---,rice,---,---,2.9,goats,21,---,10.5339158 7.2519114 0.0 20.0,yes,687d3d9a-903f-4cf6-afae-32e128996ab8,2026-06-02 00:08:00,2026-06-02,tester,2026-06-02 00:08:17,https://www.commcarehq.org/form/19146a0f-06b6-420f-9c04-b807a4d8ae5f,tester
548,0cbee6e3-63d7-44bc-8096-b6af40ad6a1c,community_02,Ruth,Lawal,male,1991-03-16,69606873234,08051912075,https://www.commcarehq.org/photos/farmer_548.jpg,5,crop_farming,6,family_land,3,rain-fed,---,groundnuts,2.7,---,---,rabbits,---,9,10.3562812 7.2152206 0.0 20.0,yes,d58ef91e-0f14-4359-ba48-0cd2068f4184,2026-06-04 00:07:00,2026-06-04,tester,2026-06-04 00:07:17,https://www.commcarehq.org/form/0cbee6e3-63d7-44bc-8096-b6af40ad6a1c,tester
549,ac0738d2-29e6-4347-aff7-b8cea748fc64,community_04,Deborah,Ali,male,1985-12-24,,08063462893,https://www.commcarehq.org/photos/farmer_549.jpg,8,crop_farming,2,family_land,2,river_stream,---,groundnuts rice,1.7,---,0.5,goats,3,---,10.5819965 7.4595111 0.0 20.0,yes,ed47e4df-47ed-4ff8-b85d-4e759c0026f7,2026-02-10 00:04:00,2026-02-10,tester,2026-02-10 00:04:11,https://www.commcarehq.org/form/ac0738d2-29e6-4347-aff7-b8cea748fc64,tester
550,5ef40cde-2f81-4be2-a3f3-465f9229518a,community_05,Yusuf,James,female,1967-05-07,52328102967,08052097688,https://www.commcarehq.org/photos/farmer_550.jpg,9,crop_farming,5,owned,3,river_stream,---,maize rice groundnuts,2.3,2.0,2.8,---,---,---,10.293069 7.4199802 0.0 20.0,yes,dca2b124-60d4-4ef5-a30d-4034dd79f67a,2026-03-25 00:02:00,2026-03-25,tester,2026-03-25 00:02:08,https://www.commcarehq.org/form/5ef40cde-2f81-4be2-a3f3-465f9229518a,tester
551,694ea780-387c-4bac-8f86-f4e63465a01d,community_06,James,Philip,male,1993-10-31,90781397642,08078145378,https://www.commcarehq.org/photos/farmer_551.jpg,12,livestock_farming,6,family_land,1,rain-fed,---,maize groundnuts rice,1.4,1.4,3.5,---,---,---,10.5248393 7.3847439 0.0 20.0,yes,bff61d45-bdcf-436f-a733-aeef17e7bea4,2026-04-09 00:02:00,2026-04-09,tester,2026-04-09 00:02:09,https://www.commcarehq.org/form/694ea780-387c-4bac-8f86-f4e63465a01d,tester
552,5d1c03f5-5877-44bf-bcc6-b581d2ead357,community_02,Musa,Usman,female,1971-02-22,72116290872,08013402843,https://www.commcarehq.org/photos/farmer_552.jpg,5,livestock_farming,15,owned,4,rain-fed,---,groundnuts rice,2.4,---,3.6,goats,4,---,10.4013019 7.329727 0.0 20.0,yes,92cd1db8-848a-44ef-9e3b-d87aabeb63ba,2026-02-16 00:05:00,2026-02-16,tester,2026-02-16 00:05:06,https://www.commcarehq.org/form/5d1c03f5-5877-44bf-bcc6-b581d2ead357,tester
553,e6e1ead2-b3c5-44be-b699-a425cad58d32,community_01,Rebecca,Johnson,male,1967-12-22,,08081530420,https://www.commcarehq.org/photos/farmer_553.jpg,8,crop_farming,5,leased,3,rain-fed,---,rice maize groundnuts,1.5,1.3,2.6,goats,18,---,10.4015799 7.3900734 0.0 20.0,yes,aa554bee-2bb9-47a9-97f6-5e2f5a5d4384,2026-06-21 00:07:00,2026-06-21,tester,2026-06-21 00:07:05,https://www.commcarehq.org/form/e6e1ead2-b3c5-44be-b699-a425cad58d32,tester
554,22676880-b7d6-4a30-867b-243ef6cf669c,community_06,Esther,Philip,female,1959-04-19,45370417368,08007696124,https://www.commcarehq.org/photos/farmer_554.jpg,3,livestock_farming,28,leased,1,borehole,---,maize rice groundnuts,0.6,3.3,2.6,---,---,---,10.3377048 7.2635141 0.0 20.0,yes,282f72e2-3eb9-44b4-b9f3-0260335f08e2,2026-05-31 00:07:00,2026-05-31,tester,2026-05-31 00:07:05,https://www.commcarehq.org/form/22676880-b7d6-4a30-867b-243ef6cf669c,tester
555,78b4e732-ae9a-4f9e-a822-c189cab20131,community_02,Paul,Yakubu,male,1969-03-30,,08071717164,https://www.commcarehq.org/photos/farmer_555.jpg,3,mixed_farming,32,owned,1,rain-fed,---,groundnuts,2.4,---,---,goats,19,---,10.31558 7.5348599 0.0 20.0,yes,b8c6d29b-9cba-40f6-92da-b96c9f342efe,2026-05-22 00:03:00,2026-05-22,tester,2026-05-22 00:03:06,https://www.commcarehq.org/form/78b4e732-ae9a-4f9e-a822-c189cab20131,tester
556,34d349e1-9dd0-484b-868a-110793095b3f,community_03,mary,Haruna,male,1982-09-16,,08010149550,https://www.commcarehq.org/photos/farmer_556.jpg,5,crop_farming,3,owned,4,rain-fed,---,groundnuts,2.5,---,---,goats,8,---,10.511413 7.5552689 0.0 20.0,yes,2ea058e6-092a-4ab2-b7a4-834206bb6518,2026-01-09 00:04:00,2026-01-09,tester,2026-01-09 00:04:11,https://www.commcarehq.org/form/34d349e1-9dd0-484b-868a-110793095b3f,tester
557,11cc1f26-9fa3-4772-897e-9555744d5deb,community_02,David,Haruna,male,1991-12-30,26547699561,08084574255,https://www.commcarehq.org/photos/farmer_557.jpg,2,crop_farming,2,owned,2,rain-fed,---,maize groundnuts rice,2.3,1.8,2.1,goats rabbits,17,7,10.2640261 7.4290368 0.0 20.0,yes,0cfdc17c-30ce-47ee-b26d-68923ac42458,2026-02-26 00:04:00,2026-02-26,tester,2026-02-26 00:04:06,https://www.commcarehq.org/form/11cc1f26-9fa3-4772-897e-9555744d5deb,tester
558,bf8242e4-515c-400e-83c7-16c690080f7c,community_02,EMMANUEL,okafor,female,2001-12-05,55723713541,08084163246,https://www.commcarehq.org/photos/farmer_558.jpg,9,mixed_farming,5,owned,1,rain-fed,---,maize groundnuts,0.9,3.8,---,---,---,---,10.4260179 7.5369619 0.0 20.0,yes,28644e97-6249-43e6-b35b-3e7715a50026,2026-01-12 00:03:00,2026-01-12,tester,2026-01-12 00:03:10,https://www.commcarehq.org/form/bf8242e4-515c-400e-83c7-16c690080f7c,tester
559,44bd17d0-a9af-4aef-bfac-09d26f35026a,community_06,Naomi,Samuel,female,1958-09-04,84127046998,+2348050283120,https://www.commcarehq.org/photos/farmer_559.jpg,10,mixed_farming,42,family_land,2,rain-fed,---,rice groundnuts maize,1.2,5.3,2.9,goats,14,---,10.5252638 7.5234144 0.0 20.0,yes,9f92a20b-f3e9-4315-9c66-c5d4f25a3c75,2026-02-23 00:06:00,2026-02-23,tester,2026-02-23 00:06:11,https://www.commcarehq.org/form/44bd17d0-a9af-4aef-bfac-09d26f35026a,tester
560,7f7bd2ab-5fd2-4423-957c-9030681f1f70,community_05,Peter,Daniel,female,1992-12-20,,08051805792,https://www.commcarehq.org/photos/farmer_560.jpg,4,mixed_farming,3,owned,5,borehole,---,maize groundnuts,2.9,1.2,---,goats,17,---,10.2301016 7.3839143 0.0 20.0,yes,480cbf3c-1db5-4fb0-a364-0898abf5e6fb,2026-03-13 00:03:00,2026-03-13,tester,2026-03-13 00:03:07,https://www.commcarehq.org/form/7f7bd2ab-5fd2-4423-957c-9030681f1f70,tester
561,656f4dd1-198e-4761-9fed-c80006cc8138,community_07,Joseph,Isa,female,1974-09-28,54874405508,08067514703,https://www.commcarehq.org/photos/farmer_561.jpg,8,livestock_farming,18,owned,1,rain-fed,---,maize rice,---,1.1,3.7,---,---,---,10.3702894 7.3794275 0.0 20.0,yes,ff8d8a00-802e-4d59-90a5-949143c48bc9,2026-01-07 00:02:00,2026-01-07,tester,2026-01-07 00:02:10,https://www.commcarehq.org/form/656f4dd1-198e-4761-9fed-c80006cc8138,tester
562,794c7cbb-1f3a-4587-af3c-c5955a7e9997,community_05,Naomi,Sani,female,1994-02-21,19044748963,08032300271,https://www.commcarehq.org/photos/farmer_562.jpg,1,crop_farming,14,owned,3,rain-fed,---,rice groundnuts,1.4,---,3.1,rabbits,---,7,10.4006874 7.2945068 0.0 20.0,yes,321cba62-6499-447f-bbf1-08173255c250,2026-06-10 00:08:00,2026-06-10,tester,2026-06-10 00:08:15,https://www.commcarehq.org/form/794c7cbb-1f3a-4587-af3c-c5955a7e9997,tester
563,fcc2d8e9-2eac-49ec-9734-7642d9fea5b1,community_05,Mercy,Abdullahi,male,1996-02-05,,08040435987,https://www.commcarehq.org/photos/farmer_563.jpg,7,crop_farming,6,leased,5,borehole,---,maize rice groundnuts,0.6,3.6,2.7,---,---,---,10.4109167 7.2768422 0.0 20.0,yes,ed7cb1da-9735-43fd-8f63-b681a10790d3,2026-02-13 00:08:00,2026-02-13,tester,2026-02-13 00:08:15,https://www.commcarehq.org/form/fcc2d8e9-2eac-49ec-9734-7642d9fea5b1,tester
564,cf3edd5d-3534-4fb7-9e26-7ede50b66051,community_05,Yusuf,Abdullahi,male,1994-06-30,,08024673986,https://www.commcarehq.org/photos/farmer_564.jpg,12,crop_farming,3,owned,4,rain-fed,---,rice maize,---,1.5,3.6,goats,7,---,10.2754812 7.5041916 0.0 20.0,yes,41ff08d3-9481-4e0a-aea4-bb0383cab4c3,2026-06-15 00:02:00,2026-06-15,tester,2026-06-15 00:02:07,https://www.commcarehq.org/form/cf3edd5d-3534-4fb7-9e26-7ede50b66051,tester
565,e81273f8-d733-4c28-aea1-8a3485e26208,community_06,Rebecca,Abdullahi,male,1964-02-20,92356011239,08000741604,https://www.commcarehq.org/photos/farmer_565.jpg,3,crop_farming,4,leased,2,rain-fed,---,maize groundnuts,0.5,1.9,---,goats,25,---,10.4299683 7.2982441 0.0 20.0,yes,71992ca4-f04a-4441-9e4d-05c13291bca2,2026-05-18 00:06:00,2026-05-18,tester,2026-05-18 00:06:10,https://www.commcarehq.org/form/e81273f8-d733-4c28-aea1-8a3485e26208,tester
566,f04aba02-8eeb-4dff-b4d4-f493f5595f85,community_01,Musa,Haruna,male,1999-03-17,66035480141,08099140349,https://www.commcarehq.org/photos/farmer_566.jpg,8,crop_farming,7,leased,2,borehole,---,maize groundnuts rice,1.9,1.9,1.1,goats,4,---,10.3702443 7.2586453 0.0 20.0,yes,26a81466-403e-4d0e-999f-28ac5af27a15,2026-01-29 00:03:00,2026-01-29,tester,2026-01-29 00:03:11,https://www.commcarehq.org/form/f04aba02-8eeb-4dff-b4d4-f493f5595f85,tester
567,b01c9a61-e680-4334-93fe-df207ef0dc94,community_06,Mary,Yusuf,female,1972-02-21,,08092973281,https://www.commcarehq.org/photos/farmer_567.jpg,8,crop_farming,25,owned,2,irrigation_scheme,---,maize,---,5.7,---,goats,10,---,10.2720243 7.5898712 0.0 20.0,yes,a21522c6-d60a-49ef-8abe-f3dae9c5f017,2026-04-20 00:08:00,2026-04-20,tester,2026-04-20 00:08:07,https://www.commcarehq.org/form/b01c9a61-e680-4334-93fe-df207ef0dc94,tester
568,0fb89bcd-df99-460a-ad74-a845ce721ac3,community_03,Deborah,Johnson,male,1986-05-28,,8046121822,https://www.commcarehq.org/photos/farmer_568.jpg,5,mixed_farming,6,owned,2,rain-fed,---,rice,---,---,3.4,---,---,---,10.5043422 7.2043121 0.0 20.0,yes,5f1a4768-0444-4aef-b261-4008a33b1706,2026-03-17 00:08:00,2026-03-17,tester,2026-03-17 00:08:16,https://www.commcarehq.org/form/0fb89bcd-df99-460a-ad74-a845ce721ac3,tester
569,354b2d3e-4e09-470f-87bc-f7e1ee87eea2,community_05,Joseph,Haruna,female,1987-06-20,33483208207,08014700952,https://www.commcarehq.org/photos/farmer_569.jpg,5,mixed_farming,9,owned,2,rain-fed,---,rice groundnuts maize,2.0,1.8,2.4,goats rabbits,15,33,10.538572 7.4540364 0.0 20.0,yes,7be6f0a5-3dac-4b66-ad3e-7ba3f13a62cb,2026-03-17 00:03:00,2026-03-17,tester,2026-03-17 00:03:19,https://www.commcarehq.org/form/354b2d3e-4e09-470f-87bc-f7e1ee87eea2,tester
570,30365375-b6d2-467c-a434-10b14cf531ce,community_04,Elizabeth,Yakubu,male,1995-12-19,,08007893488,https://www.commcarehq.org/photos/farmer_570.jpg,4,crop_farming,9,leased,1,rain-fed,---,groundnuts maize rice,2.8,1.4,2.2,---,---,---,10.2439986 7.5108284 0.0 20.0,yes,0b0941d8-01af-425e-921a-73fb196583ba,2026-01-11 00:07:00,2026-01-11,tester,2026-01-11 00:07:19,https://www.commcarehq.org/form/30365375-b6d2-467c-a434-10b14cf531ce,tester
571,2a34957b-26fe-469e-b704-e080c2f19644,community_05,Joy,Sani,male,1993-01-04,69624034969,08008222452,https://www.commcarehq.org/photos/farmer_571.jpg,6,crop_farming,14,owned,3,irrigation_scheme,---,groundnuts rice maize,1.6,5.8,2.2,---,---,---,10.2325129 7.2064579 0.0 20.0,yes,5c330432-45c2-489b-9d7e-d03938ace306,2026-05-11 00:07:00,2026-05-11,tester,2026-05-11 00:07:18,https://www.commcarehq.org/form/2a34957b-26fe-469e-b704-e080c2f19644,tester
572,8bdeb8d0-1855-44af-85dd-8ee26f4bf17b,community_02,Esther,Lawal,male,1985-12-25,88190937048,08043866854,https://www.commcarehq.org/photos/farmer_572.jpg,2,mixed_farming,1,family_land,3,rain-fed,---,rice,---,---,2.1,goats,19,---,10.4800635 7.2310998 0.0 20.0,yes,973818be-1855-465c-8f0a-4d1399fb1274,2026-06-24 00:07:00,2026-06-24,tester,2026-06-24 00:07:19,https://www.commcarehq.org/form/8bdeb8d0-1855-44af-85dd-8ee26f4bf17b,tester
573,0a76a83d-6623-4972-b905-02ade078909f,community_01,Joseph,Daniel,male,2006-12-13,,08059801857,https://www.commcarehq.org/photos/farmer_573.jpg,10,crop_farming,1,owned,2,borehole,---,maize,---,1.0,---,---,---,---,10.4135574 7.5289434 0.0 20.0,yes,175c784a-a6a0-43ac-b3cb-56e628aa44d1,2026-03-09 00:03:00,2026-03-09,tester,2026-03-09 00:03:17,https://www.commcarehq.org/form/0a76a83d-6623-4972-b905-02ade078909f,tester
574,d244bdd0-d0e0-4dca-8e3b-c5007eda5922,community_04,Rebecca,Yusuf,male,1977-07-27,,08028623666,https://www.commcarehq.org/photos/farmer_574.jpg,3,mixed_farming,14,owned,2,rain-fed,---,rice maize,---,1.6,1.8,---,---,---,10.583436 7.3086217 0.0 20.0,yes,300f21ec-dbbd-45c4-95a0-20a0adb1923c,2026-05-12 00:07:00,2026-05-12,tester,2026-05-12 00:07:13,https://www.commcarehq.org/form/d244bdd0-d0e0-4dca-8e3b-c5007eda5922,tester
575,0ae47ab3-e95e-4626-84fe-aaf703dff459,community_05,Peter,Abdullahi,male,1996-07-26,,08007148069,https://www.commcarehq.org/photos/farmer_575.jpg,5,crop_farming,11,owned,6,river_stream,---,rice groundnuts maize,1.3,1.7,2.1,goats rabbits,17,40,10.5909306 7.3649065 0.0 20.0,yes,05c24fc8-0a8a-48dc-ba87-52507c5b71a3,2026-04-25 00:02:00,2026-04-25,tester,2026-04-25 00:02:11,https://www.commcarehq.org/form/0ae47ab3-e95e-4626-84fe-aaf703dff459,tester
576,e0fe0d45-e1f7-40bf-a2bd-b2a60da58396,community_01,Binta,Sani,male,1984-11-21,79364678049,08019567883,https://www.commcarehq.org/photos/farmer_576.jpg,10,mixed_farming,22,owned,2,rain-fed,---,maize rice groundnuts,0.7,3.7,2.0,rabbits,---,40,10.5538233 7.3539514 0.0 20.0,yes,c25fbb7d-bb37-4de1-84df-9baa3ac389f4,2026-05-01 00:05:00,2026-05-01,tester,2026-05-01 00:05:17,https://www.commcarehq.org/form/e0fe0d45-e1f7-40bf-a2bd-b2a60da58396,tester
577,ca3a7a4d-af44-4827-b15c-a606c86ec465,community_01,Mercy,Musa,male,1972-08-29,96143379901,08071919223,https://www.commcarehq.org/photos/farmer_577.jpg,7,mixed_farming,22,leased,3,rain-fed,---,groundnuts,0.9,---,---,---,---,---,10.4647696 7.4630999 0.0 20.0,yes,dc66d38b-8471-4f9f-8560-38caa5e5e760,2026-06-18 00:04:00,2026-06-18,tester,2026-06-18 00:04:11,https://www.commcarehq.org/form/ca3a7a4d-af44-4827-b15c-a606c86ec465,tester
578,7f447d96-40d0-479c-afa7-0fb688ca9ea9,community_03,Amina,Okafor,male,1958-11-26,31513297641,+2348052489066,https://www.commcarehq.org/photos/farmer_578.jpg,2,crop_farming,49,leased,5,rain-fed,---,maize groundnuts,2.2,5.4,---,---,---,---,10.3113525 7.2065073 0.0 20.0,yes,bd087222-3b87-4733-8dd2-7eed2bd5ce62,2026-04-13 00:08:00,2026-04-13,tester,2026-04-13 00:08:13,https://www.commcarehq.org/form/7f447d96-40d0-479c-afa7-0fb688ca9ea9,tester
579,e23059e7-37bc-401e-9ca1-7157265a83b8,community_06,Naomi,Yakubu,male,1996-09-20,42205438472,08052749920,https://www.commcarehq.org/photos/farmer_579.jpg,6,mixed_farming,9,owned,5,rain-fed,---,maize groundnuts rice,2.4,6.2,1.2,rabbits,---,28,10.4254702 7.2515243 0.0 20.0,yes,08d0cd9d-b805-44af-bc49-f1a9b8031f29,2026-04-12 00:02:00,2026-04-12,tester,2026-04-12 00:02:19,https://www.commcarehq.org/form/e23059e7-37bc-401e-9ca1-7157265a83b8,tester
580,2c9d445c-a024-424d-a45a-642f5882a1f6,community_07,Blessing,Okafor,male,1990-12-29,30706556829,08057772354,https://www.commcarehq.org/photos/farmer_580.jpg,6,crop_farming,6,owned,4,rain-fed,---,groundnuts rice maize,2.7,5.4,0.8,goats,18,---,10.5904193 7.4397962 0.0 20.0,yes,25a3b73e-5025-47eb-9b82-b076b0b7745b,2026-02-02 00:05:00,2026-02-02,tester,2026-02-02 00:05:05,https://www.commcarehq.org/form/2c9d445c-a024-424d-a45a-642f5882a1f6,tester
581,25db7b55-d883-4b67-ae30-01e915c293db,community_01,Naomi,Bello,male,1997-07-16,28893115150,08087993620,https://www.commcarehq.org/photos/farmer_581.jpg,5,crop_farming,2,owned,3,rain-fed,---,rice,---,---,3.5,rabbits,---,36,10.3739115 7.33089 0.0 20.0,yes,7d3820a8-fb02-4b93-a0a7-0ef67979b7bf,2026-03-18 00:03:00,2026-03-18,tester,2026-03-18 00:03:09,https://www.commcarehq.org/form/25db7b55-d883-4b67-ae30-01e915c293db,tester
582,70f3cc58-6d8b-4959-b166-26ca82f1feff,community_02,Amina,Johnson,female,1984-06-13,53952686327,08080994919,https://www.commcarehq.org/photos/farmer_582.jpg,7,livestock_farming,19,leased,3,other,Rainwater Harvesting,maize rice groundnuts,2.7,1.0,2.8,goats,2,---,10.3633965 7.2402016 0.0 20.0,yes,556d965e-acdf-4ffa-ac9c-c3bb6a364395,2026-05-27 00:04:00,2026-05-27,tester,2026-05-27 00:04:20,https://www.commcarehq.org/form/70f3cc58-6d8b-4959-b166-26ca82f1feff,tester
583,a5d4b68a-56c5-41a4-adf5-9b52a190a0c2,community_01,Emmanuel,Ojo,female,1982-07-09,75744583179,08027396468,https://www.commcarehq.org/photos/farmer_583.jpg,2,crop_farming,6,owned,5,rain-fed,---,rice groundnuts maize,0.9,2.5,2.7,---,---,---,10.2283931 7.2793104 0.0 20.0,yes,e59ab406-0dcf-4813-8778-52329c834fd7,2026-02-23 00:05:00,2026-02-23,tester,2026-02-23 00:05:06,https://www.commcarehq.org/form/a5d4b68a-56c5-41a4-adf5-9b52a190a0c2,tester
584,746cde42-7023-485f-9974-5ab0ff611d3f,community_02,Suleiman,Isa,female,1972-02-25,,08026740758,https://www.commcarehq.org/photos/farmer_584.jpg,9,mixed_farming,31,owned,1,rain-fed,---,rice groundnuts,2.9,---,2.9,---,---,---,10.2359314 7.4780306 0.0 20.0,yes,a9bd21e3-1eac-4c80-bb0d-397b1a6cc8c0,2026-02-12 00:08:00,2026-02-12,tester,2026-02-12 00:08:16,https://www.commcarehq.org/form/746cde42-7023-485f-9974-5ab0ff611d3f,tester
585,854f4390-9a42-45b2-9641-b73980a612f1,community_01,Daniel,David,male,1987-06-04,80239971349,08003778382,https://www.commcarehq.org/photos/farmer_585.jpg,8,crop_farming,20,family_land,5,river_stream,---,groundnuts,1.2,---,---,---,---,---,10.5204638 7.4867298 0.0 20.0,yes,5df75c1e-ec36-41ca-a3ff-72351ba14056,2026-03-21 00:02:00,2026-03-21,tester,2026-03-21 00:02:13,https://www.commcarehq.org/form/854f4390-9a42-45b2-9641-b73980a612f1,tester
586,32041fab-0781-4d96-b744-78f5d433e2b9,community_07,Emmanuel,Garba,female,1968-04-30,86468765551,08002377705,https://www.commcarehq.org/photos/farmer_586.jpg,7,crop_farming,2,family_land,3,rain-fed,---,groundnuts maize,0.7,5.9,---,goats,15,---,10.2826586 7.2814895 0.0 20.0,yes,7b77cbfb-ef7b-4fd5-8ee0-5303b43880f6,2026-04-17 00:03:00,2026-04-17,tester,2026-04-17 00:03:11,https://www.commcarehq.org/form/32041fab-0781-4d96-b744-78f5d433e2b9,tester
587,1e734c82-fa35-4007-8b71-558fe9751de3,community_01,John,Eze,female,1995-10-25,,08097845959,https://www.commcarehq.org/photos/farmer_587.jpg,9,mixed_farming,10,owned,3,rain-fed,---,groundnuts rice,0.7,---,2.9,---,---,---,10.3514289 7.2384994 0.0 20.0,yes,d42a3a77-a559-48f2-8c6b-ab1d6c4f9dcd,2026-05-22 00:04:00,2026-05-22,tester,2026-05-22 00:04:06,https://www.commcarehq.org/form/1e734c82-fa35-4007-8b71-558fe9751de3,tester
588,f7cc9828-13b8-4030-afb1-880874d12a21,community_03,Paul,David,male,1984-09-10,,08009761029,https://www.commcarehq.org/photos/farmer_588.jpg,2,crop_farming,9,owned,3,borehole,---,rice groundnuts maize,0.7,5.0,1.5,---,---,---,10.428918 7.4916779 0.0 20.0,yes,44925e5c-595f-4e53-9fcc-f17ee0afc070,2026-04-18 00:08:00,2026-04-18,tester,2026-04-18 00:08:20,https://www.commcarehq.org/form/f7cc9828-13b8-4030-afb1-880874d12a21,tester
589,1e7dfb37-6533-4c80-9ddb-6bc0a1d64d19,community_06,David,Peter,female,2002-07-13,,08030207050,https://www.commcarehq.org/photos/farmer_589.jpg,5,crop_farming,2,leased,3,rain-fed,---,maize,---,1.9,---,goats,9,---,10.2033455 7.2176067 0.0 20.0,yes,f699de84-e96f-4c3a-bb39-3f9b74e835c8,2026-06-14 00:02:00,2026-06-14,tester,2026-06-14 00:02:18,https://www.commcarehq.org/form/1e7dfb37-6533-4c80-9ddb-6bc0a1d64d19,tester
590,9fd331da-6d19-4946-8048-370b7a49ebd0,community_02,Amina,Eze,male,2004-09-09,15003245233,08082030212,https://www.commcarehq.org/photos/farmer_590.jpg,6,mixed_farming,3,owned,1,river_stream,---,groundnuts rice,2.1,---,2.4,goats,16,---,10.525891 7.3971987 0.0 20.0,yes,3eed4515-1786-414f-b7ed-3a3dd167b5d2,2026-03-24 00:04:00,2026-03-24,tester,2026-03-24 00:04:13,https://www.commcarehq.org/form/9fd331da-6d19-4946-8048-370b7a49ebd0,tester
591,c60bb1b2-c8ea-4b6f-815e-2d3dfb51714a,community_07,Blessing,Peter,male,1987-09-05,41479437404,08051057533,https://www.commcarehq.org/photos/farmer_591.jpg,4,crop_farming,11,owned,4,rain-fed,---,maize groundnuts rice,1.7,3.5,1.6,goats,2,---,10.5246471 7.2410196 0.0 20.0,yes,ee8e1b8a-963a-4bc0-b0e1-586da640a370,2026-02-05 00:04:00,2026-02-05,tester,2026-02-05 00:04:18,https://www.commcarehq.org/form/c60bb1b2-c8ea-4b6f-815e-2d3dfb51714a,tester
592,411a41cd-6afa-426e-8863-532be628e920,community_01,Amina,Ahmed,male,1979-12-18,58089633547,08070503104,https://www.commcarehq.org/photos/farmer_592.jpg,8,crop_farming,26,owned,6,rain-fed,---,maize,---,1.3,---,goats,4,---,10.4362922 7.3230363 0.0 20.0,yes,11c1e208-1af9-4ba0-8822-6efbfbfc28a9,2026-01-15 00:07:00,2026-01-15,tester,2026-01-15 00:07:17,https://www.commcarehq.org/form/411a41cd-6afa-426e-8863-532be628e920,tester
593,1a7ee416-dd31-41f7-b834-ffeef38003b4,community_07,Suleiman,Balogun,male,2002-07-17,,08095345779,https://www.commcarehq.org/photos/farmer_593.jpg,8,livestock_farming,3,family_land,2,rain-fed,---,groundnuts rice,1.0,---,1.6,---,---,---,10.4682211 7.3840024 0.0 20.0,yes,32d9c04f-01ff-43b9-b5ea-3baf27060fd5,2026-01-02 00:04:00,2026-01-02,tester,2026-01-02 00:04:19,https://www.commcarehq.org/form/1a7ee416-dd31-41f7-b834-ffeef38003b4,tester
594,4e677741-a640-4175-a702-cf648a25ffa5,community_01,Rebecca,Garba,female,1979-05-29,25643941808,08051642186,https://www.commcarehq.org/photos/farmer_594.jpg,7,mixed_farming,7,owned,2,rain-fed,---,groundnuts maize rice,2.4,5.4,3.8,---,---,---,10.4469246 7.4374957 0.0 20.0,yes,c4277696-93cc-4ce2-8f70-c0f5caaadba0,2026-02-12 00:05:00,2026-02-12,tester,2026-02-12 00:05:20,https://www.commcarehq.org/form/4e677741-a640-4175-a702-cf648a25ffa5,tester
595,1b0f4193-f6b6-4f8d-a5ce-faf0ecce4786,community_07,Hauwa,Philip,female,1988-01-19,,08002152906,https://www.commcarehq.org/photos/farmer_595.jpg,4,crop_farming,5,owned,2,rain-fed,---,rice groundnuts maize,2.5,3.4,3.4,---,---,---,10.3074916 7.3368386 0.0 20.0,yes,50351cc1-3d7e-4f03-a3f6-63af6bd244b4,2026-01-15 00:05:00,2026-01-15,tester,2026-01-15 00:05:15,https://www.commcarehq.org/form/1b0f4193-f6b6-4f8d-a5ce-faf0ecce4786,tester
596,43d88428-3252-4e6a-a4ae-e5f32e16171d,community_03,Yusuf,Eze,female,1993-05-07,36825742515,08061797114,https://www.commcarehq.org/photos/farmer_596.jpg,6,crop_farming,12,owned,1,rain-fed,---,rice maize,---,0.7,3.3,goats,19,---,10.2952161 7.5190282 0.0 20.0,yes,f0624410-2be4-4801-aecf-665e4c60aad1,2026-03-22 00:03:00,2026-03-22,tester,2026-03-22 00:03:14,https://www.commcarehq.org/form/43d88428-3252-4e6a-a4ae-e5f32e16171d,tester
597,97b50c22-f5b9-452f-9f5f-2a35e20d9ad5,community_01,Musa,Bello,female,2000-07-10,27410275929,+2348082684754,https://www.commcarehq.org/photos/farmer_597.jpg,1,crop_farming,3,owned,1,rain-fed,---,rice maize groundnuts,2.7,5.3,3.8,---,---,---,10.3791267 7.3260245 0.0 20.0,yes,f0fbe410-4461-411a-ad83-323d0f4116d0,2026-05-31 00:03:00,2026-05-31,tester,2026-05-31 00:03:08,https://www.commcarehq.org/form/97b50c22-f5b9-452f-9f5f-2a35e20d9ad5,tester
598,7dac5dd1-9a22-46a8-a787-aafbcd978236,community_04,John,Okafor,female,1978-09-22,,08078505745,https://www.commcarehq.org/photos/farmer_598.jpg,7,crop_farming,10,owned,3,river_stream,---,maize groundnuts,0.8,5.0,---,---,---,---,10.3524024 7.2523049 0.0 20.0,yes,e3b043a1-27da-4e24-98cf-0053f36e4306,2026-05-21 00:06:00,2026-05-21,tester,2026-05-21 00:06:07,https://www.commcarehq.org/form/7dac5dd1-9a22-46a8-a787-aafbcd978236,tester
599,8cfabafa-2ed7-4d01-bc1a-564327998af1,community_05,Elizabeth,James,male,1991-03-16,31789375011,08064691989,https://www.commcarehq.org/photos/farmer_599.jpg,8,crop_farming,6,owned,3,rain-fed,---,groundnuts rice,2.8,---,1.0,---,---,---,10.4595726 7.2231234 0.0 20.0,yes,1ab9c89c-e5cc-4c1a-bb34-8f6daffd9ff3,2026-03-16 00:02:00,2026-03-16,tester,2026-03-16 00:02:17,https://www.commcarehq.org/form/8cfabafa-2ed7-4d01-bc1a-564327998af1,tester
600,e7636822-bfff-4640-a2d7-753d378e4ed7,community_04,Joseph,Ogunleye,male,1971-09-24,50376188914,08049599373,https://www.commcarehq.org/photos/farmer_600.jpg,6,mixed_farming,25,owned,3,other,Spring Water,groundnuts rice,1.5,---,0.9,rabbits,---,11,10.3668723 7.3536764 0.0 20.0,yes,c7d48f05-a292-4c4a-8bbe-6560d10230a5,2026-01-26 00:05:00,2026-01-26,tester,2026-01-26 00:05:15,https://www.commcarehq.org/form/e7636822-bfff-4640-a2d7-753d378e4ed7,tester
601,bc943ba5-81c3-44b1-afe6-c37cfe3bbebb,community_03,Ibrahim,Balogun,male,1982-01-24,82700005391,08093734092,https://www.commcarehq.org/photos/farmer_601.jpg,12,mixed_farming,11,owned,2,river_stream,---,rice groundnuts,1.4,---,2.0,goats rabbits,12,13,10.5567096 7.5446299 0.0 20.0,yes,c2097072-435f-487c-a2a0-753546374ecc,2026-05-12 00:06:00,2026-05-12,tester,2026-05-12 00:06:20,https://www.commcarehq.org/form/bc943ba5-81c3-44b1-afe6-c37cfe3bbebb,tester
602,7292c3e9-8379-4b4f-acc9-9e4b7f4f4ec0,community_07,Amina,Peter,female,1972-10-17,11828799704,08052340002,https://www.commcarehq.org/photos/farmer_602.jpg,2,crop_farming,14,owned,4,borehole,---,rice groundnuts,1.9,---,3.1,goats,21,---,10.3111908 7.2276653 0.0 20.0,yes,62b83883-41e8-40fd-a13f-a6a23ee0dcd4,2026-05-29 00:02:00,2026-05-29,tester,2026-05-29 00:02:18,https://www.commcarehq.org/form/7292c3e9-8379-4b4f-acc9-9e4b7f4f4ec0,tester
603,6f59e710-ec2a-4f07-ac80-9ac25147952b,community_05,joy,eze,male,1976-11-06,54121065086,08095136529,https://www.commcarehq.org/photos/farmer_603.jpg,6,crop_farming,32,owned,3,rain-fed,---,maize groundnuts,1.9,4.6,---,---,---,---,10.4511749 7.4194027 0.0 20.0,yes,fa57e916-c38c-45f6-9509-812d7994b26a,2026-04-21 00:02:00,2026-04-21,tester,2026-04-21 00:02:10,https://www.commcarehq.org/form/6f59e710-ec2a-4f07-ac80-9ac25147952b,tester
604,188ece85-609d-4c28-b810-8f48c0229c16,community_05,James,Mohammed,male,1976-03-16,,08035915684,https://www.commcarehq.org/photos/farmer_604.jpg,5,mixed_farming,29,family_land,2,rain-fed,---,rice maize,---,6.2,0.9,goats,18,---,10.4951256 7.5973719 0.0 20.0,yes,ab6a305e-265d-4beb-9459-2416e215f7f3,2026-02-10 00:03:00,2026-02-10,tester,2026-02-10 00:03:05,https://www.commcarehq.org/form/188ece85-609d-4c28-b810-8f48c0229c16,tester
605,f4f4650d-2e32-4238-9dea-8535b82e84df,community_04,Emmanuel,Balogun,male,1977-12-23,,08082516294,https://www.commcarehq.org/photos/farmer_605.jpg,8,crop_farming,20,family_land,1,river_stream,---,rice groundnuts,0.7,---,3.9,goats,2,---,10.2727173 7.4361422 0.0 20.0,yes,4dbe90cc-1f80-4319-8caa-fe2a1ec84330,2026-06-14 00:07:00,2026-06-14,tester,2026-06-14 00:07:07,https://www.commcarehq.org/form/f4f4650d-2e32-4238-9dea-8535b82e84df,tester
606,6875b112-c1f5-47ac-b16d-ba03e97e106b,community_03,Paul,Yakubu,female,1974-11-17,49297152755,08078885458,https://www.commcarehq.org/photos/farmer_606.jpg,6,crop_farming,10,owned,6,rain-fed,---,groundnuts rice maize,1.1,4.6,2.5,goats,15,---,10.3090931 7.5197813 0.0 20.0,yes,1697df0b-91c0-4b99-8870-30eaa0f812f2,2026-06-13 00:05:00,2026-06-13,tester,2026-06-13 00:05:06,https://www.commcarehq.org/form/6875b112-c1f5-47ac-b16d-ba03e97e106b,tester
607,331092a2-e072-4cad-8760-46977f9ff99b,community_05,Mercy,Mohammed,female,1955-07-24,67746565558,08043508856,https://www.commcarehq.org/photos/farmer_607.jpg,6,crop_farming,38,owned,2,rain-fed,---,maize rice,---,1.5,3.4,goats,10,---,10.3773175 7.2821452 0.0 20.0,yes,1192db62-e94b-4772-a7a3-7407a53b1625,2026-02-09 00:02:00,2026-02-09,tester,2026-02-09 00:02:20,https://www.commcarehq.org/form/331092a2-e072-4cad-8760-46977f9ff99b,tester
608,5390697b-dcce-4848-a59b-c5cb6434477a,community_03,Sarah,Garba,female,1984-05-14,,08076630851,https://www.commcarehq.org/photos/farmer_608.jpg,7,mixed_farming,21,family_land,1,rain-fed,---,rice,---,---,3.4,goats,14,---,10.50417 7.5862896 0.0 20.0,yes,146564c9-f614-4b5c-8f68-10edae16d923,2026-01-31 00:02:00,2026-01-31,tester,2026-01-31 00:02:19,https://www.commcarehq.org/form/5390697b-dcce-4848-a59b-c5cb6434477a,tester
609,7596faab-d149-415d-9a3c-e4b0424cf628,community_04,Peter,Ibrahim,female,1983-12-26,43902176508,08029594399,https://www.commcarehq.org/photos/farmer_609.jpg,12,crop_farming,17,family_land,3,river_stream,---,maize,---,2.6,---,goats,17,---,10.495894 7.5063769 0.0 20.0,yes,11268502-8ec8-440f-bccc-3cbaa415a2fe,2026-06-18 00:03:00,2026-06-18,tester,2026-06-18 00:03:08,https://www.commcarehq.org/form/7596faab-d149-415d-9a3c-e4b0424cf628,tester
610,cf7548f2-40ed-45aa-85da-0e0d780c0499,community_02,Ibrahim,Ojo,male,1970-12-02,,08001046822,https://www.commcarehq.org/photos/farmer_610.jpg,5,livestock_farming,35,owned,1,rain-fed,---,groundnuts rice,2.4,---,3.8,---,---,---,10.6109519 10.9555071 0.0 20.0,yes,282fc229-fddd-4c93-beaf-c97bff6444b2,2026-04-24 00:02:00,2026-04-24,tester,2026-04-24 00:02:15,https://www.commcarehq.org/form/cf7548f2-40ed-45aa-85da-0e0d780c0499,tester
611,b6fccea8-a5ef-4dd7-9227-ea566ac840c8,community_05,Joseph,Haruna,female,1985-06-22,73877809514,08065816372,https://www.commcarehq.org/photos/farmer_611.jpg,6,livestock_farming,19,family_land,1,other,Community Well,maize rice groundnuts,0.7,1.8,1.0,goats,8,---,10.4024128 7.283325 0.0 20.0,yes,de1c3b6b-7bd0-4b4c-a35c-bad3d262862d,2026-05-30 00:05:00,2026-05-30,tester,2026-05-30 00:05:16,https://www.commcarehq.org/form/b6fccea8-a5ef-4dd7-9227-ea566ac840c8,tester
612,a61d87ba-9d71-43f2-b266-361d2416af07,community_03,Elizabeth,Isa,female,1983-08-07,79168131535,08035771833,https://www.commcarehq.org/photos/farmer_612.jpg,8,livestock_farming,8,owned,6,rain-fed,---,maize rice groundnuts,2.0,5.3,0.6,---,---,---,10.3166548 7.3537203 0.0 20.0,yes,83070353-2353-4bc1-9315-e1c637b28bac,2026-03-07 00:05:00,2026-03-07,tester,2026-03-07 00:05:10,https://www.commcarehq.org/form/a61d87ba-9d71-43f2-b266-361d2416af07,tester
613,b6ddba0d-3f44-47b6-ae69-7349c04c9be0,community_05,Daniel,Balogun,female,1991-08-12,77117933064,08029910001,https://www.commcarehq.org/photos/farmer_613.jpg,1,mixed_farming,10,leased,1,borehole,---,rice maize,---,2.8,3.6,---,---,---,10.4249811 7.4775979 0.0 20.0,yes,d23df866-72e4-42b1-8bf7-33695afa8c3e,2026-03-15 00:02:00,2026-03-15,tester,2026-03-15 00:02:09,https://www.commcarehq.org/form/b6ddba0d-3f44-47b6-ae69-7349c04c9be0,tester
614,324f6e67-c22d-4d0c-a37f-1ae9b1eb519c,community_04,Suleiman,Tanko,male,1993-03-28,,08001969756,https://www.commcarehq.org/photos/farmer_614.jpg,6,mixed_farming,4,owned,2,rain-fed,---,maize rice,---,3.1,0.8,goats,12,---,10.5661082 7.3111539 0.0 20.0,yes,74f47db8-853d-413e-9ee5-a2cfe478b8cd,2026-01-09 00:03:00,2026-01-09,tester,2026-01-09 00:03:09,https://www.commcarehq.org/form/324f6e67-c22d-4d0c-a37f-1ae9b1eb519c,tester
615,bec844a1-5caf-4689-a4f8-9c04733e1818,community_01,Yusuf,Garba,male,1986-06-04,,08024424370,https://www.commcarehq.org/photos/farmer_615.jpg,6,mixed_farming,9,family_land,1,rain-fed,---,groundnuts,1.1,---,---,rabbits,---,21,10.5405865 7.5631863 0.0 20.0,yes,37f94e0b-4185-4bb8-971f-edb64be8b7ec,2026-03-20 00:03:00,2026-03-20,tester,2026-03-20 00:03:17,https://www.commcarehq.org/form/bec844a1-5caf-4689-a4f8-9c04733e1818,tester
616,feaa3885-515b-4c9c-9f9b-3594a551993d,community_06,Mary,Sani,male,1983-12-30,89747284809,08073936351,https://www.commcarehq.org/photos/farmer_616.jpg,4,livestock_farming,9,family_land,2,rain-fed,---,maize groundnuts rice,2.4,2.5,0.7,---,---,---,10.5747165 7.5874175 0.0 20.0,yes,c42a2c1f-4a70-4f04-a581-14dd4c8d0f8a,2026-06-24 00:04:00,2026-06-24,tester,2026-06-24 00:04:17,https://www.commcarehq.org/form/feaa3885-515b-4c9c-9f9b-3594a551993d,tester
617,415b95db-84c9-4064-8c7c-912df76e7a9d,community_03,Rebecca,Sani,female,1996-02-06,19592487992,08023370628,https://www.commcarehq.org/photos/farmer_617.jpg,4,mixed_farming,10,owned,3,river_stream,---,groundnuts,0.8,---,---,---,---,---,10.4332652 7.314166 0.0 20.0,yes,cc43ae90-8e21-4a8a-aa30-71b2c9120b39,2026-06-16 00:05:00,2026-06-16,tester,2026-06-16 00:05:18,https://www.commcarehq.org/form/415b95db-84c9-4064-8c7c-912df76e7a9d,tester
618,d2d50941-9124-4a16-aef0-7c1956fb5156,community_01,John,Musa,female,1968-06-19,76726240618,+2348090200024,https://www.commcarehq.org/photos/farmer_618.jpg,6,mixed_farming,32,family_land,1,rain-fed,---,rice maize groundnuts,1.6,1.3,3.2,---,---,---,10.4191664 7.535141 0.0 20.0,yes,2c8aa561-6e59-42ab-88b4-d75a66c47346,2026-04-20 00:08:00,2026-04-20,tester,2026-04-20 00:08:11,https://www.commcarehq.org/form/d2d50941-9124-4a16-aef0-7c1956fb5156,tester
619,a1b8b803-2a29-434e-84a8-2fb6804c240f,community_02,Paul,Balogun,male,1960-07-21,,08000109436,https://www.commcarehq.org/photos/farmer_619.jpg,11,livestock_farming,9,owned,5,borehole,---,maize,---,3.0,---,goats rabbits,12,22,10.4954141 7.4265559 0.0 20.0,no,9b2b6bad-4b28-4c7e-a36b-c435575065dc,2026-04-13 00:05:00,2026-04-13,tester,2026-04-13 00:05:12,https://www.commcarehq.org/form/a1b8b803-2a29-434e-84a8-2fb6804c240f,tester
620,1aa5aceb-1b01-47a2-bde3-bcff34f97c3c,community_02,Suleiman,Yakubu,male,2006-02-14,57206903812,08029160360,https://www.commcarehq.org/photos/farmer_620.jpg,8,livestock_farming,1,family_land,2,rain-fed,---,groundnuts rice maize,2.1,2.7,2.3,rabbits,---,15,10.2633295 7.493175 0.0 20.0,yes,a428e17b-3dd3-406b-8638-199324388313,2026-04-16 00:07:00,2026-04-16,tester,2026-04-16 00:07:14,https://www.commcarehq.org/form/1aa5aceb-1b01-47a2-bde3-bcff34f97c3c,tester
621,9da03b0f-813a-4899-ac13-8da8a4620a3a,community_02,John,Ahmed,male,1991-09-01,13406129334,08015411089,https://www.commcarehq.org/photos/farmer_621.jpg,4,mixed_farming,8,owned,3,rain-fed,---,rice,---,---,2.2,goats,14,---,10.2368461 7.4753431 0.0 20.0,yes,bed503a9-5de4-47d1-8d28-a3ac93afcfc2,2026-04-14 00:04:00,2026-04-14,tester,2026-04-14 00:04:15,https://www.commcarehq.org/form/9da03b0f-813a-4899-ac13-8da8a4620a3a,tester
622,9fdfdf76-a0fe-46c6-8e8a-3b4ee38f3ff5,community_04,Fatima,Mohammed,male,1961-01-09,,08085643273,https://www.commcarehq.org/photos/farmer_622.jpg,4,crop_farming,19,leased,2,rain-fed,---,maize groundnuts rice,1.0,4.0,2.9,rabbits,---,38,10.4205777 7.3356336 0.0 20.0,yes,b472799e-da34-4b5f-bfb8-59544e54ed24,2026-03-16 00:03:00,2026-03-16,tester,2026-03-16 00:03:17,https://www.commcarehq.org/form/9fdfdf76-a0fe-46c6-8e8a-3b4ee38f3ff5,tester
623,fb5136b8-2d42-4011-928e-562be5332717,community_04,Blessing,Peter,male,1995-04-20,99607669169,08064169326,https://www.commcarehq.org/photos/farmer_623.jpg,6,crop_farming,11,owned,2,rain-fed,---,groundnuts maize rice,2.0,1.9,2.6,---,---,---,10.4629092 7.3661122 0.0 20.0,yes,5ad1f130-1441-4821-a58f-e07760f63696,2026-02-27 00:07:00,2026-02-27,tester,2026-02-27 00:07:07,https://www.commcarehq.org/form/fb5136b8-2d42-4011-928e-562be5332717,tester
624,441a64b4-5d47-4015-b2fb-891e5d084f2b,community_01,Naomi,Abdullahi,male,1989-05-26,74523815205,08084341800,https://www.commcarehq.org/photos/farmer_624.jpg,7,livestock_farming,1,owned,1,rain-fed,---,groundnuts,0.8,---,---,goats,11,---,10.2785837 7.5072855 0.0 20.0,yes,6aaa7bb7-e225-436f-bb2c-8610aebd6afb,2026-04-24 00:05:00,2026-04-24,tester,2026-04-24 00:05:10,https://www.commcarehq.org/form/441a64b4-5d47-4015-b2fb-891e5d084f2b,tester
625,d766a9e9-1c7b-4655-8054-ee6a75073619,community_02,James,Haruna,male,1983-12-26,,08027285475,https://www.commcarehq.org/photos/farmer_625.jpg,7,crop_farming,19,owned,6,rain-fed,---,maize rice groundnuts,1.9,1.0,1.9,rabbits,---,37,10.2896786 7.3314546 0.0 20.0,yes,d917dd8a-1fbf-4fae-b203-44948ab7d50c,2026-01-09 00:02:00,2026-01-09,tester,2026-01-09 00:02:17,https://www.commcarehq.org/form/d766a9e9-1c7b-4655-8054-ee6a75073619,tester
626,bb2c40ac-2575-4f01-9703-7c917573c1c0,community_01,Daniel,Abdullahi,female,2002-03-03,16807957738,08070222468,https://www.commcarehq.org/photos/farmer_626.jpg,8,crop_farming,1,owned,3,borehole,---,rice,---,---,0.7,goats,15,---,10.286604 7.2295654 0.0 20.0,yes,28955079-8dfe-439f-a1d7-1cc0e2558829,2026-05-20 00:02:00,2026-05-20,tester,2026-05-20 00:02:08,https://www.commcarehq.org/form/bb2c40ac-2575-4f01-9703-7c917573c1c0,tester
627,34a31526-6d53-45cc-bdbd-39416dd41cdf,community_03,Musa,Okafor,female,1985-06-29,97237445223,08081915889,https://www.commcarehq.org/photos/farmer_627.jpg,6,mixed_farming,3,leased,5,rain-fed,---,maize,---,3.5,---,---,---,---,10.4214069 7.5552621 0.0 20.0,yes,a759ca34-a9fb-4e1b-9b15-f82545bc42d3,2026-02-23 00:04:00,2026-02-23,tester,2026-02-23 00:04:11,https://www.commcarehq.org/form/34a31526-6d53-45cc-bdbd-39416dd41cdf,tester
628,40d933a6-6143-4cf2-aba7-7a7801e7d2d9,community_01,Grace,Ogunleye,male,1962-11-11,,08090930707,https://www.commcarehq.org/photos/farmer_628.jpg,3,livestock_farming,46,owned,3,river_stream,---,groundnuts,1.3,---,---,---,---,---,10.2646288 7.573141 0.0 20.0,yes,6073bdb6-a152-4a75-ace3-d1c4d35c4683,2026-06-17 00:02:00,2026-06-17,tester,2026-06-17 00:02:14,https://www.commcarehq.org/form/40d933a6-6143-4cf2-aba7-7a7801e7d2d9,tester
629,e70b201a-099e-4b23-9ea6-eeef12ccfbda,community_01,Sarah,Haruna,male,1972-02-03,21584387450,8076945424,https://www.commcarehq.org/photos/farmer_629.jpg,12,crop_farming,8,family_land,6,other,Rainwater Harvesting,rice,---,---,1.0,goats rabbits,3,17,10.2329605 7.3342062 0.0 20.0,yes,b722d385-3cc9-4226-a95e-1cd6868d9fda,2026-04-16 00:06:00,2026-04-16,tester,2026-04-16 00:06:18,https://www.commcarehq.org/form/e70b201a-099e-4b23-9ea6-eeef12ccfbda,tester
630,214a3609-d891-4e72-aff5-8ca3ca4b7c0d,community_07,Rebecca,David,male,1981-01-21,32862862438,08074301348,https://www.commcarehq.org/photos/farmer_630.jpg,8,mixed_farming,9,owned,2,rain-fed,---,rice groundnuts maize,0.6,1.1,4.0,---,---,---,10.3805671 7.575632 0.0 20.0,yes,5ae17bbc-385b-4c13-868c-96435f88e105,2026-02-23 00:04:00,2026-02-23,tester,2026-02-23 00:04:16,https://www.commcarehq.org/form/214a3609-d891-4e72-aff5-8ca3ca4b7c0d,tester
631,ca8b9886-6595-40f4-bd8b-69c67cf58540,community_06,musa,michael,male,1951-08-28,,08043164030,https://www.commcarehq.org/photos/farmer_631.jpg,11,crop_farming,15,owned,2,dam_reservoir,---,groundnuts maize,0.6,4.7,---,goats,5,---,10.2013722 7.4552686 0.0 20.0,yes,e145af10-aaea-4b69-9eae-d887b5a8e959,2026-04-15 00:06:00,2026-04-15,tester,2026-04-15 00:06:06,https://www.commcarehq.org/form/ca8b9886-6595-40f4-bd8b-69c67cf58540,tester
632,813f6b3f-cdf0-4563-8e88-ad2464a27ef0,community_05,Paul,Lawal,male,2006-07-03,36493508045,08051371251,https://www.commcarehq.org/photos/farmer_632.jpg,11,crop_farming,1,owned,2,rain-fed,---,groundnuts rice,1.2,---,0.6,---,---,---,10.4421358 7.2463288 0.0 20.0,yes,28f7d234-5f56-4188-925c-3a00879b3931,2026-01-27 00:07:00,2026-01-27,tester,2026-01-27 00:07:08,https://www.commcarehq.org/form/813f6b3f-cdf0-4563-8e88-ad2464a27ef0,tester
633,c3ba314c-1f46-45a9-968e-fcc172f3d6bb,community_07,Daniel,Adeyemi,male,1971-04-07,32100264909,08075187417,https://www.commcarehq.org/photos/farmer_633.jpg,8,livestock_farming,30,owned,6,rain-fed,---,groundnuts,2.7,---,---,goats,11,---,10.484918 7.3317713 0.0 20.0,yes,4869c4cf-e579-4122-a062-bebb0071afc1,2026-06-06 00:04:00,2026-06-06,tester,2026-06-06 00:04:09,https://www.commcarehq.org/form/c3ba314c-1f46-45a9-968e-fcc172f3d6bb,tester
634,0e68ee7c-300a-4c82-a2f8-59c73f5ffee8,community_06,Esther,Lawal,female,1958-02-21,50605188850,08076516692,https://www.commcarehq.org/photos/farmer_634.jpg,6,livestock_farming,36,family_land,1,rain-fed,---,rice groundnuts maize,0.7,5.4,2.7,---,---,---,10.5724652 7.5615438 0.0 20.0,yes,7abbf04a-95a4-4085-be2b-8afe3f0a5158,2026-04-14 00:06:00,2026-04-14,tester,2026-04-14 00:06:05,https://www.commcarehq.org/form/0e68ee7c-300a-4c82-a2f8-59c73f5ffee8,tester
635,3cd4cdac-a793-4597-8a3d-c337ff7e0981,community_02,Ibrahim,Sani,male,1989-01-01,13299204248,08052578646,https://www.commcarehq.org/photos/farmer_635.jpg,8,mixed_farming,18,owned,4,rain-fed,---,maize groundnuts,1.1,5.0,---,goats rabbits,3,22,10.2575607 7.3657498 0.0 20.0,yes,fdeff54d-2b0c-4a36-8bf3-99f6e8f1e9e6,2026-04-18 00:07:00,2026-04-18,tester,2026-04-18 00:07:07,https://www.commcarehq.org/form/3cd4cdac-a793-4597-8a3d-c337ff7e0981,tester
636,9d37943c-89c6-421b-845d-78aa26220cee,community_02,Naomi,SANI,male,1995-10-20,93315786788,08066823749,https://www.commcarehq.org/photos/farmer_636.jpg,5,mixed_farming,11,owned,5,rain-fed,---,rice groundnuts,2.4,---,1.5,rabbits,---,9,10.4880585 7.3368032 0.0 20.0,yes,c24c35a7-a61a-4606-a6bf-aa8251ef2d62,2026-04-12 00:06:00,2026-04-12,tester,2026-04-12 00:06:08,https://www.commcarehq.org/form/9d37943c-89c6-421b-845d-78aa26220cee,tester
637,f470fb87-80cf-4d3a-8156-7a16f4238aac,community_02,Ibrahim,Johnson,male,1967-07-02,78006926011,08053114272,https://www.commcarehq.org/photos/farmer_637.jpg,4,mixed_farming,23,owned,1,rain-fed,---,groundnuts maize rice,0.6,0.6,3.4,---,---,---,10.5619284 7.4760634 0.0 20.0,yes,89e5b425-72cc-498e-b39b-97c29b4eef3c,2026-04-24 00:03:00,2026-04-24,tester,2026-04-24 00:03:08,https://www.commcarehq.org/form/f470fb87-80cf-4d3a-8156-7a16f4238aac,tester
638,873f5fc9-0b65-4a70-b6b3-6984ce858029,community_04,Rebecca,Eze,male,2004-05-23,34778089965,08093214649,https://www.commcarehq.org/photos/farmer_638.jpg,3,mixed_farming,1,leased,1,rain-fed,---,groundnuts maize rice,0.5,1.4,2.0,rabbits,---,38,10.2957438 7.2974075 0.0 20.0,yes,fc93fda9-9845-476c-9060-9ce9ab5b7d66,2026-02-27 00:05:00,2026-02-27,tester,2026-02-27 00:05:20,https://www.commcarehq.org/form/873f5fc9-0b65-4a70-b6b3-6984ce858029,tester
639,fabe0b05-ba8c-4a9b-b6d7-78a05a042f12,community_01,Grace,Yusuf,male,1996-09-14,24732970113,+2348031376707,https://www.commcarehq.org/photos/farmer_639.jpg,5,mixed_farming,10,leased,1,rain-fed,---,rice groundnuts,0.8,---,1.3,---,---,---,10.3874892 7.5664196 0.0 20.0,yes,f4ff9357-e6f2-4a9d-90d9-31ccba464697,2026-01-20 00:04:00,2026-01-20,tester,2026-01-20 00:04:15,https://www.commcarehq.org/form/fabe0b05-ba8c-4a9b-b6d7-78a05a042f12,tester
640,413a4161-4c95-4f24-ae03-aac4a2e97872,community_03,Samuel,Balogun,male,1996-05-09,37284826719,08066104497,https://www.commcarehq.org/photos/farmer_640.jpg,1,mixed_farming,7,owned,1,rain-fed,---,rice,---,---,2.8,rabbits,---,6,10.5188614 7.449979 0.0 20.0,yes,82b05e20-ccf6-4b68-b0c5-b77e29e0e170,2026-03-04 00:02:00,2026-03-04,tester,2026-03-04 00:02:08,https://www.commcarehq.org/form/413a4161-4c95-4f24-ae03-aac4a2e97872,tester
641,1fa60a5b-d797-4ce5-b759-f13e2daff110,community_03,Binta,Sani,female,1989-08-22,,08062216131,https://www.commcarehq.org/photos/farmer_641.jpg,4,mixed_farming,17,owned,1,rain-fed,---,groundnuts maize,1.0,0.7,---,---,---,---,10.5320712 7.5091637 0.0 20.0,yes,c3e1210c-74ad-4433-97bb-679ad840e6e0,2026-05-18 00:06:00,2026-05-18,tester,2026-05-18 00:06:09,https://www.commcarehq.org/form/1fa60a5b-d797-4ce5-b759-f13e2daff110,tester
642,3c39f1e1-8bc0-48c7-b41a-cb02f29708f9,community_06,Yusuf,Ogunleye,male,2002-01-12,81409711603,08083297524,https://www.commcarehq.org/photos/farmer_642.jpg,7,crop_farming,5,owned,2,irrigation_scheme,---,groundnuts,0.7,---,---,---,---,---,10.2121335 7.3551341 0.0 20.0,yes,0bd71cd6-e636-4a97-9482-e3c6e7bf568b,2026-06-29 00:05:00,2026-06-29,tester,2026-06-29 00:05:17,https://www.commcarehq.org/form/3c39f1e1-8bc0-48c7-b41a-cb02f29708f9,tester
643,4b694800-7905-4d56-8c4b-5cd7c4b1e4e6,community_02,david,ali,female,1971-06-13,,08049339948,https://www.commcarehq.org/photos/farmer_643.jpg,8,crop_farming,31,leased,2,rain-fed,---,maize groundnuts rice,1.2,5.3,1.5,goats rabbits,5,28,10.4501897 7.3259606 0.0 20.0,yes,ed9cbdef-423b-4074-b43b-d290a1d9d739,2026-05-29 00:03:00,2026-05-29,tester,2026-05-29 00:03:18,https://www.commcarehq.org/form/4b694800-7905-4d56-8c4b-5cd7c4b1e4e6,tester
644,291766d8-cc4d-4af3-b216-2ad9ab17b03d,community_02,Mercy,Philip,male,1998-06-11,,08077871977,https://www.commcarehq.org/photos/farmer_644.jpg,7,crop_farming,5,leased,4,rain-fed,---,maize groundnuts rice,0.9,1.7,3.6,---,---,---,10.4758293 7.5418406 0.0 20.0,yes,85b2eef5-36d1-4c67-b13a-c863e53a33fb,2026-06-28 00:02:00,2026-06-28,tester,2026-06-28 00:02:14,https://www.commcarehq.org/form/291766d8-cc4d-4af3-b216-2ad9ab17b03d,tester
645,538cdeb9-b326-4de5-bbe0-4a757184a3fa,community_07,Ruth,Balogun,female,1974-01-04,50887025210,08060026125,https://www.commcarehq.org/photos/farmer_645.jpg,4,mixed_farming,10,family_land,3,rain-fed,---,rice,---,---,3.7,---,---,---,10.3781068 7.3581697 0.0 20.0,yes,fb6ae5f0-b9de-4057-9db2-3bd9ef68bf1d,2026-02-26 00:07:00,2026-02-26,tester,2026-02-26 00:07:09,https://www.commcarehq.org/form/538cdeb9-b326-4de5-bbe0-4a757184a3fa,tester
646,48201641-6538-4f40-ae66-dc06a9b53ec0,community_06,Paul,Abdullahi,male,1995-06-05,,08088090862,https://www.commcarehq.org/photos/farmer_646.jpg,2,livestock_farming,4,owned,1,rain-fed,---,maize groundnuts rice,2.8,4.6,2.6,---,---,---,10.2343176 7.2827382 0.0 20.0,no,4ad7f111-b050-4886-afc7-8309cb5b5b18,2026-03-27 00:07:00,2026-03-27,tester,2026-03-27 00:07:13,https://www.commcarehq.org/form/48201641-6538-4f40-ae66-dc06a9b53ec0,tester
647,98f48dd5-4a84-4a1c-af4c-a32a0f666bb3,community_04,Musa,Michael,male,1962-07-05,46160646124,08058112389,https://www.commcarehq.org/photos/farmer_647.jpg,4,livestock_farming,1,owned,2,rain-fed,---,rice groundnuts,1.9,---,0.7,---,---,---,10.4308308 7.5029328 0.0 20.0,yes,87e2380a-30c7-4664-97f6-d86212259edc,2026-03-15 00:04:00,2026-03-15,tester,2026-03-15 00:04:07,https://www.commcarehq.org/form/98f48dd5-4a84-4a1c-af4c-a32a0f666bb3,tester
648,dd4faec2-4ae2-464a-b44b-77fb2209d2ab,community_01,Grace,Mohammed,male,1989-10-23,38720891179,08081615233,https://www.commcarehq.org/photos/farmer_648.jpg,1,crop_farming,13,owned,2,rain-fed,---,maize rice,---,0.7,3.9,rabbits,---,31,10.5161239 7.4628232 0.0 20.0,yes,082fafd0-bfab-4bfd-926d-9d9dbedaa9d7,2026-06-05 00:06:00,2026-06-05,tester,2026-06-05 00:06:11,https://www.commcarehq.org/form/dd4faec2-4ae2-464a-b44b-77fb2209d2ab,tester
649,6ddfcc4c-da82-4149-9764-bce759fbadf5,community_03,Mary,Usman,male,1989-12-05,,08054058337,https://www.commcarehq.org/photos/farmer_649.jpg,7,crop_farming,16,leased,3,rain-fed,---,groundnuts maize rice,1.1,4.4,0.7,goats,12,---,10.2599805 7.347847 0.0 20.0,yes,056bc7f1-a6ff-4fb8-af47-d504e6263216,2026-03-03 00:03:00,2026-03-03,tester,2026-03-03 00:03:10,https://www.commcarehq.org/form/6ddfcc4c-da82-4149-9764-bce759fbadf5,tester
650,a168148e-2e97-4cef-af7d-6b207f6529f1,community_02,Joseph,David,female,1996-11-04,18775968349,08065245628,https://www.commcarehq.org/photos/farmer_650.jpg,2,livestock_farming,8,owned,2,rain-fed,---,groundnuts maize rice,0.7,2.7,3.1,goats rabbits,12,35,10.3482467 7.3199297 0.0 20.0,yes,d6a5ed64-1ecc-46f6-95bb-a513758584f8,2026-03-03 00:02:00,2026-03-03,tester,2026-03-03 00:02:19,https://www.commcarehq.org/form/a168148e-2e97-4cef-af7d-6b207f6529f1,tester
651,44cb7101-0963-41c0-886e-c06bd4d70e03,community_06,Elizabeth,Yusuf,male,1979-05-10,,08086728897,https://www.commcarehq.org/photos/farmer_651.jpg,6,mixed_farming,4,leased,3,rain-fed,---,rice maize groundnuts,1.0,5.2,0.7,goats rabbits,4,5,10.5309121 7.4865312 0.0 20.0,yes,2f47be81-3023-426c-8cf5-2299e78718a1,2026-02-19 00:04:00,2026-02-19,tester,2026-02-19 00:04:14,https://www.commcarehq.org/form/44cb7101-0963-41c0-886e-c06bd4d70e03,tester
652,45481c0d-bf26-4f5f-9b6e-5bd9fbb5847d,community_04,Naomi,Adeyemi,female,1988-07-21,,08090697415,https://www.commcarehq.org/photos/farmer_652.jpg,8,mixed_farming,14,owned,2,rain-fed,---,groundnuts maize,1.8,1.9,---,goats rabbits,10,25,10.2609357 7.5744677 0.0 20.0,yes,b76e5387-fc79-4f80-b4eb-caef0132677b,2026-02-05 00:07:00,2026-02-05,tester,2026-02-05 00:07:17,https://www.commcarehq.org/form/45481c0d-bf26-4f5f-9b6e-5bd9fbb5847d,tester
653,bb0f7f70-5fc8-4b62-99ef-ccc6715849d0,community_05,Daniel,Daniel,female,1984-05-07,,08057260064,https://www.commcarehq.org/photos/farmer_653.jpg,4,crop_farming,21,owned,1,rain-fed,---,rice groundnuts maize,0.7,4.8,3.7,goats,2,---,10.2538201 7.3394596 0.0 20.0,yes,d21e85bd-d68b-4dab-80f2-d39dc12d8092,2026-02-23 00:07:00,2026-02-23,tester,2026-02-23 00:07:13,https://www.commcarehq.org/form/bb0f7f70-5fc8-4b62-99ef-ccc6715849d0,tester
654,4545842b-887c-488c-a8f5-eab695c84264,community_06,Elizabeth,Johnson,female,1973-03-24,80899602528,08073861540,https://www.commcarehq.org/photos/farmer_654.jpg,5,mixed_farming,27,leased,2,borehole,---,groundnuts,0.6,---,---,goats,17,---,10.5269147 7.3630673 0.0 20.0,yes,882b6047-9121-48f3-9c90-75d84206aa37,2026-05-13 00:03:00,2026-05-13,tester,2026-05-13 00:03:14,https://www.commcarehq.org/form/4545842b-887c-488c-a8f5-eab695c84264,tester
655,787ddf95-4c30-4269-b885-a865ce7e0241,community_03,Ibrahim,Mohammed,female,1983-10-30,,08020086156,https://www.commcarehq.org/photos/farmer_655.jpg,3,mixed_farming,11,owned,1,rain-fed,---,groundnuts,1.7,---,---,goats,22,---,10.222808 7.4579859 0.0 20.0,yes,8052cc35-f3e6-404a-948f-5311fd1b4da0,2026-03-02 00:04:00,2026-03-02,tester,2026-03-02 00:04:18,https://www.commcarehq.org/form/787ddf95-4c30-4269-b885-a865ce7e0241,tester
656,69e7f7a5-cb39-4b43-88fb-8fe0db74bddf,community_06,Elizabeth,Daniel,male,1973-07-08,14544987672,08075552557,https://www.commcarehq.org/photos/farmer_656.jpg,5,crop_farming,34,family_land,1,dam_reservoir,---,maize,---,3.8,---,---,---,---,10.4499973 7.2202289 0.0 20.0,yes,20547868-1862-49ea-ac6b-69abbce9e12b,2026-01-13 00:04:00,2026-01-13,tester,2026-01-13 00:04:12,https://www.commcarehq.org/form/69e7f7a5-cb39-4b43-88fb-8fe0db74bddf,tester
657,af24d5e9-8ea1-4c15-8615-8316f39d06cf,community_05,David,Usman,male,1970-04-19,12760363497,08058116539,https://www.commcarehq.org/photos/farmer_657.jpg,7,mixed_farming,17,family_land,1,irrigation_scheme,---,groundnuts,3.0,---,---,rabbits,---,24,10.4723523 7.5787511 0.0 20.0,yes,61720a0f-c137-47ee-be73-fb364accf321,2026-03-04 00:02:00,2026-03-04,tester,2026-03-04 00:02:18,https://www.commcarehq.org/form/af24d5e9-8ea1-4c15-8615-8316f39d06cf,tester
658,a28a1e3f-e76b-4a6d-b805-66070f8c41f2,community_04,John,Eze,male,1984-05-24,27125904798,08071429730,https://www.commcarehq.org/photos/farmer_658.jpg,2,mixed_farming,4,owned,2,irrigation_scheme,---,rice groundnuts maize,2.8,3.1,2.3,---,---,---,10.2351126 7.4618961 0.0 20.0,yes,22241608-8828-44fa-abc0-b9be3225e78a,2026-06-13 00:03:00,2026-06-13,tester,2026-06-13 00:03:19,https://www.commcarehq.org/form/a28a1e3f-e76b-4a6d-b805-66070f8c41f2,tester
659,61e300a2-3e7d-4041-b76d-acff1ad2ef89,community_07,Rebecca,Okafor,male,1989-11-25,81687856885,08006160381,https://www.commcarehq.org/photos/farmer_659.jpg,7,livestock_farming,18,leased,1,rain-fed,---,maize,---,3.9,---,goats,12,---,10.3906485 7.3859413 0.0 20.0,yes,56a9488a-86ad-4c4c-a26f-812adee91bb7,2026-06-04 00:08:00,2026-06-04,tester,2026-06-04 00:08:20,https://www.commcarehq.org/form/61e300a2-3e7d-4041-b76d-acff1ad2ef89,tester
660,e4210eec-93ac-456f-b13f-b625a9215c73,community_03,Amina,Sani,female,1954-10-20,52670791622,08014873510,https://www.commcarehq.org/photos/farmer_660.jpg,4,crop_farming,26,owned,1,rain-fed,---,groundnuts maize rice,0.6,5.7,1.8,goats,24,---,10.3047561 7.4377463 0.0 20.0,yes,cc2298a5-bc26-40b2-9f5b-265a49daa4bc,2026-05-14 00:05:00,2026-05-14,tester,2026-05-14 00:05:20,https://www.commcarehq.org/form/e4210eec-93ac-456f-b13f-b625a9215c73,tester
661,443643c4-fccd-4111-87a0-1d503511c66e,community_03,Samuel,Musa,female,1983-09-14,23415292532,08071605802,https://www.commcarehq.org/photos/farmer_661.jpg,11,crop_farming,6,owned,1,rain-fed,---,rice,---,---,2.5,goats rabbits,3,33,10.4555755 7.2079252 0.0 20.0,yes,714b4f7d-7e5e-44a2-a9cb-9aa5af678bcf,2026-03-08 00:08:00,2026-03-08,tester,2026-03-08 00:08:10,https://www.commcarehq.org/form/443643c4-fccd-4111-87a0-1d503511c66e,tester
662,dbbb9688-0ed0-47c9-ae1f-28d291e4fb40,community_07,Binta,Ogunleye,male,1986-11-22,51382251872,08096386873,https://www.commcarehq.org/photos/farmer_662.jpg,8,crop_farming,16,owned,3,irrigation_scheme,---,maize,---,4.4,---,goats,13,---,10.3321225 7.2262334 0.0 20.0,yes,e47d1698-4d48-49b1-a4b3-a77cabec67cf,2026-04-20 00:06:00,2026-04-20,tester,2026-04-20 00:06:18,https://www.commcarehq.org/form/dbbb9688-0ed0-47c9-ae1f-28d291e4fb40,tester
663,1ed44f2b-fcf5-41d2-a4f4-dce4ba3d42da,community_03,Deborah,Yakubu,male,1971-10-29,84288647169,08072935414,https://www.commcarehq.org/photos/farmer_663.jpg,6,mixed_farming,34,owned,6,river_stream,---,maize rice,---,0.5,2.3,---,---,---,10.5092558 7.4601778 0.0 20.0,yes,eed2c8a9-2e86-4084-93b2-fa1e24c5d01d,2026-06-06 00:06:00,2026-06-06,tester,2026-06-06 00:06:11,https://www.commcarehq.org/form/1ed44f2b-fcf5-41d2-a4f4-dce4ba3d42da,tester
664,d9dc977c-465c-44ff-be55-555955784361,community_05,Binta,Mohammed,male,1969-09-13,,08080073737,https://www.commcarehq.org/photos/farmer_664.jpg,7,crop_farming,1,owned,1,irrigation_scheme,---,groundnuts rice maize,1.6,6.0,2.2,goats,20,---,10.4539745 7.5688344 0.0 20.0,yes,5638d9d0-73bd-4ceb-a4a0-e2c488205bd4,2026-06-25 00:02:00,2026-06-25,tester,2026-06-25 00:02:12,https://www.commcarehq.org/form/d9dc977c-465c-44ff-be55-555955784361,tester
665,3148771f-3a3f-4a88-8422-0365142727cc,community_04,Amina,Bello,male,1991-05-15,30085775530,08066236902,https://www.commcarehq.org/photos/farmer_665.jpg,4,crop_farming,9,family_land,3,rain-fed,---,maize,---,4.2,---,---,---,---,10.2314677 7.4886203 0.0 20.0,yes,b9c9ca43-9e5b-416b-a61f-22f031353145,2026-01-29 00:03:00,2026-01-29,tester,2026-01-29 00:03:12,https://www.commcarehq.org/form/3148771f-3a3f-4a88-8422-0365142727cc,tester
666,764b38c4-8dcf-4e55-bb7e-c28583604724,community_05,Blessing,Yusuf,male,1970-01-13,28314566994,08058316103,https://www.commcarehq.org/photos/farmer_666.jpg,4,mixed_farming,23,owned,1,borehole,---,rice,---,---,3.4,---,---,---,10.3296716 7.231357 0.0 20.0,yes,a25e29e3-2216-47cc-bfda-3ef46c9004c0,2026-03-19 00:04:00,2026-03-19,tester,2026-03-19 00:04:16,https://www.commcarehq.org/form/764b38c4-8dcf-4e55-bb7e-c28583604724,tester
667,4df436c3-3362-4d3f-a9de-621e761bbc26,community_02,Ahmed,Garba,female,1980-05-04,66296943343,08042208868,https://www.commcarehq.org/photos/farmer_667.jpg,5,mixed_farming,24,owned,2,rain-fed,---,groundnuts maize,1.8,3.6,---,---,---,---,10.2639135 7.4356622 0.0 20.0,yes,f4a6c021-61ed-4198-96f6-2d482d2a96e7,2026-04-19 00:06:00,2026-04-19,tester,2026-04-19 00:06:12,https://www.commcarehq.org/form/4df436c3-3362-4d3f-a9de-621e761bbc26,tester
668,93d35d4b-62c6-4f53-b8f3-dd59ddcfb191,community_01,Joy,Usman,male,1972-09-01,22669382075,08044037785,https://www.commcarehq.org/photos/farmer_668.jpg,4,crop_farming,15,family_land,1,dam_reservoir,---,maize,---,5.2,---,---,---,---,10.4224214 7.5829079 0.0 20.0,yes,f0efe77c-c798-4bbc-8223-e081f468abc9,2026-03-30 00:08:00,2026-03-30,tester,2026-03-30 00:08:07,https://www.commcarehq.org/form/93d35d4b-62c6-4f53-b8f3-dd59ddcfb191,tester
669,216e71d8-228e-4770-aa01-e38edd24584c,community_05,Binta,Peter,male,1992-12-16,30098393472,08057221333,https://www.commcarehq.org/photos/farmer_669.jpg,11,crop_farming,1,family_land,3,irrigation_scheme,---,rice groundnuts maize,1.1,5.8,1.8,rabbits,---,4,10.4742704 7.5423015 0.0 20.0,yes,bf92666b-63fb-48ab-9675-563aecfe2551,2026-05-30 00:05:00,2026-05-30,tester,2026-05-30 00:05:20,https://www.commcarehq.org/form/216e71d8-228e-4770-aa01-e38edd24584c,tester
670,f7d20586-46ca-4213-b0cd-56cfbae6d430,community_01,Binta,James,male,1987-05-14,,08096373048,https://www.commcarehq.org/photos/farmer_670.jpg,2,mixed_farming,2,family_land,2,rain-fed,---,groundnuts,2.0,---,---,goats,20,---,10.5147385 7.3770614 0.0 20.0,yes,a1f61df5-5e7c-4e95-bf2f-6d872085cf22,2026-04-22 00:08:00,2026-04-22,tester,2026-04-22 00:08:20,https://www.commcarehq.org/form/f7d20586-46ca-4213-b0cd-56cfbae6d430,tester
671,619c0f63-515b-41f4-8892-7eea9786ae6b,community_01,Amina,Samuel,male,1978-11-06,51418385367,08035673123,https://www.commcarehq.org/photos/farmer_671.jpg,3,crop_farming,21,owned,3,rain-fed,---,groundnuts rice maize,2.1,5.8,1.1,goats,14,---,10.3586403 7.2950959 0.0 20.0,yes,03425a60-cf35-4da5-8fbd-4ab504320d72,2026-03-11 00:02:00,2026-03-11,tester,2026-03-11 00:02:11,https://www.commcarehq.org/form/619c0f63-515b-41f4-8892-7eea9786ae6b,tester
672,d2e4a716-5de2-4128-ae0c-b66a2d41384e,community_02,Ahmed,Ogunleye,male,1994-10-08,,08017500251,https://www.commcarehq.org/photos/farmer_672.jpg,2,crop_farming,7,owned,3,rain-fed,---,groundnuts,1.8,---,---,---,---,---,10.2944184 7.2126105 0.0 20.0,yes,ce0e1742-3682-40c8-8e9f-357e45f853d6,2026-02-20 00:07:00,2026-02-20,tester,2026-02-20 00:07:07,https://www.commcarehq.org/form/d2e4a716-5de2-4128-ae0c-b66a2d41384e,tester
673,e16940b0-566c-4a14-adb2-f7b41c62493c,community_06,Ahmed,David,male,1970-03-24,40103587243,+2348056667976,https://www.commcarehq.org/photos/farmer_673.jpg,6,crop_farming,32,owned,4,rain-fed,---,maize,---,4.7,---,goats,3,---,10.5653299 7.3827008 0.0 20.0,yes,f2b1ec58-f061-481d-b937-0754faf15fa6,2026-03-10 00:06:00,2026-03-10,tester,2026-03-10 00:06:16,https://www.commcarehq.org/form/e16940b0-566c-4a14-adb2-f7b41c62493c,tester
674,44aba9bc-340e-400b-8366-cb0945bf8cc2,community_06,Amina,Abdullahi,female,1977-01-30,71060225411,08003785026,https://www.commcarehq.org/photos/farmer_674.jpg,5,mixed_farming,5,family_land,2,river_stream,---,groundnuts maize rice,1.7,1.9,2.1,rabbits,---,34,10.4001904 7.5000334 0.0 20.0,yes,9ac66a7d-464b-4dae-a434-e6581f165847,2026-03-03 00:06:00,2026-03-03,tester,2026-03-03 00:06:16,https://www.commcarehq.org/form/44aba9bc-340e-400b-8366-cb0945bf8cc2,tester
675,ad42d661-ec42-44e5-afc9-aadd23a026c4,community_03,Sarah,Balogun,male,1968-10-10,57353128576,08032058429,https://www.commcarehq.org/photos/farmer_675.jpg,4,mixed_farming,19,family_land,1,borehole,---,groundnuts maize,1.6,4.9,---,goats rabbits,23,31,10.3664384 7.2387049 0.0 20.0,yes,71d3cca0-860c-4595-abaf-4994f08b0a80,2026-06-10 00:07:00,2026-06-10,tester,2026-06-10 00:07:08,https://www.commcarehq.org/form/ad42d661-ec42-44e5-afc9-aadd23a026c4,tester
676,782e3625-cc70-4134-bae7-67a170f85ea0,community_03,MUSA,YAKUBU,male,1977-12-10,69799181036,08020235559,https://www.commcarehq.org/photos/farmer_676.jpg,3,mixed_farming,8,owned,2,rain-fed,---,rice groundnuts maize,2.3,4.6,0.8,goats,7,---,10.2579867 7.5819787 0.0 20.0,yes,e733e3ec-ddcc-4d35-bd69-3e7d2c268419,2026-06-02 00:02:00,2026-06-02,tester,2026-06-02 00:02:10,https://www.commcarehq.org/form/782e3625-cc70-4134-bae7-67a170f85ea0,tester
677,5272176c-cb1a-4c38-b79c-4267d5c2da56,community_03,Grace,David,male,1995-06-17,,8007650411,https://www.commcarehq.org/photos/farmer_677.jpg,9,crop_farming,10,family_land,2,river_stream,---,maize rice,---,3.7,3.1,---,---,---,10.3008177 7.4306204 0.0 20.0,yes,502c0d78-3cb7-4cfc-91bf-d5387a8ebf75,2026-05-29 00:06:00,2026-05-29,tester,2026-05-29 00:06:19,https://www.commcarehq.org/form/5272176c-cb1a-4c38-b79c-4267d5c2da56,tester
678,b19b3fb1-04e7-4818-a342-46e25f01e028,community_04,Grace,Johnson,male,1974-11-05,84213424314,08087937551,https://www.commcarehq.org/photos/farmer_678.jpg,3,mixed_farming,21,owned,5,rain-fed,---,groundnuts,2.0,---,---,---,---,---,10.3409596 7.5271904 0.0 20.0,yes,ccdff081-cdf6-46ae-90ec-1b22960f4b61,2026-04-17 00:02:00,2026-04-17,tester,2026-04-17 00:02:18,https://www.commcarehq.org/form/b19b3fb1-04e7-4818-a342-46e25f01e028,tester
679,68cc394d-d80a-4b71-97f6-dc5562f60a03,community_04,Hauwa,Usman,male,1964-06-01,39599355415,08056555391,https://www.commcarehq.org/photos/farmer_679.jpg,1,crop_farming,5,owned,2,borehole,---,groundnuts rice maize,1.1,6.4,1.2,---,---,---,10.2968308 7.3880826 0.0 20.0,yes,21249bb1-0f43-4e48-ad8d-4d95436a5fe1,2026-03-26 00:04:00,2026-03-26,tester,2026-03-26 00:04:06,https://www.commcarehq.org/form/68cc394d-d80a-4b71-97f6-dc5562f60a03,tester
680,c6dc716f-9ade-446d-bfde-511d392d0a21,community_05,Grace,Ahmed,female,1972-11-13,,08067375349,https://www.commcarehq.org/photos/farmer_680.jpg,4,mixed_farming,8,owned,2,rain-fed,---,groundnuts rice maize,2.4,5.9,0.9,rabbits,---,40,10.4802256 7.2737024 0.0 20.0,yes,bf8f2d68-d721-41a5-bdab-d9dfb0068eff,2026-01-18 00:07:00,2026-01-18,tester,2026-01-18 00:07:13,https://www.commcarehq.org/form/c6dc716f-9ade-446d-bfde-511d392d0a21,tester
681,3abb227f-1ae7-45d3-8869-dc54c7c2ddd3,community_06,Deborah,Usman,female,1962-07-22,,08074063522,https://www.commcarehq.org/photos/farmer_681.jpg,4,crop_farming,7,owned,1,rain-fed,---,maize,---,4.1,---,---,---,---,10.510068 7.448705 0.0 20.0,yes,72ad4799-0d0e-407e-aa51-4d73ec4911b5,2026-04-20 00:07:00,2026-04-20,tester,2026-04-20 00:07:14,https://www.commcarehq.org/form/3abb227f-1ae7-45d3-8869-dc54c7c2ddd3,tester
682,b2252bf6-6cfa-4094-8ca7-929da0b81b55,community_03,Paul,Okafor,male,2004-06-20,94822418572,08061147167,https://www.commcarehq.org/photos/farmer_682.jpg,3,crop_farming,2,owned,3,dam_reservoir,---,groundnuts maize,2.2,1.2,---,---,---,---,10.5898484 7.4825389 0.0 20.0,yes,3eb94ada-b463-4057-bd4b-73baef889410,2026-02-03 00:07:00,2026-02-03,tester,2026-02-03 00:07:10,https://www.commcarehq.org/form/b2252bf6-6cfa-4094-8ca7-929da0b81b55,tester
683,81f7213f-db08-4f00-9f02-9aa863cbee99,community_05,Suleiman,Tanko,female,1998-10-13,,08082849123,https://www.commcarehq.org/photos/farmer_683.jpg,1,crop_farming,5,owned,3,rain-fed,---,rice groundnuts maize,2.2,2.0,3.4,goats,24,---,10.3756873 7.3404149 0.0 20.0,yes,e23c9806-f32a-4f1c-a6e0-462959b3c549,2026-01-24 00:02:00,2026-01-24,tester,2026-01-24 00:02:18,https://www.commcarehq.org/form/81f7213f-db08-4f00-9f02-9aa863cbee99,tester
684,a270d85a-4f3f-4622-b71e-2ce9ff92d1dd,community_05,Ibrahim,Usman,female,1999-02-13,59370618121,08015784381,https://www.commcarehq.org/photos/farmer_684.jpg,5,mixed_farming,9,leased,1,rain-fed,---,groundnuts,2.1,---,---,goats,12,---,10.2724954 7.4311629 0.0 20.0,yes,8f2f4aab-ff47-4f5f-8a25-46313eb57cab,2026-01-10 00:07:00,2026-01-10,tester,2026-01-10 00:07:10,https://www.commcarehq.org/form/a270d85a-4f3f-4622-b71e-2ce9ff92d1dd,tester
685,d8fde638-2065-4f4b-9dfd-635c834647d6,community_02,Joseph,Ogunleye,male,1979-09-09,88030454533,08032350087,https://www.commcarehq.org/photos/farmer_685.jpg,10,mixed_farming,10,owned,3,rain-fed,---,maize,---,3.0,---,goats rabbits,25,28,10.2765262 7.5223814 0.0 20.0,yes,051163ec-ca5d-451f-b636-5241ef239a82,2026-05-18 00:06:00,2026-05-18,tester,2026-05-18 00:06:12,https://www.commcarehq.org/form/d8fde638-2065-4f4b-9dfd-635c834647d6,tester
686,7b1b32b6-ef29-477a-915c-5f93de5c521d,community_07,James,Daniel,male,1996-10-12,95480714880,8020488125,https://www.commcarehq.org/photos/farmer_686.jpg,6,mixed_farming,6,owned,2,river_stream,---,rice,---,---,3.5,goats,19,---,10.5743787 7.5227843 0.0 20.0,yes,59e5d5cf-44f2-484b-b702-c4f8c48524a4,2026-06-05 00:04:00,2026-06-05,tester,2026-06-05 00:04:20,https://www.commcarehq.org/form/7b1b32b6-ef29-477a-915c-5f93de5c521d,tester
687,433c5393-cebb-4276-866e-3d962648509e,community_06,Deborah,Yusuf,male,1986-12-07,53849594372,08068432152,https://www.commcarehq.org/photos/farmer_687.jpg,3,crop_farming,5,owned,2,rain-fed,---,rice maize,---,4.5,2.3,goats,16,---,10.4445162 7.3032856 0.0 20.0,no,46e56d7b-c258-4ef4-ba75-de787552b184,2026-06-29 00:02:00,2026-06-29,tester,2026-06-29 00:02:19,https://www.commcarehq.org/form/433c5393-cebb-4276-866e-3d962648509e,tester
688,69610f5c-6aa5-4292-a05d-74b1914bd890,community_05,Deborah,Ojo,male,1969-09-19,47994480425,8069092579,https://www.commcarehq.org/photos/farmer_688.jpg,2,crop_farming,28,family_land,1,rain-fed,---,rice maize groundnuts,2.2,2.8,2.8,goats,25,---,10.2817641 7.4777177 0.0 20.0,yes,7b12b8c4-73f8-4de9-bdc3-b2db9d269f1d,2026-04-05 00:06:00,2026-04-05,tester,2026-04-05 00:06:18,https://www.commcarehq.org/form/69610f5c-6aa5-4292-a05d-74b1914bd890,tester
689,8450d67e-b804-469b-bed6-d289a72631f8,community_04,Ibrahim,Yusuf,female,1958-02-03,,8003485943,https://www.commcarehq.org/photos/farmer_689.jpg,4,crop_farming,12,family_land,6,rain-fed,---,maize,---,5.3,---,goats,3,---,10.3321754 7.5921351 0.0 20.0,yes,6fc6b209-f9e5-4bb3-89e5-8855f9188469,2026-03-03 00:06:00,2026-03-03,tester,2026-03-03 00:06:15,https://www.commcarehq.org/form/8450d67e-b804-469b-bed6-d289a72631f8,tester
690,c9784119-e516-43a8-941e-9f6ee9ba2cc7,community_06,Ruth,Usman,female,1971-10-25,,08004752278,https://www.commcarehq.org/photos/farmer_690.jpg,3,mixed_farming,15,owned,4,river_stream,---,maize,---,3.8,---,goats rabbits,12,15,10.2006135 7.3175784 0.0 20.0,yes,f3f302a9-b19c-4a09-a562-5b56715b6bc7,2026-04-05 00:03:00,2026-04-05,tester,2026-04-05 00:03:20,https://www.commcarehq.org/form/c9784119-e516-43a8-941e-9f6ee9ba2cc7,tester
691,c923a130-e21d-433b-9e41-2aa9cd4626eb,community_03,Esther,David,female,2004-12-20,14924957375,08097232625,https://www.commcarehq.org/photos/farmer_691.jpg,7,crop_farming,1,owned,3,rain-fed,---,maize rice,---,1.0,3.0,rabbits,---,16,10.5352794 7.5543635 0.0 20.0,yes,253c186a-8814-4e2c-aaff-9cd0f866b559,2026-04-02 00:05:00,2026-04-02,tester,2026-04-02 00:05:19,https://www.commcarehq.org/form/c923a130-e21d-433b-9e41-2aa9cd4626eb,tester
692,b00b01aa-7d9c-49b1-a9b3-bdd3d34eddae,community_07,Rebecca,Adeyemi,male,2004-12-18,78896172338,08069968247,https://www.commcarehq.org/photos/farmer_692.jpg,5,mixed_farming,3,family_land,3,rain-fed,---,maize,---,5.0,---,---,---,---,10.5476852 7.5849212 0.0 20.0,yes,0c71c404-811e-49e5-9a41-7f8ba68c95a8,2026-05-02 00:05:00,2026-05-02,tester,2026-05-02 00:05:19,https://www.commcarehq.org/form/b00b01aa-7d9c-49b1-a9b3-bdd3d34eddae,tester
693,74fcd191-7a6e-4639-a75a-0fb74837a6bb,community_03,Ruth,Ahmed,male,1975-11-11,20113322933,08034103427,https://www.commcarehq.org/photos/farmer_693.jpg,9,mixed_farming,3,owned,2,borehole,---,maize rice,---,4.9,1.0,---,---,---,10.3373621 7.4101335 0.0 20.0,yes,699df027-ca82-4581-9542-b23e3f165f6b,2026-03-27 00:07:00,2026-03-27,tester,2026-03-27 00:07:18,https://www.commcarehq.org/form/74fcd191-7a6e-4639-a75a-0fb74837a6bb,tester
694,93887340-bc56-43be-a129-2b1708d055b0,community_03,Ibrahim,Isa,female,1973-12-16,96036319606,08069780485,https://www.commcarehq.org/photos/farmer_694.jpg,1,mixed_farming,24,family_land,6,borehole,---,rice maize groundnuts,3.0,1.0,0.9,---,---,---,10.4995503 7.3791288 0.0 20.0,yes,e929ed2a-81fb-4154-8c4c-a6fc5a2bac4b,2026-04-13 00:05:00,2026-04-13,tester,2026-04-13 00:05:07,https://www.commcarehq.org/form/93887340-bc56-43be-a129-2b1708d055b0,tester
695,f45cb640-a1f7-4642-a59e-3cc30684993f,community_02,Musa,Ibrahim,male,1952-10-31,44359995747,08077468851,https://www.commcarehq.org/photos/farmer_695.jpg,2,crop_farming,22,leased,3,rain-fed,---,groundnuts maize rice,2.3,4.6,0.5,goats rabbits,24,29,10.5633073 7.5421462 0.0 20.0,yes,afe0220e-f1f6-495c-9962-31e8c605b60b,2026-05-04 00:07:00,2026-05-04,tester,2026-05-04 00:07:12,https://www.commcarehq.org/form/f45cb640-a1f7-4642-a59e-3cc30684993f,tester
696,cc761728-efd5-4e2f-ab76-dc8116f37112,community_04,David,Isa,female,2008-01-06,22350911197,08053338250,https://www.commcarehq.org/photos/farmer_696.jpg,6,crop_farming,1,owned,2,rain-fed,---,rice maize,---,2.2,0.6,---,---,---,10.2665934 7.4888028 0.0 20.0,yes,9836cf49-d580-466a-a817-84f2bb83489a,2026-05-04 00:07:00,2026-05-04,tester,2026-05-04 00:07:12,https://www.commcarehq.org/form/cc761728-efd5-4e2f-ab76-dc8116f37112,tester
697,0f38ee2d-5d8d-4803-bba1-817ddfd3cdc3,community_06,Fatima,Sani,female,1979-12-14,76558681178,08032990603,https://www.commcarehq.org/photos/farmer_697.jpg,5,livestock_farming,25,owned,1,dam_reservoir,---,rice maize groundnuts,2.2,3.4,2.6,goats,21,---,10.2231543 7.4309345 0.0 20.0,yes,34bef00c-3a18-43c8-a408-5928ea3c494f,2026-06-23 00:08:00,2026-06-23,tester,2026-06-23 00:08:07,https://www.commcarehq.org/form/0f38ee2d-5d8d-4803-bba1-817ddfd3cdc3,tester
698,82093872-6da9-4942-9dd5-2cbcd12b8503,community_07,Mercy,DAVID,male,1975-01-03,94859527433,08015902590,https://www.commcarehq.org/photos/farmer_698.jpg,8,livestock_farming,5,family_land,4,borehole,---,maize,---,6.0,---,goats,21,---,10.4296933 7.4978251 0.0 20.0,yes,6f6b4cbd-e4fd-4588-9490-02b552aeb855,2026-01-14 00:08:00,2026-01-14,tester,2026-01-14 00:08:08,https://www.commcarehq.org/form/82093872-6da9-4942-9dd5-2cbcd12b8503,tester
699,51bcc4f3-6f4c-4278-a169-20fa1435208c,community_01,Esther,Johnson,male,1957-06-02,,08024108310,https://www.commcarehq.org/photos/farmer_699.jpg,9,mixed_farming,19,owned,2,borehole,---,groundnuts,2.0,---,---,---,---,---,10.4455646 7.3212317 0.0 20.0,yes,d38555f2-e551-4336-a36f-2585d6bf9ccb,2026-03-23 00:05:00,2026-03-23,tester,2026-03-23 00:05:18,https://www.commcarehq.org/form/51bcc4f3-6f4c-4278-a169-20fa1435208c,tester
700,437761e3-7dbe-4c9b-89bc-d5d86b4f8426,community_05,Yusuf,Usman,male,1971-02-10,35657075765,8050469214,https://www.commcarehq.org/photos/farmer_700.jpg,9,livestock_farming,25,leased,2,rain-fed,---,rice,---,---,3.0,rabbits,---,18,10.253599 7.4960214 0.0 20.0,yes,405abc5f-10b9-4710-8b9f-6d985e5a4030,2026-02-06 00:05:00,2026-02-06,tester,2026-02-06 00:05:09,https://www.commcarehq.org/form/437761e3-7dbe-4c9b-89bc-d5d86b4f8426,tester
701,9cfde4ee-803a-4c52-ae1d-54bee3e2b215,community_01,Fatima,Ojo,female,1990-04-14,,08036790125,https://www.commcarehq.org/photos/farmer_701.jpg,10,crop_farming,12,owned,1,rain-fed,---,groundnuts rice maize,0.6,6.3,2.8,---,---,---,10.3358401 7.3973383 0.0 20.0,yes,0b763d52-5cab-4764-b64b-79649902c107,2026-02-18 00:06:00,2026-02-18,tester,2026-02-18 00:06:19,https://www.commcarehq.org/form/9cfde4ee-803a-4c52-ae1d-54bee3e2b215,tester
702,45817f39-0059-4d6a-adc7-73e9ef59dc3b,community_07,Sarah,Eze,male,1994-06-17,82996617343,08088099938,https://www.commcarehq.org/photos/farmer_702.jpg,10,crop_farming,7,family_land,2,rain-fed,---,rice maize,---,0.7,2.5,goats,4,---,10.5888209 7.4337695 0.0 20.0,yes,c4901b3b-363a-4813-ae64-a93e476be9bd,2026-04-11 00:07:00,2026-04-11,tester,2026-04-11 00:07:13,https://www.commcarehq.org/form/45817f39-0059-4d6a-adc7-73e9ef59dc3b,tester
703,cbeed320-8127-4467-9661-0310126a080e,community_02,Mary,Michael,male,1980-12-04,,08025594836,https://www.commcarehq.org/photos/farmer_703.jpg,7,crop_farming,22,leased,2,irrigation_scheme,---,rice,---,---,0.6,goats,5,---,10.5472545 7.422405 0.0 20.0,no,7a6f5559-435f-4356-adec-5322ac2dcccd,2026-03-13 00:05:00,2026-03-13,tester,2026-03-13 00:05:13,https://www.commcarehq.org/form/cbeed320-8127-4467-9661-0310126a080e,tester
704,38220394-6da0-4765-9ca1-5ba81df43c90,community_05,Samuel,Michael,female,1967-07-09,35841428034,08037785777,https://www.commcarehq.org/photos/farmer_704.jpg,7,crop_farming,5,owned,1,river_stream,---,groundnuts maize rice,1.3,1.3,1.3,goats,4,---,10.3635358 7.2860211 0.0 20.0,yes,7e559ead-80d3-43ea-8f2b-a0fad4342ff0,2026-05-25 00:04:00,2026-05-25,tester,2026-05-25 00:04:12,https://www.commcarehq.org/form/38220394-6da0-4765-9ca1-5ba81df43c90,tester
705,ee6648ed-d07f-4963-946e-d7ad4781135a,community_01,Suleiman,David,male,1971-10-27,,08046747365,https://www.commcarehq.org/photos/farmer_705.jpg,4,mixed_farming,12,leased,1,rain-fed,---,groundnuts rice maize,0.9,2.7,0.6,---,---,---,10.3708376 7.4909972 0.0 20.0,yes,b20f1a4f-d6ae-4818-ab7d-0bc17dc221a1,2026-04-19 00:05:00,2026-04-19,tester,2026-04-19 00:05:18,https://www.commcarehq.org/form/ee6648ed-d07f-4963-946e-d7ad4781135a,tester
706,ec9c7631-15c6-4697-96df-0d56a535f552,community_05,Esther,Yusuf,female,1990-10-01,48541172559,08075841260,https://www.commcarehq.org/photos/farmer_706.jpg,6,mixed_farming,11,owned,1,borehole,---,maize rice,---,6.3,0.8,---,---,---,10.316453 7.4106253 0.0 20.0,yes,a596c76d-6982-4c17-8a39-b88c76afe95a,2026-02-10 00:05:00,2026-02-10,tester,2026-02-10 00:05:19,https://www.commcarehq.org/form/ec9c7631-15c6-4697-96df-0d56a535f552,tester
707,f9cae069-2517-495c-801f-19c8a2e9f2a5,community_02,Mary,Haruna,female,1998-08-26,54054217820,08026337748,https://www.commcarehq.org/photos/farmer_707.jpg,7,crop_farming,1,leased,1,rain-fed,---,rice groundnuts maize,2.6,2.9,1.2,goats,25,---,10.39016 7.4557206 0.0 20.0,yes,dbef30e4-fd9d-481c-aab7-ab216a470fea,2026-03-13 00:03:00,2026-03-13,tester,2026-03-13 00:03:09,https://www.commcarehq.org/form/f9cae069-2517-495c-801f-19c8a2e9f2a5,tester
708,83f0a076-1650-436e-9810-c66147338c16,community_04,Emmanuel,Sani,female,1987-04-17,84776281778,8006746988,https://www.commcarehq.org/photos/farmer_708.jpg,3,crop_farming,10,owned,1,rain-fed,---,maize,---,5.0,---,goats,18,---,10.5947058 7.3943882 0.0 20.0,yes,d0381e4e-9db6-4ba9-a808-53312ed0bdac,2026-03-25 00:04:00,2026-03-25,tester,2026-03-25 00:04:13,https://www.commcarehq.org/form/83f0a076-1650-436e-9810-c66147338c16,tester
709,c8f487e8-dd16-4f24-9cff-96bb181cd028,community_03,Amina,Samuel,male,2002-06-17,76303207303,08089847403,https://www.commcarehq.org/photos/farmer_709.jpg,4,mixed_farming,5,owned,1,rain-fed,---,maize rice groundnuts,2.3,6.1,1.0,---,---,---,10.268285 7.2341965 0.0 20.0,yes,244e5591-d191-4dc8-a41d-a3ebf3537f53,2026-04-02 00:04:00,2026-04-02,tester,2026-04-02 00:04:11,https://www.commcarehq.org/form/c8f487e8-dd16-4f24-9cff-96bb181cd028,tester
710,bc1aea1e-cb2f-41b9-aeff-b30dc4eb8395,community_04,Deborah,Yusuf,female,1990-10-02,35401234755,08034263627,https://www.commcarehq.org/photos/farmer_710.jpg,3,mixed_farming,16,family_land,1,irrigation_scheme,---,rice groundnuts maize,1.6,2.7,0.7,---,---,---,10.3195741 7.5173862 0.0 20.0,yes,8695ffe6-e3c4-4d25-89b1-39e77f256c3d,2026-02-12 00:04:00,2026-02-12,tester,2026-02-12 00:04:11,https://www.commcarehq.org/form/bc1aea1e-cb2f-41b9-aeff-b30dc4eb8395,tester
711,7ab6d768-4b2d-4200-bd7c-a684a75b72ec,community_05,David,Philip,male,1977-08-03,,08056644433,https://www.commcarehq.org/photos/farmer_711.jpg,3,crop_farming,20,owned,3,river_stream,---,maize,---,3.7,---,rabbits,---,28,10.5202812 7.2698885 0.0 20.0,yes,f2eef423-b0f8-45ba-9b56-ac073eacf248,2026-01-01 00:08:00,2026-01-01,tester,2026-01-01 00:08:13,https://www.commcarehq.org/form/7ab6d768-4b2d-4200-bd7c-a684a75b72ec,tester
712,1518b0e5-43a0-4a13-bcb2-34c135895029,community_06,Deborah,Michael,male,1993-02-07,,08033410013,https://www.commcarehq.org/photos/farmer_712.jpg,5,mixed_farming,10,leased,1,river_stream,---,maize rice groundnuts,0.9,6.2,2.1,---,---,---,10.241545 7.3370435 0.0 20.0,yes,25c08495-8a6b-449a-9bf0-dbf5d4559b5a,2026-06-12 00:05:00,2026-06-12,tester,2026-06-12 00:05:14,https://www.commcarehq.org/form/1518b0e5-43a0-4a13-bcb2-34c135895029,tester
713,42578895-335f-471c-b4f9-e1196ab66f04,community_01,Mercy,Johnson,female,1992-08-26,,08018593077,https://www.commcarehq.org/photos/farmer_713.jpg,5,mixed_farming,12,leased,1,rain-fed,---,rice,---,---,3.2,goats rabbits,22,14,10.3642178 7.2953345 0.0 20.0,yes,796dcea5-e322-459a-aa6c-e606b34283b3,2026-06-17 00:08:00,2026-06-17,tester,2026-06-17 00:08:14,https://www.commcarehq.org/form/42578895-335f-471c-b4f9-e1196ab66f04,tester
714,c7b7495c-c514-40fe-ab96-05ac10634153,community_03,Musa,Yusuf,male,1986-11-26,44772123943,08074578691,https://www.commcarehq.org/photos/farmer_714.jpg,5,livestock_farming,17,family_land,2,rain-fed,---,groundnuts rice,1.7,---,1.2,rabbits,---,6,10.3840469 7.4463099 0.0 20.0,yes,7bb5bfb1-22e8-45ba-a83b-a7e024a2395e,2026-01-11 00:08:00,2026-01-11,tester,2026-01-11 00:08:08,https://www.commcarehq.org/form/c7b7495c-c514-40fe-ab96-05ac10634153,tester
715,080b2044-cca4-4ef9-871e-fdd383793157,community_03,Grace,David,male,1971-09-24,68166725054,08071530917,https://www.commcarehq.org/photos/farmer_715.jpg,5,mixed_farming,28,owned,3,other,Community Well,groundnuts maize,2.7,5.3,---,---,---,---,10.2181902 7.2231172 0.0 20.0,yes,ad8883a4-9c29-4c73-8102-eecac4ddad26,2026-05-17 00:06:00,2026-05-17,tester,2026-05-17 00:06:11,https://www.commcarehq.org/form/080b2044-cca4-4ef9-871e-fdd383793157,tester
716,c1a5c219-be89-4479-81ae-fe161daa477e,community_02,Fatima,Daniel,male,1995-04-01,44679329725,08016934364,https://www.commcarehq.org/photos/farmer_716.jpg,8,mixed_farming,12,owned,2,irrigation_scheme,---,maize groundnuts rice,2.3,5.6,3.6,goats,3,---,10.4694178 7.2913309 0.0 20.0,yes,35767d2b-7d50-4380-86b0-9ac503f4828b,2026-06-10 00:05:00,2026-06-10,tester,2026-06-10 00:05:16,https://www.commcarehq.org/form/c1a5c219-be89-4479-81ae-fe161daa477e,tester
717,cc2513a3-9a64-482b-aba1-d918d4e78b38,community_04,Sarah,David,female,1981-04-11,,08062789771,https://www.commcarehq.org/photos/farmer_717.jpg,7,crop_farming,19,owned,1,dam_reservoir,---,groundnuts,1.2,---,---,---,---,---,10.2636267 7.3510443 0.0 20.0,yes,0cc8b465-bb59-4d83-b813-c52bfa30cf70,2026-05-30 00:05:00,2026-05-30,tester,2026-05-30 00:05:09,https://www.commcarehq.org/form/cc2513a3-9a64-482b-aba1-d918d4e78b38,tester
718,b48d61ba-aadd-4b6f-bc0d-725632662108,community_06,Paul,Eze,female,1990-11-21,,08062971632,https://www.commcarehq.org/photos/farmer_718.jpg,1,mixed_farming,11,owned,2,rain-fed,---,rice,---,---,1.7,goats,19,---,10.4573873 7.2401069 0.0 20.0,yes,ebdf265e-56bd-438f-a3a1-0dc8534cc916,2026-04-24 00:08:00,2026-04-24,tester,2026-04-24 00:08:18,https://www.commcarehq.org/form/b48d61ba-aadd-4b6f-bc0d-725632662108,tester
719,e80cd03f-c76f-4022-bab2-56edfdca4c7a,community_04,Emmanuel,James,male,1951-06-09,30060764450,08019251398,https://www.commcarehq.org/photos/farmer_719.jpg,3,crop_farming,25,owned,1,river_stream,---,maize rice,---,5.9,0.7,---,---,---,10.4645601 7.3932674 0.0 20.0,yes,dfe8285a-f38a-4938-9425-46de0d714d4b,2026-05-20 00:03:00,2026-05-20,tester,2026-05-20 00:03:19,https://www.commcarehq.org/form/e80cd03f-c76f-4022-bab2-56edfdca4c7a,tester
720,2d06df48-00ca-4eec-8e65-5678615d5165,community_03,Suleiman,Eze,male,1978-07-26,,08061012555,https://www.commcarehq.org/photos/farmer_720.jpg,8,mixed_farming,8,owned,5,borehole,---,maize rice,---,3.3,0.9,---,---,---,10.3291605 7.5624829 0.0 20.0,yes,2b2d627d-aff9-4078-80e3-0e50f1f11246,2026-06-05 00:07:00,2026-06-05,tester,2026-06-05 00:07:05,https://www.commcarehq.org/form/2d06df48-00ca-4eec-8e65-5678615d5165,tester
721,c16e44ca-c0a9-4a49-912b-f5c1e1545c67,community_03,Elizabeth,Mohammed,female,1976-07-15,,08062189756,https://www.commcarehq.org/photos/farmer_721.jpg,3,crop_farming,7,owned,5,rain-fed,---,maize,---,2.2,---,goats,12,---,10.2267939 7.2995873 0.0 20.0,yes,d1d9cb4e-2ad6-4c84-b061-2b3d796ebf13,2026-02-05 00:08:00,2026-02-05,tester,2026-02-05 00:08:15,https://www.commcarehq.org/form/c16e44ca-c0a9-4a49-912b-f5c1e1545c67,tester
722,259e6efb-b9aa-4410-9e5b-57acee2f4219,community_07,Joseph,Abdullahi,male,2001-09-18,,08075532089,https://www.commcarehq.org/photos/farmer_722.jpg,4,mixed_farming,7,owned,6,rain-fed,---,maize,---,2.7,---,goats,12,---,10.3920072 7.3352288 0.0 20.0,yes,e4ad4a81-ceaf-49a3-9416-b6f39d537a52,2026-05-27 00:03:00,2026-05-27,tester,2026-05-27 00:03:16,https://www.commcarehq.org/form/259e6efb-b9aa-4410-9e5b-57acee2f4219,tester
723,858527fd-ba92-40dc-9812-8c9694bb7ebf,community_01,Naomi,Isa,female,1995-04-23,,08020356750,https://www.commcarehq.org/photos/farmer_723.jpg,4,mixed_farming,2,owned,5,borehole,---,groundnuts,1.4,---,---,---,---,---,10.5573007 7.3213859 0.0 20.0,yes,2d5cfbba-fa63-4ef2-b9df-8f949aafb287,2026-06-28 00:05:00,2026-06-28,tester,2026-06-28 00:05:05,https://www.commcarehq.org/form/858527fd-ba92-40dc-9812-8c9694bb7ebf,tester
724,cd39770c-3eda-4511-8edf-b272bbb22fea,community_02,Joseph,Mohammed,male,1987-09-12,71156330521,08032748484,https://www.commcarehq.org/photos/farmer_724.jpg,2,crop_farming,21,family_land,3,rain-fed,---,rice groundnuts maize,2.1,3.3,1.3,goats,7,---,10.516498 7.4993667 0.0 20.0,yes,80869854-337c-4cdc-a93e-2a0417011196,2026-04-26 00:04:00,2026-04-26,tester,2026-04-26 00:04:20,https://www.commcarehq.org/form/cd39770c-3eda-4511-8edf-b272bbb22fea,tester
725,57d8d3fe-7455-441c-86e0-5c70fd427017,community_07,James,Tanko,male,1971-10-11,87494907480,08038488593,https://www.commcarehq.org/photos/farmer_725.jpg,5,crop_farming,24,family_land,3,river_stream,---,groundnuts rice,0.8,---,2.2,---,---,---,10.3226694 7.37983 0.0 20.0,yes,804d661f-c43d-4564-98e7-cad0e137d75d,2026-03-31 00:05:00,2026-03-31,tester,2026-03-31 00:05:15,https://www.commcarehq.org/form/57d8d3fe-7455-441c-86e0-5c70fd427017,tester
726,7273dc2b-73f0-4385-bcab-07ee1984e5d1,community_03,Esther,Okafor,female,2001-07-23,79990972982,08039675626,https://www.commcarehq.org/photos/farmer_726.jpg,7,crop_farming,4,owned,3,rain-fed,---,rice maize groundnuts,1.0,1.3,1.9,rabbits,---,30,10.5532608 7.5561483 0.0 20.0,yes,35c49905-9003-4cde-b792-3ca8c227de84,2026-04-06 00:05:00,2026-04-06,tester,2026-04-06 00:05:06,https://www.commcarehq.org/form/7273dc2b-73f0-4385-bcab-07ee1984e5d1,tester
727,4d9cdba1-ff84-4a08-96e6-256a4c06aad1,community_05,John,Okafor,female,1974-01-03,89321328021,08017746097,https://www.commcarehq.org/photos/farmer_727.jpg,2,mixed_farming,3,owned,3,rain-fed,---,groundnuts,1.0,---,---,---,---,---,10.5151174 7.2862701 0.0 20.0,yes,21e712dd-ce12-4895-85e4-a47662c4d6b3,2026-02-28 00:04:00,2026-02-28,tester,2026-02-28 00:04:13,https://www.commcarehq.org/form/4d9cdba1-ff84-4a08-96e6-256a4c06aad1,tester
728,43bdf4b3-4359-49d8-a1db-b226b88ee729,community_03,Paul,David,female,1969-09-29,,08022933135,https://www.commcarehq.org/photos/farmer_728.jpg,6,crop_farming,9,owned,1,river_stream,---,maize,---,5.7,---,goats,18,---,10.4222746 7.3149074 0.0 20.0,yes,a532dbc7-feb1-43ba-b833-8c44b4c47542,2026-03-29 00:03:00,2026-03-29,tester,2026-03-29 00:03:08,https://www.commcarehq.org/form/43bdf4b3-4359-49d8-a1db-b226b88ee729,tester
729,46965087-c542-4599-a900-a7d422bb7610,community_01,Blessing,Ojo,female,1976-03-04,79334398296,08083949938,https://www.commcarehq.org/photos/farmer_729.jpg,6,crop_farming,29,owned,1,rain-fed,---,rice groundnuts maize,0.8,5.8,3.7,goats,4,---,10.4868327 7.3304114 0.0 20.0,yes,33600c2c-bfc3-4129-9860-799de5a49e78,2026-04-17 00:03:00,2026-04-17,tester,2026-04-17 00:03:09,https://www.commcarehq.org/form/46965087-c542-4599-a900-a7d422bb7610,tester
730,4184e81b-aaf8-4a28-a1cb-844eb25f8969,community_04,Ruth,Okafor,male,1977-11-01,44687395680,08088571846,https://www.commcarehq.org/photos/farmer_730.jpg,6,crop_farming,7,family_land,3,rain-fed,---,groundnuts,1.3,---,---,rabbits,---,33,10.3248878 7.4739099 0.0 20.0,yes,078fc535-8bb7-4f8c-a120-e89106203d4d,2026-01-06 00:03:00,2026-01-06,tester,2026-01-06 00:03:10,https://www.commcarehq.org/form/4184e81b-aaf8-4a28-a1cb-844eb25f8969,tester
731,fe48d2d0-36d2-449f-aea8-8f8019eb9350,community_05,Binta,Lawal,male,1969-01-12,48427568219,08002418082,https://www.commcarehq.org/photos/farmer_731.jpg,2,mixed_farming,7,owned,2,rain-fed,---,maize groundnuts,2.6,1.9,---,rabbits,---,36,10.5634191 7.3366617 0.0 20.0,yes,70ea96c9-016e-4a7b-9636-36e208d12ce4,2026-02-18 00:03:00,2026-02-18,tester,2026-02-18 00:03:05,https://www.commcarehq.org/form/fe48d2d0-36d2-449f-aea8-8f8019eb9350,tester
732,e9e47092-dc38-472f-9eac-52c409302989,community_04,Daniel,Yakubu,female,2004-07-19,84723396222,08070002452,https://www.commcarehq.org/photos/farmer_732.jpg,6,mixed_farming,3,owned,1,rain-fed,---,maize,---,0.8,---,goats,15,---,10.5924866 7.5901725 0.0 20.0,yes,38db252e-e7f3-4527-b23b-3ae056747323,2026-01-08 00:06:00,2026-01-08,tester,2026-01-08 00:06:09,https://www.commcarehq.org/form/e9e47092-dc38-472f-9eac-52c409302989,tester
733,668d3a5a-e80a-4cd5-8659-39cff0fbf227,community_03,Blessing,Peter,male,1973-10-06,,08032794026,https://www.commcarehq.org/photos/farmer_733.jpg,4,mixed_farming,7,owned,3,irrigation_scheme,---,groundnuts,1.6,---,---,goats,21,---,10.2333128 7.4406168 0.0 20.0,yes,7cc84cd8-757f-4b65-83ef-c8b758ea14c1,2026-04-30 00:04:00,2026-04-30,tester,2026-04-30 00:04:19,https://www.commcarehq.org/form/668d3a5a-e80a-4cd5-8659-39cff0fbf227,tester
734,49b71ea5-7779-4a8b-a0a1-056bb2f77efb,community_02,Deborah,James,female,1961-02-14,88332574932,08043309203,https://www.commcarehq.org/photos/farmer_734.jpg,7,livestock_farming,47,owned,3,borehole,---,groundnuts maize,1.2,4.3,---,goats,12,---,10.4490544 7.3849759 0.0 20.0,yes,bc6287ae-75c7-4c24-9334-622a7171c1ab,2026-06-04 00:08:00,2026-06-04,tester,2026-06-04 00:08:17,https://www.commcarehq.org/form/49b71ea5-7779-4a8b-a0a1-056bb2f77efb,tester
735,288f3987-5a79-47b1-9ce1-b4cf8e7e191d,community_03,Mary,Johnson,female,1972-03-22,,08086865729,https://www.commcarehq.org/photos/farmer_735.jpg,2,crop_farming,27,leased,4,rain-fed,---,rice,---,---,0.7,---,---,---,10.3911529 7.2509779 0.0 20.0,yes,175fffef-fa58-4727-917a-03e37586c068,2026-04-14 00:05:00,2026-04-14,tester,2026-04-14 00:05:09,https://www.commcarehq.org/form/288f3987-5a79-47b1-9ce1-b4cf8e7e191d,tester
736,412ab22f-143d-4666-bc7a-96aa43b195d2,community_01,James,Eze,male,2001-09-04,48472019644,08096013417,https://www.commcarehq.org/photos/farmer_736.jpg,6,crop_farming,1,owned,2,dam_reservoir,---,groundnuts,2.1,---,---,rabbits,---,16,10.2869711 7.3319837 0.0 20.0,yes,4a5772fb-01a3-4ab7-82c6-7b546b398fa5,2026-03-11 00:05:00,2026-03-11,tester,2026-03-11 00:05:14,https://www.commcarehq.org/form/412ab22f-143d-4666-bc7a-96aa43b195d2,tester
737,d710c441-3530-4fee-8a7d-c00650eebf0d,community_01,Blessing,Sani,female,1970-09-03,77403239172,08077038014,https://www.commcarehq.org/photos/farmer_737.jpg,4,mixed_farming,26,owned,1,rain-fed,---,groundnuts rice maize,1.6,5.6,1.9,---,---,---,10.3204424 7.380644 0.0 20.0,yes,296cfa63-e420-4ba2-adbb-5a34e2d1c674,2026-06-30 00:04:00,2026-06-30,tester,2026-06-30 00:04:15,https://www.commcarehq.org/form/d710c441-3530-4fee-8a7d-c00650eebf0d,tester
738,edc2fdba-e943-4e9d-89ae-a8b2c6b2bbc7,community_02,Grace,Ogunleye,female,2005-05-04,93720549018,08017049825,https://www.commcarehq.org/photos/farmer_738.jpg,7,mixed_farming,2,owned,2,rain-fed,---,rice groundnuts maize,0.9,3.3,2.9,goats,8,---,10.5192574 7.4043765 0.0 20.0,yes,adc1c624-ef49-437f-9620-5a5a4aeaf00c,2026-03-05 00:02:00,2026-03-05,tester,2026-03-05 00:02:20,https://www.commcarehq.org/form/edc2fdba-e943-4e9d-89ae-a8b2c6b2bbc7,tester
739,d852f07a-2a12-42a6-99f4-47414ce4aa04,community_02,Ibrahim,Garba,female,1973-06-19,66822429217,08038179053,https://www.commcarehq.org/photos/farmer_739.jpg,8,crop_farming,23,owned,1,rain-fed,---,maize,---,1.1,---,goats rabbits,24,24,10.3297065 7.5436798 0.0 20.0,yes,04101be1-5d07-47d6-a765-2358b11fd69b,2026-05-31 00:04:00,2026-05-31,tester,2026-05-31 00:04:06,https://www.commcarehq.org/form/d852f07a-2a12-42a6-99f4-47414ce4aa04,tester
740,119a074f-b75a-41c4-b2c1-1e78cddaad5e,community_02,Sarah,Michael,female,1982-01-19,18895763847,08051881280,https://www.commcarehq.org/photos/farmer_740.jpg,9,mixed_farming,24,leased,2,rain-fed,---,groundnuts maize rice,2.8,6.3,2.7,rabbits,---,33,10.5433286 7.3256236 0.0 20.0,yes,3d888bf0-cd64-47a5-8b4a-2a42778ee802,2026-02-01 00:05:00,2026-02-01,tester,2026-02-01 00:05:18,https://www.commcarehq.org/form/119a074f-b75a-41c4-b2c1-1e78cddaad5e,tester
741,8a71f4bf-76e8-4d0c-8a0f-34d3d85b4933,community_06,Rebecca,Yakubu,female,2003-12-10,24734242989,08071868687,https://www.commcarehq.org/photos/farmer_741.jpg,9,crop_farming,1,owned,5,rain-fed,---,maize rice groundnuts,2.0,3.3,0.8,goats,8,---,10.3689833 7.5651616 0.0 20.0,yes,05fa431f-502e-4799-bb49-5a1bf699265b,2026-06-01 00:02:00,2026-06-01,tester,2026-06-01 00:02:08,https://www.commcarehq.org/form/8a71f4bf-76e8-4d0c-8a0f-34d3d85b4933,tester
742,abe3be0d-eeb4-4bd6-ad0c-5cc854edc8f1,community_01,Elizabeth,Ahmed,female,1995-06-14,,08054550507,https://www.commcarehq.org/photos/farmer_742.jpg,6,crop_farming,9,owned,3,rain-fed,---,groundnuts maize,2.8,6.1,---,goats,13,---,10.4643353 7.3527238 0.0 20.0,yes,c2e19e2b-82b4-4266-a198-f6e6c19047bc,2026-05-23 00:06:00,2026-05-23,tester,2026-05-23 00:06:10,https://www.commcarehq.org/form/abe3be0d-eeb4-4bd6-ad0c-5cc854edc8f1,tester
743,6461a7c1-cdd9-45b8-bdb6-029706f50830,community_03,Rebecca,Yakubu,male,1983-11-05,25264209643,08069211240,https://www.commcarehq.org/photos/farmer_743.jpg,7,mixed_farming,18,owned,2,dam_reservoir,---,rice maize groundnuts,2.1,2.6,1.5,---,---,---,10.5566795 7.3040849 0.0 20.0,yes,1bbcda8a-74e4-4bbd-ad79-0bbc9397028c,2026-05-25 00:02:00,2026-05-25,tester,2026-05-25 00:02:18,https://www.commcarehq.org/form/6461a7c1-cdd9-45b8-bdb6-029706f50830,tester
744,2b182b33-ddd4-4c9b-b87e-16f7adb2bc16,community_03,Esther,Balogun,male,1988-01-20,,08080343634,https://www.commcarehq.org/photos/farmer_744.jpg,5,mixed_farming,15,owned,4,rain-fed,---,maize rice groundnuts,2.4,1.8,3.2,---,---,---,10.2967817 7.4708028 0.0 20.0,yes,fc0aad23-7f49-4d2e-9c8a-46a738f8d748,2026-05-07 00:07:00,2026-05-07,tester,2026-05-07 00:07:20,https://www.commcarehq.org/form/2b182b33-ddd4-4c9b-b87e-16f7adb2bc16,tester
745,9b42269a-7eb4-4a8f-93e7-2d7f854fe9f3,community_01,Paul,Isa,female,2003-09-30,10660131919,+2348081613830,https://www.commcarehq.org/photos/farmer_745.jpg,3,livestock_farming,5,leased,6,rain-fed,---,groundnuts maize rice,2.1,1.9,2.3,goats rabbits,14,15,10.2052758 7.5193336 0.0 20.0,yes,cf717355-2037-4e44-b8c0-f5cee889ecaf,2026-03-05 00:06:00,2026-03-05,tester,2026-03-05 00:06:12,https://www.commcarehq.org/form/9b42269a-7eb4-4a8f-93e7-2d7f854fe9f3,tester
746,e01ba022-ef16-45cf-b851-60f61d95fdc7,community_06,Grace,Yusuf,male,2005-01-27,92923850137,08099492459,https://www.commcarehq.org/photos/farmer_746.jpg,6,mixed_farming,1,owned,2,rain-fed,---,rice maize groundnuts,0.9,1.4,3.2,rabbits,---,12,10.2509579 7.214942 0.0 20.0,yes,c231ecee-2a6d-4d2b-a6df-668ed8de8b61,2026-03-15 00:02:00,2026-03-15,tester,2026-03-15 00:02:16,https://www.commcarehq.org/form/e01ba022-ef16-45cf-b851-60f61d95fdc7,tester
747,51e71f63-4bff-4476-aae4-cabdecd3f011,community_03,Samuel,Ali,female,1963-04-14,60076291434,08057815675,https://www.commcarehq.org/photos/farmer_747.jpg,3,crop_farming,35,family_land,1,rain-fed,---,rice maize groundnuts,1.7,4.2,2.5,goats,8,---,10.330554 7.3894541 0.0 20.0,yes,ba80598e-da05-4d62-8f9c-ecfbfe20332d,2026-05-22 00:08:00,2026-05-22,tester,2026-05-22 00:08:14,https://www.commcarehq.org/form/51e71f63-4bff-4476-aae4-cabdecd3f011,tester
748,ca1a3696-8777-461a-8188-9a507b1ce74a,community_02,Sarah,Yusuf,male,1971-07-25,84092747569,08053724430,https://www.commcarehq.org/photos/farmer_748.jpg,3,livestock_farming,3,family_land,2,rain-fed,---,maize,---,5.2,---,---,---,---,10.4295013 7.2025604 0.0 20.0,yes,2852a91c-7d10-44b9-8abf-e752684c17a9,2026-03-09 00:05:00,2026-03-09,tester,2026-03-09 00:05:07,https://www.commcarehq.org/form/ca1a3696-8777-461a-8188-9a507b1ce74a,tester
749,da375923-797a-47e3-8d25-66f8ffdcee04,community_06,Blessing,Haruna,female,1966-09-04,65611296653,08096134562,https://www.commcarehq.org/photos/farmer_749.jpg,3,crop_farming,6,owned,1,rain-fed,---,rice groundnuts maize,0.5,6.4,3.7,---,---,---,10.3259451 7.2463377 0.0 20.0,yes,8b925641-6d3c-4d73-800b-970996ee9206,2026-06-21 00:02:00,2026-06-21,tester,2026-06-21 00:02:14,https://www.commcarehq.org/form/da375923-797a-47e3-8d25-66f8ffdcee04,tester
750,32d68cc0-80f0-4551-87f7-02dea510c170,community_02,Grace,Yakubu,male,1997-02-18,,08089428420,https://www.commcarehq.org/photos/farmer_750.jpg,3,mixed_farming,7,owned,4,rain-fed,---,maize rice groundnuts,1.6,2.1,1.3,---,---,---,10.3062099 7.4472948 0.0 20.0,yes,55e9eb17-f41a-41da-b5a2-b336c38b02f9,2026-05-15 00:05:00,2026-05-15,tester,2026-05-15 00:05:05,https://www.commcarehq.org/form/32d68cc0-80f0-4551-87f7-02dea510c170,tester
751,b2d2fa66-11fe-46f1-8a92-3d6627603183,community_04,Peter,Garba,female,1979-09-02,64245752966,08090801742,https://www.commcarehq.org/photos/farmer_751.jpg,3,crop_farming,13,owned,3,rain-fed,---,rice maize groundnuts,1.2,5.2,1.1,goats,3,---,10.3154482 7.2245731 0.0 20.0,yes,48819470-da01-492d-8801-2ec7a6d40533,2026-05-14 00:05:00,2026-05-14,tester,2026-05-14 00:05:19,https://www.commcarehq.org/form/b2d2fa66-11fe-46f1-8a92-3d6627603183,tester
752,62578953-b601-45ea-add1-ec54d0daddb9,community_04,Naomi,Sani,male,1976-10-21,46544869918,08054828008,https://www.commcarehq.org/photos/farmer_752.jpg,1,livestock_farming,15,family_land,2,rain-fed,---,groundnuts,2.5,---,---,---,---,---,10.2413054 7.5726309 0.0 20.0,yes,84006f93-ab92-4df4-9a2a-45930d96cd81,2026-01-28 00:06:00,2026-01-28,tester,2026-01-28 00:06:18,https://www.commcarehq.org/form/62578953-b601-45ea-add1-ec54d0daddb9,tester
753,67e45660-3e2f-441e-a0af-2d256e352a49,community_06,Grace,Mohammed,female,2007-02-19,54481568965,08084226567,https://www.commcarehq.org/photos/farmer_753.jpg,8,crop_farming,1,owned,4,borehole,---,groundnuts rice,2.7,---,3.1,goats,24,---,10.4334428 7.3538907 0.0 20.0,yes,310a9d91-73c6-46ad-bd06-39b561d495ec,2026-03-31 00:03:00,2026-03-31,tester,2026-03-31 00:03:17,https://www.commcarehq.org/form/67e45660-3e2f-441e-a0af-2d256e352a49,tester
754,c0555c00-520f-4031-9cf7-a2d09a2cd8e0,community_05,Suleiman,Eze,male,1973-05-22,,08025349247,https://www.commcarehq.org/photos/farmer_754.jpg,4,mixed_farming,34,owned,2,rain-fed,---,groundnuts maize rice,1.9,4.5,1.4,goats,9,---,10.2803033 7.2497472 0.0 20.0,yes,08f703a9-b075-4980-bac0-63c41f6e2fde,2026-06-05 00:05:00,2026-06-05,tester,2026-06-05 00:05:19,https://www.commcarehq.org/form/c0555c00-520f-4031-9cf7-a2d09a2cd8e0,tester
755,4e9824d9-c921-4b77-808c-3a38a87dd6f8,community_07,David,Yusuf,male,1984-11-09,,08084181106,https://www.commcarehq.org/photos/farmer_755.jpg,7,livestock_farming,9,owned,2,rain-fed,---,rice maize groundnuts,0.8,2.3,3.9,---,---,---,10.201961 7.5495724 0.0 20.0,yes,ee271c5b-a4b0-4f93-ad8b-c5b8435b05f3,2026-03-02 00:04:00,2026-03-02,tester,2026-03-02 00:04:09,https://www.commcarehq.org/form/4e9824d9-c921-4b77-808c-3a38a87dd6f8,tester
756,6d115d85-f32d-4d69-ac66-97b7b86a6369,community_03,joy,james,female,1953-09-24,,08031863619,https://www.commcarehq.org/photos/farmer_756.jpg,1,mixed_farming,8,family_land,5,rain-fed,---,groundnuts maize,1.0,2.0,---,goats,25,---,10.405708 7.255726 0.0 20.0,yes,4e499962-a87f-443a-bec5-6418964220ed,2026-03-01 00:02:00,2026-03-01,tester,2026-03-01 00:02:06,https://www.commcarehq.org/form/6d115d85-f32d-4d69-ac66-97b7b86a6369,tester
757,c27e41e5-2c81-4490-9c44-6d809af3d767,community_05,Mercy,Yakubu,male,1968-02-11,,08035069988,https://www.commcarehq.org/photos/farmer_757.jpg,11,mixed_farming,34,owned,3,other,Spring Water,rice,---,---,4.0,---,---,---,10.5877708 7.4898557 0.0 20.0,yes,fc7e90ae-01c7-4995-bd48-2d3066ef20b8,2026-02-05 00:03:00,2026-02-05,tester,2026-02-05 00:03:07,https://www.commcarehq.org/form/c27e41e5-2c81-4490-9c44-6d809af3d767,tester
758,f1732271-978c-4672-a5ed-0f51bc832c9a,community_06,Esther,Sani,male,2002-03-20,,08059813667,https://www.commcarehq.org/photos/farmer_758.jpg,3,mixed_farming,6,family_land,3,rain-fed,---,rice groundnuts,1.5,---,2.1,goats rabbits,9,38,10.4665701 7.4852068 0.0 20.0,yes,c533989a-913f-4403-b0f9-623d1e5f54a5,2026-06-18 00:03:00,2026-06-18,tester,2026-06-18 00:03:15,https://www.commcarehq.org/form/f1732271-978c-4672-a5ed-0f51bc832c9a,tester
759,d8b7d9ee-94b5-4f79-a338-214f2d2bcda1,community_01,Naomi,Sani,male,1969-11-25,,08018256638,https://www.commcarehq.org/photos/farmer_759.jpg,4,crop_farming,17,owned,3,borehole,---,rice,---,---,2.7,---,---,---,10.3740025 7.2451862 0.0 20.0,yes,a400c813-281c-48c3-9293-91cbcecc39e7,2026-01-30 00:02:00,2026-01-30,tester,2026-01-30 00:02:14,https://www.commcarehq.org/form/d8b7d9ee-94b5-4f79-a338-214f2d2bcda1,tester
760,076c0390-cf1b-46e0-80ca-976418f17ed1,community_06,Peter,Garba,male,1986-07-14,84390871834,08040375667,https://www.commcarehq.org/photos/farmer_760.jpg,6,crop_farming,16,leased,5,rain-fed,---,groundnuts rice maize,2.9,6.2,2.1,goats,7,---,10.5866503 7.3581079 0.0 20.0,yes,e9562676-c93f-46f7-9b01-1a82c9a53772,2026-02-07 00:03:00,2026-02-07,tester,2026-02-07 00:03:15,https://www.commcarehq.org/form/076c0390-cf1b-46e0-80ca-976418f17ed1,tester
761,50eec105-a223-43e2-b32f-8ee59a025675,community_04,Fatima,Sani,female,2003-01-12,,08059424956,https://www.commcarehq.org/photos/farmer_761.jpg,5,crop_farming,3,owned,3,rain-fed,---,maize groundnuts,0.7,3.4,---,goats,14,---,10.3824198 7.2873672 0.0 20.0,yes,5638e531-94e7-46a9-bffd-db40dc98d4e7,2026-02-07 00:04:00,2026-02-07,tester,2026-02-07 00:04:17,https://www.commcarehq.org/form/50eec105-a223-43e2-b32f-8ee59a025675,tester
762,0ac73db1-7430-424b-9b44-14933630ae80,community_07,Samuel,Tanko,male,2002-09-26,35126255821,08020003275,https://www.commcarehq.org/photos/farmer_762.jpg,4,crop_farming,6,owned,3,dam_reservoir,---,groundnuts,0.6,---,---,---,---,---,10.4099056 7.2332898 0.0 20.0,yes,8efeb02a-659d-4b40-a973-95a5f30592a9,2026-02-28 00:07:00,2026-02-28,tester,2026-02-28 00:07:18,https://www.commcarehq.org/form/0ac73db1-7430-424b-9b44-14933630ae80,tester
763,75f4acc2-c3c4-42fe-b4d4-2cb4b18d159a,community_07,Emmanuel,Philip,male,1994-07-08,18618210508,08068514806,https://www.commcarehq.org/photos/farmer_763.jpg,4,mixed_farming,4,family_land,6,borehole,---,maize rice,---,1.0,3.0,goats,13,---,10.2129444 7.2459294 0.0 20.0,yes,3fa37ba5-362b-4128-956e-d38765a4f49d,2026-05-18 00:08:00,2026-05-18,tester,2026-05-18 00:08:13,https://www.commcarehq.org/form/75f4acc2-c3c4-42fe-b4d4-2cb4b18d159a,tester
764,2111ff21-47f0-419e-a2a6-95b9ceff6d16,community_05,Sarah,Usman,female,1996-07-02,29120321689,08013162712,https://www.commcarehq.org/photos/farmer_764.jpg,4,crop_farming,8,owned,1,other,Spring Water,rice,---,---,0.6,---,---,---,10.4837857 7.2884454 0.0 20.0,yes,6d5527eb-0464-40b5-8db2-639b1d5cd0c7,2026-04-20 00:06:00,2026-04-20,tester,2026-04-20 00:06:17,https://www.commcarehq.org/form/2111ff21-47f0-419e-a2a6-95b9ceff6d16,tester
765,e7fd2af4-0919-4bb8-8f8a-0f607c997710,community_06,Ruth,Balogun,female,2005-07-06,19675362877,08093424052,https://www.commcarehq.org/photos/farmer_765.jpg,11,mixed_farming,1,owned,5,river_stream,---,rice,---,---,0.5,goats rabbits,5,2,10.3271405 7.2072634 0.0 20.0,yes,77bcbcc5-7bb4-4256-9a56-51619e747429,2026-04-15 00:06:00,2026-04-15,tester,2026-04-15 00:06:18,https://www.commcarehq.org/form/e7fd2af4-0919-4bb8-8f8a-0f607c997710,tester
766,d4fb6906-058c-4f5f-9670-1461cfe5ff39,community_01,Suleiman,Lawal,male,1993-07-12,27878422809,08069938144,https://www.commcarehq.org/photos/farmer_766.jpg,5,mixed_farming,12,leased,2,rain-fed,---,rice groundnuts,2.0,---,0.7,goats,5,---,10.5105174 7.5268285 0.0 20.0,yes,9c37bae5-5d62-4058-8680-b249b12cc303,2026-06-25 00:05:00,2026-06-25,tester,2026-06-25 00:05:10,https://www.commcarehq.org/form/d4fb6906-058c-4f5f-9670-1461cfe5ff39,tester
767,150925a0-18c6-4ba2-9f57-28161d3fe88e,community_03,Yusuf,SANI,male,2008-03-14,46271609581,08050229857,https://www.commcarehq.org/photos/farmer_767.jpg,3,crop_farming,1,owned,2,rain-fed,---,groundnuts maize rice,2.9,5.1,2.8,goats rabbits,7,24,10.4254124 7.3771819 0.0 20.0,yes,ad3c281c-8630-413e-b93b-783157e31188,2026-06-03 00:06:00,2026-06-03,tester,2026-06-03 00:06:07,https://www.commcarehq.org/form/150925a0-18c6-4ba2-9f57-28161d3fe88e,tester
768,2ccfbc57-dc81-447e-bbb1-580b0011fe24,community_01,John,Abdullahi,male,1978-03-21,71552715085,08041838190,https://www.commcarehq.org/photos/farmer_768.jpg,7,livestock_farming,19,owned,1,rain-fed,---,rice groundnuts,1.0,---,3.2,goats,24,---,10.5107409 7.2243152 0.0 20.0,yes,4ab71b71-eca0-4c67-9761-3e75efbd35db,2026-02-20 00:04:00,2026-02-20,tester,2026-02-20 00:04:19,https://www.commcarehq.org/form/2ccfbc57-dc81-447e-bbb1-580b0011fe24,tester
769,4eaaf5e9-a369-40ef-a028-5050394d417c,community_03,Suleiman,Bello,male,1976-10-22,43163666831,08009431128,https://www.commcarehq.org/photos/farmer_769.jpg,7,livestock_farming,9,owned,3,rain-fed,---,groundnuts rice,1.0,---,2.9,---,---,---,10.4706505 7.5530059 0.0 20.0,yes,12f16ae5-414d-4a40-9901-7c627baeb4b7,2026-04-04 00:07:00,2026-04-04,tester,2026-04-04 00:07:17,https://www.commcarehq.org/form/4eaaf5e9-a369-40ef-a028-5050394d417c,tester
770,de516a24-440e-454b-b679-fd2f9cc7425c,community_04,Mary,Sani,female,1992-09-18,43056974254,08009564425,https://www.commcarehq.org/photos/farmer_770.jpg,7,mixed_farming,10,family_land,2,irrigation_scheme,---,maize rice groundnuts,0.8,6.3,2.1,---,---,---,10.4975269 7.2541751 0.0 20.0,yes,36c79040-ac8c-4d7b-ae7c-165a8d20b97f,2026-03-29 00:04:00,2026-03-29,tester,2026-03-29 00:04:12,https://www.commcarehq.org/form/de516a24-440e-454b-b679-fd2f9cc7425c,tester
771,27377df4-7448-40e3-abc5-e3270fe61f8c,community_02,Samuel,Haruna,male,1980-06-27,,08072592636,https://www.commcarehq.org/photos/farmer_771.jpg,8,crop_farming,20,family_land,3,rain-fed,---,maize groundnuts,2.8,3.5,---,goats rabbits,19,32,10.4104991 7.598399 0.0 20.0,yes,1f70f80c-3ee1-47a2-9928-cc15e51c2b19,2026-03-20 00:07:00,2026-03-20,tester,2026-03-20 00:07:06,https://www.commcarehq.org/form/27377df4-7448-40e3-abc5-e3270fe61f8c,tester
772,7d6fe0b7-0d99-4ff4-b6e9-219cb12e2dda,community_04,Yusuf,Daniel,male,1994-07-23,,08043868306,https://www.commcarehq.org/photos/farmer_772.jpg,6,mixed_farming,3,owned,3,rain-fed,---,groundnuts,2.8,---,---,goats,20,---,10.2519583 7.4217303 0.0 20.0,yes,0ad1be7a-626a-4438-af5b-327d27916e6a,2026-01-12 00:07:00,2026-01-12,tester,2026-01-12 00:07:10,https://www.commcarehq.org/form/7d6fe0b7-0d99-4ff4-b6e9-219cb12e2dda,tester
773,119efd19-5242-45f9-8ee4-2012a888b567,community_02,Emmanuel,Peter,female,1980-02-02,42034446334,08036316150,https://www.commcarehq.org/photos/farmer_773.jpg,4,crop_farming,3,owned,3,rain-fed,---,rice,---,---,1.7,goats,24,---,10.5954522 7.5652988 0.0 20.0,yes,68b182d1-cdfd-4d69-bb15-8e2067f71406,2026-01-11 00:05:00,2026-01-11,tester,2026-01-11 00:05:08,https://www.commcarehq.org/form/119efd19-5242-45f9-8ee4-2012a888b567,tester
774,093e53b3-8e16-42c1-9337-064d5819fb95,community_03,Fatima,Daniel,male,1990-09-25,24566931133,08071595916,https://www.commcarehq.org/photos/farmer_774.jpg,3,crop_farming,13,owned,4,irrigation_scheme,---,rice groundnuts maize,1.4,2.3,2.0,---,---,---,10.2017484 7.302668 0.0 20.0,yes,08b3d2da-bb9f-43bf-acfe-b03c99e98948,2026-03-29 00:06:00,2026-03-29,tester,2026-03-29 00:06:15,https://www.commcarehq.org/form/093e53b3-8e16-42c1-9337-064d5819fb95,tester
775,7f523ba4-4226-4881-b753-dc353eb21f24,community_01,David,Daniel,female,1988-10-28,93919080695,08083721495,https://www.commcarehq.org/photos/farmer_775.jpg,10,mixed_farming,8,owned,2,other,Rainwater Harvesting,rice groundnuts,1.0,---,2.9,goats,20,---,10.579559 7.4706138 0.0 20.0,yes,8d7c4c19-a6a6-4da9-917b-d7ad9f99b413,2026-04-28 00:08:00,2026-04-28,tester,2026-04-28 00:08:06,https://www.commcarehq.org/form/7f523ba4-4226-4881-b753-dc353eb21f24,tester
776,d1dc2ee7-5f9a-493f-bb9e-82d6cbbe54b6,community_03,Elizabeth,Ali,male,1970-08-02,14461065982,08028264589,https://www.commcarehq.org/photos/farmer_776.jpg,10,mixed_farming,15,owned,3,rain-fed,---,groundnuts maize rice,0.8,5.6,1.3,rabbits,---,28,10.2168495 7.2222613 0.0 20.0,yes,826e936c-1d99-4470-a9a0-be8c3d2dafee,2026-02-07 00:06:00,2026-02-07,tester,2026-02-07 00:06:12,https://www.commcarehq.org/form/d1dc2ee7-5f9a-493f-bb9e-82d6cbbe54b6,tester
777,7363ae46-74c8-44b8-8ef7-ee1a2166e6f5,community_05,Samuel,Balogun,male,1996-01-29,55353393484,08045878901,https://www.commcarehq.org/photos/farmer_777.jpg,4,mixed_farming,12,owned,1,rain-fed,---,rice groundnuts maize,1.1,4.7,1.8,rabbits,---,19,10.3964278 7.2052564 0.0 20.0,yes,82d89cc5-83bc-494d-9206-590d12dd9b4e,2026-06-27 00:08:00,2026-06-27,tester,2026-06-27 00:08:05,https://www.commcarehq.org/form/7363ae46-74c8-44b8-8ef7-ee1a2166e6f5,tester
778,e3f7e763-d5be-4759-a031-83fdd875dba9,community_05,Naomi,Haruna,female,1992-01-16,37749920882,08044249248,https://www.commcarehq.org/photos/farmer_778.jpg,8,crop_farming,15,family_land,1,rain-fed,---,rice maize groundnuts,1.9,1.4,2.3,rabbits,---,11,10.5574323 7.474807 0.0 20.0,yes,f656a3ec-892d-4a29-8899-510a9eebb482,2026-06-14 00:08:00,2026-06-14,tester,2026-06-14 00:08:17,https://www.commcarehq.org/form/e3f7e763-d5be-4759-a031-83fdd875dba9,tester
779,ea1cd2a3-ec91-4568-be34-b20ac66ed407,community_02,Samuel,Yusuf,male,1989-06-02,69878312839,08003750269,https://www.commcarehq.org/photos/farmer_779.jpg,6,livestock_farming,19,family_land,5,rain-fed,---,groundnuts,2.7,---,---,---,---,---,10.2534145 7.4738849 0.0 20.0,yes,4ad7dd70-fa7a-4e8b-8271-d5b8ee430983,2026-04-06 00:07:00,2026-04-06,tester,2026-04-06 00:07:13,https://www.commcarehq.org/form/ea1cd2a3-ec91-4568-be34-b20ac66ed407,tester
780,023743c5-4898-4605-919a-b9154ec3d860,community_01,Joseph,Abdullahi,male,1984-08-30,84138399353,08004910574,https://www.commcarehq.org/photos/farmer_780.jpg,12,mixed_farming,24,leased,2,rain-fed,---,groundnuts,1.6,---,---,---,---,---,10.3770538 7.3517228 0.0 20.0,yes,acd1a5c9-a0cf-4486-af31-7548d8687005,2026-06-15 00:04:00,2026-06-15,tester,2026-06-15 00:04:18,https://www.commcarehq.org/form/023743c5-4898-4605-919a-b9154ec3d860,tester
781,949a2baa-5267-4f07-b120-4a40b8ec9312,community_01,Grace,Johnson,female,1999-07-08,16309228930,08084701316,https://www.commcarehq.org/photos/farmer_781.jpg,7,livestock_farming,4,family_land,4,rain-fed,---,groundnuts maize rice,2.8,5.2,2.2,---,---,---,10.4615811 7.5440382 0.0 20.0,yes,225316cb-df69-43ab-b86c-adb3689debb1,2026-02-28 00:08:00,2026-02-28,tester,2026-02-28 00:08:18,https://www.commcarehq.org/form/949a2baa-5267-4f07-b120-4a40b8ec9312,tester
782,56f176ae-6c31-483f-a3c5-e84c742ce26f,community_02,Deborah,Balogun,female,1972-04-20,47546586273,08061241722,https://www.commcarehq.org/photos/farmer_782.jpg,10,crop_farming,15,leased,2,rain-fed,---,rice maize groundnuts,1.8,5.0,3.7,rabbits,---,35,10.3280923 7.3985618 0.0 20.0,yes,9d6de462-07c6-48b8-ae3a-29b7d8f6a90b,2026-04-28 00:04:00,2026-04-28,tester,2026-04-28 00:04:06,https://www.commcarehq.org/form/56f176ae-6c31-483f-a3c5-e84c742ce26f,tester
783,d52f2657-e2fa-4516-8b4b-11124d7aeb50,community_06,Esther,Ahmed,female,1988-05-31,94130810523,08000975176,https://www.commcarehq.org/photos/farmer_783.jpg,6,mixed_farming,19,owned,5,borehole,---,groundnuts maize,2.3,1.2,---,rabbits,---,5,10.5644176 7.4072313 0.0 20.0,yes,bccacbe0-e6c3-41dd-bc49-8b52da575267,2026-01-19 00:06:00,2026-01-19,tester,2026-01-19 00:06:13,https://www.commcarehq.org/form/d52f2657-e2fa-4516-8b4b-11124d7aeb50,tester
784,c54ef094-0274-45e4-8a33-7df986e8a0bd,community_03,david,Michael,male,1980-09-10,19302662240,08028452846,https://www.commcarehq.org/photos/farmer_784.jpg,8,mixed_farming,25,owned,5,rain-fed,---,rice maize,---,4.5,1.0,goats,12,---,10.5304937 7.5290544 0.0 20.0,yes,e7e38311-dfe8-44f7-9cc9-b9ae50924c47,2026-05-04 00:08:00,2026-05-04,tester,2026-05-04 00:08:08,https://www.commcarehq.org/form/c54ef094-0274-45e4-8a33-7df986e8a0bd,tester
785,328bb564-624b-4afc-9b55-e11bc56b5f82,community_05,Sarah,Bello,female,1968-07-31,86144804805,08023012417,https://www.commcarehq.org/photos/farmer_785.jpg,5,livestock_farming,6,owned,1,rain-fed,---,groundnuts maize rice,2.5,4.2,3.6,goats,15,---,10.4013788 7.4596212 0.0 20.0,yes,4fb87623-445f-412b-8de7-6c3d94b3016d,2026-05-19 00:06:00,2026-05-19,tester,2026-05-19 00:06:19,https://www.commcarehq.org/form/328bb564-624b-4afc-9b55-e11bc56b5f82,tester
786,bbd7be06-961a-4efc-9a90-eace8de25ce3,community_07,Ibrahim,Ahmed,male,1979-02-13,,08020991999,https://www.commcarehq.org/photos/farmer_786.jpg,6,mixed_farming,20,owned,3,borehole,---,rice,---,---,2.5,goats,9,---,10.2108861 7.2612765 0.0 20.0,yes,f5c29218-906a-4570-9778-e71255847c7b,2026-05-16 00:04:00,2026-05-16,tester,2026-05-16 00:04:14,https://www.commcarehq.org/form/bbd7be06-961a-4efc-9a90-eace8de25ce3,tester
787,30fbe3fc-7a7d-4336-adac-745fb49fe4ff,community_03,Peter,Usman,female,1980-05-13,,08003547728,https://www.commcarehq.org/photos/farmer_787.jpg,2,crop_farming,1,leased,4,rain-fed,---,maize,---,4.3,---,goats rabbits,9,30,10.5840888 7.2705044 0.0 20.0,yes,97a1e482-baa8-4235-ad25-d59ae356943c,2026-06-16 00:07:00,2026-06-16,tester,2026-06-16 00:07:20,https://www.commcarehq.org/form/30fbe3fc-7a7d-4336-adac-745fb49fe4ff,tester
788,c6dd6b6d-be90-4c0c-842d-730af32eb124,community_01,David,Ojo,female,1989-01-11,22290381482,08071626485,https://www.commcarehq.org/photos/farmer_788.jpg,6,livestock_farming,14,owned,3,rain-fed,---,maize rice groundnuts,1.1,3.1,3.0,goats,18,---,10.2660989 7.5418058 0.0 20.0,yes,b139cc04-74c4-4551-b114-e42e981487cd,2026-02-15 00:04:00,2026-02-15,tester,2026-02-15 00:04:09,https://www.commcarehq.org/form/c6dd6b6d-be90-4c0c-842d-730af32eb124,tester
789,442c26c9-368d-4e80-81e7-19fed4d4e03f,community_01,Rebecca,Philip,female,1979-12-04,95694414707,08025753589,https://www.commcarehq.org/photos/farmer_789.jpg,7,crop_farming,5,owned,1,river_stream,---,rice,---,---,2.4,---,---,---,10.5170678 7.5018542 0.0 20.0,yes,0fb1ecd8-f60a-4348-83ed-cee299b56dc6,2026-02-10 00:02:00,2026-02-10,tester,2026-02-10 00:02:11,https://www.commcarehq.org/form/442c26c9-368d-4e80-81e7-19fed4d4e03f,tester
790,09a3e07e-e020-4c33-aec7-fd01607f185e,community_06,Joseph,Yakubu,male,1988-11-06,66419480779,08097711430,https://www.commcarehq.org/photos/farmer_790.jpg,2,crop_farming,9,owned,1,rain-fed,---,rice,---,---,2.4,---,---,---,10.4533181 7.5253063 0.0 20.0,yes,1d01e36b-3c41-4ecf-9c58-f5b9486aec12,2026-06-12 00:07:00,2026-06-12,tester,2026-06-12 00:07:16,https://www.commcarehq.org/form/09a3e07e-e020-4c33-aec7-fd01607f185e,tester
791,3d51e96b-bbfd-4d01-818e-a6719c29f862,community_03,Ibrahim,Michael,male,1993-11-20,14451951253,08022574014,https://www.commcarehq.org/photos/farmer_791.jpg,8,crop_farming,6,family_land,2,rain-fed,---,groundnuts maize rice,2.4,6.3,1.7,goats,15,---,10.4905781 7.4801432 0.0 20.0,yes,96c76717-b0ab-4ade-a464-69aa9342e7fd,2026-05-29 00:08:00,2026-05-29,tester,2026-05-29 00:08:19,https://www.commcarehq.org/form/3d51e96b-bbfd-4d01-818e-a6719c29f862,tester
792,1b7b434f-dbaf-444d-9bc4-f183ea072ed5,community_07,Samuel,Ojo,male,2001-11-05,,08059356836,https://www.commcarehq.org/photos/farmer_792.jpg,4,livestock_farming,3,owned,1,dam_reservoir,---,rice maize groundnuts,1.7,1.9,1.2,goats,4,---,10.2652139 7.4177452 0.0 20.0,yes,123132a9-7c2c-4c89-b505-5b95297fc5ff,2026-05-17 00:05:00,2026-05-17,tester,2026-05-17 00:05:19,https://www.commcarehq.org/form/1b7b434f-dbaf-444d-9bc4-f183ea072ed5,tester
793,069e710f-0020-4113-a59f-0bfb4af39f5f,community_01,Ahmed,Tanko,male,1997-08-28,88652815869,08086212405,https://www.commcarehq.org/photos/farmer_793.jpg,9,crop_farming,4,owned,1,rain-fed,---,maize groundnuts rice,0.9,1.8,1.7,rabbits,---,37,10.5100243 7.2302786 0.0 20.0,yes,5f4c3154-068b-4fad-910c-2663e3f40d71,2026-01-05 00:02:00,2026-01-05,tester,2026-01-05 00:02:16,https://www.commcarehq.org/form/069e710f-0020-4113-a59f-0bfb4af39f5f,tester
794,58d26b79-ec9a-467a-bf74-88bd80b9aa1d,community_06,John,Ali,male,1970-12-21,96454686975,08064549934,https://www.commcarehq.org/photos/farmer_794.jpg,7,mixed_farming,19,owned,2,rain-fed,---,maize rice groundnuts,2.7,2.4,2.8,---,---,---,10.425258 7.4526165 0.0 20.0,yes,ba7fecf8-8634-4b3f-9c6c-ad2375be136d,2026-03-18 00:06:00,2026-03-18,tester,2026-03-18 00:06:16,https://www.commcarehq.org/form/58d26b79-ec9a-467a-bf74-88bd80b9aa1d,tester
795,7594242f-349a-4153-9351-b58fa92c537d,community_06,Joy,Ahmed,female,1977-01-18,,08061881998,https://www.commcarehq.org/photos/farmer_795.jpg,7,mixed_farming,3,owned,4,rain-fed,---,groundnuts rice maize,2.6,2.7,1.5,goats rabbits,6,15,10.2161441 7.5227332 0.0 20.0,yes,d9d10e87-0cfc-416f-b7e4-5fd760e0376b,2026-06-11 00:05:00,2026-06-11,tester,2026-06-11 00:05:13,https://www.commcarehq.org/form/7594242f-349a-4153-9351-b58fa92c537d,tester
796,a68e0be8-8fed-457d-867f-e3e32b920ce7,community_03,Amina,Yakubu,female,1982-06-13,60374734317,08062701982,https://www.commcarehq.org/photos/farmer_796.jpg,8,livestock_farming,14,owned,3,borehole,---,maize groundnuts rice,2.5,1.0,2.4,goats,24,---,10.2659064 7.3912781 0.0 20.0,yes,35ce8555-d80d-4106-ba61-a3664ccd9608,2026-05-26 00:02:00,2026-05-26,tester,2026-05-26 00:02:05,https://www.commcarehq.org/form/a68e0be8-8fed-457d-867f-e3e32b920ce7,tester
797,e999fd29-8872-46b3-bb9a-ec80797b3d17,community_02,Joy,Ibrahim,female,1993-08-08,53610510719,08030559723,https://www.commcarehq.org/photos/farmer_797.jpg,8,mixed_farming,6,owned,1,borehole,---,maize groundnuts rice,1.6,3.0,1.1,goats rabbits,6,9,10.2602949 7.5093088 0.0 20.0,yes,5b6e79a7-6474-4cf1-aa65-fe3e093784de,2026-06-28 00:07:00,2026-06-28,tester,2026-06-28 00:07:11,https://www.commcarehq.org/form/e999fd29-8872-46b3-bb9a-ec80797b3d17,tester
798,30089d3c-67ad-449b-a446-456939fc197a,community_04,Peter,Musa,male,1981-09-29,81374063151,08090550348,https://www.commcarehq.org/photos/farmer_798.jpg,4,crop_farming,19,leased,1,rain-fed,---,groundnuts,1.3,---,---,---,---,---,10.4784761 7.2376401 0.0 20.0,yes,07b50b52-a8d1-4a2a-9935-e98b9710ad47,2026-03-01 00:08:00,2026-03-01,tester,2026-03-01 00:08:18,https://www.commcarehq.org/form/30089d3c-67ad-449b-a446-456939fc197a,tester
799,7410e922-a79f-48cd-8742-b2c707c318f5,community_06,Binta,David,male,1963-11-12,99585534115,08025568740,https://www.commcarehq.org/photos/farmer_799.jpg,1,crop_farming,16,owned,2,rain-fed,---,groundnuts maize,2.7,3.3,---,goats,3,---,10.3983726 7.338701 0.0 20.0,yes,911c7947-73ce-4d0a-80fb-f1798216a7cc,2026-04-02 00:07:00,2026-04-02,tester,2026-04-02 00:07:19,https://www.commcarehq.org/form/7410e922-a79f-48cd-8742-b2c707c318f5,tester
800,91be5db8-748d-47ee-80c0-b700026def76,community_01,Fatima,Haruna,male,1974-12-25,81478949214,08070969076,https://www.commcarehq.org/photos/farmer_800.jpg,6,livestock_farming,25,leased,5,river_stream,---,groundnuts,1.4,---,---,---,---,---,10.4388784 7.534919 0.0 20.0,yes,2b9e4dd7-09b7-41fd-89a6-162c936a2364,2026-06-25 00:06:00,2026-06-25,tester,2026-06-25 00:06:12,https://www.commcarehq.org/form/91be5db8-748d-47ee-80c0-b700026def76,tester
801,ab1407fe-9133-4864-80ee-afb69e2df457,community_06,Sarah,Lawal,male,1986-06-27,80086459937,08087580651,https://www.commcarehq.org/photos/farmer_801.jpg,4,crop_farming,13,owned,3,rain-fed,---,rice groundnuts maize,1.1,2.5,3.1,---,---,---,10.2568563 7.5403672 0.0 20.0,yes,56b4fad4-2087-4f44-b246-8ff4c6804ffd,2026-05-19 00:08:00,2026-05-19,tester,2026-05-19 00:08:09,https://www.commcarehq.org/form/ab1407fe-9133-4864-80ee-afb69e2df457,tester
802,3bf532bd-dfdd-43b3-8272-0f508a04a241,community_05,Mercy,Johnson,female,1995-03-23,80054412810,08087245271,https://www.commcarehq.org/photos/farmer_802.jpg,7,livestock_farming,9,owned,2,rain-fed,---,maize rice,---,3.0,3.6,goats,15,---,10.5774921 7.3062996 0.0 20.0,yes,06280f4f-10f1-40c8-95cf-3e523197ad8c,2026-05-06 00:08:00,2026-05-06,tester,2026-05-06 00:08:07,https://www.commcarehq.org/form/3bf532bd-dfdd-43b3-8272-0f508a04a241,tester
803,b1de585f-f006-4981-b265-e7f7d1192612,community_01,Joseph,Garba,male,1993-09-18,16011390215,08013351720,https://www.commcarehq.org/photos/farmer_803.jpg,6,crop_farming,4,family_land,6,rain-fed,---,maize,---,2.8,---,goats,8,---,10.2304512 7.4065588 0.0 20.0,yes,2968ebf8-000d-4740-bffb-f4acb93d7523,2026-01-06 00:08:00,2026-01-06,tester,2026-01-06 00:08:15,https://www.commcarehq.org/form/b1de585f-f006-4981-b265-e7f7d1192612,tester
804,f2e4a136-7547-4257-925f-b010ece3e545,community_03,Yusuf,Ojo,male,1958-04-20,,8052528782,https://www.commcarehq.org/photos/farmer_804.jpg,2,crop_farming,44,owned,3,other,Spring Water,rice maize,---,5.2,0.6,goats,2,---,10.2370863 7.5821124 0.0 20.0,yes,511c5833-32bf-45d6-a9ea-8adf9f4836aa,2026-02-05 00:03:00,2026-02-05,tester,2026-02-05 00:03:20,https://www.commcarehq.org/form/f2e4a136-7547-4257-925f-b010ece3e545,tester
805,33e91b6c-e5d9-4333-a6f4-0cb0e7606749,community_06,Peter,Yakubu,male,1981-07-26,96324481804,08089482723,https://www.commcarehq.org/photos/farmer_805.jpg,3,mixed_farming,15,owned,4,borehole,---,rice groundnuts maize,2.2,5.9,0.6,goats,8,---,10.4772694 7.3038487 0.0 20.0,yes,f2ce8eae-d05c-40f2-8068-cb95cd572201,2026-01-05 00:03:00,2026-01-05,tester,2026-01-05 00:03:13,https://www.commcarehq.org/form/33e91b6c-e5d9-4333-a6f4-0cb0e7606749,tester
806,d8e7a73a-6953-4218-a99f-630b1d767392,community_06,Binta,Mohammed,female,1988-11-15,68802514745,08014575818,https://www.commcarehq.org/photos/farmer_806.jpg,7,mixed_farming,13,owned,2,river_stream,---,rice maize groundnuts,2.6,1.3,1.7,---,---,---,10.2448984 7.5867374 0.0 20.0,yes,63dcb9c3-006d-49e0-af0b-8e94556a47a8,2026-01-18 00:07:00,2026-01-18,tester,2026-01-18 00:07:19,https://www.commcarehq.org/form/d8e7a73a-6953-4218-a99f-630b1d767392,tester
807,75e35a17-bab1-4d30-94e4-45a4493a9053,community_02,Musa,Ali,female,1970-09-19,83928664675,08021276766,https://www.commcarehq.org/photos/farmer_807.jpg,9,crop_farming,19,family_land,2,dam_reservoir,---,rice groundnuts maize,2.6,5.7,3.2,---,---,---,10.3127367 7.4795404 0.0 20.0,yes,ad4db712-bf7b-4a94-a0bf-f6ecae228b1d,2026-02-14 00:07:00,2026-02-14,tester,2026-02-14 00:07:12,https://www.commcarehq.org/form/75e35a17-bab1-4d30-94e4-45a4493a9053,tester
808,888bbc85-3a72-415d-ac7a-49d8bcc531e3,community_02,Daniel,Lawal,male,1959-08-25,89422289148,08091294324,https://www.commcarehq.org/photos/farmer_808.jpg,8,crop_farming,36,owned,3,rain-fed,---,maize groundnuts rice,0.7,4.8,0.5,rabbits,---,28,10.2477041 7.3202787 0.0 20.0,yes,fac8bb10-76ec-4d99-a708-d09099fb8b2c,2026-03-07 00:05:00,2026-03-07,tester,2026-03-07 00:05:07,https://www.commcarehq.org/form/888bbc85-3a72-415d-ac7a-49d8bcc531e3,tester
809,6dc09b4a-1ac6-45de-9851-ff20d1306576,community_07,Blessing,Tanko,male,1998-11-16,32778063533,08073927755,https://www.commcarehq.org/photos/farmer_809.jpg,8,crop_farming,8,leased,3,rain-fed,---,rice maize groundnuts,0.5,3.3,2.5,goats,6,---,10.2690327 7.5725686 0.0 20.0,yes,8385ef8a-4612-42c3-aabc-336a946fa9bb,2026-06-16 00:07:00,2026-06-16,tester,2026-06-16 00:07:05,https://www.commcarehq.org/form/6dc09b4a-1ac6-45de-9851-ff20d1306576,tester
810,97b4f792-688b-44b4-bbb6-7929706adc90,community_04,Rebecca,Lawal,male,1977-06-13,64399386701,08040537298,https://www.commcarehq.org/photos/farmer_810.jpg,8,crop_farming,13,family_land,3,other,Spring Water,groundnuts,1.0,---,---,---,---,---,10.5327866 7.4997053 0.0 20.0,yes,51a34e9e-3c8e-4b23-aa8b-8ec7d1a244b6,2026-01-06 00:05:00,2026-01-06,tester,2026-01-06 00:05:06,https://www.commcarehq.org/form/97b4f792-688b-44b4-bbb6-7929706adc90,tester
811,c05948c8-60b7-496a-a2b8-60ccfff17ef8,community_06,Ruth,Yakubu,female,1977-12-12,,08074851487,https://www.commcarehq.org/photos/farmer_811.jpg,3,mixed_farming,9,owned,6,borehole,---,rice maize,---,3.7,3.5,rabbits,---,28,10.3390453 7.5409689 0.0 20.0,yes,e9fb3ff2-0a14-4199-a6f3-101f5563fa9a,2026-06-22 00:08:00,2026-06-22,tester,2026-06-22 00:08:13,https://www.commcarehq.org/form/c05948c8-60b7-496a-a2b8-60ccfff17ef8,tester
812,7a979894-93d7-4aa2-ba3b-23ae63e359a9,community_06,JOSEPH,JOHNSON,male,1990-01-07,,+2348005119243,https://www.commcarehq.org/photos/farmer_812.jpg,3,crop_farming,5,owned,2,rain-fed,---,groundnuts,1.0,---,---,---,---,---,10.5808141 7.3022757 0.0 20.0,yes,44de3eee-647a-4b04-aa4c-9a32a0ac16ad,2026-04-06 00:05:00,2026-04-06,tester,2026-04-06 00:05:12,https://www.commcarehq.org/form/7a979894-93d7-4aa2-ba3b-23ae63e359a9,tester
813,647a0664-9829-410a-a4e6-8d285bf17c78,community_02,Hauwa,Philip,female,2001-02-25,,08003343623,https://www.commcarehq.org/photos/farmer_813.jpg,6,mixed_farming,2,owned,3,other,Rainwater Harvesting,maize groundnuts rice,2.3,5.1,2.6,goats,6,---,10.2922193 7.5971638 0.0 20.0,yes,684e052b-0872-4d05-ab5a-e255a25d82cc,2026-05-17 00:04:00,2026-05-17,tester,2026-05-17 00:04:17,https://www.commcarehq.org/form/647a0664-9829-410a-a4e6-8d285bf17c78,tester
814,7d169e0d-8b27-4908-813e-a6a02eaaee72,community_01,Emmanuel,Yakubu,male,2004-10-25,,08017208787,https://www.commcarehq.org/photos/farmer_814.jpg,11,crop_farming,2,owned,1,rain-fed,---,groundnuts rice,1.1,---,3.2,---,---,---,10.4149625 7.5242791 0.0 20.0,yes,3117aa37-1d73-4418-9395-e7917766a273,2026-03-13 00:04:00,2026-03-13,tester,2026-03-13 00:04:17,https://www.commcarehq.org/form/7d169e0d-8b27-4908-813e-a6a02eaaee72,tester
815,eeb88ed6-43ba-4d88-9e4d-41dad9895e44,community_05,Fatima,Peter,male,1977-08-27,,+2348022157676,https://www.commcarehq.org/photos/farmer_815.jpg,3,mixed_farming,18,owned,3,rain-fed,---,maize rice groundnuts,2.3,4.6,0.8,---,---,---,10.5166201 7.385427 0.0 20.0,yes,a969fede-7b51-48fd-8842-6d122916e05b,2026-04-22 00:04:00,2026-04-22,tester,2026-04-22 00:04:05,https://www.commcarehq.org/form/eeb88ed6-43ba-4d88-9e4d-41dad9895e44,tester
816,3fcf4f0c-4a4a-4044-956b-61673efcfc31,community_02,Yusuf,Peter,female,1986-12-04,93161989497,08027192806,https://www.commcarehq.org/photos/farmer_816.jpg,7,livestock_farming,22,owned,1,rain-fed,---,groundnuts rice,0.9,---,2.6,goats,20,---,10.3682424 7.3381781 0.0 20.0,yes,79ad3f52-32f9-4f62-9da2-6dd9dd4a7a55,2026-01-21 00:07:00,2026-01-21,tester,2026-01-21 00:07:05,https://www.commcarehq.org/form/3fcf4f0c-4a4a-4044-956b-61673efcfc31,tester
817,04e4a91c-9b78-486e-8e28-c059deeea708,community_01,Amina,David,male,1967-12-21,17590981660,08044944885,https://www.commcarehq.org/photos/farmer_817.jpg,7,mixed_farming,40,owned,6,rain-fed,---,groundnuts maize,1.5,1.4,---,goats,20,---,8.2013674 7.2142194 0.0 20.0,yes,df133814-1be2-4d72-bb31-ec6c992cdc7d,2026-05-27 00:07:00,2026-05-27,tester,2026-05-27 00:07:18,https://www.commcarehq.org/form/04e4a91c-9b78-486e-8e28-c059deeea708,tester
818,31efc49f-2014-4c22-86ac-aee25e28ec26,community_02,Hauwa,Mohammed,female,1957-07-15,59662200906,08037446300,https://www.commcarehq.org/photos/farmer_818.jpg,9,crop_farming,10,family_land,2,rain-fed,---,groundnuts rice,1.4,---,1.9,---,---,---,10.4817908 7.274355 0.0 20.0,yes,de04539c-f090-4f34-9d06-bd0688491b89,2026-02-22 00:04:00,2026-02-22,tester,2026-02-22 00:04:19,https://www.commcarehq.org/form/31efc49f-2014-4c22-86ac-aee25e28ec26,tester
819,85ad662b-a322-4ede-b664-9ee053616e43,community_02,John,Eze,female,1990-07-08,,08050054777,https://www.commcarehq.org/photos/farmer_819.jpg,4,crop_farming,10,leased,2,rain-fed,---,rice groundnuts maize,1.8,4.2,2.7,goats,17,---,10.5179838 7.5147568 0.0 20.0,yes,d95a043b-eefb-4154-b871-f82b7465e48e,2026-01-06 00:06:00,2026-01-06,tester,2026-01-06 00:06:11,https://www.commcarehq.org/form/85ad662b-a322-4ede-b664-9ee053616e43,tester
820,f5c8f3c8-d927-4395-888f-d27cd8460133,community_04,Elizabeth,Usman,male,1954-08-27,,08012787498,https://www.commcarehq.org/photos/farmer_820.jpg,5,mixed_farming,15,owned,3,borehole,---,maize groundnuts rice,2.1,2.8,1.7,---,---,---,10.3770008 7.519539 0.0 20.0,yes,e685ecb0-df85-41b9-82b8-57e651e66bdd,2026-04-26 00:05:00,2026-04-26,tester,2026-04-26 00:05:07,https://www.commcarehq.org/form/f5c8f3c8-d927-4395-888f-d27cd8460133,tester
821,2340c61f-0f78-4af3-ac16-b22a2ee596aa,community_04,Elizabeth,Lawal,male,1989-02-20,58378610317,08008565370,https://www.commcarehq.org/photos/farmer_821.jpg,2,mixed_farming,6,owned,1,river_stream,---,maize rice,---,4.1,1.1,goats,5,---,10.3555504 7.5290178 0.0 20.0,yes,09564218-b77d-49e4-91cf-79a094a066d1,2026-01-17 00:02:00,2026-01-17,tester,2026-01-17 00:02:06,https://www.commcarehq.org/form/2340c61f-0f78-4af3-ac16-b22a2ee596aa,tester
822,4e172916-da35-4443-898a-f2740ccfe87a,community_02,Deborah,Ahmed,male,1990-07-10,,08050422491,https://www.commcarehq.org/photos/farmer_822.jpg,8,crop_farming,4,family_land,1,rain-fed,---,rice maize groundnuts,2.9,3.8,1.9,---,---,---,10.228052 7.4252116 0.0 20.0,yes,c4e7f208-8231-4c99-9f44-1dd47654288b,2026-01-11 00:08:00,2026-01-11,tester,2026-01-11 00:08:14,https://www.commcarehq.org/form/4e172916-da35-4443-898a-f2740ccfe87a,tester
823,e480a0d5-da84-44f8-ba06-4a5e6ac0f6e3,community_01,Esther,Eze,male,1993-10-04,11722680005,08012377057,https://www.commcarehq.org/photos/farmer_823.jpg,6,crop_farming,15,leased,5,river_stream,---,groundnuts rice,2.8,---,2.5,goats,22,---,10.439095 7.4430342 0.0 20.0,yes,0b626bb5-8477-4765-a49e-6b236e2409d3,2026-01-30 00:03:00,2026-01-30,tester,2026-01-30 00:03:17,https://www.commcarehq.org/form/e480a0d5-da84-44f8-ba06-4a5e6ac0f6e3,tester
824,b373065e-f86e-4065-95a2-24dfc7326c84,community_05,SULEIMAN,samuel,male,1994-09-18,90790737428,08029445744,https://www.commcarehq.org/photos/farmer_824.jpg,2,crop_farming,14,owned,1,dam_reservoir,---,rice maize groundnuts,1.7,6.0,0.9,goats,6,---,10.2880013 7.5251122 0.0 20.0,yes,7b66fe78-10d8-4008-8d78-b4800bf971e7,2026-02-19 00:04:00,2026-02-19,tester,2026-02-19 00:04:16,https://www.commcarehq.org/form/b373065e-f86e-4065-95a2-24dfc7326c84,tester
825,c0074b1c-301b-4151-a673-13708873fd0c,community_01,Sarah,Musa,female,1958-06-27,,08098469435,https://www.commcarehq.org/photos/farmer_825.jpg,6,mixed_farming,25,owned,1,irrigation_scheme,---,maize,---,5.2,---,---,---,---,10.4598666 7.56674 0.0 20.0,yes,7bbee62e-87bf-4e90-ac4b-8419be4a198b,2026-06-01 00:08:00,2026-06-01,tester,2026-06-01 00:08:16,https://www.commcarehq.org/form/c0074b1c-301b-4151-a673-13708873fd0c,tester
826,f6174f3d-cabb-4710-b226-13ef18e8eb1a,community_07,David,Johnson,male,2007-05-07,21352544027,08058616626,https://www.commcarehq.org/photos/farmer_826.jpg,7,crop_farming,1,owned,3,rain-fed,---,groundnuts rice maize,2.5,1.8,3.3,---,---,---,10.3721899 7.4632422 0.0 20.0,yes,b9198b35-5a4e-47b7-9b32-4fd9cc5d48e7,2026-06-04 00:08:00,2026-06-04,tester,2026-06-04 00:08:08,https://www.commcarehq.org/form/f6174f3d-cabb-4710-b226-13ef18e8eb1a,tester
827,5a7037ef-5c92-4f8b-83d5-df280baa027d,community_06,Naomi,Okafor,female,1976-12-18,,08002010787,https://www.commcarehq.org/photos/farmer_827.jpg,3,crop_farming,7,leased,3,rain-fed,---,maize groundnuts rice,2.2,3.5,0.9,goats,19,---,10.3092701 7.4255692 0.0 20.0,yes,505309fa-f583-47e0-a236-fd9cc22ac2dd,2026-05-25 00:04:00,2026-05-25,tester,2026-05-25 00:04:05,https://www.commcarehq.org/form/5a7037ef-5c92-4f8b-83d5-df280baa027d,tester
828,3aeb9402-06f6-4c79-ba8d-156a93296fc5,community_06,Amina,Okafor,female,1970-11-01,30734795476,08064345669,https://www.commcarehq.org/photos/farmer_828.jpg,11,crop_farming,18,owned,1,borehole,---,rice maize,---,3.2,3.5,---,---,---,10.2716566 7.5391888 0.0 20.0,yes,99494f7c-82d5-4b8d-b88a-e22e3527d35b,2026-06-10 00:06:00,2026-06-10,tester,2026-06-10 00:06:14,https://www.commcarehq.org/form/3aeb9402-06f6-4c79-ba8d-156a93296fc5,tester
829,0fe408b8-c7fe-4ddb-876c-5ff4cc9b2dd5,community_03,Emmanuel,David,female,1971-04-07,75651543288,08019442783,https://www.commcarehq.org/photos/farmer_829.jpg,2,mixed_farming,25,owned,2,borehole,---,maize rice groundnuts,2.4,2.4,2.3,goats,14,---,10.4377984 7.4525306 0.0 20.0,yes,9d554d41-2a9b-4078-b724-23908e8bd26f,2026-04-16 00:05:00,2026-04-16,tester,2026-04-16 00:05:06,https://www.commcarehq.org/form/0fe408b8-c7fe-4ddb-876c-5ff4cc9b2dd5,tester
830,5a0d6d21-0c1a-4afc-9d3c-6c813c6fd382,community_01,Daniel,David,male,1978-07-28,19269128201,08088410932,https://www.commcarehq.org/photos/farmer_830.jpg,4,mixed_farming,27,owned,3,river_stream,---,maize rice groundnuts,1.6,1.1,3.8,goats rabbits,6,25,10.5632771 7.5588376 0.0 20.0,yes,5007423a-2eaf-45aa-b994-0d894aae8e10,2026-01-23 00:03:00,2026-01-23,tester,2026-01-23 00:03:08,https://www.commcarehq.org/form/5a0d6d21-0c1a-4afc-9d3c-6c813c6fd382,tester
831,ec1b0297-fbd0-4bb4-a6dc-ee18cf685b5d,community_04,Daniel,Philip,male,1987-03-16,40706497825,+2348017700182,https://www.commcarehq.org/photos/farmer_831.jpg,5,crop_farming,9,leased,3,rain-fed,---,rice,---,---,3.7,---,---,---,10.4778667 7.5201435 0.0 20.0,yes,0686831a-5a99-4005-af6c-b843ccf3f312,2026-06-12 00:05:00,2026-06-12,tester,2026-06-12 00:05:20,https://www.commcarehq.org/form/ec1b0297-fbd0-4bb4-a6dc-ee18cf685b5d,tester
832,ce982715-eea4-44f0-878f-aa04e1fc34ca,community_04,Mercy,Peter,female,1994-05-21,,+2348045226567,https://www.commcarehq.org/photos/farmer_832.jpg,3,livestock_farming,13,family_land,5,rain-fed,---,maize rice,---,3.6,2.7,---,---,---,10.4717131 7.3446488 0.0 20.0,yes,fd1a3dad-c8ee-4fc3-ba15-a25c81baf8ee,2026-03-14 00:08:00,2026-03-14,tester,2026-03-14 00:08:16,https://www.commcarehq.org/form/ce982715-eea4-44f0-878f-aa04e1fc34ca,tester
833,a3518958-c7c2-494a-99c9-db35b6df58c8,community_06,David,Daniel,female,1987-10-12,78685720604,08081371330,https://www.commcarehq.org/photos/farmer_833.jpg,6,mixed_farming,18,owned,1,rain-fed,---,groundnuts rice,1.8,---,2.2,goats,10,---,10.389126 7.3518764 0.0 20.0,yes,91c5a170-84aa-4d3f-a479-378bce5e803b,2026-01-12 00:06:00,2026-01-12,tester,2026-01-12 00:06:09,https://www.commcarehq.org/form/a3518958-c7c2-494a-99c9-db35b6df58c8,tester
834,b9afd41b-7421-4f1b-a6b7-06d47e04f601,community_04,Ruth,Ahmed,male,1977-11-27,30036565675,08004268733,https://www.commcarehq.org/photos/farmer_834.jpg,1,crop_farming,21,owned,2,dam_reservoir,---,maize groundnuts,0.5,5.4,---,goats rabbits,14,20,10.3421888 7.4363524 0.0 20.0,yes,e73e2b0c-6463-4caf-b332-190c07c3ceaa,2026-04-08 00:04:00,2026-04-08,tester,2026-04-08 00:04:16,https://www.commcarehq.org/form/b9afd41b-7421-4f1b-a6b7-06d47e04f601,tester
835,c84cefe4-5be5-4628-9ab4-3c0389d4a82e,community_05,musa,Mohammed,female,1986-09-01,,08001828879,https://www.commcarehq.org/photos/farmer_835.jpg,4,crop_farming,3,owned,1,borehole,---,groundnuts maize,1.3,4.1,---,goats,24,---,10.3423779 7.4206194 0.0 20.0,yes,535ff574-5a48-45f4-bc4a-f812a35f0c27,2026-01-18 00:07:00,2026-01-18,tester,2026-01-18 00:07:07,https://www.commcarehq.org/form/c84cefe4-5be5-4628-9ab4-3c0389d4a82e,tester
836,a87042fe-f303-40e8-a264-0c9798f82fe9,community_06,Ruth,Yakubu,male,1962-05-19,29717178811,08042492195,https://www.commcarehq.org/photos/farmer_836.jpg,3,crop_farming,11,owned,3,rain-fed,---,groundnuts maize,1.6,4.6,---,---,---,---,10.5513514 7.5511559 0.0 20.0,yes,e59baa7b-1fdc-4125-86f8-970d29f0f0c8,2026-04-12 00:06:00,2026-04-12,tester,2026-04-12 00:06:19,https://www.commcarehq.org/form/a87042fe-f303-40e8-a264-0c9798f82fe9,tester
837,30c06f3a-92f0-4b74-84d4-4697beb1d079,community_02,Ruth,balogun,female,1989-07-01,67488119786,08089306491,https://www.commcarehq.org/photos/farmer_837.jpg,7,livestock_farming,18,owned,3,rain-fed,---,maize groundnuts rice,1.9,2.1,2.0,goats,24,---,10.4394787 7.2790245 0.0 20.0,no,36ac9e32-ba4a-4a76-aafe-6f4b6adf1b87,2026-03-18 00:07:00,2026-03-18,tester,2026-03-18 00:07:16,https://www.commcarehq.org/form/30c06f3a-92f0-4b74-84d4-4697beb1d079,tester
838,f7d83064-38de-45ee-a658-9ca51eebb0c3,community_05,Joy,Usman,female,1985-12-18,65691218903,08002321292,https://www.commcarehq.org/photos/farmer_838.jpg,5,mixed_farming,18,owned,3,other,Community Well,groundnuts rice,2.9,---,1.1,goats,14,---,10.387073 7.4728837 0.0 20.0,yes,672a4795-00d0-4301-a25b-6baeb35eda9a,2026-01-05 00:04:00,2026-01-05,tester,2026-01-05 00:04:12,https://www.commcarehq.org/form/f7d83064-38de-45ee-a658-9ca51eebb0c3,tester
839,d28ef20b-ccb0-489f-99d4-7bddfbef63f8,community_06,James,Ojo,female,1996-12-10,,08059788752,https://www.commcarehq.org/photos/farmer_839.jpg,3,mixed_farming,2,owned,6,rain-fed,---,maize groundnuts rice,1.5,3.1,2.2,---,---,---,10.344352 7.4235998 0.0 20.0,yes,f97f5284-268f-40ee-8898-858205f333e4,2026-03-21 00:02:00,2026-03-21,tester,2026-03-21 00:02:20,https://www.commcarehq.org/form/d28ef20b-ccb0-489f-99d4-7bddfbef63f8,tester
840,e2171a75-5fca-4dc3-bb1f-f6db660321c8,community_02,Hauwa,Bello,female,1988-06-28,,08067178160,https://www.commcarehq.org/photos/farmer_840.jpg,6,livestock_farming,2,owned,1,rain-fed,---,rice groundnuts,1.3,---,1.1,goats,10,---,10.2625135 7.2298343 0.0 20.0,yes,622d1cc6-9b71-4233-a286-49420281d58b,2026-06-04 00:02:00,2026-06-04,tester,2026-06-04 00:02:07,https://www.commcarehq.org/form/e2171a75-5fca-4dc3-bb1f-f6db660321c8,tester
841,eb2e5d58-103d-4354-958d-4dc86558d5a9,community_01,Suleiman,Yakubu,female,2002-03-01,,08070896509,https://www.commcarehq.org/photos/farmer_841.jpg,6,crop_farming,4,family_land,3,borehole,---,maize groundnuts,2.9,4.0,---,goats,3,---,10.5046702 7.3832277 0.0 20.0,yes,0c401edc-b625-47fb-8efa-c29963390ced,2026-02-27 00:07:00,2026-02-27,tester,2026-02-27 00:07:10,https://www.commcarehq.org/form/eb2e5d58-103d-4354-958d-4dc86558d5a9,tester
842,0315d8a8-19bc-45f7-8947-c4d010a490db,community_01,Esther,Abdullahi,male,1984-02-26,,08064673941,https://www.commcarehq.org/photos/farmer_842.jpg,6,mixed_farming,10,family_land,1,rain-fed,---,groundnuts rice,2.3,---,3.5,goats,20,---,10.3361327 7.4033544 0.0 20.0,yes,282c5675-3a4e-4cb5-8741-9ce98c5090a6,2026-06-14 00:07:00,2026-06-14,tester,2026-06-14 00:07:18,https://www.commcarehq.org/form/0315d8a8-19bc-45f7-8947-c4d010a490db,tester
843,77bfc6ba-806a-43d7-b2ee-7f0142e77438,community_05,Grace,Philip,female,1986-11-11,80208837824,08039888226,https://www.commcarehq.org/photos/farmer_843.jpg,4,crop_farming,16,owned,2,rain-fed,---,rice maize,---,5.8,3.2,goats,14,---,10.5193985 7.4941408 0.0 20.0,yes,1cf474d9-1c85-4a0c-8a53-d0b6cc8b7216,2026-06-17 00:07:00,2026-06-17,tester,2026-06-17 00:07:17,https://www.commcarehq.org/form/77bfc6ba-806a-43d7-b2ee-7f0142e77438,tester
844,da844404-2c37-49f7-ba55-3523830d720f,community_03,James,Haruna,female,1989-05-31,99515533545,08082898671,https://www.commcarehq.org/photos/farmer_844.jpg,3,crop_farming,1,owned,2,borehole,---,maize rice groundnuts,2.1,2.1,3.6,goats,13,---,10.5467598 7.2130153 0.0 20.0,yes,4a6e6965-0044-472a-b56c-7e14e630acba,2026-05-15 00:02:00,2026-05-15,tester,2026-05-15 00:02:16,https://www.commcarehq.org/form/da844404-2c37-49f7-ba55-3523830d720f,tester
845,4acfd6e5-4752-43c7-885d-1d35b50328a0,community_02,John,Daniel,female,1989-09-16,94703693908,08014395627,https://www.commcarehq.org/photos/farmer_845.jpg,6,livestock_farming,9,owned,1,rain-fed,---,rice,---,---,1.4,goats rabbits,5,11,10.3630445 7.4066101 0.0 20.0,yes,1d505c9f-98f4-4f60-8e4d-01630fdbb664,2026-04-26 00:07:00,2026-04-26,tester,2026-04-26 00:07:18,https://www.commcarehq.org/form/4acfd6e5-4752-43c7-885d-1d35b50328a0,tester
846,0a7cc90a-92b9-403a-856e-358eadc2aac3,community_02,Naomi,Ahmed,female,1980-02-27,,08099340281,https://www.commcarehq.org/photos/farmer_846.jpg,6,mixed_farming,9,owned,4,borehole,---,maize groundnuts rice,2.7,0.6,2.7,goats,17,---,10.24407 7.549541 0.0 20.0,yes,505a9651-e86c-47d0-90bc-7ff85dc12979,2026-04-11 00:04:00,2026-04-11,tester,2026-04-11 00:04:13,https://www.commcarehq.org/form/0a7cc90a-92b9-403a-856e-358eadc2aac3,tester
847,179f2cf0-0bf9-4955-b63a-a42462d741a2,community_04,Samuel,Ibrahim,female,1978-04-04,,08080028462,https://www.commcarehq.org/photos/farmer_847.jpg,6,crop_farming,26,leased,3,rain-fed,---,maize,---,0.7,---,rabbits,---,27,10.544287 7.3881485 0.0 20.0,yes,cc522e1a-03fe-4845-bbdf-f05c631e39d2,2026-05-01 00:02:00,2026-05-01,tester,2026-05-01 00:02:20,https://www.commcarehq.org/form/179f2cf0-0bf9-4955-b63a-a42462d741a2,tester
848,3a57eb67-cbe3-40e9-87f1-76dad4f11c16,community_01,Deborah,Philip,female,1985-04-21,64626741768,08098514255,https://www.commcarehq.org/photos/farmer_848.jpg,5,mixed_farming,7,leased,1,dam_reservoir,---,groundnuts maize,2.8,3.5,---,---,---,---,8.8902952 9.4208027 0.0 20.0,yes,830a89e7-1456-4a17-abbd-a26fcd600893,2026-04-14 00:08:00,2026-04-14,tester,2026-04-14 00:08:16,https://www.commcarehq.org/form/3a57eb67-cbe3-40e9-87f1-76dad4f11c16,tester
849,e614c9e7-9abd-4baf-a754-adc0b0847df5,community_01,Amina,Haruna,male,2007-11-16,86284425270,08063529825,https://www.commcarehq.org/photos/farmer_849.jpg,5,livestock_farming,1,family_land,1,river_stream,---,groundnuts maize rice,1.8,4.2,1.2,---,---,---,10.5276671 7.2979433 0.0 20.0,yes,355eed65-432f-4c93-bcb0-b31748a332d2,2026-04-10 00:08:00,2026-04-10,tester,2026-04-10 00:08:13,https://www.commcarehq.org/form/e614c9e7-9abd-4baf-a754-adc0b0847df5,tester
850,0c4cbfb0-65b0-4b75-a65a-428f193b1bba,community_02,Fatima,Usman,male,1976-10-29,,08099856995,https://www.commcarehq.org/photos/farmer_850.jpg,3,mixed_farming,30,family_land,2,river_stream,---,groundnuts maize,2.0,5.2,---,goats rabbits,13,4,10.5595732 7.4428207 0.0 20.0,yes,613a1e6d-b9a3-409d-883e-9ef136d174ba,2026-06-09 00:05:00,2026-06-09,tester,2026-06-09 00:05:17,https://www.commcarehq.org/form/0c4cbfb0-65b0-4b75-a65a-428f193b1bba,tester
851,f0fca377-7951-44ed-b422-355ed4b3b687,community_02,Amina,Eze,female,2005-01-04,,08032024613,https://www.commcarehq.org/photos/farmer_851.jpg,3,crop_farming,1,owned,1,rain-fed,---,groundnuts rice,1.9,---,3.7,goats rabbits,11,7,10.4657205 7.41268 0.0 20.0,yes,aae1e9c7-b9d4-4a53-bc0a-5b7ddbb975ab,2026-06-27 00:08:00,2026-06-27,tester,2026-06-27 00:08:17,https://www.commcarehq.org/form/f0fca377-7951-44ed-b422-355ed4b3b687,tester
852,c54ad0e6-f800-4964-a4c3-a3a9a09e91bc,community_07,Sarah,Abdullahi,female,1994-07-20,18451222568,08093572548,https://www.commcarehq.org/photos/farmer_852.jpg,7,mixed_farming,12,owned,3,borehole,---,rice,---,---,3.4,goats,4,---,10.3944078 7.5438251 0.0 20.0,yes,53a7b552-b96b-42ba-baab-7c11140d5af1,2026-05-12 00:08:00,2026-05-12,tester,2026-05-12 00:08:09,https://www.commcarehq.org/form/c54ad0e6-f800-4964-a4c3-a3a9a09e91bc,tester
853,40206e0a-4607-4b2d-bef1-71bb47e4d56f,community_03,James,Tanko,male,1994-10-24,60984795368,08034455733,https://www.commcarehq.org/photos/farmer_853.jpg,3,crop_farming,7,family_land,3,rain-fed,---,rice maize groundnuts,0.8,5.3,0.6,---,---,---,10.4217626 7.4340814 0.0 20.0,yes,5b1047df-fb66-4456-8657-1187c9d73091,2026-03-25 00:07:00,2026-03-25,tester,2026-03-25 00:07:05,https://www.commcarehq.org/form/40206e0a-4607-4b2d-bef1-71bb47e4d56f,tester
854,7d8deadc-2e67-47f8-a047-bbe472540305,community_04,Sarah,Ojo,male,1992-06-18,11427802517,08048537679,https://www.commcarehq.org/photos/farmer_854.jpg,5,crop_farming,2,owned,4,rain-fed,---,maize rice,---,5.1,2.1,---,---,---,10.3488416 7.5495519 0.0 20.0,yes,bf543f9f-1ff4-4d3b-8938-a31532010cb2,2026-01-31 00:03:00,2026-01-31,tester,2026-01-31 00:03:11,https://www.commcarehq.org/form/7d8deadc-2e67-47f8-a047-bbe472540305,tester
855,5b3c0ad6-a724-4f97-a9f1-c0e3d1ea1618,community_04,Sarah,Tanko,male,1982-11-07,16939357002,08000233953,https://www.commcarehq.org/photos/farmer_855.jpg,8,crop_farming,24,family_land,1,rain-fed,---,rice maize groundnuts,2.1,3.4,1.0,goats,9,---,10.2119489 7.2675024 0.0 20.0,yes,ddaeacf2-b1ca-4645-b0b9-c6297e990be2,2026-04-25 00:04:00,2026-04-25,tester,2026-04-25 00:04:05,https://www.commcarehq.org/form/5b3c0ad6-a724-4f97-a9f1-c0e3d1ea1618,tester
856,be70a00f-9f5d-4128-a547-f4edace9b55e,community_03,Mary,Abdullahi,male,1973-11-05,63612682895,08038989621,https://www.commcarehq.org/photos/farmer_856.jpg,11,livestock_farming,22,owned,2,rain-fed,---,maize rice,---,5.3,3.9,goats,19,---,10.4654248 7.2814149 0.0 20.0,yes,82c06db9-0022-4f0d-adac-e960d1457e5f,2026-06-18 00:05:00,2026-06-18,tester,2026-06-18 00:05:18,https://www.commcarehq.org/form/be70a00f-9f5d-4128-a547-f4edace9b55e,tester
857,d92f8963-a29b-40e3-9797-40665f4630da,community_03,Grace,Sani,female,1986-02-07,,08070570243,https://www.commcarehq.org/photos/farmer_857.jpg,5,mixed_farming,3,family_land,3,rain-fed,---,rice maize,---,5.8,3.2,---,---,---,10.5481362 7.4672919 0.0 20.0,yes,b3745b2f-b3fd-4e38-ac55-a2f3da219765,2026-05-15 00:06:00,2026-05-15,tester,2026-05-15 00:06:16,https://www.commcarehq.org/form/d92f8963-a29b-40e3-9797-40665f4630da,tester
858,716b6a5f-fac4-423d-a185-b3031db20d1a,community_05,Amina,Bello,male,1988-04-01,23283623601,08032040616,https://www.commcarehq.org/photos/farmer_858.jpg,4,crop_farming,16,owned,1,borehole,---,rice,---,---,2.5,goats,7,---,10.5977132 7.2251136 0.0 20.0,yes,2a2f1d73-5a65-4720-b876-4f62559d86dc,2026-02-24 00:06:00,2026-02-24,tester,2026-02-24 00:06:14,https://www.commcarehq.org/form/716b6a5f-fac4-423d-a185-b3031db20d1a,tester
859,0d7a562e-2e45-4279-aee9-493ec7c10505,community_02,Samuel,Yakubu,male,1968-12-06,83048383467,8025027422,https://www.commcarehq.org/photos/farmer_859.jpg,8,mixed_farming,17,owned,6,borehole,---,rice maize,---,2.9,2.0,---,---,---,10.2371697 7.4772226 0.0 20.0,yes,5fd9e649-56ae-427f-b3de-f5f1db755b0c,2026-03-19 00:04:00,2026-03-19,tester,2026-03-19 00:04:10,https://www.commcarehq.org/form/0d7a562e-2e45-4279-aee9-493ec7c10505,tester
860,172b4f26-2489-4214-b518-e0eca547ab42,community_02,Esther,Ali,female,1991-12-26,,08027630384,https://www.commcarehq.org/photos/farmer_860.jpg,10,mixed_farming,1,family_land,3,rain-fed,---,maize rice groundnuts,2.2,5.3,0.7,---,---,---,10.4151098 7.5359129 0.0 20.0,yes,f67df380-f3e8-49ec-a138-96593a54340c,2026-02-07 00:03:00,2026-02-07,tester,2026-02-07 00:03:09,https://www.commcarehq.org/form/172b4f26-2489-4214-b518-e0eca547ab42,tester
861,00a9d76e-b735-4a65-a0a8-3fe850984b4c,community_02,Mercy,Ibrahim,male,1958-11-21,15453927371,08096054385,https://www.commcarehq.org/photos/farmer_861.jpg,5,livestock_farming,22,owned,2,irrigation_scheme,---,rice maize,---,4.5,2.8,---,---,---,10.348736 7.5204567 0.0 20.0,yes,06969bc3-fa4c-4b3e-9f00-e3954192331e,2026-05-24 00:07:00,2026-05-24,tester,2026-05-24 00:07:05,https://www.commcarehq.org/form/00a9d76e-b735-4a65-a0a8-3fe850984b4c,tester
862,84e693ba-59cb-4ae4-a8c2-0a88dd5024dc,community_01,Daniel,Johnson,male,1969-08-23,,08062262424,https://www.commcarehq.org/photos/farmer_862.jpg,5,crop_farming,13,leased,4,rain-fed,---,rice,---,---,2.3,goats,16,---,10.5461835 7.2549152 0.0 20.0,yes,69f2f1c6-689b-42a7-b131-ac62365bb675,2026-01-22 00:07:00,2026-01-22,tester,2026-01-22 00:07:07,https://www.commcarehq.org/form/84e693ba-59cb-4ae4-a8c2-0a88dd5024dc,tester
863,3c6f3cc5-a544-46fd-b0b1-89134895fc2f,community_04,Esther,Samuel,female,1980-12-15,40499772736,08028500211,https://www.commcarehq.org/photos/farmer_863.jpg,4,livestock_farming,14,owned,5,borehole,---,rice groundnuts maize,0.8,1.7,0.8,goats,25,---,10.4462411 7.2309681 0.0 20.0,yes,5c81a395-b9a9-430b-9933-8ad76995986c,2026-01-12 00:02:00,2026-01-12,tester,2026-01-12 00:02:16,https://www.commcarehq.org/form/3c6f3cc5-a544-46fd-b0b1-89134895fc2f,tester
864,6798a321-50cb-4bfe-86ce-c257bf7d6e16,community_01,Hauwa,Bello,male,1991-09-16,,08046084736,https://www.commcarehq.org/photos/farmer_864.jpg,3,crop_farming,17,family_land,1,river_stream,---,maize rice groundnuts,0.8,0.7,0.8,rabbits,---,10,10.243494 7.4199039 0.0 20.0,yes,04ff540d-5988-4479-b6d2-96130302588a,2026-03-28 00:08:00,2026-03-28,tester,2026-03-28 00:08:11,https://www.commcarehq.org/form/6798a321-50cb-4bfe-86ce-c257bf7d6e16,tester
865,fafdf1dc-0076-4614-8a58-c37816ec5dfb,community_06,Mary,Ahmed,female,1994-06-17,91959506296,08012714381,https://www.commcarehq.org/photos/farmer_865.jpg,4,livestock_farming,6,owned,2,rain-fed,---,maize rice,---,1.4,2.1,goats,3,---,10.362073 7.5566589 0.0 20.0,yes,3c23292e-e9d1-43eb-8a97-29931634e15c,2026-02-06 00:05:00,2026-02-06,tester,2026-02-06 00:05:15,https://www.commcarehq.org/form/fafdf1dc-0076-4614-8a58-c37816ec5dfb,tester
866,5a4393d9-6d62-489b-9ec9-9adb7fb9f0de,community_01,Amina,Michael,female,1952-10-11,89140209610,08004001603,https://www.commcarehq.org/photos/farmer_866.jpg,8,livestock_farming,24,family_land,1,rain-fed,---,groundnuts rice maize,1.2,2.2,2.5,goats,4,---,10.3674414 7.3892321 0.0 20.0,yes,d075880d-8d14-4bc5-a215-7a684747ec1e,2026-04-24 00:06:00,2026-04-24,tester,2026-04-24 00:06:14,https://www.commcarehq.org/form/5a4393d9-6d62-489b-9ec9-9adb7fb9f0de,tester
867,9c0f2c75-c774-4c9e-8180-5036f5b1e134,community_02,Deborah,James,female,1994-02-21,47294936770,08045393107,https://www.commcarehq.org/photos/farmer_867.jpg,1,crop_farming,9,owned,6,rain-fed,---,maize rice,---,4.8,1.3,goats rabbits,9,32,10.4834673 7.3473218 0.0 20.0,yes,d76a2fbc-bc93-48e9-a2ea-3b3ed6a42701,2026-04-30 00:07:00,2026-04-30,tester,2026-04-30 00:07:06,https://www.commcarehq.org/form/9c0f2c75-c774-4c9e-8180-5036f5b1e134,tester
868,593bece6-99e1-4cf0-9cb9-a66c2eba4452,community_01,Joy,Sani,female,2004-03-09,16223292994,08061709208,https://www.commcarehq.org/photos/farmer_868.jpg,5,crop_farming,2,leased,3,borehole,---,maize,---,4.4,---,---,---,---,10.4116744 7.3816053 0.0 20.0,yes,19acb7f5-764f-4c15-bb61-3461503ec187,2026-04-06 00:02:00,2026-04-06,tester,2026-04-06 00:02:16,https://www.commcarehq.org/form/593bece6-99e1-4cf0-9cb9-a66c2eba4452,tester
869,58de6852-243a-48bc-bec0-8f12f0409bdd,community_04,Ruth,Balogun,male,1977-03-13,21602617532,08096785765,https://www.commcarehq.org/photos/farmer_869.jpg,10,livestock_farming,13,owned,6,borehole,---,rice maize,---,0.8,1.7,---,---,---,10.5712306 7.5480454 0.0 20.0,yes,fdf735fb-d7e4-41c4-b692-b9a13d312e31,2026-03-27 00:06:00,2026-03-27,tester,2026-03-27 00:06:11,https://www.commcarehq.org/form/58de6852-243a-48bc-bec0-8f12f0409bdd,tester
870,0f4f70a1-6bc9-400b-a9d6-f668992f2447,community_07,Daniel,Ali,male,1980-01-06,62660421070,08010564674,https://www.commcarehq.org/photos/farmer_870.jpg,7,crop_farming,5,leased,3,borehole,---,groundnuts,1.9,---,---,---,---,---,10.4958015 7.2105558 0.0 20.0,yes,68a26679-6c33-4178-8f42-0363f061853e,2026-02-26 00:05:00,2026-02-26,tester,2026-02-26 00:05:05,https://www.commcarehq.org/form/0f4f70a1-6bc9-400b-a9d6-f668992f2447,tester
871,11a75004-e05d-4163-aba6-a3a41b9a9e9d,community_04,Fatima,Okafor,male,1978-06-09,,08008944109,https://www.commcarehq.org/photos/farmer_871.jpg,8,crop_farming,16,leased,6,rain-fed,---,rice,---,---,1.8,goats rabbits,5,23,10.370721 7.4624152 0.0 20.0,yes,b12d337d-caaf-41cf-8e40-1294d6f864dc,2026-04-13 00:04:00,2026-04-13,tester,2026-04-13 00:04:18,https://www.commcarehq.org/form/11a75004-e05d-4163-aba6-a3a41b9a9e9d,tester
872,c6c67069-1797-45fa-8fa2-c4c8f349fb29,community_01,Ruth,Ali,male,1987-01-07,90737469108,08069813889,https://www.commcarehq.org/photos/farmer_872.jpg,5,mixed_farming,19,leased,3,rain-fed,---,rice groundnuts maize,0.6,3.5,0.9,---,---,---,10.5241894 7.4099765 0.0 20.0,yes,22f4fbab-9c4b-4559-93f8-fb552461adca,2026-02-18 00:04:00,2026-02-18,tester,2026-02-18 00:04:08,https://www.commcarehq.org/form/c6c67069-1797-45fa-8fa2-c4c8f349fb29,tester
873,c848c100-f151-4b05-b087-1687d1e17bb7,community_04,Suleiman,James,male,1977-11-25,,08024286663,https://www.commcarehq.org/photos/farmer_873.jpg,7,crop_farming,20,owned,2,rain-fed,---,groundnuts,2.6,---,---,rabbits,---,26,10.5568235 7.3703143 0.0 20.0,yes,ecf02a1f-3548-41c9-96d1-96635620ecfd,2026-02-08 00:05:00,2026-02-08,tester,2026-02-08 00:05:20,https://www.commcarehq.org/form/c848c100-f151-4b05-b087-1687d1e17bb7,tester
874,89d739ad-68e6-4bcd-b3b0-bdb2c70e606d,community_01,Fatima,Okafor,male,1983-03-27,17208002343,08020742331,https://www.commcarehq.org/photos/farmer_874.jpg,8,crop_farming,11,family_land,1,rain-fed,---,rice,---,---,2.9,---,---,---,10.3014324 7.4016723 0.0 20.0,yes,a758e748-255b-4e94-9ec0-7170cf24239e,2026-05-23 00:03:00,2026-05-23,tester,2026-05-23 00:03:17,https://www.commcarehq.org/form/89d739ad-68e6-4bcd-b3b0-bdb2c70e606d,tester
875,bd712970-8862-4389-a7a8-6720ad6c4d74,community_04,Ahmed,okafor,male,1974-11-25,35656221222,08081244490,https://www.commcarehq.org/photos/farmer_875.jpg,4,mixed_farming,29,owned,3,rain-fed,---,rice maize,---,4.8,3.2,---,---,---,10.281536 7.5658513 0.0 20.0,yes,31136124-d41d-4b5b-af5e-8b92150f5dc6,2026-02-24 00:04:00,2026-02-24,tester,2026-02-24 00:04:15,https://www.commcarehq.org/form/bd712970-8862-4389-a7a8-6720ad6c4d74,tester
876,9eee14f1-0b46-4c4b-a88d-d7f8f850a8de,community_02,Peter,Yakubu,female,1997-01-20,29703637046,08084020737,https://www.commcarehq.org/photos/farmer_876.jpg,5,crop_farming,10,owned,1,rain-fed,---,maize groundnuts,2.5,3.7,---,goats,14,---,10.3089104 7.5096043 0.0 20.0,yes,8a723baf-5151-4b09-b2b5-9805a2457561,2026-03-11 00:04:00,2026-03-11,tester,2026-03-11 00:04:08,https://www.commcarehq.org/form/9eee14f1-0b46-4c4b-a88d-d7f8f850a8de,tester
877,d247550c-5716-489f-b929-cfa919f97b5b,community_01,Yusuf,Bello,male,2000-09-07,38442277548,08038190875,https://www.commcarehq.org/photos/farmer_877.jpg,8,livestock_farming,2,owned,1,river_stream,---,groundnuts maize rice,2.9,2.4,2.4,---,---,---,10.2310256 7.235661 0.0 20.0,yes,f492d836-b3ed-4231-a2c9-c25d8bea7ee3,2026-01-10 00:08:00,2026-01-10,tester,2026-01-10 00:08:11,https://www.commcarehq.org/form/d247550c-5716-489f-b929-cfa919f97b5b,tester
878,d7c5aa7c-3af4-4acf-88dd-3f76ffd0552e,community_02,Daniel,David,male,2002-02-11,,08081183341,https://www.commcarehq.org/photos/farmer_878.jpg,4,crop_farming,3,family_land,3,rain-fed,---,groundnuts maize rice,1.7,5.7,3.1,goats,11,---,10.3539685 7.5652279 0.0 20.0,yes,e0cb1049-d6df-426a-9a2e-e0fa9733499f,2026-06-09 00:04:00,2026-06-09,tester,2026-06-09 00:04:13,https://www.commcarehq.org/form/d7c5aa7c-3af4-4acf-88dd-3f76ffd0552e,tester
879,503fdebc-9301-4da8-88e6-c92d5e010d24,community_03,Grace,Balogun,female,1992-09-20,22821690891,08005711127,https://www.commcarehq.org/photos/farmer_879.jpg,10,crop_farming,4,owned,6,rain-fed,---,maize rice groundnuts,2.2,1.0,3.1,---,---,---,10.276698 7.4696446 0.0 20.0,yes,5b4e505f-eb0e-46ba-a426-1b0753cd51fa,2026-04-03 00:07:00,2026-04-03,tester,2026-04-03 00:07:05,https://www.commcarehq.org/form/503fdebc-9301-4da8-88e6-c92d5e010d24,tester
880,707e4696-924a-42ef-80db-69b3d31cf51a,community_01,Ibrahim,Eze,female,2001-07-16,,08031603410,https://www.commcarehq.org/photos/farmer_880.jpg,5,mixed_farming,2,owned,3,rain-fed,---,rice,---,---,1.5,---,---,---,10.3081339 7.2451612 0.0 20.0,yes,a5dc73e4-13c3-47d4-9eb3-1eefffaa8ba0,2026-01-02 00:08:00,2026-01-02,tester,2026-01-02 00:08:07,https://www.commcarehq.org/form/707e4696-924a-42ef-80db-69b3d31cf51a,tester
881,137016e6-09e0-4326-a947-32a1f81c8247,community_02,Esther,Samuel,female,1986-09-17,49174384344,08084198804,https://www.commcarehq.org/photos/farmer_881.jpg,3,mixed_farming,10,family_land,2,rain-fed,---,maize rice groundnuts,2.1,3.8,2.9,goats,7,---,10.4399432 7.2989172 0.0 20.0,yes,5403c188-1b6b-42d6-a1d7-5dd2fa62a805,2026-06-21 00:04:00,2026-06-21,tester,2026-06-21 00:04:08,https://www.commcarehq.org/form/137016e6-09e0-4326-a947-32a1f81c8247,tester
882,62f4883d-5d0c-4b1f-ac8b-6759520842fe,community_07,Musa,Mohammed,female,1981-04-06,,08075001582,https://www.commcarehq.org/photos/farmer_882.jpg,5,mixed_farming,8,owned,3,borehole,---,rice,---,---,0.9,---,---,---,10.5684543 7.3578144 0.0 20.0,yes,d265e7aa-4d7a-4d55-b605-f65c9c68b191,2026-05-03 00:08:00,2026-05-03,tester,2026-05-03 00:08:07,https://www.commcarehq.org/form/62f4883d-5d0c-4b1f-ac8b-6759520842fe,tester
883,2cbdbb40-073a-4c8a-ba90-2532068bb846,community_05,Emmanuel,Isa,male,2005-02-27,68140527073,08040433191,https://www.commcarehq.org/photos/farmer_883.jpg,8,mixed_farming,2,family_land,2,irrigation_scheme,---,groundnuts maize,1.7,1.3,---,goats,22,---,10.5173967 7.5371351 0.0 20.0,yes,9a1f5e10-67ea-41c8-9df9-32c0450ff681,2026-03-03 00:08:00,2026-03-03,tester,2026-03-03 00:08:11,https://www.commcarehq.org/form/2cbdbb40-073a-4c8a-ba90-2532068bb846,tester
884,e361edc4-b718-4ed2-87f9-7e8f89e941f9,community_05,Naomi,Abdullahi,male,1996-07-29,,08077492493,https://www.commcarehq.org/photos/farmer_884.jpg,4,crop_farming,12,family_land,3,rain-fed,---,maize,---,6.5,---,goats,25,---,10.483831 7.2935734 0.0 20.0,yes,6ecb8d81-cb3e-4f78-ab0e-96205c585f73,2026-06-29 00:03:00,2026-06-29,tester,2026-06-29 00:03:12,https://www.commcarehq.org/form/e361edc4-b718-4ed2-87f9-7e8f89e941f9,tester
885,c7c1fb72-594f-4b3a-829f-be618de99bf0,community_04,Mary,Abdullahi,male,1967-09-24,97537131999,08016185408,https://www.commcarehq.org/photos/farmer_885.jpg,8,mixed_farming,15,owned,2,rain-fed,---,rice maize groundnuts,0.7,1.0,2.0,rabbits,---,7,10.4603203 7.3274994 0.0 20.0,yes,282d912b-fadc-4afb-8089-72ccb344be97,2026-04-30 00:07:00,2026-04-30,tester,2026-04-30 00:07:06,https://www.commcarehq.org/form/c7c1fb72-594f-4b3a-829f-be618de99bf0,tester
886,ca13cc2b-5d7e-4962-978d-41981a48e979,community_03,Joy,Ibrahim,female,1965-11-05,85413569007,08099566737,https://www.commcarehq.org/photos/farmer_886.jpg,6,livestock_farming,9,family_land,1,rain-fed,---,rice maize,---,0.9,3.2,goats,10,---,10.3111616 7.268526 0.0 20.0,yes,228acd96-d938-4003-9b27-5a09ce350551,2026-05-30 00:04:00,2026-05-30,tester,2026-05-30 00:04:15,https://www.commcarehq.org/form/ca13cc2b-5d7e-4962-978d-41981a48e979,tester
887,1ba364af-b8db-42d5-ac97-1df634c29905,community_01,Joy,Tanko,female,1980-09-02,24148246205,08052617905,https://www.commcarehq.org/photos/farmer_887.jpg,6,crop_farming,28,family_land,2,borehole,---,rice groundnuts maize,2.3,2.0,2.2,---,---,---,10.256945 7.2949032 0.0 20.0,yes,f39356d3-dd55-45a0-b92d-f7bf2454aee6,2026-06-29 00:05:00,2026-06-29,tester,2026-06-29 00:05:19,https://www.commcarehq.org/form/1ba364af-b8db-42d5-ac97-1df634c29905,tester
888,5e8bc219-d70d-4178-8d69-07841d7ef0f1,community_06,Grace,Ogunleye,male,1961-03-29,25225626984,08010075677,https://www.commcarehq.org/photos/farmer_888.jpg,5,crop_farming,44,leased,2,dam_reservoir,---,groundnuts,2.8,---,---,goats,12,---,10.3692446 7.502968 0.0 20.0,yes,dda28dc8-1de3-416e-9a29-730a09d2241c,2026-02-25 00:02:00,2026-02-25,tester,2026-02-25 00:02:07,https://www.commcarehq.org/form/5e8bc219-d70d-4178-8d69-07841d7ef0f1,tester
889,ae874aee-b687-4651-90b3-fbf866ee95b1,community_02,Joy,Daniel,male,1965-10-16,15328928341,8087398602,https://www.commcarehq.org/photos/farmer_889.jpg,1,crop_farming,36,leased,4,irrigation_scheme,---,groundnuts,1.8,---,---,goats,24,---,10.4175893 7.3790957 0.0 20.0,yes,95550294-dc8a-4db0-bfa5-13b54493b664,2026-03-09 00:05:00,2026-03-09,tester,2026-03-09 00:05:07,https://www.commcarehq.org/form/ae874aee-b687-4651-90b3-fbf866ee95b1,tester
890,11902785-62b3-47f5-86b3-e26e3d65c126,community_03,Mercy,Ibrahim,male,1983-04-09,,08026490692,https://www.commcarehq.org/photos/farmer_890.jpg,8,crop_farming,7,owned,5,rain-fed,---,groundnuts,1.2,---,---,goats rabbits,4,20,10.24421 7.2487835 0.0 20.0,yes,4a54d27f-ad24-4d21-8bd3-3c12b1f9969a,2026-03-27 00:07:00,2026-03-27,tester,2026-03-27 00:07:19,https://www.commcarehq.org/form/11902785-62b3-47f5-86b3-e26e3d65c126,tester
891,27dd9e66-f4c3-4841-8905-8fee69872271,community_04,Sarah,Musa,female,1973-07-29,,08065379464,https://www.commcarehq.org/photos/farmer_891.jpg,3,mixed_farming,32,family_land,2,rain-fed,---,maize groundnuts,1.0,3.4,---,rabbits,---,15,10.4425886 7.2336098 0.0 20.0,yes,3394589d-3d0d-4d82-a1f7-e2994ab3ac87,2026-02-27 00:06:00,2026-02-27,tester,2026-02-27 00:06:19,https://www.commcarehq.org/form/27dd9e66-f4c3-4841-8905-8fee69872271,tester
892,0cbf49ec-31c2-4f94-98e4-645973499852,community_05,Paul,Isa,male,1983-06-23,87811532027,08023598074,https://www.commcarehq.org/photos/farmer_892.jpg,8,mixed_farming,22,owned,3,borehole,---,rice groundnuts maize,2.1,5.3,1.7,---,---,---,10.3325806 7.2770823 0.0 20.0,yes,37fa5c36-37ec-402c-bf32-90b7afac278f,2026-05-19 00:07:00,2026-05-19,tester,2026-05-19 00:07:15,https://www.commcarehq.org/form/0cbf49ec-31c2-4f94-98e4-645973499852,tester
893,41bb3daf-fd4b-4799-b475-f0ea0c2ece4a,community_02,Joseph,Balogun,male,1992-02-04,43359901663,08054630458,https://www.commcarehq.org/photos/farmer_893.jpg,1,livestock_farming,3,family_land,1,borehole,---,groundnuts,2.2,---,---,goats,23,---,10.4875954 7.5023047 0.0 20.0,yes,24bb3dce-c3ff-41db-9f86-d1ad8db2cb45,2026-03-10 00:04:00,2026-03-10,tester,2026-03-10 00:04:06,https://www.commcarehq.org/form/41bb3daf-fd4b-4799-b475-f0ea0c2ece4a,tester
894,298e7c00-b0a8-404a-a98e-95afe651be21,community_03,Elizabeth,Yakubu,female,1978-11-16,,08055958681,https://www.commcarehq.org/photos/farmer_894.jpg,9,crop_farming,5,family_land,1,rain-fed,---,maize rice groundnuts,3.0,5.2,1.5,goats,16,---,10.3967125 7.4771402 0.0 20.0,yes,531e8e0f-8491-4269-92e0-cdc9d800b5dd,2026-03-13 00:02:00,2026-03-13,tester,2026-03-13 00:02:05,https://www.commcarehq.org/form/298e7c00-b0a8-404a-a98e-95afe651be21,tester
895,b91e77e2-01cf-4ea7-8e20-25b0b6221380,community_07,Musa,Sani,male,1977-12-11,28354205229,08091289025,https://www.commcarehq.org/photos/farmer_895.jpg,1,mixed_farming,15,family_land,1,rain-fed,---,rice,---,---,1.5,goats,2,---,10.2538415 7.536043 0.0 20.0,yes,cb045276-c211-44be-8af2-a174bb27680a,2026-05-16 00:06:00,2026-05-16,tester,2026-05-16 00:06:20,https://www.commcarehq.org/form/b91e77e2-01cf-4ea7-8e20-25b0b6221380,tester
896,bf68fbe0-3010-4033-b547-e0b4fb251388,community_05,James,Eze,female,1982-08-19,,08029514685,https://www.commcarehq.org/photos/farmer_896.jpg,7,mixed_farming,6,owned,1,rain-fed,---,rice,---,---,1.2,goats,15,---,2.9411443 4.6979017 0.0 20.0,yes,c8ab4f68-1de0-4eb8-8ddb-a916dd250fc7,2026-03-09 00:04:00,2026-03-09,tester,2026-03-09 00:04:17,https://www.commcarehq.org/form/bf68fbe0-3010-4033-b547-e0b4fb251388,tester
897,2eca3d14-bea4-45bc-8f89-eb9182ee7473,community_06,Mary,Yakubu,female,2002-09-06,77932980514,08002272718,https://www.commcarehq.org/photos/farmer_897.jpg,11,crop_farming,2,owned,3,rain-fed,---,maize,---,2.0,---,rabbits,---,3,10.4560311 7.2111072 0.0 20.0,no,9c031f4f-7630-4899-ae0d-16effecb9883,2026-01-27 00:03:00,2026-01-27,tester,2026-01-27 00:03:17,https://www.commcarehq.org/form/2eca3d14-bea4-45bc-8f89-eb9182ee7473,tester
898,8ca92b0e-5d45-4e2a-9afc-ed2f6dd07ea8,community_05,John,Musa,female,1994-04-10,51553365394,+2348026496973,https://www.commcarehq.org/photos/farmer_898.jpg,4,crop_farming,7,owned,6,rain-fed,---,rice maize groundnuts,2.3,3.0,3.0,---,---,---,10.3317802 7.2838617 0.0 20.0,yes,9cb95292-d43b-4a2a-937a-30711d916e78,2026-03-23 00:06:00,2026-03-23,tester,2026-03-23 00:06:09,https://www.commcarehq.org/form/8ca92b0e-5d45-4e2a-9afc-ed2f6dd07ea8,tester
899,406ea4f3-cab8-472a-bb27-021a7c7771a4,community_03,Sarah,Balogun,female,1988-05-17,89938106703,08086911155,https://www.commcarehq.org/photos/farmer_899.jpg,5,livestock_farming,11,leased,1,rain-fed,---,maize,---,2.4,---,---,---,---,10.4033921 7.4343637 0.0 20.0,yes,5ba58b95-19ea-4bb6-a4fb-b70e14f53826,2026-06-11 00:08:00,2026-06-11,tester,2026-06-11 00:08:19,https://www.commcarehq.org/form/406ea4f3-cab8-472a-bb27-021a7c7771a4,tester
900,f76e8499-fb2b-4b1b-8b89-932e462d741b,community_06,Daniel,Mohammed,female,1974-01-12,76457579618,08042723723,https://www.commcarehq.org/photos/farmer_900.jpg,9,crop_farming,33,leased,2,rain-fed,---,rice maize groundnuts,2.5,5.3,2.2,---,---,---,10.5262299 7.4249888 0.0 20.0,yes,280c9d1e-4c17-41bc-abf9-8cef10db8020,2026-03-16 00:07:00,2026-03-16,tester,2026-03-16 00:07:17,https://www.commcarehq.org/form/f76e8499-fb2b-4b1b-8b89-932e462d741b,tester
901,155f539c-53c6-47f3-9073-9e9c13bcd64c,community_01,Mary,Peter,male,1972-07-02,60937058712,08029760708,https://www.commcarehq.org/photos/farmer_901.jpg,7,crop_farming,17,owned,2,rain-fed,---,maize,---,4.5,---,rabbits,---,32,10.3186595 7.2497501 0.0 20.0,yes,dfe3e20e-9670-4d0a-a8a4-c27d9ce8cc69,2026-01-15 00:03:00,2026-01-15,tester,2026-01-15 00:03:09,https://www.commcarehq.org/form/155f539c-53c6-47f3-9073-9e9c13bcd64c,tester
902,12afb715-654b-4c4c-a7fb-734baf16afbd,community_03,Binta,Haruna,male,1977-02-11,94330056854,08055994519,https://www.commcarehq.org/photos/farmer_902.jpg,2,crop_farming,14,family_land,2,rain-fed,---,rice maize groundnuts,2.6,4.9,3.6,goats rabbits,25,8,10.3972046 7.5496327 0.0 20.0,yes,bab75d56-fe75-40f8-afa4-f084f9294acc,2026-06-18 00:08:00,2026-06-18,tester,2026-06-18 00:08:09,https://www.commcarehq.org/form/12afb715-654b-4c4c-a7fb-734baf16afbd,tester
903,fd348b5b-84ee-4c16-a0bb-d00c471c7d48,community_03,Mary,Yakubu,male,1972-07-02,62435832159,8089414877,https://www.commcarehq.org/photos/farmer_903.jpg,5,livestock_farming,22,family_land,6,rain-fed,---,groundnuts rice maize,1.4,6.1,3.0,---,---,---,10.4412404 7.2151444 0.0 20.0,yes,9c491414-3ee4-4e16-b947-0d8899a3bca3,2026-03-16 00:07:00,2026-03-16,tester,2026-03-16 00:07:15,https://www.commcarehq.org/form/fd348b5b-84ee-4c16-a0bb-d00c471c7d48,tester
904,188a8178-bc9c-4837-a69e-5615a758109b,community_04,Rebecca,abdullahi,female,1983-11-28,,08084716329,https://www.commcarehq.org/photos/farmer_904.jpg,4,crop_farming,24,family_land,3,dam_reservoir,---,maize groundnuts rice,2.6,2.6,0.6,goats,2,---,10.5026361 7.2270849 0.0 20.0,yes,e03c9e95-10de-472a-8554-40a47e7ef04c,2026-06-10 00:07:00,2026-06-10,tester,2026-06-10 00:07:13,https://www.commcarehq.org/form/188a8178-bc9c-4837-a69e-5615a758109b,tester
905,8a72530f-47bf-4371-8d0e-1a4d4883db7f,community_07,Yusuf,Yakubu,male,1970-01-21,20723323674,08033293051,https://www.commcarehq.org/photos/farmer_905.jpg,11,crop_farming,14,family_land,2,river_stream,---,groundnuts,3.0,---,---,---,---,---,10.5556353 7.3100628 0.0 20.0,yes,927f7226-2538-4c1c-b8f6-91a4e3ce3831,2026-03-21 00:06:00,2026-03-21,tester,2026-03-21 00:06:15,https://www.commcarehq.org/form/8a72530f-47bf-4371-8d0e-1a4d4883db7f,tester
906,3dea92fc-b279-4eff-976a-d3e7bea7d0c1,community_01,Emmanuel,Isa,female,1990-09-03,78834583387,08015064156,https://www.commcarehq.org/photos/farmer_906.jpg,3,crop_farming,9,owned,1,rain-fed,---,rice maize,---,5.1,1.0,goats,12,---,10.5627732 7.557468 0.0 20.0,yes,17aa291b-32ac-4ae8-ac17-4cb3875c3cb6,2026-04-29 00:04:00,2026-04-29,tester,2026-04-29 00:04:08,https://www.commcarehq.org/form/3dea92fc-b279-4eff-976a-d3e7bea7d0c1,tester
907,7ab7bd03-b080-451d-a612-fbdc691c7c79,community_03,Samuel,Abdullahi,female,1993-07-02,,08055788203,https://www.commcarehq.org/photos/farmer_907.jpg,4,crop_farming,4,leased,1,rain-fed,---,maize rice,---,3.6,3.2,goats,23,---,10.5797972 7.2019544 0.0 20.0,yes,99285b81-8efb-4e72-85b5-ccae185f414d,2026-01-25 00:04:00,2026-01-25,tester,2026-01-25 00:04:15,https://www.commcarehq.org/form/7ab7bd03-b080-451d-a612-fbdc691c7c79,tester
908,1275bdd7-32c5-4b3c-b1b7-c8aedc82d240,community_01,Hauwa,Haruna,female,2004-12-18,28869277849,08045919260,https://www.commcarehq.org/photos/farmer_908.jpg,4,mixed_farming,1,family_land,3,rain-fed,---,maize,---,5.8,---,goats,8,---,10.4419097 7.280476 0.0 20.0,yes,38829ed4-03e6-48f0-98af-7cab93726fa7,2026-03-15 00:02:00,2026-03-15,tester,2026-03-15 00:02:18,https://www.commcarehq.org/form/1275bdd7-32c5-4b3c-b1b7-c8aedc82d240,tester
909,7a2e2ba5-d221-43ef-856e-ff7c1158bdea,community_06,Elizabeth,Ogunleye,female,1992-06-22,89111000658,08058989546,https://www.commcarehq.org/photos/farmer_909.jpg,2,crop_farming,14,owned,1,rain-fed,---,rice maize groundnuts,1.0,3.3,0.8,goats,20,---,10.5374041 7.372464 0.0 20.0,yes,2555d01b-1d11-4189-ae5e-46644d9351c6,2026-06-23 00:07:00,2026-06-23,tester,2026-06-23 00:07:09,https://www.commcarehq.org/form/7a2e2ba5-d221-43ef-856e-ff7c1158bdea,tester
910,524573aa-afa7-407a-89fa-1a077dea4e73,community_07,James,Garba,female,1996-02-21,15552213425,08045305435,https://www.commcarehq.org/photos/farmer_910.jpg,6,crop_farming,1,family_land,1,dam_reservoir,---,maize,---,6.2,---,---,---,---,10.2471239 7.3456823 0.0 20.0,yes,90cf3db9-0ff9-4039-bee3-51c9b49c2fff,2026-02-17 00:02:00,2026-02-17,tester,2026-02-17 00:02:09,https://www.commcarehq.org/form/524573aa-afa7-407a-89fa-1a077dea4e73,tester
911,d162c141-0dfe-470d-beb3-e3cad9d85c08,community_06,amina,yusuf,male,1987-09-20,25405952283,08031333057,https://www.commcarehq.org/photos/farmer_911.jpg,3,crop_farming,18,owned,3,borehole,---,groundnuts,1.0,---,---,rabbits,---,17,10.5287257 7.3622649 0.0 20.0,yes,240c665e-7fc4-40ab-b9f0-384fcf1e84fd,2026-02-02 00:06:00,2026-02-02,tester,2026-02-02 00:06:15,https://www.commcarehq.org/form/d162c141-0dfe-470d-beb3-e3cad9d85c08,tester
912,78455b4f-35a3-4da8-bdf9-d0111346c335,community_03,Elizabeth,Sani,male,1951-12-07,,08004004902,https://www.commcarehq.org/photos/farmer_912.jpg,4,livestock_farming,51,owned,6,rain-fed,---,maize groundnuts,1.5,3.1,---,---,---,---,10.5390399 7.3526306 0.0 20.0,yes,08c5ac69-955f-4005-99e2-e9aab6fe903b,2026-06-29 00:05:00,2026-06-29,tester,2026-06-29 00:05:18,https://www.commcarehq.org/form/78455b4f-35a3-4da8-bdf9-d0111346c335,tester
913,64e8955a-5bec-47c9-ac67-2941326356e8,community_02,FATIMA,philip,male,1979-02-09,,08072354525,https://www.commcarehq.org/photos/farmer_913.jpg,6,crop_farming,12,leased,4,borehole,---,rice maize groundnuts,1.5,4.8,2.9,goats rabbits,22,15,10.4855028 7.4304967 0.0 20.0,yes,c9a06333-fc3a-4471-89b0-ebc48b9956ef,2026-05-15 00:08:00,2026-05-15,tester,2026-05-15 00:08:10,https://www.commcarehq.org/form/64e8955a-5bec-47c9-ac67-2941326356e8,tester
914,7045a11c-6185-4e05-be9a-740e8859b3f7,community_01,Blessing,Abdullahi,male,1985-03-25,,08016225934,https://www.commcarehq.org/photos/farmer_914.jpg,2,livestock_farming,21,family_land,5,rain-fed,---,groundnuts rice maize,1.5,5.4,1.6,goats,14,---,10.5147642 7.4669448 0.0 20.0,yes,a37338d7-50d1-450e-968d-86564bb89470,2026-04-13 00:04:00,2026-04-13,tester,2026-04-13 00:04:20,https://www.commcarehq.org/form/7045a11c-6185-4e05-be9a-740e8859b3f7,tester
915,b1ef412b-4cc4-4002-a8db-d073f614ccde,community_05,Joseph,David,female,1980-06-19,10539973046,08057365389,https://www.commcarehq.org/photos/farmer_915.jpg,12,mixed_farming,19,owned,2,rain-fed,---,rice maize,---,1.4,0.5,goats,24,---,10.4769367 7.3656616 0.0 20.0,yes,91c9c6f3-8a56-49ec-bc5d-c9e20f3cfefe,2026-06-02 00:08:00,2026-06-02,tester,2026-06-02 00:08:19,https://www.commcarehq.org/form/b1ef412b-4cc4-4002-a8db-d073f614ccde,tester
916,2dc41ce0-e73f-4470-a054-5a6fe8f68130,community_06,Peter,Ojo,male,1972-06-27,77862228544,08014920182,https://www.commcarehq.org/photos/farmer_916.jpg,3,crop_farming,16,owned,1,rain-fed,---,rice,---,---,1.4,goats,13,---,10.4127108 7.3372553 0.0 20.0,yes,bbf4513a-4443-43ed-a029-6e600627a5d7,2026-04-06 00:03:00,2026-04-06,tester,2026-04-06 00:03:14,https://www.commcarehq.org/form/2dc41ce0-e73f-4470-a054-5a6fe8f68130,tester
917,08f831dd-b0a6-4587-81fd-ff33c0767e69,community_03,Blessing,David,male,2004-12-08,48381557110,08037539981,https://www.commcarehq.org/photos/farmer_917.jpg,7,mixed_farming,3,owned,2,irrigation_scheme,---,groundnuts rice,2.5,---,2.4,---,---,---,10.5540903 7.4148793 0.0 20.0,yes,480fc53a-a4a1-4318-ae71-6441be28a90d,2026-01-18 00:05:00,2026-01-18,tester,2026-01-18 00:05:09,https://www.commcarehq.org/form/08f831dd-b0a6-4587-81fd-ff33c0767e69,tester
918,4df90c50-a6aa-4583-a69e-75a4fae5429f,community_02,Ahmed,David,female,1976-09-02,,08097942466,https://www.commcarehq.org/photos/farmer_918.jpg,6,crop_farming,19,owned,3,river_stream,---,rice maize,---,1.6,2.2,---,---,---,10.5946413 7.2361823 0.0 20.0,yes,cc48e780-9f34-4659-9dab-af0de2d96ec0,2026-02-03 00:07:00,2026-02-03,tester,2026-02-03 00:07:20,https://www.commcarehq.org/form/4df90c50-a6aa-4583-a69e-75a4fae5429f,tester
919,f88a0cf5-a6a8-42c6-baca-098baf8f4d3a,community_06,Hauwa,Lawal,male,1967-02-06,,08078819411,https://www.commcarehq.org/photos/farmer_919.jpg,5,mixed_farming,23,family_land,5,river_stream,---,maize rice groundnuts,0.9,1.1,1.7,goats,22,---,10.4406502 7.5941644 0.0 20.0,yes,b89657a7-8ea4-4251-adcc-f3addaa44d62,2026-05-14 00:03:00,2026-05-14,tester,2026-05-14 00:03:14,https://www.commcarehq.org/form/f88a0cf5-a6a8-42c6-baca-098baf8f4d3a,tester
920,146acc9a-5ef5-436c-ab0a-2698fe20687a,community_02,Sarah,David,male,1988-05-25,,08000438780,https://www.commcarehq.org/photos/farmer_920.jpg,11,mixed_farming,7,family_land,5,rain-fed,---,rice groundnuts maize,2.9,3.6,3.5,---,---,---,10.4432406 7.3862522 0.0 20.0,yes,c278f7cd-7608-480e-a0c7-a79c104f99bf,2026-03-11 00:02:00,2026-03-11,tester,2026-03-11 00:02:14,https://www.commcarehq.org/form/146acc9a-5ef5-436c-ab0a-2698fe20687a,tester
921,ed8694e4-a583-4f87-a45f-5aadea17c051,community_07,John,Bello,male,1978-11-08,33868259457,08023691846,https://www.commcarehq.org/photos/farmer_921.jpg,6,crop_farming,3,owned,2,dam_reservoir,---,maize rice,---,3.8,0.9,rabbits,---,26,10.3625146 7.2423011 0.0 20.0,yes,c2189568-0595-461a-9ba4-1c678298d193,2026-03-05 00:06:00,2026-03-05,tester,2026-03-05 00:06:11,https://www.commcarehq.org/form/ed8694e4-a583-4f87-a45f-5aadea17c051,tester
922,80c61ec8-ccc9-4855-95f4-fdf628c73b07,community_06,Blessing,Balogun,female,1983-11-18,,08089390882,https://www.commcarehq.org/photos/farmer_922.jpg,4,crop_farming,24,owned,3,rain-fed,---,maize,---,5.4,---,---,---,---,10.5538262 7.4259887 0.0 20.0,yes,a1ea2e7e-d982-4a3c-af5a-23be47865068,2026-06-04 00:08:00,2026-06-04,tester,2026-06-04 00:08:06,https://www.commcarehq.org/form/80c61ec8-ccc9-4855-95f4-fdf628c73b07,tester
923,3ecef030-5894-4952-8662-60c56484c4ce,community_02,Elizabeth,James,female,2001-01-11,60626980028,08036021709,https://www.commcarehq.org/photos/farmer_923.jpg,12,livestock_farming,6,family_land,4,borehole,---,groundnuts maize,1.1,1.8,---,goats,10,---,10.2641472 7.5112549 0.0 20.0,yes,6a7587b3-4f82-422f-930a-94a4b241e796,2026-04-18 00:06:00,2026-04-18,tester,2026-04-18 00:06:07,https://www.commcarehq.org/form/3ecef030-5894-4952-8662-60c56484c4ce,tester
924,c5e95085-e39b-4f90-af11-2546a148b083,community_02,Rebecca,Ogunleye,female,1965-08-27,29882483110,+2348018472158,https://www.commcarehq.org/photos/farmer_924.jpg,7,livestock_farming,21,family_land,4,rain-fed,---,groundnuts rice,0.5,---,2.6,---,---,---,10.2846826 7.5901878 0.0 20.0,yes,01f29d06-91a6-4c31-b345-a0b0b3afd619,2026-04-19 00:07:00,2026-04-19,tester,2026-04-19 00:07:20,https://www.commcarehq.org/form/c5e95085-e39b-4f90-af11-2546a148b083,tester
925,61f23c45-74a4-46e6-bbee-f9ebad59502a,community_07,Naomi,Johnson,male,1990-05-10,97885859041,08002862783,https://www.commcarehq.org/photos/farmer_925.jpg,8,crop_farming,3,owned,3,rain-fed,---,maize,---,2.4,---,goats,4,---,10.4058694 7.2432901 0.0 20.0,yes,c1a3dd81-3303-40b3-8658-42870bd6c54a,2026-05-08 00:05:00,2026-05-08,tester,2026-05-08 00:05:17,https://www.commcarehq.org/form/61f23c45-74a4-46e6-bbee-f9ebad59502a,tester
926,68f8ad29-c7dc-4cf1-a41f-40bae53332e8,community_03,Joy,Okafor,male,1980-12-14,44051962597,08074318756,https://www.commcarehq.org/photos/farmer_926.jpg,1,livestock_farming,11,owned,2,rain-fed,---,rice maize groundnuts,1.6,1.3,2.2,goats rabbits,10,11,10.5742855 7.322754 0.0 20.0,yes,48676e90-0846-47cd-9762-e5f05b1e91b4,2026-06-08 00:08:00,2026-06-08,tester,2026-06-08 00:08:20,https://www.commcarehq.org/form/68f8ad29-c7dc-4cf1-a41f-40bae53332e8,tester
927,fd0dad1a-1442-4a9d-ba08-4e8c8a5d192f,community_01,Fatima,Garba,female,1998-09-25,91673703602,08073739116,https://www.commcarehq.org/photos/farmer_927.jpg,2,livestock_farming,9,owned,2,borehole,---,rice maize groundnuts,2.0,6.0,2.1,---,---,---,10.4625084 7.5006097 0.0 20.0,yes,d32059d3-5155-470c-90aa-1505b8141cb0,2026-06-25 00:06:00,2026-06-25,tester,2026-06-25 00:06:05,https://www.commcarehq.org/form/fd0dad1a-1442-4a9d-ba08-4e8c8a5d192f,tester
928,92450175-533b-4389-b7d2-e41aea5568d8,community_01,Samuel,Yakubu,male,1989-12-22,42478577987,08046096241,https://www.commcarehq.org/photos/farmer_928.jpg,8,crop_farming,11,owned,1,rain-fed,---,rice,---,---,2.2,goats,14,---,10.5401108 7.2842861 0.0 20.0,yes,8880df87-1513-4c6b-a07d-a3116281e346,2026-02-06 00:04:00,2026-02-06,tester,2026-02-06 00:04:19,https://www.commcarehq.org/form/92450175-533b-4389-b7d2-e41aea5568d8,tester
929,5c6ae3da-f99c-4860-8e6b-dc819b0f1ec3,community_05,Rebecca,Ibrahim,male,1952-10-16,,08061972176,https://www.commcarehq.org/photos/farmer_929.jpg,5,livestock_farming,27,owned,1,dam_reservoir,---,rice maize,---,1.0,0.7,goats,18,---,10.4008614 7.419559 0.0 20.0,yes,e7b4eef4-7894-486c-96ca-8acbe5c833be,2026-05-14 00:07:00,2026-05-14,tester,2026-05-14 00:07:20,https://www.commcarehq.org/form/5c6ae3da-f99c-4860-8e6b-dc819b0f1ec3,tester
930,68ed5a57-9888-42a8-8c3f-79e95c2f990e,community_07,Hauwa,Isa,male,1992-06-30,,08067693547,https://www.commcarehq.org/photos/farmer_930.jpg,6,crop_farming,2,leased,3,borehole,---,rice,---,---,1.4,goats,14,---,10.2762456 7.3875664 0.0 20.0,yes,1d83a03a-9ff3-4358-a6d1-1b22dc7e9805,2026-02-04 00:07:00,2026-02-04,tester,2026-02-04 00:07:11,https://www.commcarehq.org/form/68ed5a57-9888-42a8-8c3f-79e95c2f990e,tester
931,3e65f474-0e26-4355-abfa-34fdf4ccdecf,community_04,Ruth,Eze,female,1986-10-02,,08006190307,https://www.commcarehq.org/photos/farmer_931.jpg,1,crop_farming,5,owned,1,river_stream,---,rice groundnuts maize,1.2,0.5,2.4,goats rabbits,17,17,10.2488773 7.4379217 0.0 20.0,yes,97e0201e-99dc-4e25-a9a2-2a4958c49a24,2026-02-17 00:02:00,2026-02-17,tester,2026-02-17 00:02:08,https://www.commcarehq.org/form/3e65f474-0e26-4355-abfa-34fdf4ccdecf,tester
932,dc47bc22-8590-4534-a217-43a420ac5af4,community_02,Daniel,Eze,male,1973-05-25,,08046356001,https://www.commcarehq.org/photos/farmer_932.jpg,7,crop_farming,30,owned,2,irrigation_scheme,---,maize,---,5.6,---,---,---,---,10.2874874 7.5455474 0.0 20.0,yes,6e2c2f48-07cb-4d34-b087-e982a595be47,2026-05-04 00:02:00,2026-05-04,tester,2026-05-04 00:02:16,https://www.commcarehq.org/form/dc47bc22-8590-4534-a217-43a420ac5af4,tester
933,55f8c4f8-097d-462b-a8df-eeaf07dfabfe,community_07,Ibrahim,Ahmed,female,1987-05-13,72502294975,08004510202,https://www.commcarehq.org/photos/farmer_933.jpg,10,crop_farming,19,family_land,1,rain-fed,---,rice groundnuts,0.6,---,3.5,---,---,---,10.3061195 7.2304319 0.0 20.0,yes,3cde2613-6dff-4aed-bc03-5da00319f662,2026-06-24 00:07:00,2026-06-24,tester,2026-06-24 00:07:16,https://www.commcarehq.org/form/55f8c4f8-097d-462b-a8df-eeaf07dfabfe,tester
934,4e55328a-7828-458a-b19b-343b6fad3abd,community_02,Samuel,David,male,2008-04-13,23364663320,08045719713,https://www.commcarehq.org/photos/farmer_934.jpg,1,mixed_farming,1,family_land,2,borehole,---,rice groundnuts,2.9,---,0.5,goats rabbits,12,27,10.5498691 7.501605 0.0 20.0,yes,7c7b2681-f229-4e0a-a104-f46819f33c9a,2026-03-01 00:08:00,2026-03-01,tester,2026-03-01 00:08:05,https://www.commcarehq.org/form/4e55328a-7828-458a-b19b-343b6fad3abd,tester
935,3dc6ea4d-8747-4ba7-b092-a58eb6a295d0,community_01,Grace,Eze,female,1998-01-16,13681345514,08026316206,https://www.commcarehq.org/photos/farmer_935.jpg,3,crop_farming,5,owned,1,rain-fed,---,maize groundnuts,1.1,3.5,---,goats,16,---,10.2198044 7.2027749 0.0 20.0,yes,5a13352f-f8d2-4064-a6c2-5ddd5a2ebbb9,2026-02-28 00:02:00,2026-02-28,tester,2026-02-28 00:02:19,https://www.commcarehq.org/form/3dc6ea4d-8747-4ba7-b092-a58eb6a295d0,tester
936,db9af566-4d46-4ac3-ae3d-d2b77dc3f121,community_03,Ahmed,Ahmed,female,1988-03-14,18623343023,08041169275,https://www.commcarehq.org/photos/farmer_936.jpg,1,crop_farming,3,family_land,1,rain-fed,---,groundnuts maize,1.8,0.9,---,rabbits,---,3,10.2715081 7.216583 0.0 20.0,yes,184dd698-52dd-4dd2-b2da-0a41e91bff8c,2026-01-17 00:07:00,2026-01-17,tester,2026-01-17 00:07:20,https://www.commcarehq.org/form/db9af566-4d46-4ac3-ae3d-d2b77dc3f121,tester
937,40346b67-6c06-4eec-a457-0be27e824c12,community_05,Joy,Mohammed,female,1985-05-27,64409905725,08023844541,https://www.commcarehq.org/photos/farmer_937.jpg,2,crop_farming,22,family_land,2,rain-fed,---,groundnuts,1.9,---,---,rabbits,---,5,10.5655656 7.2399194 0.0 20.0,yes,8c1accf4-c944-49f7-a6d9-1fc7665c0c19,2026-03-12 00:08:00,2026-03-12,tester,2026-03-12 00:08:15,https://www.commcarehq.org/form/40346b67-6c06-4eec-a457-0be27e824c12,tester
938,ccda5622-7fd3-4cce-8d6d-c496f0fcac41,community_05,Ruth,Abdullahi,female,1980-06-06,28632976876,8023045743,https://www.commcarehq.org/photos/farmer_938.jpg,3,livestock_farming,25,family_land,1,borehole,---,groundnuts maize rice,2.9,2.3,2.3,goats,16,---,10.3290381 7.2758386 0.0 20.0,yes,8baf094f-fdb0-4c24-87d8-0c543580903e,2026-06-08 00:04:00,2026-06-08,tester,2026-06-08 00:04:10,https://www.commcarehq.org/form/ccda5622-7fd3-4cce-8d6d-c496f0fcac41,tester
939,ea8650a3-a348-4316-b33c-69423fc3bf2c,community_04,Esther,Okafor,male,1970-07-18,92340524177,08069277861,https://www.commcarehq.org/photos/farmer_939.jpg,1,crop_farming,28,owned,3,rain-fed,---,maize rice,---,2.1,2.9,goats,19,---,10.4891346 7.3571595 0.0 20.0,yes,f8eb3e8f-27e4-43ce-9372-8a582c60e322,2026-02-03 00:07:00,2026-02-03,tester,2026-02-03 00:07:12,https://www.commcarehq.org/form/ea8650a3-a348-4316-b33c-69423fc3bf2c,tester
940,52215d21-0fe0-4b11-a307-aac22c8c7e95,community_04,Mercy,Balogun,male,1980-04-18,,08012988889,https://www.commcarehq.org/photos/farmer_940.jpg,8,crop_farming,7,owned,6,river_stream,---,maize,---,2.9,---,goats,24,---,10.2708211 7.5494667 0.0 20.0,yes,c4a68262-9873-4956-84f3-0acb18ac409c,2026-02-13 00:08:00,2026-02-13,tester,2026-02-13 00:08:18,https://www.commcarehq.org/form/52215d21-0fe0-4b11-a307-aac22c8c7e95,tester
941,4084f1c1-dd2a-459e-9c37-be32ae2928f8,community_02,John,Daniel,male,2004-02-21,37086137117,08022104252,https://www.commcarehq.org/photos/farmer_941.jpg,7,crop_farming,1,family_land,3,rain-fed,---,maize rice groundnuts,1.8,5.9,0.8,rabbits,---,28,10.3092443 7.3964477 0.0 20.0,yes,7eb57854-0be6-4d4c-ae1a-454b0ed3fef3,2026-03-06 00:07:00,2026-03-06,tester,2026-03-06 00:07:17,https://www.commcarehq.org/form/4084f1c1-dd2a-459e-9c37-be32ae2928f8,tester
942,646ce551-feb6-4fe0-bc59-1f257f78f619,community_02,Blessing,Eze,female,1961-03-10,53827123811,+2348029683683,https://www.commcarehq.org/photos/farmer_942.jpg,2,crop_farming,42,owned,3,rain-fed,---,groundnuts rice maize,1.3,3.3,3.6,goats,12,---,10.5990569 7.2102844 0.0 20.0,yes,862df85a-d6eb-4f71-92d1-0d4ccec4ebad,2026-02-05 00:04:00,2026-02-05,tester,2026-02-05 00:04:17,https://www.commcarehq.org/form/646ce551-feb6-4fe0-bc59-1f257f78f619,tester
943,6f338bbb-e28a-401d-a68e-38b5efe26b03,community_07,Naomi,Garba,female,1980-04-17,17493760783,08096960473,https://www.commcarehq.org/photos/farmer_943.jpg,2,crop_farming,10,family_land,1,borehole,---,maize groundnuts rice,1.3,3.0,3.5,goats,4,---,10.2035955 7.2429924 0.0 20.0,yes,801bd3d4-ee95-41d8-8ab5-107a3b0fd2ef,2026-01-01 00:03:00,2026-01-01,tester,2026-01-01 00:03:11,https://www.commcarehq.org/form/6f338bbb-e28a-401d-a68e-38b5efe26b03,tester
944,2bc76af7-0a67-4301-b497-3772cc52ee60,community_01,Grace,Yusuf,female,1973-11-10,85681550095,08049896115,https://www.commcarehq.org/photos/farmer_944.jpg,3,mixed_farming,10,owned,2,borehole,---,rice maize groundnuts,0.9,6.1,2.8,goats,10,---,10.254566 7.3569026 0.0 20.0,yes,d505dc42-5919-429e-9c97-7665188d43fa,2026-02-27 00:08:00,2026-02-27,tester,2026-02-27 00:08:20,https://www.commcarehq.org/form/2bc76af7-0a67-4301-b497-3772cc52ee60,tester
945,160b05a3-62e2-4830-9061-097ed1e055b3,community_01,Yusuf,Tanko,male,1990-09-17,95328718085,8029662747,https://www.commcarehq.org/photos/farmer_945.jpg,7,crop_farming,16,owned,2,rain-fed,---,groundnuts maize rice,1.6,3.3,3.0,goats,13,---,10.4420977 7.4919053 0.0 20.0,yes,e801faf1-20f6-4560-be3a-c16a52acc4d2,2026-03-23 00:02:00,2026-03-23,tester,2026-03-23 00:02:13,https://www.commcarehq.org/form/160b05a3-62e2-4830-9061-097ed1e055b3,tester
946,051dfb4f-9f2b-49d1-8366-5b063eb3ee68,community_06,Peter,Okafor,male,1990-06-27,,+2348057669406,https://www.commcarehq.org/photos/farmer_946.jpg,4,livestock_farming,13,owned,2,rain-fed,---,groundnuts,0.6,---,---,rabbits,---,12,10.4653143 7.3518758 0.0 20.0,yes,f336fbc3-f4be-43f6-80a9-314379b08950,2026-03-15 00:02:00,2026-03-15,tester,2026-03-15 00:02:05,https://www.commcarehq.org/form/051dfb4f-9f2b-49d1-8366-5b063eb3ee68,tester
947,a4f51b61-6788-4756-8214-598543c13a04,community_06,Sarah,Tanko,male,1985-10-28,94980987468,08063338644,https://www.commcarehq.org/photos/farmer_947.jpg,8,mixed_farming,14,leased,2,rain-fed,---,maize,---,5.8,---,goats,25,---,10.3410479 7.5681939 0.0 20.0,yes,f0c11de9-a388-4244-9acc-856efe9206ee,2026-01-20 00:03:00,2026-01-20,tester,2026-01-20 00:03:10,https://www.commcarehq.org/form/a4f51b61-6788-4756-8214-598543c13a04,tester
948,52588c5e-59a8-40d7-9de7-89aa14983186,community_07,Joy,Balogun,male,1988-09-10,,08006878856,https://www.commcarehq.org/photos/farmer_948.jpg,4,mixed_farming,14,owned,1,rain-fed,---,maize groundnuts,0.9,5.4,---,---,---,---,10.215219 7.2003686 0.0 20.0,yes,410f3d17-6370-4485-80eb-29b59096ec00,2026-01-23 00:04:00,2026-01-23,tester,2026-01-23 00:04:07,https://www.commcarehq.org/form/52588c5e-59a8-40d7-9de7-89aa14983186,tester
949,6d389066-d930-475e-875d-f70b59fd7240,community_07,Musa,Peter,male,1969-02-02,85998282694,08037298321,https://www.commcarehq.org/photos/farmer_949.jpg,5,mixed_farming,11,owned,1,rain-fed,---,groundnuts rice,1.2,---,1.9,goats,21,---,10.3984105 7.3795294 0.0 20.0,yes,edfeb175-5dbe-4798-9109-494924f9a6dc,2026-06-16 00:05:00,2026-06-16,tester,2026-06-16 00:05:16,https://www.commcarehq.org/form/6d389066-d930-475e-875d-f70b59fd7240,tester
950,34205b5a-2881-43b2-b0d6-6cd1d2167260,community_07,Naomi,Haruna,male,1988-06-19,21222625339,08048802976,https://www.commcarehq.org/photos/farmer_950.jpg,3,crop_farming,17,family_land,1,river_stream,---,groundnuts rice,2.2,---,2.7,rabbits,---,32,10.5642376 7.4161149 0.0 20.0,yes,93d27d08-3ed8-4041-8cd9-e4b55d518c84,2026-06-25 00:02:00,2026-06-25,tester,2026-06-25 00:02:06,https://www.commcarehq.org/form/34205b5a-2881-43b2-b0d6-6cd1d2167260,tester
951,17bfe615-203d-4db5-b8b0-d8e12cdb89fe,community_04,Elizabeth,Usman,male,1952-11-06,,08074839332,https://www.commcarehq.org/photos/farmer_951.jpg,7,livestock_farming,33,owned,2,borehole,---,maize,---,5.1,---,rabbits,---,5,10.255884 7.4497048 0.0 20.0,yes,039ac431-1e7a-4102-b522-c8bbd030e81c,2026-04-06 00:03:00,2026-04-06,tester,2026-04-06 00:03:12,https://www.commcarehq.org/form/17bfe615-203d-4db5-b8b0-d8e12cdb89fe,tester
952,89a2bb8f-7642-463f-8da2-3b6792454d8a,community_06,Mercy,Eze,female,1997-03-03,36123043331,08037095374,https://www.commcarehq.org/photos/farmer_952.jpg,10,mixed_farming,7,owned,2,rain-fed,---,groundnuts maize rice,2.5,3.4,1.1,---,---,---,10.3680262 7.3142597 0.0 20.0,yes,078a9839-490a-4410-8bf7-ef02c704cae0,2026-03-07 00:07:00,2026-03-07,tester,2026-03-07 00:07:09,https://www.commcarehq.org/form/89a2bb8f-7642-463f-8da2-3b6792454d8a,tester
953,59c03880-cb76-4a29-abc1-d0e485067b23,community_03,Naomi,haruna,female,1996-04-10,66065129117,08058936177,https://www.commcarehq.org/photos/farmer_953.jpg,5,crop_farming,2,owned,5,rain-fed,---,rice groundnuts maize,2.6,2.6,0.8,---,---,---,10.432951 7.499656 0.0 20.0,yes,22b169ba-3818-4987-84c9-d6d229d759d4,2026-03-12 00:04:00,2026-03-12,tester,2026-03-12 00:04:17,https://www.commcarehq.org/form/59c03880-cb76-4a29-abc1-d0e485067b23,tester
954,a4ffec82-5ed8-4190-ae47-329cc42181db,community_05,Musa,Ahmed,male,1974-03-15,,08002918987,https://www.commcarehq.org/photos/farmer_954.jpg,6,crop_farming,1,family_land,3,borehole,---,rice maize groundnuts,0.8,4.6,1.8,---,---,---,10.4464262 7.5013697 0.0 20.0,yes,4f45b38f-fe31-4cc0-a498-8814317499a1,2026-02-06 00:08:00,2026-02-06,tester,2026-02-06 00:08:15,https://www.commcarehq.org/form/a4ffec82-5ed8-4190-ae47-329cc42181db,tester
955,4cab49cd-100d-4c53-ac0f-5c7e13547a2a,community_07,Suleiman,Peter,female,1985-07-23,70459042622,08047842802,https://www.commcarehq.org/photos/farmer_955.jpg,12,mixed_farming,5,family_land,5,rain-fed,---,groundnuts maize,1.4,4.4,---,---,---,---,10.4666559 7.2804875 0.0 20.0,yes,bc5e39ed-cab1-44c0-be90-9e10d1c1d603,2026-05-24 00:08:00,2026-05-24,tester,2026-05-24 00:08:17,https://www.commcarehq.org/form/4cab49cd-100d-4c53-ac0f-5c7e13547a2a,tester
956,c05d335b-36c1-4bd4-864a-4117bd85e2fd,community_04,Naomi,Yakubu,male,2002-07-24,80399932171,+2348090346344,https://www.commcarehq.org/photos/farmer_956.jpg,6,livestock_farming,1,owned,2,rain-fed,---,maize groundnuts,1.4,5.8,---,goats,24,---,10.5454475 7.2287005 0.0 20.0,yes,ed7b527b-e174-41fb-a74f-c08f8158c074,2026-03-27 00:05:00,2026-03-27,tester,2026-03-27 00:05:11,https://www.commcarehq.org/form/c05d335b-36c1-4bd4-864a-4117bd85e2fd,tester
957,217c28a7-f2f9-4a24-9b43-c3a494213bb8,community_02,James,Philip,male,2005-12-27,20325491636,08050179473,https://www.commcarehq.org/photos/farmer_957.jpg,8,mixed_farming,3,owned,3,other,Spring Water,groundnuts,1.9,---,---,rabbits,---,12,10.3978642 7.2203801 0.0 20.0,yes,d420a1c1-e83f-4367-96f0-23178fb78864,2026-04-10 00:06:00,2026-04-10,tester,2026-04-10 00:06:10,https://www.commcarehq.org/form/217c28a7-f2f9-4a24-9b43-c3a494213bb8,tester
958,3e99a7f2-0e67-4a5c-b8b6-c2531f6eb8b8,community_02,Daniel,Haruna,female,2004-04-29,26927717830,08012570421,https://www.commcarehq.org/photos/farmer_958.jpg,2,livestock_farming,1,family_land,2,rain-fed,---,groundnuts maize,2.5,1.5,---,goats,8,---,10.38818 7.4564693 0.0 20.0,yes,37855e44-b0c9-4533-a858-64d99c214935,2026-04-27 00:04:00,2026-04-27,tester,2026-04-27 00:04:17,https://www.commcarehq.org/form/3e99a7f2-0e67-4a5c-b8b6-c2531f6eb8b8,tester
959,4de51267-2e24-42ff-9425-84814ec2dbc3,community_04,Musa,Isa,female,1985-07-11,,08088727407,https://www.commcarehq.org/photos/farmer_959.jpg,5,crop_farming,23,leased,1,rain-fed,---,rice groundnuts maize,2.6,1.0,2.4,rabbits,---,17,10.5339218 7.4160171 0.0 20.0,yes,f7a6afa9-5037-4d32-8aad-fcad2202b15c,2026-04-20 00:08:00,2026-04-20,tester,2026-04-20 00:08:15,https://www.commcarehq.org/form/4de51267-2e24-42ff-9425-84814ec2dbc3,tester
960,2c4e9991-4be9-4914-bcd8-160af227a415,community_04,David,Peter,female,1982-08-14,,08087095046,https://www.commcarehq.org/photos/farmer_960.jpg,4,crop_farming,13,family_land,3,rain-fed,---,rice,---,---,1.4,goats,12,---,10.3119524 7.2040684 0.0 20.0,yes,e6e09b7a-11e6-4f21-bf42-c156713a785b,2026-06-25 00:05:00,2026-06-25,tester,2026-06-25 00:05:06,https://www.commcarehq.org/form/2c4e9991-4be9-4914-bcd8-160af227a415,tester
961,e50000e6-a065-4ad6-b098-8fe881f8bc48,community_05,Ahmed,Adeyemi,female,1966-03-23,58183982454,08061761238,https://www.commcarehq.org/photos/farmer_961.jpg,6,crop_farming,7,owned,6,rain-fed,---,maize rice,---,3.8,2.1,goats,24,---,10.3592068 7.2607051 0.0 20.0,yes,66893630-6b8b-407b-918c-11796fe08cce,2026-06-09 00:04:00,2026-06-09,tester,2026-06-09 00:04:07,https://www.commcarehq.org/form/e50000e6-a065-4ad6-b098-8fe881f8bc48,tester
962,39d5669a-2362-483c-9a01-2bc0645c113c,community_04,rebecca,abdullahi,female,1958-11-01,21652426778,08032442030,https://www.commcarehq.org/photos/farmer_962.jpg,5,crop_farming,11,leased,3,borehole,---,rice,---,---,2.8,---,---,---,10.4254214 7.525842 0.0 20.0,yes,e237cd98-10a4-44d3-b621-3306de26d28b,2026-02-03 00:06:00,2026-02-03,tester,2026-02-03 00:06:14,https://www.commcarehq.org/form/39d5669a-2362-483c-9a01-2bc0645c113c,tester
963,3a32f88f-5fda-4025-8969-197a5f9efdc7,community_04,James,Okafor,female,1992-01-28,70072643188,08080895460,https://www.commcarehq.org/photos/farmer_963.jpg,8,mixed_farming,3,family_land,3,rain-fed,---,rice groundnuts,0.9,---,1.2,---,---,---,10.5137215 7.3458374 0.0 20.0,yes,ae94bbc6-d320-460a-b472-5a09670e2b04,2026-06-01 00:08:00,2026-06-01,tester,2026-06-01 00:08:11,https://www.commcarehq.org/form/3a32f88f-5fda-4025-8969-197a5f9efdc7,tester
964,608e6cf0-fc44-42e6-a6c9-536296e9f8fb,community_03,Amina,Philip,male,1975-04-27,65966391497,08035320559,https://www.commcarehq.org/photos/farmer_964.jpg,10,livestock_farming,14,owned,4,rain-fed,---,rice maize groundnuts,2.6,3.1,1.3,goats rabbits,2,30,10.2894181 7.5097379 0.0 20.0,yes,fc135642-fb8d-497f-b7dc-9be086dce916,2026-04-07 00:04:00,2026-04-07,tester,2026-04-07 00:04:18,https://www.commcarehq.org/form/608e6cf0-fc44-42e6-a6c9-536296e9f8fb,tester
965,702f4907-bf71-42a7-b058-b74b72440f30,community_03,Samuel,Ojo,male,1986-01-15,56630955272,08042814433,https://www.commcarehq.org/photos/farmer_965.jpg,6,crop_farming,20,owned,3,rain-fed,---,rice maize,---,5.0,1.3,---,---,---,10.4069937 7.4010455 0.0 20.0,yes,dce623a7-5c16-47f9-8996-dce14dbef814,2026-01-15 00:08:00,2026-01-15,tester,2026-01-15 00:08:10,https://www.commcarehq.org/form/702f4907-bf71-42a7-b058-b74b72440f30,tester
966,8ac4be17-08a4-4b43-b60a-72338372e701,community_02,Mary,Peter,female,1969-12-13,87449707826,08030002137,https://www.commcarehq.org/photos/farmer_966.jpg,9,livestock_farming,3,owned,3,rain-fed,---,maize groundnuts,2.1,4.9,---,goats,14,---,10.2927908 7.429495 0.0 20.0,yes,a222d450-3a3e-4e0a-bb83-42d483de2423,2026-05-22 00:06:00,2026-05-22,tester,2026-05-22 00:06:13,https://www.commcarehq.org/form/8ac4be17-08a4-4b43-b60a-72338372e701,tester
967,f47c695a-aff0-4faf-ab63-a2b5084262b5,community_01,Mary,Okafor,male,1953-11-07,28120617866,08019316667,https://www.commcarehq.org/photos/farmer_967.jpg,5,livestock_farming,38,family_land,1,rain-fed,---,groundnuts maize rice,2.2,2.2,3.4,goats,16,---,10.4953323 7.4358509 0.0 20.0,yes,21ca1e10-8dc8-4598-a9fe-fd642232af29,2026-02-28 00:08:00,2026-02-28,tester,2026-02-28 00:08:09,https://www.commcarehq.org/form/f47c695a-aff0-4faf-ab63-a2b5084262b5,tester
968,99157d00-0a15-495d-9f8b-ed225af099f4,community_02,Mercy,Ogunleye,male,1988-12-23,,08006885988,https://www.commcarehq.org/photos/farmer_968.jpg,4,crop_farming,7,owned,2,rain-fed,---,maize groundnuts,0.6,1.1,---,goats rabbits,9,38,10.4658037 7.4534556 0.0 20.0,yes,ad9988d7-098e-48bc-93d3-e715501d6dab,2026-04-25 00:07:00,2026-04-25,tester,2026-04-25 00:07:05,https://www.commcarehq.org/form/99157d00-0a15-495d-9f8b-ed225af099f4,tester
969,54aa36b7-9e14-46f9-8574-84d49d6e48b6,community_02,Emmanuel,David,male,2007-11-07,52663648915,08055128044,https://www.commcarehq.org/photos/farmer_969.jpg,5,mixed_farming,1,owned,1,borehole,---,rice groundnuts maize,2.7,0.9,1.0,---,---,---,10.3278359 7.3751413 0.0 20.0,yes,3cf45507-161f-4d10-9206-4bea57812989,2026-05-09 00:06:00,2026-05-09,tester,2026-05-09 00:06:10,https://www.commcarehq.org/form/54aa36b7-9e14-46f9-8574-84d49d6e48b6,tester
970,57193296-9707-4099-ac38-9b74faf35aff,community_02,Joy,Yusuf,male,2000-10-30,92080107327,08081749338,https://www.commcarehq.org/photos/farmer_970.jpg,3,mixed_farming,7,owned,2,rain-fed,---,maize rice groundnuts,1.6,5.1,1.7,---,---,---,10.3188684 7.5243501 0.0 20.0,yes,281b6a49-e162-4485-809b-29a377c8d72c,2026-05-17 00:03:00,2026-05-17,tester,2026-05-17 00:03:15,https://www.commcarehq.org/form/57193296-9707-4099-ac38-9b74faf35aff,tester
971,e1f059de-334e-46c9-a959-40ad43f492a0,community_01,David,Ojo,female,1985-07-14,59480710487,08097117422,https://www.commcarehq.org/photos/farmer_971.jpg,2,mixed_farming,16,leased,3,borehole,---,groundnuts rice maize,3.0,5.7,1.3,goats rabbits,24,33,10.3280153 7.5812284 0.0 20.0,yes,43d15afc-4383-480f-b82d-f6cd3aee3439,2026-06-10 00:04:00,2026-06-10,tester,2026-06-10 00:04:16,https://www.commcarehq.org/form/e1f059de-334e-46c9-a959-40ad43f492a0,tester
972,62067a53-b1e7-4b9a-8c68-b9ef354a6ea4,community_03,Yusuf,Garba,female,1967-04-30,61048851290,08017433834,https://www.commcarehq.org/photos/farmer_972.jpg,7,crop_farming,35,owned,3,rain-fed,---,rice groundnuts,1.7,---,1.8,---,---,---,10.3558735 7.2642819 0.0 20.0,yes,d8473ca3-5318-472c-986d-d4504db33a5f,2026-05-11 00:07:00,2026-05-11,tester,2026-05-11 00:07:17,https://www.commcarehq.org/form/62067a53-b1e7-4b9a-8c68-b9ef354a6ea4,tester
973,14f2c617-5095-49a9-8444-391058e6b927,community_04,Samuel,Balogun,male,1994-03-21,35875397505,08063947764,https://www.commcarehq.org/photos/farmer_973.jpg,3,livestock_farming,13,family_land,1,dam_reservoir,---,rice,---,---,3.9,---,---,---,10.2557992 7.5014671 0.0 20.0,no,1cd411f0-1084-4093-8b4e-59da8dcc8d92,2026-04-11 00:03:00,2026-04-11,tester,2026-04-11 00:03:16,https://www.commcarehq.org/form/14f2c617-5095-49a9-8444-391058e6b927,tester
974,b3a30e47-ac13-43e6-beea-6fdea3528d38,community_02,Blessing,Mohammed,female,2000-01-05,45940531100,08005155922,https://www.commcarehq.org/photos/farmer_974.jpg,1,crop_farming,4,leased,1,rain-fed,---,maize,---,4.5,---,rabbits,---,30,10.4318288 7.5020036 0.0 20.0,yes,75954c94-89b9-4ff7-a490-02dd8bd39ff2,2026-04-03 00:05:00,2026-04-03,tester,2026-04-03 00:05:08,https://www.commcarehq.org/form/b3a30e47-ac13-43e6-beea-6fdea3528d38,tester
975,fde7f63e-13df-49c8-a75a-1193a23be4db,community_03,Paul,Yakubu,female,1994-05-23,60653797125,08004845392,https://www.commcarehq.org/photos/farmer_975.jpg,6,mixed_farming,14,leased,1,rain-fed,---,rice maize,---,1.6,2.6,---,---,---,10.3867323 7.5500486 0.0 20.0,yes,fdcbc655-86b7-42e7-b227-8d0518e704e9,2026-02-23 00:02:00,2026-02-23,tester,2026-02-23 00:02:17,https://www.commcarehq.org/form/fde7f63e-13df-49c8-a75a-1193a23be4db,tester
976,be5ba5ca-221d-4c97-88f9-4b1fabdacb75,community_02,Amina,Tanko,male,1994-11-11,31011670258,08050974658,https://www.commcarehq.org/photos/farmer_976.jpg,8,mixed_farming,7,family_land,1,borehole,---,rice,---,---,0.6,rabbits,---,8,10.3552757 7.2939474 0.0 20.0,yes,41bd6e88-91c2-494b-884a-9d89263333bc,2026-02-15 00:08:00,2026-02-15,tester,2026-02-15 00:08:09,https://www.commcarehq.org/form/be5ba5ca-221d-4c97-88f9-4b1fabdacb75,tester
977,eeb54fb0-aecb-42b0-9a17-e904d388c82a,community_04,Daniel,Haruna,male,2007-10-06,93553068884,08098315086,https://www.commcarehq.org/photos/farmer_977.jpg,7,crop_farming,1,family_land,3,rain-fed,---,groundnuts maize,1.5,0.6,---,goats,10,---,10.3342002 7.4044449 0.0 20.0,yes,d53c4003-6e3d-40a2-86d8-de2e349de235,2026-01-28 00:08:00,2026-01-28,tester,2026-01-28 00:08:17,https://www.commcarehq.org/form/eeb54fb0-aecb-42b0-9a17-e904d388c82a,tester
978,0915eb2c-de8b-48d0-aef2-5c476917316a,community_07,Sarah,Michael,male,2007-12-05,85125877767,08053498103,https://www.commcarehq.org/photos/farmer_978.jpg,4,livestock_farming,1,owned,3,river_stream,---,groundnuts rice,2.1,---,0.6,rabbits,---,35,10.349945 7.2675723 0.0 20.0,yes,3ac3d4d1-7282-4ed8-855b-ac3b91d3d644,2026-01-07 00:04:00,2026-01-07,tester,2026-01-07 00:04:05,https://www.commcarehq.org/form/0915eb2c-de8b-48d0-aef2-5c476917316a,tester
979,3fd71c3b-d978-4c07-a295-4d2d68227a99,community_06,David,Ali,male,1983-03-21,,08074047370,https://www.commcarehq.org/photos/farmer_979.jpg,7,mixed_farming,10,family_land,4,river_stream,---,rice,---,---,3.9,rabbits,---,13,10.2190235 7.4346039 0.0 20.0,yes,4e384200-94cd-4c35-9a31-5b2f6a348bb7,2026-04-01 00:03:00,2026-04-01,tester,2026-04-01 00:03:08,https://www.commcarehq.org/form/3fd71c3b-d978-4c07-a295-4d2d68227a99,tester
980,77da2f35-ab90-4445-906e-8b63ddae5ceb,community_06,Deborah,David,male,2005-12-05,53663687873,08098742729,https://www.commcarehq.org/photos/farmer_980.jpg,3,crop_farming,1,family_land,3,rain-fed,---,groundnuts maize rice,2.0,5.4,3.3,goats,9,---,10.3126858 7.2189092 0.0 20.0,yes,d1715f3f-e3e0-4505-b65b-23adb3922b89,2026-06-23 00:08:00,2026-06-23,tester,2026-06-23 00:08:12,https://www.commcarehq.org/form/77da2f35-ab90-4445-906e-8b63ddae5ceb,tester
981,a40389eb-9723-494c-9427-d6f48877b4d2,community_03,Joseph,Samuel,male,1977-02-27,86155535155,08077020420,https://www.commcarehq.org/photos/farmer_981.jpg,7,crop_farming,21,owned,2,rain-fed,---,maize,---,6.1,---,---,---,---,10.2423231 7.4338205 0.0 20.0,yes,a02aece5-6e18-4287-8dbe-a3a317d93db0,2026-01-31 00:06:00,2026-01-31,tester,2026-01-31 00:06:09,https://www.commcarehq.org/form/a40389eb-9723-494c-9427-d6f48877b4d2,tester
982,a8fb1191-2df1-4f1e-9fbe-135a56f57aa9,community_07,Samuel,Ibrahim,male,2007-11-01,75528984300,08052101980,https://www.commcarehq.org/photos/farmer_982.jpg,4,mixed_farming,1,leased,3,borehole,---,groundnuts maize,1.2,2.2,---,goats,14,---,10.3769933 7.2876488 0.0 20.0,yes,04cfbdfb-7fac-42b7-bcd9-c6bc19d116d7,2026-01-15 00:08:00,2026-01-15,tester,2026-01-15 00:08:14,https://www.commcarehq.org/form/a8fb1191-2df1-4f1e-9fbe-135a56f57aa9,tester
983,9b029589-19fe-4fb7-9599-ccd27a20abc5,community_06,Paul,Ibrahim,male,2000-05-14,66663334337,08052638765,https://www.commcarehq.org/photos/farmer_983.jpg,1,mixed_farming,2,owned,1,borehole,---,maize rice,---,2.7,2.9,goats,19,---,10.4235678 7.2205279 0.0 20.0,yes,313843fb-3a0d-4acf-96ce-1e7835236f19,2026-01-26 00:05:00,2026-01-26,tester,2026-01-26 00:05:11,https://www.commcarehq.org/form/9b029589-19fe-4fb7-9599-ccd27a20abc5,tester
984,95c97739-b042-4276-b9f7-003892a0a88b,community_03,Esther,Bello,male,1997-09-28,41517771538,08048189260,https://www.commcarehq.org/photos/farmer_984.jpg,7,mixed_farming,3,family_land,6,rain-fed,---,groundnuts rice,2.0,---,2.5,---,---,---,10.4819264 7.2120781 0.0 20.0,yes,2d497b08-e1c0-4375-8dcc-3a54ab01488c,2026-06-08 00:08:00,2026-06-08,tester,2026-06-08 00:08:20,https://www.commcarehq.org/form/95c97739-b042-4276-b9f7-003892a0a88b,tester
985,6483a9cf-ef03-4592-a285-cc606095e98f,community_06,Musa,Ali,female,1989-03-29,,08068079094,https://www.commcarehq.org/photos/farmer_985.jpg,3,mixed_farming,11,owned,2,rain-fed,---,rice,---,---,1.2,rabbits,---,32,10.2822376 7.5588068 0.0 20.0,yes,168046f8-e791-44ff-a65e-430a71353dca,2026-05-29 00:02:00,2026-05-29,tester,2026-05-29 00:02:06,https://www.commcarehq.org/form/6483a9cf-ef03-4592-a285-cc606095e98f,tester
986,cbf7b4d6-e883-47d2-a5ec-69b8472dbafd,community_04,Suleiman,Yusuf,male,1997-10-27,,08036224711,https://www.commcarehq.org/photos/farmer_986.jpg,8,crop_farming,8,family_land,3,dam_reservoir,---,rice groundnuts maize,1.3,3.3,1.3,goats rabbits,4,18,10.4152115 7.3327255 0.0 20.0,yes,10ca4448-fbde-4da0-a76b-69ba190c5197,2026-04-18 00:05:00,2026-04-18,tester,2026-04-18 00:05:08,https://www.commcarehq.org/form/cbf7b4d6-e883-47d2-a5ec-69b8472dbafd,tester
987,33144862-020d-4e15-9579-a9ef47a84128,community_07,Joseph,Johnson,female,1978-06-09,90617390004,08081456536,https://www.commcarehq.org/photos/farmer_987.jpg,5,crop_farming,29,owned,3,rain-fed,---,maize rice groundnuts,1.0,4.8,0.7,---,---,---,10.5596805 7.2812807 0.0 20.0,yes,9468d49f-6aba-4f49-a959-5bd5b8ec2d53,2026-04-05 00:06:00,2026-04-05,tester,2026-04-05 00:06:17,https://www.commcarehq.org/form/33144862-020d-4e15-9579-a9ef47a84128,tester
988,8c292d86-d628-4a14-88a1-79f6f5e32567,community_07,Amina,Ibrahim,female,1987-03-03,26524435176,08023072730,https://www.commcarehq.org/photos/farmer_988.jpg,4,crop_farming,14,owned,1,other,Community Well,rice,---,---,1.9,rabbits,---,37,10.401321 7.5593502 0.0 20.0,yes,8c3f7319-57d9-4ef1-8eab-05c29eae7fc7,2026-03-20 00:03:00,2026-03-20,tester,2026-03-20 00:03:19,https://www.commcarehq.org/form/8c292d86-d628-4a14-88a1-79f6f5e32567,tester
989,dfe7e225-c978-4609-9ea9-2d2dc75cc735,community_07,Suleiman,Mohammed,male,1978-09-22,,08058376568,https://www.commcarehq.org/photos/farmer_989.jpg,6,livestock_farming,15,family_land,2,river_stream,---,rice groundnuts maize,2.8,6.0,3.4,goats,20,---,10.2571501 7.4590238 0.0 20.0,yes,49f234d0-e657-4026-8457-71f4ed297915,2026-04-21 00:07:00,2026-04-21,tester,2026-04-21 00:07:20,https://www.commcarehq.org/form/dfe7e225-c978-4609-9ea9-2d2dc75cc735,tester
990,f9669093-9b60-4f83-b8ad-a782c1d86c35,community_03,Mercy,Johnson,male,1994-11-08,44445726179,8009390220,https://www.commcarehq.org/photos/farmer_990.jpg,8,crop_farming,8,family_land,1,other,Community Well,rice maize groundnuts,1.6,1.8,3.9,goats rabbits,11,31,10.2629137 7.48828 0.0 20.0,yes,95c86264-80ad-4331-a02c-bbe818a75a38,2026-06-26 00:04:00,2026-06-26,tester,2026-06-26 00:04:11,https://www.commcarehq.org/form/f9669093-9b60-4f83-b8ad-a782c1d86c35,tester
991,30db977e-dc9f-4a4d-b61b-20c20fdf7e50,community_04,Binta,James,male,1968-12-24,35188304475,08084132069,https://www.commcarehq.org/photos/farmer_991.jpg,2,crop_farming,31,owned,5,rain-fed,---,rice groundnuts,3.0,---,0.7,goats rabbits,21,8,10.4511575 2.775718 0.0 20.0,yes,c9d5af2b-1880-4419-a113-79cc2d845dd5,2026-06-19 00:08:00,2026-06-19,tester,2026-06-19 00:08:10,https://www.commcarehq.org/form/30db977e-dc9f-4a4d-b61b-20c20fdf7e50,tester
992,d9f87aac-3937-46b7-a989-b6f7cebf0e52,community_03,Fatima,Garba,male,1979-03-20,27759973513,08076873492,https://www.commcarehq.org/photos/farmer_992.jpg,3,crop_farming,6,family_land,5,other,Community Well,maize,---,1.8,---,goats,18,---,10.5653951 7.3865447 0.0 20.0,yes,02cb98bf-4872-4638-9a98-9b2dfef801af,2026-04-04 00:06:00,2026-04-04,tester,2026-04-04 00:06:07,https://www.commcarehq.org/form/d9f87aac-3937-46b7-a989-b6f7cebf0e52,tester
993,e7b57e37-9a7b-468b-a927-18e6726f56a1,community_02,Esther,Musa,female,1994-05-11,85821282096,08033811149,https://www.commcarehq.org/photos/farmer_993.jpg,5,crop_farming,3,family_land,5,rain-fed,---,maize groundnuts,0.8,1.6,---,---,---,---,10.5349484 7.5869263 0.0 20.0,yes,098bb794-e619-4400-b128-eb215047fd21,2026-04-22 00:07:00,2026-04-22,tester,2026-04-22 00:07:10,https://www.commcarehq.org/form/e7b57e37-9a7b-468b-a927-18e6726f56a1,tester
994,b6563554-b69f-4294-bf43-b13a5aa258b0,community_07,Ibrahim,Sani,male,2002-03-03,14402150978,08031600898,https://www.commcarehq.org/photos/farmer_994.jpg,6,livestock_farming,2,owned,3,rain-fed,---,groundnuts,1.6,---,---,goats,10,---,10.3336923 7.4585463 0.0 20.0,yes,48aee8b5-d5dd-47b1-baad-50c16a78b3b5,2026-06-09 00:05:00,2026-06-09,tester,2026-06-09 00:05:18,https://www.commcarehq.org/form/b6563554-b69f-4294-bf43-b13a5aa258b0,tester
995,ef73ec1c-0c05-410b-8161-f3805daf519c,community_05,Mary,Daniel,female,1994-12-18,20207878890,08039843118,https://www.commcarehq.org/photos/farmer_995.jpg,5,crop_farming,11,owned,6,borehole,---,rice,---,---,3.0,goats,19,---,10.2174241 7.5360284 0.0 20.0,yes,e08eb372-215d-44b4-85b1-6ad41098b33a,2026-06-18 00:04:00,2026-06-18,tester,2026-06-18 00:04:12,https://www.commcarehq.org/form/ef73ec1c-0c05-410b-8161-f3805daf519c,tester
996,01bc699c-df5a-4e92-bfd9-6fa553b819a9,community_03,Paul,Ahmed,male,1975-05-06,,08054927505,https://www.commcarehq.org/photos/farmer_996.jpg,9,mixed_farming,18,owned,1,river_stream,---,groundnuts rice,2.2,---,3.6,goats,24,---,10.5828785 7.4072853 0.0 20.0,yes,c1ffbfa5-2f9f-42bb-b229-b062079fa96f,2026-04-21 00:08:00,2026-04-21,tester,2026-04-21 00:08:06,https://www.commcarehq.org/form/01bc699c-df5a-4e92-bfd9-6fa553b819a9,tester
997,5876bf49-73db-42a9-846a-f0fbadf03a2c,community_05,Mary,Lawal,male,2001-07-13,67137928593,08001619244,https://www.commcarehq.org/photos/farmer_997.jpg,6,crop_farming,6,family_land,3,rain-fed,---,maize,---,5.2,---,goats,10,---,10.5294338 7.5133685 0.0 20.0,yes,bd85d614-9f9c-4d7b-a9c8-295f481db1b2,2026-06-26 00:07:00,2026-06-26,tester,2026-06-26 00:07:15,https://www.commcarehq.org/form/5876bf49-73db-42a9-846a-f0fbadf03a2c,tester
998,717545b2-19fe-4c21-be7e-4444f87f4a20,community_04,Deborah,Isa,male,1974-07-14,47982237621,08073937873,https://www.commcarehq.org/photos/farmer_998.jpg,6,mixed_farming,14,owned,3,river_stream,---,groundnuts maize,1.2,1.1,---,goats,3,---,10.2576672 7.489644 0.0 20.0,yes,7f6cada7-45eb-493a-aa85-0210f397a95f,2026-03-24 00:03:00,2026-03-24,tester,2026-03-24 00:03:09,https://www.commcarehq.org/form/717545b2-19fe-4c21-be7e-4444f87f4a20,tester
999,0773f135-c9cd-4b20-825b-a7cde5369308,community_06,Deborah,Garba,male,1957-10-09,,08030102838,https://www.commcarehq.org/photos/farmer_999.jpg,5,crop_farming,33,family_land,3,rain-fed,---,groundnuts maize rice,1.8,2.7,2.7,---,---,---,10.4701316 7.3895304 0.0 20.0,yes,4a5a8232-bbef-4ed7-a85c-d89d6244fb34,2026-05-25 00:06:00,2026-05-25,tester,2026-05-25 00:06:08,https://www.commcarehq.org/form/0773f135-c9cd-4b20-825b-a7cde5369308,tester
1000,13637299-e41e-4be5-abff-ad99953d1f17,community_04,Amina,Usman,female,1987-04-02,68402545267,08089412501,https://www.commcarehq.org/photos/farmer_1000.jpg,5,mixed_farming,20,family_land,3,rain-fed,---,rice maize,---,5.5,3.4,rabbits,---,10,10.5576068 7.2070992 0.0 20.0,yes,5c232f00-b728-488f-b892-250298a1e0e8,2026-05-08 00:02:00,2026-05-08,tester,2026-05-08 00:02:05,https://www.commcarehq.org/form/13637299-e41e-4be5-abff-ad99953d1f17,tester
522,4fe7c07d-4635-4fe6-8129-d09bcaaf5100,community_06,Ahmed,Ogunleye,male,2006-10-03,81569493004,08022637556,https://www.commcarehq.org/photos/farmer_522.jpg,8,crop_farming,1,owned,2,irrigation_scheme,---,rice maize,---,5.0,0.9,rabbits,---,39,10.2205369 7.2573837 0.0 20.0,yes,a1a91611-ebff-4c55-851e-f47257ed2c0f,2026-05-30 00:05:00,2026-05-30,tester,2026-05-30 00:05:07,https://www.commcarehq.org/form/4fe7c07d-4635-4fe6-8129-d09bcaaf5100,tester
738,edc2fdba-e943-4e9d-89ae-a8b2c6b2bbc7,community_02,Grace,Ogunleye,female,2005-05-04,93720549018,08017049825,https://www.commcarehq.org/photos/farmer_738.jpg,7,mixed_farming,2,owned,2,rain-fed,---,rice groundnuts maize,0.9,3.3,2.9,goats,8,---,10.5192574 7.4043765 0.0 20.0,yes,adc1c624-ef49-437f-9620-5a5a4aeaf00c,2026-03-05 00:02:00,2026-03-05,tester,2026-03-05 00:02:20,https://www.commcarehq.org/form/edc2fdba-e943-4e9d-89ae-a8b2c6b2bbc7,tester
741,8a71f4bf-76e8-4d0c-8a0f-34d3d85b4933,community_06,Rebecca,Yakubu,female,2003-12-10,24734242989,8071868687,https://www.commcarehq.org/photos/farmer_741.jpg,9,crop_farming,1,owned,5,rain-fed,---,maize rice groundnuts,2.0,3.3,0.8,goats,8,---,10.3689833 7.5651616 0.0 20.0,yes,05fa431f-502e-4799-bb49-5a1bf699265b,2026-06-01 00:02:00,2026-06-01,tester,2026-06-01 00:02:08,https://www.commcarehq.org/form/8a71f4bf-76e8-4d0c-8a0f-34d3d85b4933,tester
661,443643c4-fccd-4111-87a0-1d503511c66e,community_03,Samuel,Musa,female,1983-09-14,23415292532,08071605802,https://www.commcarehq.org/photos/farmer_661.jpg,11,crop_farming,6,owned,1,rain-fed,---,rice,---,---,2.5,goats rabbits,3,33,10.4555755 7.2079252 0.0 20.0,yes,714b4f7d-7e5e-44a2-a9cb-9aa5af678bcf,2026-03-08 00:08:00,2026-03-08,tester,2026-03-08 00:08:10,https://www.commcarehq.org/form/443643c4-fccd-4111-87a0-1d503511c66e,tester
412,fa426de9-3952-47b7-a13e-e02e166eb484,community_04,Peter,Garba,male,1985-09-14,70116369023,08018126122,https://www.commcarehq.org/photos/farmer_412.jpg,9,mixed_farming,10,owned,3,borehole,---,rice groundnuts,2.4,---,1.7,---,---,---,10.3741485 7.5162928 0.0 20.0,yes,fc71c28c-086c-402c-b3c2-d2049da5b690,2026-06-27 00:02:00,2026-06-27,tester,2026-06-27 00:02:08,https://www.commcarehq.org/form/fa426de9-3952-47b7-a13e-e02e166eb484,tester
679,68cc394d-d80a-4b71-97f6-dc5562f60a03,community_04,Hauwa,Usman,male,1964-06-01,39599355415,08056555391,https://www.commcarehq.org/photos/farmer_679.jpg,1,crop_farming,5,owned,2,borehole,---,groundnuts rice maize,1.1,6.4,1.2,---,---,---,10.2968308 7.3880826 0.0 20.0,yes,21249bb1-0f43-4e48-ad8d-4d95436a5fe1,2026-03-26 00:04:00,2026-03-26,tester,2026-03-26 00:04:06,https://www.commcarehq.org/form/68cc394d-d80a-4b71-97f6-dc5562f60a03,tester
627,34a31526-6d53-45cc-bdbd-39416dd41cdf,community_03,Musa,Okafor,female,1985-06-29,97237445223,08081915889,https://www.commcarehq.org/photos/farmer_627.jpg,6,mixed_farming,3,leased,5,rain-fed,---,maize,---,3.5,---,---,---,---,10.4214069 7.5552621 0.0 20.0,yes,a759ca34-a9fb-4e1b-9b15-f82545bc42d3,2026-02-23 00:04:00,2026-02-23,tester,2026-02-23 00:04:11,https://www.commcarehq.org/form/34a31526-6d53-45cc-bdbd-39416dd41cdf,tester
514,338644d8-14b4-4bc4-8b7f-6e3595f10c35,community_02,Suleiman,Okafor,male,1980-02-14,,08052371688,https://www.commcarehq.org/photos/farmer_514.jpg,5,livestock_farming,2,owned,1,rain-fed,---,maize groundnuts,0.5,3.8,---,goats,10,---,10.2417499 7.2885758 0.0 20.0,yes,acce9e7d-e8f5-47ec-ac2e-c5cd1349b292,2026-05-19 00:06:00,2026-05-19,tester,2026-05-19 00:06:11,https://www.commcarehq.org/form/338644d8-14b4-4bc4-8b7f-6e3595f10c35,tester
860,172b4f26-2489-4214-b518-e0eca547ab42,community_02,Esther,Ali,female,1991-12-26,,08027630384,https://www.commcarehq.org/photos/farmer_860.jpg,10,mixed_farming,1,family_land,3,rain-fed,---,maize rice groundnuts,2.2,5.3,0.7,---,---,---,10.4151098 7.5359129 0.0 20.0,yes,f67df380-f3e8-49ec-a138-96593a54340c,2026-02-07 00:03:00,2026-02-07,tester,2026-02-07 00:03:09,https://www.commcarehq.org/form/172b4f26-2489-4214-b518-e0eca547ab42,tester
137,984747a3-39d2-4866-943d-e582a7cf4aef,community_05,Esther,Eze,female,1990-06-18,,08095618174,https://www.commcarehq.org/photos/farmer_137.jpg,5,crop_farming,6,owned,1,rain-fed,---,groundnuts maize,1.7,3.5,---,---,---,---,10.3973867 7.2867495 0.0 20.0,yes,d6a4ded8-7cc9-4c32-9958-c2448011c282,2026-04-27 00:05:00,2026-04-27,tester,2026-04-27 00:05:19,https://www.commcarehq.org/form/984747a3-39d2-4866-943d-e582a7cf4aef,tester
812,7a979894-93d7-4aa2-ba3b-23ae63e359a9,community_06,Joseph,Johnson,male,1990-01-07,,08005119243,https://www.commcarehq.org/photos/farmer_812.jpg,3,crop_farming,5,owned,2,rain-fed,---,groundnuts,1.0,---,---,---,---,---,10.5808141 7.3022757 0.0 20.0,yes,44de3eee-647a-4b04-aa4c-9a32a0ac16ad,2026-04-06 00:05:00,2026-04-06,tester,2026-04-06 00:05:12,https://www.commcarehq.org/form/7a979894-93d7-4aa2-ba3b-23ae63e359a9,tester
77,596c612f-83d9-42c7-ad90-6b3c25a3f768,community_04,Peter,Usman,male,2005-07-07,82350889774,08048475563,https://www.commcarehq.org/photos/farmer_77.jpg,7,livestock_farming,1,owned,2,rain-fed,---,maize rice groundnuts,1.2,0.9,1.2,---,---,---,10.2621642 7.26575 0.0 20.0,yes,d8cf52c6-783b-4f75-b039-1abead65e696,2026-04-15 00:02:00,2026-04-15,tester,2026-04-15 00:02:16,https://www.commcarehq.org/form/596c612f-83d9-42c7-ad90-6b3c25a3f768,tester
637,f470fb87-80cf-4d3a-8156-7a16f4238aac,community_02,Ibrahim,Johnson,male,1967-07-02,78006926011,08053114272,https://www.commcarehq.org/photos/farmer_637.jpg,4,mixed_farming,23,owned,1,rain-fed,---,groundnuts maize rice,0.6,0.6,3.4,---,---,---,10.5619284 7.4760634 0.0 20.0,yes,89e5b425-72cc-498e-b39b-97c29b4eef3c,2026-04-24 00:03:00,2026-04-24,tester,2026-04-24 00:03:08,https://www.commcarehq.org/form/f470fb87-80cf-4d3a-8156-7a16f4238aac,tester
974,b3a30e47-ac13-43e6-beea-6fdea3528d38,community_02,Blessing,Mohammed,female,2000-01-05,45940531100,08005155922,https://www.commcarehq.org/photos/farmer_974.jpg,1,crop_farming,4,leased,1,rain-fed,---,maize,---,4.5,---,rabbits,---,30,10.4318288 7.5020036 0.0 20.0,yes,75954c94-89b9-4ff7-a490-02dd8bd39ff2,2026-04-03 00:05:00,2026-04-03,tester,2026-04-03 00:05:08,https://www.commcarehq.org/form/b3a30e47-ac13-43e6-beea-6fdea3528d38,tester
939,ea8650a3-a348-4316-b33c-69423fc3bf2c,community_04,Esther,Okafor,male,1970-07-18,92340524177,08069277861,https://www.commcarehq.org/photos/farmer_939.jpg,1,crop_farming,28,owned,3,rain-fed,---,maize rice,---,2.1,2.9,goats,19,---,10.4891346 7.3571595 0.0 20.0,yes,f8eb3e8f-27e4-43ce-9372-8a582c60e322,2026-02-03 00:07:00,2026-02-03,tester,2026-02-03 00:07:12,https://www.commcarehq.org/form/ea8650a3-a348-4316-b33c-69423fc3bf2c,tester
900,f76e8499-fb2b-4b1b-8b89-932e462d741b,community_06,Daniel,Mohammed,female,1974-01-12,76457579618,08042723723,https://www.commcarehq.org/photos/farmer_900.jpg,9,crop_farming,33,leased,2,rain-fed,---,rice maize groundnuts,2.5,5.3,2.2,---,---,---,10.5262299 7.4249888 0.0 20.0,yes,280c9d1e-4c17-41bc-abf9-8cef10db8020,2026-03-16 00:07:00,2026-03-16,tester,2026-03-16 00:07:17,https://www.commcarehq.org/form/f76e8499-fb2b-4b1b-8b89-932e462d741b,tester
281,2ed150a5-be70-4dda-9d09-9f48f83b1526,community_04,Ahmed,Ahmed,male,1975-09-06,,08038272076,https://www.commcarehq.org/photos/farmer_281.jpg,6,mixed_farming,7,owned,3,rain-fed,---,maize rice groundnuts,0.9,2.8,3.1,rabbits,---,2,10.3122801 7.4730395 0.0 20.0,yes,5bd0ed84-d721-45a8-be95-aaf5749f7104,2026-03-05 00:08:00,2026-03-05,tester,2026-03-05 00:08:14,https://www.commcarehq.org/form/2ed150a5-be70-4dda-9d09-9f48f83b1526,tester
884,e361edc4-b718-4ed2-87f9-7e8f89e941f9,community_05,Naomi,Abdullahi,male,1996-07-29,,08077492493,https://www.commcarehq.org/photos/farmer_884.jpg,4,crop_farming,12,family_land,3,rain-fed,---,maize,---,6.5,---,goats,25,---,10.483831 7.2935734 0.0 20.0,yes,6ecb8d81-cb3e-4f78-ab0e-96205c585f73,2026-06-29 00:03:00,2026-06-29,tester,2026-06-29 00:03:12,https://www.commcarehq.org/form/e361edc4-b718-4ed2-87f9-7e8f89e941f9,tester
762,0ac73db1-7430-424b-9b44-14933630ae80,community_07,Samuel,Tanko,male,2002-09-26,35126255821,08020003275,https://www.commcarehq.org/photos/farmer_762.jpg,4,crop_farming,6,owned,3,dam_reservoir,---,groundnuts,0.6,---,---,---,---,---,10.4099056 7.2332898 0.0 20.0,yes,8efeb02a-659d-4b40-a973-95a5f30592a9,2026-02-28 00:07:00,2026-02-28,tester,2026-02-28 00:07:18,https://www.commcarehq.org/form/0ac73db1-7430-424b-9b44-14933630ae80,tester
320,5659439d-ec63-48dd-b780-69ba4c55dc20,community_06,Hauwa,Yakubu,male,1995-03-07,77529122887,08095997397,https://www.commcarehq.org/photos/farmer_320.jpg,4,crop_farming,2,owned,2,rain-fed,---,groundnuts maize,0.8,5.0,---,goats,25,---,10.260709 7.2601678 0.0 20.0,yes,6a570bb7-61b3-4bd8-83bb-87b89f336e2a,2026-02-21 00:06:00,2026-02-21,tester,2026-02-21 00:06:07,https://www.commcarehq.org/form/5659439d-ec63-48dd-b780-69ba4c55dc20,tester
