number,formid,form.section_1_farmer_identification.community,form.section_1_farmer_identification.first_name,form.section_1_farmer_identification.last_name,form.section_1_farmer_identification.gender,form.section_1_farmer_identification.date_of_birth,form.section_1_farmer_identification.national_id,form.section_1_farmer_identification.phone_number,form.section_1_farmer_identification.farmer_photograph,form.section_2_household_information.household_size,form.section_2_household_information.primary_occupation,form.section_2_household_information.farming_experience_years,form.section_3_farm_information.farm_ownership,form.section_3_farm_information.number_of_farm_plots,form.section_3_farm_information.primary_or_main_irrigation_source.choice,form.section_3_farm_information.primary_or_main_irrigation_source.specify_other,form.section_4_crops_cultivated.crops_cultivated_and_areas_hectares.choice,form.section_4_crops_cultivated.crops_cultivated_and_areas_hectares.area_under_groundnuts_hectares,form.section_4_crops_cultivated.crops_cultivated_and_areas_hectares.area_under_maize_hectares,form.section_4_crops_cultivated.crops_cultivated_and_areas_hectares.area_under_rice_hectares,form.section_5_livestock.livestock_and_number_kept_integer.choice,form.section_5_livestock.livestock_and_number_kept_integer.number_of_goats,form.section_5_livestock.livestock_and_number_kept_integer.number_of_rabbits,form.section_6_farm_location.farm_gps_location,form.section_7_consent.farmer_accepts_or_decline_to_participate_in_the_programme.choice,form.case.@case_id,completed_time,started_time,username,received_on,form_link,hq_user,gps_valid,farmer_age,registration_duration_minutes,registration_latitude,registration_longitude
1,5daea065-afd1-444e-9b2d-44e33c8747b9,community_05,Amina,Balogun,male,1994-07-28,,8055002657,https://www.commcarehq.org/photos/farmer_1.jpg,8,mixed_farming,13,leased,1,rain-fed,---,groundnuts,2.9,---,---,goats,4,---,10.3435918 7.3375823 0.0 20.0,yes,b444a62e-13c0-4ccd-8ec2-838bb2dfe5bd,2026-01-12 00:07:00,2026-01-12,tester_05,2026-01-12 00:07:19,https://www.commcarehq.org/form/5daea065-afd1-444e-9b2d-44e33c8747b9,tester_05,True,32,7.0,10.3435918,7.3375823
2,d0cf4629-b9a2-4991-af86-259532474a48,community_04,Elizabeth,David,male,1987-01-07,21616047600.0,8002202126,https://www.commcarehq.org/photos/farmer_2.jpg,5,mixed_farming,21,owned,6,rain-fed,---,maize rice,---,6.4,2.7,---,---,---,10.5371408 7.5104 0.0 20.0,yes,12f1f5af-5256-4e18-96cf-f7a1dac16e7d,2026-01-09 00:08:00,2026-01-09,tester_04,2026-01-09 00:08:15,https://www.commcarehq.org/form/d0cf4629-b9a2-4991-af86-259532474a48,tester_04,True,39,8.0,10.5371408,7.5104
3,606344d1-cc32-46d3-b6ce-16e5d3a80216,community_03,Fatima,Daniel,female,1981-03-26,,8039422525,https://www.commcarehq.org/photos/farmer_3.jpg,7,livestock_farming,17,owned,1,rain-fed,---,rice,---,---,2.0,goats,14,---,10.38722 7.3005656 0.0 20.0,yes,0b061fab-6c5b-44bb-90cf-6f440d76f65d,2026-01-03 00:07:00,2026-01-03,tester_03,2026-01-03 00:07:08,https://www.commcarehq.org/form/606344d1-cc32-46d3-b6ce-16e5d3a80216,tester_03,True,45,7.0,10.38722,7.3005656
4,d772635c-2543-44f9-9de5-6cadccf94f19,community_05,Mercy,Lawal,male,1985-02-11,11948728483.0,8098251982,https://www.commcarehq.org/photos/farmer_4.jpg,8,crop_farming,6,owned,3,rain-fed,---,groundnuts rice,2.8,---,3.6,---,---,---,10.2231701 7.5512038 0.0 20.0,yes,e0bd8266-2f5c-49e1-bcce-1dc843a1c529,2026-01-22 00:07:00,2026-01-22,tester_05,2026-01-22 00:07:20,https://www.commcarehq.org/form/d772635c-2543-44f9-9de5-6cadccf94f19,tester_05,True,41,7.0,10.2231701,7.5512038
5,d1ecec10-268b-4b12-be46-0025a7150848,community_06,Emmanuel,Sani,female,2000-09-29,68439875878.0,8099767363,https://www.commcarehq.org/photos/farmer_5.jpg,7,crop_farming,1,owned,1,rain-fed,---,rice groundnuts maize,0.7,0.7,1.7,---,---,---,10.3941658 7.4156936 0.0 20.0,yes,f6d3f342-1621-49ae-826b-6d3a9cfcec86,2026-05-27 00:06:00,2026-05-27,tester_06,2026-05-27 00:06:20,https://www.commcarehq.org/form/d1ecec10-268b-4b12-be46-0025a7150848,tester_06,True,25,6.0,10.3941658,7.4156936
6,6516f940-92da-432d-b500-6a5b87ab8031,community_02,Ruth,Abdullahi,male,1997-11-30,71895212988.0,8080660781,https://www.commcarehq.org/photos/farmer_6.jpg,4,crop_farming,5,owned,1,river_stream,---,groundnuts rice maize,2.9,6.1,3.5,goats,17,---,10.5458602 7.5609771 0.0 20.0,yes,499e45bb-5c7e-4b03-ab4e-9329bdd4ebaa,2026-01-01 00:05:00,2026-01-01,tester_02,2026-01-01 00:05:13,https://www.commcarehq.org/form/6516f940-92da-432d-b500-6a5b87ab8031,tester_02,True,28,5.0,10.5458602,7.5609771
7,bf7c0453-f2aa-436b-bc07-ea5320795a40,community_07,Paul,Ali,male,1977-08-09,,8012955705,https://www.commcarehq.org/photos/farmer_7.jpg,7,crop_farming,17,owned,4,borehole,---,maize,---,1.2,---,---,---,---,10.4378077 7.4477526 0.0 20.0,yes,c7dadbe9-1811-4547-b9eb-916c498cb66c,2026-05-30 00:06:00,2026-05-30,tester_07,2026-05-30 00:06:15,https://www.commcarehq.org/form/bf7c0453-f2aa-436b-bc07-ea5320795a40,tester_07,True,49,6.0,10.4378077,7.4477526
8,c4a4a4ef-9016-4412-b701-6e2cfc398154,community_07,John,Adeyemi,female,1990-05-04,,8023704990,https://www.commcarehq.org/photos/farmer_8.jpg,4,crop_farming,3,leased,2,rain-fed,---,rice maize groundnuts,2.2,3.8,3.8,goats,6,---,10.5558851 7.4969667 0.0 20.0,yes,57ce2989-ae55-4b5e-a1ca-99ea4908e4ca,2026-03-14 00:06:00,2026-03-14,tester_07,2026-03-14 00:06:11,https://www.commcarehq.org/form/c4a4a4ef-9016-4412-b701-6e2cfc398154,tester_07,True,36,6.0,10.5558851,7.4969667
9,aa2d2643-f9dc-4968-9a1a-609b27a1c38e,community_05,John,Adeyemi,female,1989-03-04,,8080420762,https://www.commcarehq.org/photos/farmer_9.jpg,8,mixed_farming,4,owned,3,rain-fed,---,rice groundnuts,1.6,---,0.6,goats,3,---,10.2840306 7.2998119 0.0 20.0,yes,fa171e98-9225-46a9-96bd-76f3bd5f1d6a,2026-05-24 00:08:00,2026-05-24,tester_05,2026-05-24 00:08:18,https://www.commcarehq.org/form/aa2d2643-f9dc-4968-9a1a-609b27a1c38e,tester_05,True,37,8.0,10.2840306,7.2998119
10,c50632f1-8c74-4141-bcb0-757e4bd3c702,community_07,Suleiman,Peter,female,1994-04-10,,8007398882,https://www.commcarehq.org/photos/farmer_10.jpg,1,crop_farming,14,leased,2,borehole,---,groundnuts,0.6,---,---,goats,12,---,10.2277683 7.5093307 0.0 20.0,yes,eb2ccea0-0dec-472e-b456-e68a3a68eb81,2026-05-11 00:05:00,2026-05-11,tester_07,2026-05-11 00:05:15,https://www.commcarehq.org/form/c50632f1-8c74-4141-bcb0-757e4bd3c702,tester_07,True,32,5.0,10.2277683,7.5093307
11,4345e63a-3441-4fa5-a0c6-41b37ca7fa3c,community_07,Mary,Michael,female,2004-06-17,59111077388.0,8073653527,https://www.commcarehq.org/photos/farmer_11.jpg,3,mixed_farming,2,owned,1,irrigation_scheme,---,maize groundnuts rice,1.8,4.5,1.6,---,---,---,10.276736 7.4659718 0.0 20.0,yes,8c583a1e-23ce-48b3-8790-b17385953104,2026-02-14 00:06:00,2026-02-14,tester_07,2026-02-14 00:06:14,https://www.commcarehq.org/form/4345e63a-3441-4fa5-a0c6-41b37ca7fa3c,tester_07,True,22,6.0,10.276736,7.4659718
12,700c15c5-0cc2-4939-997e-7c8c14fd85b5,community_03,Joy,Yusuf,male,1986-09-04,,8044249710,https://www.commcarehq.org/photos/farmer_12.jpg,7,crop_farming,8,family_land,1,rain-fed,---,groundnuts,3.0,---,---,---,---,---,10.3821665 7.5544548 0.0 20.0,yes,162b756a-c139-4998-8e1c-291d6843d9ca,2026-06-28 00:05:00,2026-06-28,tester_03,2026-06-28 00:05:20,https://www.commcarehq.org/form/700c15c5-0cc2-4939-997e-7c8c14fd85b5,tester_03,True,39,5.0,10.3821665,7.5544548
13,3545ec0f-4061-42dc-a98e-a2c7045f7c1a,community_03,Sarah,Ojo,female,1962-12-12,81708395052.0,8045911455,https://www.commcarehq.org/photos/farmer_13.jpg,5,mixed_farming,33,owned,3,rain-fed,---,maize rice,---,5.0,3.4,goats,18,---,10.2956983 7.375949 0.0 20.0,yes,e5a4c95b-1dff-4387-9603-5ac9e3bcd70e,2026-03-02 00:04:00,2026-03-02,tester_03,2026-03-02 00:04:15,https://www.commcarehq.org/form/3545ec0f-4061-42dc-a98e-a2c7045f7c1a,tester_03,True,63,4.0,10.2956983,7.375949
14,d19bb8ba-4d87-4d7f-b2fc-6d1269162663,community_02,Mercy,Bello,male,1993-07-13,67616418900.0,8034083790,https://www.commcarehq.org/photos/farmer_14.jpg,11,crop_farming,7,leased,2,borehole,---,groundnuts maize rice,1.2,3.4,1.9,---,---,---,10.4896726 7.5362023 0.0 20.0,yes,50d85b3b-3805-4718-acfb-b7700a5c2f86,2026-06-09 00:06:00,2026-06-09,tester_02,2026-06-09 00:06:05,https://www.commcarehq.org/form/d19bb8ba-4d87-4d7f-b2fc-6d1269162663,tester_02,True,33,6.0,10.4896726,7.5362023
15,0c664a09-b6f7-4a8c-8647-03d3027dd791,community_07,Blessing,Okafor,female,2002-04-29,,8012343829,https://www.commcarehq.org/photos/farmer_15.jpg,9,mixed_farming,1,leased,2,rain-fed,---,groundnuts rice maize,1.0,0.6,1.0,goats rabbits,23,15,10.3860136 7.3024975 0.0 20.0,yes,9b5b58af-e4b6-4359-be89-03b404afd261,2026-06-05 00:06:00,2026-06-05,tester_07,2026-06-05 00:06:08,https://www.commcarehq.org/form/0c664a09-b6f7-4a8c-8647-03d3027dd791,tester_07,True,24,6.0,10.3860136,7.3024975
16,0d7e0520-4265-4523-ab46-71df09b6ca27,community_06,Rebecca,Ahmed,male,2003-09-16,,8093706617,https://www.commcarehq.org/photos/farmer_16.jpg,8,livestock_farming,1,owned,2,rain-fed,---,maize groundnuts rice,2.6,1.1,3.9,---,---,---,10.4829235 7.3741949 0.0 20.0,yes,17024584-c2ed-451f-bcce-f584f6f7e7e7,2026-06-16 00:04:00,2026-06-16,tester_06,2026-06-16 00:04:20,https://www.commcarehq.org/form/0d7e0520-4265-4523-ab46-71df09b6ca27,tester_06,True,22,4.0,10.4829235,7.3741949
17,f3bb5af6-563d-465a-9714-487dd7d48bcd,community_03,Joy,Balogun,female,1993-05-26,42000950925.0,8075634343,https://www.commcarehq.org/photos/farmer_17.jpg,5,mixed_farming,5,owned,3,rain-fed,---,maize rice groundnuts,2.2,4.4,2.2,rabbits,---,16,10.3617605 7.2973221 0.0 20.0,yes,0a326799-435b-476a-abfc-ed6ba0d8395f,2026-04-05 00:05:00,2026-04-05,tester_03,2026-04-05 00:05:16,https://www.commcarehq.org/form/f3bb5af6-563d-465a-9714-487dd7d48bcd,tester_03,True,33,5.0,10.3617605,7.2973221
18,0408386a-d6a2-4aad-b632-25dc075fa8f1,community_03,Suleiman,Sani,male,1982-02-06,53776816193.0,8015712479,https://www.commcarehq.org/photos/farmer_18.jpg,7,mixed_farming,10,owned,1,borehole,---,maize,---,0.8,---,goats,11,---,10.2505118 7.5473845 0.0 20.0,yes,c82f5468-cb66-4289-b22b-8b7a72a0a54b,2026-01-04 00:06:00,2026-01-04,tester_03,2026-01-04 00:06:14,https://www.commcarehq.org/form/0408386a-d6a2-4aad-b632-25dc075fa8f1,tester_03,True,44,6.0,10.2505118,7.5473845
19,412d6d58-c9cc-4149-a071-d72e4670793b,community_03,Samuel,Johnson,male,2001-05-10,,8040601539,https://www.commcarehq.org/photos/farmer_19.jpg,3,mixed_farming,5,owned,3,irrigation_scheme,---,rice maize,---,2.3,2.7,---,---,---,10.5790361 7.2831152 0.0 20.0,yes,4f71ef13-3dd3-41bf-a73b-47229b955f9d,2026-06-19 00:02:00,2026-06-19,tester_03,2026-06-19 00:02:10,https://www.commcarehq.org/form/412d6d58-c9cc-4149-a071-d72e4670793b,tester_03,True,25,2.0,10.5790361,7.2831152
20,cacd7228-c1b4-48eb-9eb4-6eb4431dc36d,community_02,Mercy,Bello,male,1986-11-13,49648888517.0,8077469766,https://www.commcarehq.org/photos/farmer_20.jpg,4,mixed_farming,9,family_land,5,rain-fed,---,maize rice groundnuts,1.7,2.3,1.9,goats,19,---,10.2321767 7.2159443 0.0 20.0,yes,1013332a-613c-4337-a8e6-b1a215ae7f79,2026-03-24 00:06:00,2026-03-24,tester_02,2026-03-24 00:06:13,https://www.commcarehq.org/form/cacd7228-c1b4-48eb-9eb4-6eb4431dc36d,tester_02,True,39,6.0,10.2321767,7.2159443
21,2be88bf6-79a3-4cb6-9e36-878d490f7374,community_01,Peter,Adeyemi,female,1985-08-01,,8057154294,https://www.commcarehq.org/photos/farmer_21.jpg,6,crop_farming,11,family_land,1,borehole,---,rice maize,---,5.4,2.4,---,---,---,10.3293095 7.5880739 0.0 20.0,yes,174ac534-5424-4f95-b1dc-5ead465fa5e4,2026-05-12 00:08:00,2026-05-12,tester_01,2026-05-12 00:08:05,https://www.commcarehq.org/form/2be88bf6-79a3-4cb6-9e36-878d490f7374,tester_01,True,41,8.0,10.3293095,7.5880739
22,4e1982e8-9495-46b5-bf8d-4906cbaa11fd,community_05,Mercy,Ali,male,1990-08-26,,8067259461,https://www.commcarehq.org/photos/farmer_22.jpg,8,crop_farming,18,owned,4,rain-fed,---,rice,---,---,3.4,---,---,---,10.4035488 7.30937 0.0 20.0,yes,22026480-160d-44b7-b828-a30c66199a84,2026-05-01 00:03:00,2026-05-01,tester_05,2026-05-01 00:03:19,https://www.commcarehq.org/form/4e1982e8-9495-46b5-bf8d-4906cbaa11fd,tester_05,True,35,3.0,10.4035488,7.30937
23,7fc6c17c-4e0b-43fe-9cbf-f8982959a02f,community_04,Joseph,Daniel,female,1984-06-06,54731837094.0,8095822594,https://www.commcarehq.org/photos/farmer_23.jpg,4,crop_farming,18,owned,2,other,Rainwater Harvesting,maize groundnuts rice,0.6,5.0,3.0,---,---,---,10.4654755 7.528299 0.0 20.0,yes,b44b3301-065a-43fc-858a-56b7bff8a739,2026-05-07 00:02:00,2026-05-07,tester_04,2026-05-07 00:02:09,https://www.commcarehq.org/form/7fc6c17c-4e0b-43fe-9cbf-f8982959a02f,tester_04,True,42,2.0,10.4654755,7.528299
24,a2697f17-5e0d-416c-ab84-dd3e9111f20f,community_04,Blessing,Johnson,female,1969-05-25,11962491159.0,8074614936,https://www.commcarehq.org/photos/farmer_24.jpg,2,livestock_farming,25,leased,3,borehole,---,groundnuts rice maize,2.1,6.0,4.0,---,---,---,10.2393773 7.4534991 0.0 20.0,yes,e8e063e3-8651-4e03-b652-a28d76e8d466,2026-04-24 00:03:00,2026-04-24,tester_04,2026-04-24 00:03:14,https://www.commcarehq.org/form/a2697f17-5e0d-416c-ab84-dd3e9111f20f,tester_04,True,57,3.0,10.2393773,7.4534991
25,71c86551-53e0-457d-b2a9-653e2cfa37e7,community_07,Grace,Johnson,female,1990-12-02,68115916826.0,8057108629,https://www.commcarehq.org/photos/farmer_25.jpg,4,crop_farming,1,leased,2,borehole,---,groundnuts,1.6,---,---,goats,20,---,10.5848116 7.4761254 0.0 20.0,yes,271d4428-b412-466b-bc8b-36a1aa7fd656,2026-03-19 00:03:00,2026-03-19,tester_07,2026-03-19 00:03:17,https://www.commcarehq.org/form/71c86551-53e0-457d-b2a9-653e2cfa37e7,tester_07,True,35,3.0,10.5848116,7.4761254
26,ded6a824-530c-4b61-a28f-d8c9a555ad65,community_06,Mary,Garba,male,1991-07-17,64366683091.0,8025670649,https://www.commcarehq.org/photos/farmer_26.jpg,5,mixed_farming,8,family_land,3,borehole,---,rice groundnuts maize,2.8,4.4,1.6,goats,20,---,10.2525647 7.5638511 0.0 20.0,yes,8ac8882e-5497-40d9-8cf9-9a66131b9724,2026-04-17 00:03:00,2026-04-17,tester_06,2026-04-17 00:03:11,https://www.commcarehq.org/form/ded6a824-530c-4b61-a28f-d8c9a555ad65,tester_06,True,35,3.0,10.2525647,7.5638511
27,1f0c1518-4ad8-4bbe-a631-8abf2134f824,community_01,Mercy,Michael,female,1982-04-19,52118547373.0,8073191987,https://www.commcarehq.org/photos/farmer_27.jpg,6,crop_farming,26,owned,2,rain-fed,---,rice maize groundnuts,2.6,6.1,0.9,goats,2,---,10.5772677 7.3312025 0.0 20.0,yes,f76e166e-3ac0-4bd2-81a5-21c0369334be,2026-06-15 00:02:00,2026-06-15,tester_01,2026-06-15 00:02:19,https://www.commcarehq.org/form/1f0c1518-4ad8-4bbe-a631-8abf2134f824,tester_01,True,44,2.0,10.5772677,7.3312025
28,0423be21-d659-48cd-9f68-5c4210891242,community_07,Musa,Ojo,male,2008-02-01,,8012533965,https://www.commcarehq.org/photos/farmer_28.jpg,7,crop_farming,1,family_land,3,dam_reservoir,---,rice,---,---,1.8,goats,9,---,10.2397418 7.4742721 0.0 20.0,yes,eeda2206-36f7-4732-923d-23c8e68132ed,2026-06-15 00:04:00,2026-06-15,tester_07,2026-06-15 00:04:06,https://www.commcarehq.org/form/0423be21-d659-48cd-9f68-5c4210891242,tester_07,True,18,4.0,10.2397418,7.4742721
29,c905226f-7036-4664-9c05-72f12514ab40,community_03,John,James,female,1974-08-09,94350979790.0,8090397285,https://www.commcarehq.org/photos/farmer_29.jpg,7,crop_farming,10,family_land,4,other,Spring Water,groundnuts rice,2.2,---,0.6,goats,9,---,10.2063124 7.306147 0.0 20.0,yes,5c050ca4-6a0d-4371-a71f-00cffe5ef21c,2026-04-18 00:06:00,2026-04-18,tester_03,2026-04-18 00:06:08,https://www.commcarehq.org/form/c905226f-7036-4664-9c05-72f12514ab40,tester_03,True,52,6.0,10.2063124,7.306147
30,d4067e10-5a60-4667-908b-96604ba1042c,community_05,Ruth,Ali,female,1984-11-22,95664907881.0,8007854904,https://www.commcarehq.org/photos/farmer_30.jpg,6,mixed_farming,15,owned,1,rain-fed,---,maize,---,4.2,---,---,---,---,10.3523618 7.4389567 0.0 20.0,yes,b990a12f-41f4-47d9-bebb-09947ef84d81,2026-05-10 00:06:00,2026-05-10,tester_05,2026-05-10 00:06:18,https://www.commcarehq.org/form/d4067e10-5a60-4667-908b-96604ba1042c,tester_05,True,41,6.0,10.3523618,7.4389567
31,a823ae1f-a4e8-445a-9cbd-07a3c1b49ee0,community_01,Yusuf,James,female,1978-03-25,43879092961.0,8048373329,https://www.commcarehq.org/photos/farmer_31.jpg,9,crop_farming,4,family_land,2,rain-fed,---,rice maize groundnuts,1.5,5.7,3.8,goats rabbits,25,20,10.440164 7.3406585 0.0 20.0,yes,c0b82cfc-acdf-45b2-bff9-cf5abf6f13a9,2026-02-24 00:03:00,2026-02-24,tester_01,2026-02-24 00:03:20,https://www.commcarehq.org/form/a823ae1f-a4e8-445a-9cbd-07a3c1b49ee0,tester_01,True,48,3.0,10.440164,7.3406585
32,2aa5f0ad-1939-41e7-acdb-5297c955dcb7,community_02,Mary,Samuel,female,1991-09-20,94274662027.0,8065666027,https://www.commcarehq.org/photos/farmer_32.jpg,5,crop_farming,13,owned,3,rain-fed,---,rice groundnuts maize,1.5,2.5,1.8,---,---,---,10.4270374 7.2339828 0.0 20.0,yes,b32ab574-55ec-4db5-a794-26d627fe1750,2026-02-10 00:08:00,2026-02-10,tester_02,2026-02-10 00:08:06,https://www.commcarehq.org/form/2aa5f0ad-1939-41e7-acdb-5297c955dcb7,tester_02,True,34,8.0,10.4270374,7.2339828
33,e5372b10-3e56-4d75-8547-3ef83fe70013,community_05,James,Ali,female,1978-12-13,81961932838.0,8014264603,https://www.commcarehq.org/photos/farmer_33.jpg,1,crop_farming,5,family_land,2,rain-fed,---,maize groundnuts rice,1.5,4.7,2.3,---,---,---,10.2288302 7.5447057 0.0 20.0,yes,f14fc6cd-cfcf-475e-bbed-5ffeac8224e9,2026-01-05 00:05:00,2026-01-05,tester_05,2026-01-05 00:05:07,https://www.commcarehq.org/form/e5372b10-3e56-4d75-8547-3ef83fe70013,tester_05,True,47,5.0,10.2288302,7.5447057
34,5dcb623c-ce08-471a-8133-d1fd53c8dab0,community_06,Blessing,Usman,female,1980-02-15,32869705212.0,8086890825,https://www.commcarehq.org/photos/farmer_34.jpg,2,crop_farming,25,owned,3,rain-fed,---,maize,---,2.6,---,---,---,---,10.2590759 7.2411218 0.0 20.0,yes,561b16b5-944f-4dca-9c52-d7c96e95ba73,2026-02-14 00:06:00,2026-02-14,tester_06,2026-02-14 00:06:09,https://www.commcarehq.org/form/5dcb623c-ce08-471a-8133-d1fd53c8dab0,tester_06,True,46,6.0,10.2590759,7.2411218
35,a79a3d51-3e57-4f14-a38c-665ad491d555,community_06,Binta,Bello,male,1968-11-20,,8074956686,https://www.commcarehq.org/photos/farmer_35.jpg,4,mixed_farming,18,owned,2,rain-fed,---,groundnuts rice,1.4,---,1.5,---,---,---,10.2361186 7.4376319 0.0 20.0,yes,6d630adb-591b-4474-9918-73bf56d36cab,2026-05-29 00:06:00,2026-05-29,tester_06,2026-05-29 00:06:06,https://www.commcarehq.org/form/a79a3d51-3e57-4f14-a38c-665ad491d555,tester_06,True,57,6.0,10.2361186,7.4376319
36,5aaab9eb-0e1a-4348-81bd-2388af4be541,community_03,Paul,Okafor,female,1988-10-27,70395287678.0,8018375124,https://www.commcarehq.org/photos/farmer_36.jpg,6,crop_farming,10,owned,2,rain-fed,---,rice maize groundnuts,1.3,3.8,1.9,goats,23,---,10.4410803 7.2601493 0.0 20.0,yes,89daa4ce-9c87-4c56-aaae-ab15da16a71f,2026-06-19 00:03:00,2026-06-19,tester_03,2026-06-19 00:03:16,https://www.commcarehq.org/form/5aaab9eb-0e1a-4348-81bd-2388af4be541,tester_03,True,37,3.0,10.4410803,7.2601493
37,62a914bd-0e97-4c26-90ec-c24c814359d9,community_02,Binta,Ogunleye,female,1997-05-26,97517171228.0,8078687656,https://www.commcarehq.org/photos/farmer_37.jpg,11,crop_farming,4,owned,4,rain-fed,---,groundnuts rice,2.2,---,3.6,---,---,---,10.2617011 7.2723384 0.0 20.0,yes,a0e1f86a-8b28-4482-9861-208969437698,2026-06-09 00:08:00,2026-06-09,tester_02,2026-06-09 00:08:10,https://www.commcarehq.org/form/62a914bd-0e97-4c26-90ec-c24c814359d9,tester_02,True,29,8.0,10.2617011,7.2723384
38,3b6fe207-1bbd-4808-a44c-df66dcb95ebf,community_05,Grace,Usman,male,1968-09-06,41992901998.0,8053848399,https://www.commcarehq.org/photos/farmer_38.jpg,6,mixed_farming,27,leased,1,rain-fed,---,groundnuts maize,2.7,3.8,---,goats,18,---,10.3140252 7.5052467 0.0 20.0,yes,55bc0f98-1461-45b5-9732-c6f3f186e685,2026-05-12 00:03:00,2026-05-12,tester_05,2026-05-12 00:03:18,https://www.commcarehq.org/form/3b6fe207-1bbd-4808-a44c-df66dcb95ebf,tester_05,True,57,3.0,10.3140252,7.5052467
39,8aae42c8-cf16-43a0-a590-d54689085e70,community_01,Elizabeth,Garba,female,1975-12-14,59400744392.0,8029309867,https://www.commcarehq.org/photos/farmer_39.jpg,2,crop_farming,31,owned,1,rain-fed,---,groundnuts,1.9,---,---,---,---,---,10.2444747 7.3152406 0.0 20.0,yes,9d6ee19f-8000-4921-83dd-1ec3e934191d,2026-01-13 00:03:00,2026-01-13,tester_01,2026-01-13 00:03:18,https://www.commcarehq.org/form/8aae42c8-cf16-43a0-a590-d54689085e70,tester_01,True,50,3.0,10.2444747,7.3152406
40,c7fcbdc1-1392-41d7-a8d8-33abff13e6e4,community_05,Hauwa,Ali,male,1968-09-13,81433702538.0,8057203516,https://www.commcarehq.org/photos/farmer_40.jpg,9,crop_farming,31,owned,2,rain-fed,---,maize,---,5.2,---,goats,25,---,10.2414655 7.4327613 0.0 20.0,yes,401ca8a6-d0e9-4f53-a6b0-16041e59c9e5,2026-02-04 00:02:00,2026-02-04,tester_05,2026-02-04 00:02:16,https://www.commcarehq.org/form/c7fcbdc1-1392-41d7-a8d8-33abff13e6e4,tester_05,True,57,2.0,10.2414655,7.4327613
41,d32d3b0c-e263-44ae-9285-f3dc48ead1a4,community_04,Joy,Ojo,male,1968-07-24,19169122031.0,8079027833,https://www.commcarehq.org/photos/farmer_41.jpg,6,crop_farming,13,owned,1,rain-fed,---,maize,---,3.1,---,goats,16,---,10.3546579 7.5894894 0.0 20.0,yes,1f999fff-5472-45c0-93c6-ddf4324029ea,2026-05-08 00:04:00,2026-05-08,tester_04,2026-05-08 00:04:13,https://www.commcarehq.org/form/d32d3b0c-e263-44ae-9285-f3dc48ead1a4,tester_04,True,58,4.0,10.3546579,7.5894894
42,3b002b6e-3a64-49e0-aa80-21d4198dde3c,community_06,Suleiman,Usman,male,1983-10-06,19030589268.0,8032471447,https://www.commcarehq.org/photos/farmer_42.jpg,5,mixed_farming,2,owned,3,rain-fed,---,rice groundnuts maize,0.9,4.1,3.2,goats,4,---,10.4580652 7.3448602 0.0 20.0,yes,263a50b5-a00d-49db-9035-65bb6d1a30a6,2026-01-09 00:06:00,2026-01-09,tester_06,2026-01-09 00:06:09,https://www.commcarehq.org/form/3b002b6e-3a64-49e0-aa80-21d4198dde3c,tester_06,True,42,6.0,10.4580652,7.3448602
43,485d71d2-6a52-4ddf-b1d5-11b6f1818d89,community_05,Daniel,Samuel,male,2005-10-08,97249621106.0,8029015917,https://www.commcarehq.org/photos/farmer_43.jpg,8,crop_farming,2,owned,1,rain-fed,---,maize groundnuts rice,2.2,4.8,2.4,goats,11,---,10.4847236 7.5709298 0.0 20.0,yes,0cb01918-4651-4592-87f9-3c35be8ab5c1,2026-04-03 00:06:00,2026-04-03,tester_05,2026-04-03 00:06:12,https://www.commcarehq.org/form/485d71d2-6a52-4ddf-b1d5-11b6f1818d89,tester_05,True,20,6.0,10.4847236,7.5709298
44,2023a47d-aa0b-46db-bd62-b63a1d201183,community_01,John,Abdullahi,male,1976-01-11,71714003551.0,8085603975,https://www.commcarehq.org/photos/farmer_44.jpg,11,mixed_farming,29,owned,3,river_stream,---,rice groundnuts maize,1.6,6.0,0.7,goats,6,---,10.2647868 7.5738951 0.0 20.0,yes,26f387c9-f374-4b44-b261-1864ac04b680,2026-05-13 00:04:00,2026-05-13,tester_01,2026-05-13 00:04:07,https://www.commcarehq.org/form/2023a47d-aa0b-46db-bd62-b63a1d201183,tester_01,True,50,4.0,10.2647868,7.5738951
45,43bb80b2-9bed-469f-8e42-e24c96808808,community_02,Binta,Sani,male,1976-10-13,34227856531.0,8055169390,https://www.commcarehq.org/photos/farmer_45.jpg,2,mixed_farming,27,family_land,1,rain-fed,---,rice maize,---,3.4,3.3,---,---,---,10.2291892 7.2239652 0.0 20.0,yes,544f9043-3530-46d8-a979-30bd90fc286e,2026-05-04 00:05:00,2026-05-04,tester_02,2026-05-04 00:05:11,https://www.commcarehq.org/form/43bb80b2-9bed-469f-8e42-e24c96808808,tester_02,True,49,5.0,10.2291892,7.2239652
46,60f6080f-e1ac-4fce-b40c-1df34c710394,community_03,Sarah,Johnson,female,1990-12-18,80310934766.0,8053422023,https://www.commcarehq.org/photos/farmer_46.jpg,7,livestock_farming,11,leased,3,borehole,---,rice maize,---,3.5,1.6,goats,14,---,10.5866747 7.2860578 0.0 20.0,yes,23612624-345b-43ed-9921-7fe7ed27d37e,2026-01-13 00:04:00,2026-01-13,tester_03,2026-01-13 00:04:20,https://www.commcarehq.org/form/60f6080f-e1ac-4fce-b40c-1df34c710394,tester_03,True,35,4.0,10.5866747,7.2860578
47,0d987670-6337-452c-ab5d-e83a2655a33b,community_04,Joy,Ojo,female,1996-05-14,48149856894.0,8077345150,https://www.commcarehq.org/photos/farmer_47.jpg,7,mixed_farming,10,family_land,4,rain-fed,---,rice maize,---,5.0,1.2,---,---,---,10.2181213 7.2548145 0.0 20.0,yes,706c0066-9554-4932-9a10-c4fb63698b9a,2026-05-02 00:06:00,2026-05-02,tester_04,2026-05-02 00:06:19,https://www.commcarehq.org/form/0d987670-6337-452c-ab5d-e83a2655a33b,tester_04,True,30,6.0,10.2181213,7.2548145
48,8876881b-6b2d-43e2-999f-06b18a7c7075,community_01,Naomi,Yakubu,male,1956-04-26,52273653396.0,8055545403,https://www.commcarehq.org/photos/farmer_48.jpg,3,mixed_farming,47,leased,5,rain-fed,---,rice groundnuts maize,2.0,1.5,2.7,---,---,---,10.2591103 7.4722908 0.0 20.0,yes,33721e47-1417-4c1a-81cd-601c95de9135,2026-06-29 00:02:00,2026-06-29,tester_01,2026-06-29 00:02:11,https://www.commcarehq.org/form/8876881b-6b2d-43e2-999f-06b18a7c7075,tester_01,True,70,2.0,10.2591103,7.4722908
49,bd13b2bd-2a60-4adf-a010-683d67f9a124,community_01,Ibrahim,Usman,male,1979-10-30,,8098701236,https://www.commcarehq.org/photos/farmer_49.jpg,7,crop_farming,18,owned,2,river_stream,---,rice maize groundnuts,1.0,2.0,2.5,goats,11,---,10.4819604 7.476096 0.0 20.0,yes,19eb00b3-16e6-419c-8de9-8fd834c9d3e8,2026-05-03 00:04:00,2026-05-03,tester_01,2026-05-03 00:04:13,https://www.commcarehq.org/form/bd13b2bd-2a60-4adf-a010-683d67f9a124,tester_01,True,46,4.0,10.4819604,7.476096
50,1ca59fbc-ca95-427e-930b-ed30257ed155,community_02,Blessing,Adeyemi,male,1954-01-24,,8082273424,https://www.commcarehq.org/photos/farmer_50.jpg,4,mixed_farming,18,owned,3,rain-fed,---,rice,---,---,3.7,goats rabbits,9,28,10.3321174 7.3889616 0.0 20.0,yes,503b74d8-7c1c-4857-8a87-4c47f54fcc27,2026-02-05 00:02:00,2026-02-05,tester_02,2026-02-05 00:02:10,https://www.commcarehq.org/form/1ca59fbc-ca95-427e-930b-ed30257ed155,tester_02,True,72,2.0,10.3321174,7.3889616
51,55cde7b5-b6ec-40b2-ae4a-995d6ed5d2a5,community_03,Elizabeth,Michael,female,1983-02-15,17069077735.0,8090557991,https://www.commcarehq.org/photos/farmer_51.jpg,12,mixed_farming,6,leased,2,rain-fed,---,rice groundnuts maize,1.2,6.4,2.4,---,---,---,10.5404239 7.3872083 0.0 20.0,yes,5881455e-bbb4-4498-b33b-778bb5574ff8,2026-01-29 00:04:00,2026-01-29,tester_03,2026-01-29 00:04:10,https://www.commcarehq.org/form/55cde7b5-b6ec-40b2-ae4a-995d6ed5d2a5,tester_03,True,43,4.0,10.5404239,7.3872083
52,53824f86-3f31-48e2-b95c-f2aa8e931a9c,community_05,Binta,Mohammed,female,2003-02-06,39022308426.0,8018885061,https://www.commcarehq.org/photos/farmer_52.jpg,4,crop_farming,4,owned,2,rain-fed,---,rice groundnuts maize,2.1,4.7,0.7,goats rabbits,11,34,10.5692424 7.5551206 0.0 20.0,yes,78c92222-e08f-4f6e-b617-63e2f3894e9b,2026-06-26 00:02:00,2026-06-26,tester_05,2026-06-26 00:02:14,https://www.commcarehq.org/form/53824f86-3f31-48e2-b95c-f2aa8e931a9c,tester_05,True,23,2.0,10.5692424,7.5551206
53,359046c6-571f-4ac7-a04d-f05ca786aa35,community_03,Peter,Garba,female,1978-09-06,86029256503.0,8097887657,https://www.commcarehq.org/photos/farmer_53.jpg,7,crop_farming,19,owned,3,rain-fed,---,groundnuts rice maize,2.6,3.2,2.9,---,---,---,10.5595557 7.3781931 0.0 20.0,yes,eef28217-381d-485e-a234-20c4a536330b,2026-02-03 00:06:00,2026-02-03,tester_03,2026-02-03 00:06:18,https://www.commcarehq.org/form/359046c6-571f-4ac7-a04d-f05ca786aa35,tester_03,True,47,6.0,10.5595557,7.3781931
54,17b3c2ca-8862-49ba-ab63-1a17548bdfac,community_03,Grace,Sani,male,1975-12-24,88245290322.0,8004750894,https://www.commcarehq.org/photos/farmer_54.jpg,5,mixed_farming,27,owned,2,irrigation_scheme,---,maize groundnuts,2.2,4.5,---,---,---,---,10.339108 7.2713895 0.0 20.0,yes,84cd577b-f293-4d06-b8c3-116679fec908,2026-05-16 00:03:00,2026-05-16,tester_03,2026-05-16 00:03:12,https://www.commcarehq.org/form/17b3c2ca-8862-49ba-ab63-1a17548bdfac,tester_03,True,50,3.0,10.339108,7.2713895
55,698b3b41-41c7-42cb-b3d2-83e46fdaa568,community_06,Emmanuel,Yusuf,female,1977-12-08,43601077243.0,8023297184,https://www.commcarehq.org/photos/farmer_55.jpg,9,crop_farming,22,family_land,1,rain-fed,---,groundnuts rice,2.4,---,3.2,goats,11,---,10.5665588 7.4304441 0.0 20.0,yes,70edf763-b1b5-4bd0-afd3-87145141b27d,2026-06-22 00:08:00,2026-06-22,tester_06,2026-06-22 00:08:15,https://www.commcarehq.org/form/698b3b41-41c7-42cb-b3d2-83e46fdaa568,tester_06,True,48,8.0,10.5665588,7.4304441
56,bfc9926c-ebf7-47cb-bb71-a40bfed8ec8d,community_02,Naomi,Peter,female,1980-02-10,96651537241.0,8065036356,https://www.commcarehq.org/photos/farmer_56.jpg,2,mixed_farming,8,family_land,2,rain-fed,---,groundnuts maize,2.9,3.8,---,goats,9,---,10.3321052 7.2316282 0.0 20.0,yes,3ab61424-093f-4bb2-9a21-d58f4e2572bf,2026-04-05 00:02:00,2026-04-05,tester_02,2026-04-05 00:02:11,https://www.commcarehq.org/form/bfc9926c-ebf7-47cb-bb71-a40bfed8ec8d,tester_02,True,46,2.0,10.3321052,7.2316282
57,d4f2dae0-f46c-4ab8-a67d-4d80d0ce4cbb,community_01,Joseph,Adeyemi,female,2007-04-01,,8056229392,https://www.commcarehq.org/photos/farmer_57.jpg,4,livestock_farming,1,leased,3,rain-fed,---,rice,---,---,1.6,goats,16,---,10.3437038 7.3046247 0.0 20.0,yes,3ba8077e-b23a-443e-8949-cccbbc05fd4a,2026-05-08 00:05:00,2026-05-08,tester_01,2026-05-08 00:05:08,https://www.commcarehq.org/form/d4f2dae0-f46c-4ab8-a67d-4d80d0ce4cbb,tester_01,True,19,5.0,10.3437038,7.3046247
58,6cccd032-9847-4d08-a08c-8aaf7f04fd77,community_06,Suleiman,Ibrahim,female,1993-01-01,87505757671.0,8087055721,https://www.commcarehq.org/photos/farmer_58.jpg,4,crop_farming,11,leased,2,river_stream,---,rice maize groundnuts,0.9,5.3,1.1,---,---,---,10.5667598 7.4168547 0.0 20.0,yes,23108630-574a-482f-ac3e-0a598fed1ca5,2026-01-16 00:06:00,2026-01-16,tester_06,2026-01-16 00:06:06,https://www.commcarehq.org/form/6cccd032-9847-4d08-a08c-8aaf7f04fd77,tester_06,True,33,6.0,10.5667598,7.4168547
59,79989e12-65dc-48ca-a922-8a554f1c6367,community_06,Fatima,Haruna,female,1970-05-06,,8027053666,https://www.commcarehq.org/photos/farmer_59.jpg,12,crop_farming,34,family_land,3,rain-fed,---,rice maize groundnuts,0.8,1.1,1.0,goats,18,---,10.3417764 7.5179745 0.0 20.0,yes,36e2f17b-b0de-45a6-87b3-6d01ddb4366c,2026-04-14 00:05:00,2026-04-14,tester_06,2026-04-14 00:05:12,https://www.commcarehq.org/form/79989e12-65dc-48ca-a922-8a554f1c6367,tester_06,True,56,5.0,10.3417764,7.5179745
60,a40b892e-df0d-48a6-82b1-75f45592d7ac,community_07,Peter,Ahmed,female,1976-05-27,84634375004.0,8046708639,https://www.commcarehq.org/photos/farmer_60.jpg,3,crop_farming,31,owned,1,rain-fed,---,rice groundnuts maize,2.8,2.4,3.9,---,---,---,10.4850846 7.3593184 0.0 20.0,yes,5b37c7f0-3183-4326-aea6-0d9385048f0c,2026-02-11 00:06:00,2026-02-11,tester_07,2026-02-11 00:06:12,https://www.commcarehq.org/form/a40b892e-df0d-48a6-82b1-75f45592d7ac,tester_07,True,50,6.0,10.4850846,7.3593184
61,9f87dd17-5717-4fca-ae0b-bd92ee6b01bd,community_04,Deborah,David,female,1980-05-02,,8060730206,https://www.commcarehq.org/photos/farmer_61.jpg,7,mixed_farming,1,family_land,2,rain-fed,---,maize groundnuts,2.2,4.5,---,goats,21,---,10.2985799 7.2294027 0.0 20.0,yes,44bb4203-2e1e-441d-b1f9-b3f69daf9351,2026-04-08 00:07:00,2026-04-08,tester_04,2026-04-08 00:07:09,https://www.commcarehq.org/form/9f87dd17-5717-4fca-ae0b-bd92ee6b01bd,tester_04,True,46,7.0,10.2985799,7.2294027
62,aed81967-a809-4aa8-aaf8-cfd2176a089f,community_05,Ibrahim,Samuel,male,2003-11-22,24043539950.0,8011454030,https://www.commcarehq.org/photos/farmer_62.jpg,7,crop_farming,4,owned,1,rain-fed,---,rice,---,---,2.3,rabbits,---,19,10.3204525 7.3972496 0.0 20.0,yes,bfa43db2-3a27-4586-83af-6023f0fcf020,2026-04-22 00:04:00,2026-04-22,tester_05,2026-04-22 00:04:18,https://www.commcarehq.org/form/aed81967-a809-4aa8-aaf8-cfd2176a089f,tester_05,True,22,4.0,10.3204525,7.3972496
63,d6737a6b-7594-4e1a-89da-a556026246d1,community_02,Paul,Bello,male,1950-09-19,24851402655.0,8010383844,https://www.commcarehq.org/photos/farmer_63.jpg,8,crop_farming,45,owned,5,dam_reservoir,---,rice maize,---,6.3,3.2,goats,10,---,10.3571741 7.2455551 0.0 20.0,yes,558787c5-c654-4248-9e6a-ed35ee3062db,2026-06-01 00:06:00,2026-06-01,tester_02,2026-06-01 00:06:10,https://www.commcarehq.org/form/d6737a6b-7594-4e1a-89da-a556026246d1,tester_02,True,75,6.0,10.3571741,7.2455551
64,d9766be8-0e94-4863-8edb-332adbfa8db8,community_05,Mercy,Yusuf,female,1982-11-30,,8080876132,https://www.commcarehq.org/photos/farmer_64.jpg,4,crop_farming,20,owned,2,irrigation_scheme,---,maize groundnuts rice,2.3,5.4,2.6,rabbits,---,17,10.4630407 7.3420035 0.0 20.0,yes,2268b757-ad90-4edf-baf4-c88b5293b9e9,2026-01-12 00:06:00,2026-01-12,tester_05,2026-01-12 00:06:17,https://www.commcarehq.org/form/d9766be8-0e94-4863-8edb-332adbfa8db8,tester_05,True,43,6.0,10.4630407,7.3420035
65,c43190b4-353f-442f-946f-7facea18cf5b,community_07,Ibrahim,Abdullahi,male,2004-03-15,85242663481.0,8055437553,https://www.commcarehq.org/photos/farmer_65.jpg,3,livestock_farming,1,owned,5,rain-fed,---,rice,---,---,2.2,---,---,---,10.4787053 7.3275638 0.0 20.0,yes,e102f4fd-69af-4d1c-98c8-c1cbe8b4b15a,2026-01-30 00:02:00,2026-01-30,tester_07,2026-01-30 00:02:15,https://www.commcarehq.org/form/c43190b4-353f-442f-946f-7facea18cf5b,tester_07,True,22,2.0,10.4787053,7.3275638
66,dafaf6ad-339c-4e18-9db8-ef8ce0652b2c,community_05,Ahmed,Abdullahi,male,1958-10-27,53637450593.0,8059241640,https://www.commcarehq.org/photos/farmer_66.jpg,7,crop_farming,1,family_land,1,borehole,---,rice,---,---,0.9,rabbits,---,22,10.2788297 7.245582 0.0 20.0,yes,fac3dda9-012d-456a-880d-df40d54b2085,2026-05-06 00:06:00,2026-05-06,tester_05,2026-05-06 00:06:15,https://www.commcarehq.org/form/dafaf6ad-339c-4e18-9db8-ef8ce0652b2c,tester_05,True,67,6.0,10.2788297,7.245582
67,1d0680af-dabc-4192-a4f6-88b4018eccb5,community_04,Hauwa,David,female,1988-08-28,52093313968.0,8095632131,https://www.commcarehq.org/photos/farmer_67.jpg,6,crop_farming,6,owned,3,rain-fed,---,rice,---,---,1.1,goats,7,---,10.3804004 7.2214445 0.0 20.0,yes,098ff77d-91b6-44d0-822c-357d2dcd0b38,2026-01-03 00:05:00,2026-01-03,tester_04,2026-01-03 00:05:09,https://www.commcarehq.org/form/1d0680af-dabc-4192-a4f6-88b4018eccb5,tester_04,True,37,5.0,10.3804004,7.2214445
68,8679ee39-990f-48b3-bbe3-5f6b407a7ab5,community_02,Joseph,Sani,male,1978-12-13,,8041572022,https://www.commcarehq.org/photos/farmer_68.jpg,6,crop_farming,17,owned,1,rain-fed,---,rice groundnuts,2.4,---,2.0,goats rabbits,15,17,10.3190836 7.5997251 0.0 20.0,yes,1140088e-b7b6-4147-ac16-1416abb35ce3,2026-03-31 00:08:00,2026-03-31,tester_02,2026-03-31 00:08:07,https://www.commcarehq.org/form/8679ee39-990f-48b3-bbe3-5f6b407a7ab5,tester_02,True,47,8.0,10.3190836,7.5997251
69,916dfcb0-94e4-4b61-b9f9-05c43e31f82c,community_03,Mary,Lawal,female,1986-07-24,94657043626.0,8061122032,https://www.commcarehq.org/photos/farmer_69.jpg,7,crop_farming,19,owned,3,borehole,---,groundnuts,2.9,---,---,---,---,---,10.5969945 7.546819 0.0 20.0,yes,7e1458e2-d441-4e18-9d78-13d06fcd4649,2026-02-03 00:03:00,2026-02-03,tester_03,2026-02-03 00:03:09,https://www.commcarehq.org/form/916dfcb0-94e4-4b61-b9f9-05c43e31f82c,tester_03,True,40,3.0,10.5969945,7.546819
70,f020531c-c48f-4e6e-bdfa-e6cfe439d873,community_05,Joy,Garba,female,1979-05-02,97053477282.0,8044680529,https://www.commcarehq.org/photos/farmer_70.jpg,5,mixed_farming,28,family_land,5,rain-fed,---,maize groundnuts rice,1.0,3.1,1.2,goats,11,---,10.4311735 7.4264568 0.0 20.0,yes,8620c092-8826-4dd1-ac0f-929b07b42753,2026-03-29 00:07:00,2026-03-29,tester_05,2026-03-29 00:07:06,https://www.commcarehq.org/form/f020531c-c48f-4e6e-bdfa-e6cfe439d873,tester_05,True,47,7.0,10.4311735,7.4264568
71,6fd70bf1-27c1-405d-ab92-097b6cf6f823,community_01,Binta,Abdullahi,female,2005-11-23,37607187789.0,8099838803,https://www.commcarehq.org/photos/farmer_71.jpg,3,crop_farming,2,family_land,3,rain-fed,---,groundnuts rice maize,1.0,1.0,2.6,---,---,---,10.203225 7.3374297 0.0 20.0,yes,d1a82f65-11e9-4b99-b105-ed9deeb26982,2026-04-19 00:07:00,2026-04-19,tester_01,2026-04-19 00:07:09,https://www.commcarehq.org/form/6fd70bf1-27c1-405d-ab92-097b6cf6f823,tester_01,True,20,7.0,10.203225,7.3374297
72,7af45f3b-e8e3-40c4-8998-53b9c28ce48e,community_03,Peter,David,male,1975-02-04,28465161052.0,8038866056,https://www.commcarehq.org/photos/farmer_72.jpg,4,mixed_farming,10,leased,3,river_stream,---,groundnuts,0.9,---,---,goats,25,---,10.5852995 7.3258015 0.0 20.0,yes,bfeeffd2-18ee-414e-bae7-cdd039a68111,2026-03-12 00:07:00,2026-03-12,tester_03,2026-03-12 00:07:07,https://www.commcarehq.org/form/7af45f3b-e8e3-40c4-8998-53b9c28ce48e,tester_03,True,51,7.0,10.5852995,7.3258015
73,9d4524f6-5255-4c79-9996-fb1fbf31bcde,community_02,Hauwa,Eze,female,1995-08-06,,8026136772,https://www.commcarehq.org/photos/farmer_73.jpg,2,crop_farming,1,leased,6,rain-fed,---,rice groundnuts maize,2.9,5.1,0.6,goats,10,---,10.5690317 7.579472 0.0 20.0,yes,b6c0b8cb-a3a6-4371-8d56-021e9da50032,2026-03-15 00:07:00,2026-03-15,tester_02,2026-03-15 00:07:18,https://www.commcarehq.org/form/9d4524f6-5255-4c79-9996-fb1fbf31bcde,tester_02,True,31,7.0,10.5690317,7.579472
74,10a8a58b-f9a0-48d3-9628-d142df0dcfe1,community_03,Joseph,Bello,female,1984-02-20,79058871749.0,8099135766,https://www.commcarehq.org/photos/farmer_74.jpg,5,mixed_farming,2,owned,6,rain-fed,---,rice groundnuts,0.8,---,3.0,rabbits,---,24,10.4092021 7.5131948 0.0 20.0,yes,58d125fe-1c60-4699-8310-8e9bba5f6734,2026-02-12 00:04:00,2026-02-12,tester_03,2026-02-12 00:04:09,https://www.commcarehq.org/form/10a8a58b-f9a0-48d3-9628-d142df0dcfe1,tester_03,True,42,4.0,10.4092021,7.5131948
75,9768fb3e-0ce1-47ef-aab2-41c8e43aac5f,community_05,Deborah,Mohammed,female,2008-01-16,,8020750434,https://www.commcarehq.org/photos/farmer_75.jpg,7,mixed_farming,1,owned,4,rain-fed,---,maize rice,---,6.0,1.1,rabbits,---,28,10.2898061 7.2993053 0.0 20.0,yes,9fe9e16d-7718-430c-ae24-3e59d5dbadd5,2026-03-23 00:04:00,2026-03-23,tester_05,2026-03-23 00:04:07,https://www.commcarehq.org/form/9768fb3e-0ce1-47ef-aab2-41c8e43aac5f,tester_05,True,18,4.0,10.2898061,7.2993053
76,1796083b-110a-4b37-b29b-71f933f45808,community_04,Mary,Yakubu,female,2004-10-15,,8090428350,https://www.commcarehq.org/photos/farmer_76.jpg,4,mixed_farming,2,owned,3,other,Rainwater Harvesting,rice groundnuts maize,0.5,3.0,1.3,goats,24,---,10.5803961 7.2005848 0.0 20.0,yes,19f02339-2f77-43b5-91fd-52b3c9adb61e,2026-03-20 00:02:00,2026-03-20,tester_04,2026-03-20 00:02:11,https://www.commcarehq.org/form/1796083b-110a-4b37-b29b-71f933f45808,tester_04,True,21,2.0,10.5803961,7.2005848
77,e6566a64-a933-4d0b-90a0-5fe0595c9a6a,community_04,Peter,Usman,male,2005-07-07,82350889774.0,8048475563,https://www.commcarehq.org/photos/farmer_77.jpg,7,livestock_farming,1,owned,2,rain-fed,---,maize rice groundnuts,1.2,0.9,1.2,---,---,---,10.2621642 7.26575 0.0 20.0,yes,cc6adc80-7def-40b1-8004-fdbb3a3206a2,2026-04-15 00:02:00,2026-04-15,tester_04,2026-04-15 00:02:16,https://www.commcarehq.org/form/e6566a64-a933-4d0b-90a0-5fe0595c9a6a,tester_04,True,21,2.0,10.2621642,7.26575
78,2bfd3752-570c-4036-8b50-a54e6d7b1d3c,community_07,John,Ali,male,1995-05-24,51601288789.0,8086083023,https://www.commcarehq.org/photos/farmer_78.jpg,2,livestock_farming,1,leased,2,rain-fed,---,maize,---,1.1,---,rabbits,---,5,10.5321489 7.5930269 0.0 20.0,yes,5c9e0864-51c7-46e9-bcc6-f04aed9b6304,2026-04-13 00:04:00,2026-04-13,tester_07,2026-04-13 00:04:07,https://www.commcarehq.org/form/2bfd3752-570c-4036-8b50-a54e6d7b1d3c,tester_07,True,31,4.0,10.5321489,7.5930269
79,3e871546-9466-4716-98f6-ffcba5578b6d,community_04,James,Philip,female,2007-03-27,,8041983041,https://www.commcarehq.org/photos/farmer_79.jpg,7,crop_farming,1,family_land,1,irrigation_scheme,---,maize rice,---,5.8,0.6,---,---,---,10.3180421 7.3647969 0.0 20.0,yes,875efcd8-94b0-401b-b411-df2c31531165,2026-01-16 00:02:00,2026-01-16,tester_04,2026-01-16 00:02:13,https://www.commcarehq.org/form/3e871546-9466-4716-98f6-ffcba5578b6d,tester_04,True,19,2.0,10.3180421,7.3647969
80,2f506c68-ada9-4ab0-9a6a-e0aa12b27d88,community_03,David,Daniel,female,1972-08-26,,8050374735,https://www.commcarehq.org/photos/farmer_80.jpg,5,crop_farming,15,owned,5,rain-fed,---,groundnuts rice maize,1.1,1.9,2.4,---,---,---,10.5056199 7.579121 0.0 20.0,yes,d0fb8af4-3f6c-4923-a8c3-c54b4308a68b,2026-04-10 00:04:00,2026-04-10,tester_03,2026-04-10 00:04:10,https://www.commcarehq.org/form/2f506c68-ada9-4ab0-9a6a-e0aa12b27d88,tester_03,True,53,4.0,10.5056199,7.579121
81,0bf6d7c4-f7c0-43c4-9acc-b8c043329037,community_01,Blessing,Johnson,female,1977-06-29,,8035198895,https://www.commcarehq.org/photos/farmer_81.jpg,10,mixed_farming,1,owned,1,rain-fed,---,maize,---,4.8,---,---,---,---,10.3294355 7.2087652 0.0 20.0,yes,441276d4-a87e-402b-89d8-048f1f31d9bc,2026-02-06 00:08:00,2026-02-06,tester_01,2026-02-06 00:08:08,https://www.commcarehq.org/form/0bf6d7c4-f7c0-43c4-9acc-b8c043329037,tester_01,True,49,8.0,10.3294355,7.2087652
82,e931170f-3b66-46a4-ad8b-c305602fd44a,community_06,Deborah,Samuel,female,1989-09-13,54245744424.0,8011979619,https://www.commcarehq.org/photos/farmer_82.jpg,8,crop_farming,19,family_land,2,borehole,---,groundnuts,2.3,---,---,---,---,---,10.3566406 7.5977133 0.0 20.0,yes,e7187207-f504-441d-816d-3bd6c56ba4ca,2026-01-09 00:03:00,2026-01-09,tester_06,2026-01-09 00:03:15,https://www.commcarehq.org/form/e931170f-3b66-46a4-ad8b-c305602fd44a,tester_06,True,36,3.0,10.3566406,7.5977133
83,6c142d33-7484-4bd1-8721-a14f6b18cd8f,community_07,Hauwa,Garba,female,2001-04-26,40398948041.0,8033698673,https://www.commcarehq.org/photos/farmer_83.jpg,3,crop_farming,3,family_land,5,rain-fed,---,groundnuts maize,1.7,2.8,---,rabbits,---,32,10.515492 7.4312222 0.0 20.0,yes,cddde652-cc48-4184-a388-83d5733e4255,2026-02-27 00:03:00,2026-02-27,tester_07,2026-02-27 00:03:19,https://www.commcarehq.org/form/6c142d33-7484-4bd1-8721-a14f6b18cd8f,tester_07,True,25,3.0,10.515492,7.4312222
84,aaf574f7-ad29-403e-8607-167b12070038,community_01,Deborah,Musa,male,1995-06-02,65353243316.0,8010993987,https://www.commcarehq.org/photos/farmer_84.jpg,6,livestock_farming,3,owned,2,rain-fed,---,rice maize groundnuts,1.2,1.1,1.9,---,---,---,10.2218019 7.2015262 0.0 20.0,yes,43d01743-6137-42b4-9f71-f2ac11c87db3,2026-06-19 00:07:00,2026-06-19,tester_01,2026-06-19 00:07:20,https://www.commcarehq.org/form/aaf574f7-ad29-403e-8607-167b12070038,tester_01,True,31,7.0,10.2218019,7.2015262
85,0ae5a846-5a6b-4367-8f6f-1cc388a4f46c,community_02,Amina,Daniel,male,1994-11-09,,8033460518,https://www.commcarehq.org/photos/farmer_85.jpg,12,crop_farming,4,family_land,6,borehole,---,rice,---,---,1.7,---,---,---,10.4358906 7.4214408 0.0 20.0,yes,df15a028-1602-4592-8cd4-a4ed31aeb278,2026-05-14 00:05:00,2026-05-14,tester_02,2026-05-14 00:05:20,https://www.commcarehq.org/form/0ae5a846-5a6b-4367-8f6f-1cc388a4f46c,tester_02,True,31,5.0,10.4358906,7.4214408
86,8cf6da83-e164-4ed4-97fa-bb272dc77122,community_04,Peter,Ibrahim,male,1995-10-25,95825278204.0,8019491210,https://www.commcarehq.org/photos/farmer_86.jpg,3,livestock_farming,11,owned,3,irrigation_scheme,---,groundnuts,1.5,---,---,goats,12,---,10.4078753 7.5668648 0.0 20.0,no,ade896a8-edc7-43ad-bb15-ae4fdc81c650,2026-06-29 00:06:00,2026-06-29,tester_04,2026-06-29 00:06:18,https://www.commcarehq.org/form/8cf6da83-e164-4ed4-97fa-bb272dc77122,tester_04,True,30,6.0,10.4078753,7.5668648
87,1cd139e6-973c-453a-8091-bdd80b9c9e6f,community_01,Sarah,Peter,female,1985-05-18,46124497642.0,8034602166,https://www.commcarehq.org/photos/farmer_87.jpg,3,mixed_farming,2,family_land,2,rain-fed,---,maize rice,---,5.6,3.5,---,---,---,10.291183 7.3201922 0.0 20.0,yes,a9218157-3c09-40b2-9c50-c97606c1f4ff,2026-03-24 00:04:00,2026-03-24,tester_01,2026-03-24 00:04:18,https://www.commcarehq.org/form/1cd139e6-973c-453a-8091-bdd80b9c9e6f,tester_01,True,41,4.0,10.291183,7.3201922
88,53b1f6f2-ed2b-4543-bcb1-9175e4c10e90,community_04,Fatima,Daniel,male,1952-11-13,,8088513518,https://www.commcarehq.org/photos/farmer_88.jpg,1,crop_farming,4,owned,5,borehole,---,maize rice,---,3.5,2.7,goats,2,---,10.3955147 7.3784414 0.0 20.0,yes,0288577f-8c20-44b2-b4fe-24066185fea6,2026-05-02 00:06:00,2026-05-02,tester_04,2026-05-02 00:06:16,https://www.commcarehq.org/form/53b1f6f2-ed2b-4543-bcb1-9175e4c10e90,tester_04,True,73,6.0,10.3955147,7.3784414
89,e6ba1cf9-0246-490c-8300-dc1d0a981ee2,community_03,Joy,Michael,male,1975-02-19,31688086108.0,8087222265,https://www.commcarehq.org/photos/farmer_89.jpg,1,mixed_farming,1,owned,3,rain-fed,---,rice maize groundnuts,2.7,5.6,2.1,goats,11,---,10.5297243 7.358861 0.0 20.0,yes,b0021fd2-b5c2-4571-8dc3-0b4b46312e0f,2026-05-11 00:07:00,2026-05-11,tester_03,2026-05-11 00:07:16,https://www.commcarehq.org/form/e6ba1cf9-0246-490c-8300-dc1d0a981ee2,tester_03,True,51,7.0,10.5297243,7.358861
90,728d49b3-1ca3-413e-8fc8-ed0579c236df,community_04,Hauwa,Eze,male,1979-06-11,97086832438.0,8032696152,https://www.commcarehq.org/photos/farmer_90.jpg,3,mixed_farming,22,owned,1,borehole,---,maize rice,---,2.9,3.1,---,---,---,10.5264059 7.3372668 0.0 20.0,yes,179df7a1-9476-43ac-81f2-e01dbd89e862,2026-06-25 00:06:00,2026-06-25,tester_04,2026-06-25 00:06:20,https://www.commcarehq.org/form/728d49b3-1ca3-413e-8fc8-ed0579c236df,tester_04,True,47,6.0,10.5264059,7.3372668
91,3be5c551-a66c-4828-a345-5f7faff2f47f,community_07,Ahmed,Samuel,male,1968-04-14,29201857661.0,8077599862,https://www.commcarehq.org/photos/farmer_91.jpg,4,mixed_farming,22,owned,3,river_stream,---,groundnuts rice,1.7,---,1.2,goats,23,---,10.3193423 7.2216248 0.0 20.0,yes,a487e58e-1b84-4612-97ac-251072446e48,2026-02-05 00:03:00,2026-02-05,tester_07,2026-02-05 00:03:15,https://www.commcarehq.org/form/3be5c551-a66c-4828-a345-5f7faff2f47f,tester_07,True,58,3.0,10.3193423,7.2216248
92,c15b276a-0f4f-4531-b594-93fe83f70bfb,community_03,Blessing,Michael,female,1991-04-09,,8046160271,https://www.commcarehq.org/photos/farmer_92.jpg,4,crop_farming,14,family_land,2,rain-fed,---,groundnuts,1.8,---,---,---,---,---,10.5568026 7.5027391 0.0 20.0,yes,9c57a6ab-0781-4274-a821-75971f271db1,2026-01-05 00:07:00,2026-01-05,tester_03,2026-01-05 00:07:05,https://www.commcarehq.org/form/c15b276a-0f4f-4531-b594-93fe83f70bfb,tester_03,True,35,7.0,10.5568026,7.5027391
93,e5d75942-ff9a-46ea-8c50-fe87612afd51,community_05,Peter,Garba,female,1994-05-18,51183027018.0,8018227538,https://www.commcarehq.org/photos/farmer_93.jpg,4,crop_farming,4,owned,4,borehole,---,groundnuts,2.3,---,---,rabbits,---,25,10.484444 7.5168509 0.0 20.0,yes,4138cedb-fbad-4504-a9d5-ac5bae53bb35,2026-06-13 00:04:00,2026-06-13,tester_05,2026-06-13 00:04:06,https://www.commcarehq.org/form/e5d75942-ff9a-46ea-8c50-fe87612afd51,tester_05,True,32,4.0,10.484444,7.5168509
94,c0f9473f-9179-40f1-af41-b576dd1a7ec9,community_04,Grace,Adeyemi,male,1975-07-26,63447922883.0,8012726041,https://www.commcarehq.org/photos/farmer_94.jpg,7,crop_farming,7,owned,4,borehole,---,groundnuts rice,2.4,---,3.4,---,---,---,10.3639025 7.2641494 0.0 20.0,yes,74c83c0d-6a15-4b01-9a09-bbf3d0f12a1f,2026-02-23 00:07:00,2026-02-23,tester_04,2026-02-23 00:07:20,https://www.commcarehq.org/form/c0f9473f-9179-40f1-af41-b576dd1a7ec9,tester_04,True,51,7.0,10.3639025,7.2641494
95,6f7622ca-5d1b-446f-9ce3-30e44bc403ce,community_02,Amina,Yusuf,female,1951-05-05,,8070796492,https://www.commcarehq.org/photos/farmer_95.jpg,1,livestock_farming,24,family_land,2,rain-fed,---,groundnuts,2.6,---,---,rabbits,---,24,10.557811 7.5820357 0.0 20.0,yes,4bceedc2-e0b1-4612-95b0-9a194f7c5813,2026-01-24 00:04:00,2026-01-24,tester_02,2026-01-24 00:04:15,https://www.commcarehq.org/form/6f7622ca-5d1b-446f-9ce3-30e44bc403ce,tester_02,True,75,4.0,10.557811,7.5820357
96,1e05584a-b9ff-4f6b-b203-16011996e1e0,community_02,Joseph,David,female,1989-07-22,,8076716091,https://www.commcarehq.org/photos/farmer_96.jpg,6,mixed_farming,15,owned,2,rain-fed,---,rice groundnuts maize,2.8,1.2,1.9,goats,10,---,10.2049441 7.5473329 0.0 20.0,yes,58b8f08c-4922-4e78-9973-6b10e07dd27e,2026-05-28 00:07:00,2026-05-28,tester_02,2026-05-28 00:07:12,https://www.commcarehq.org/form/1e05584a-b9ff-4f6b-b203-16011996e1e0,tester_02,True,37,7.0,10.2049441,7.5473329
97,65ecc149-a32a-4ec5-9841-f5dea226de13,community_07,Ahmed,Tanko,male,1977-05-26,43185717519.0,8046618860,https://www.commcarehq.org/photos/farmer_97.jpg,4,crop_farming,6,owned,2,rain-fed,---,groundnuts rice,1.9,---,1.8,rabbits,---,30,10.5205045 7.3792394 0.0 20.0,yes,d96bdf8c-d534-469b-8671-e1f4d14fa725,2026-04-25 00:04:00,2026-04-25,tester_07,2026-04-25 00:04:08,https://www.commcarehq.org/form/65ecc149-a32a-4ec5-9841-f5dea226de13,tester_07,True,49,4.0,10.5205045,7.3792394
98,fd990bb0-01a8-4974-955c-41d3c5c80502,community_07,Suleiman,Ojo,male,1995-09-27,22137185725.0,8079685643,https://www.commcarehq.org/photos/farmer_98.jpg,3,crop_farming,13,family_land,2,rain-fed,---,groundnuts rice,2.4,---,1.3,goats,22,---,10.3167934 7.408794 0.0 20.0,yes,bcff89e9-f48b-40b2-88b3-1af6c68e588f,2026-01-12 00:03:00,2026-01-12,tester_07,2026-01-12 00:03:20,https://www.commcarehq.org/form/fd990bb0-01a8-4974-955c-41d3c5c80502,tester_07,True,30,3.0,10.3167934,7.408794
99,7a74c4f3-38ef-4130-89b6-88e157957abb,community_01,Yusuf,Balogun,female,1999-03-30,37457281372.0,8047714985,https://www.commcarehq.org/photos/farmer_99.jpg,6,mixed_farming,8,owned,5,river_stream,---,rice groundnuts,2.2,---,1.1,rabbits,---,40,10.4424643 7.3287375 0.0 20.0,yes,34df99e0-1d16-4203-a4c9-c37e11580578,2026-04-18 00:06:00,2026-04-18,tester_01,2026-04-18 00:06:12,https://www.commcarehq.org/form/7a74c4f3-38ef-4130-89b6-88e157957abb,tester_01,True,27,6.0,10.4424643,7.3287375
100,b877d37d-ffe8-4c08-91df-1efe9ec673aa,community_02,Ibrahim,Ahmed,male,2001-09-02,,8072787962,https://www.commcarehq.org/photos/farmer_100.jpg,7,livestock_farming,2,leased,3,rain-fed,---,rice maize groundnuts,2.4,3.9,2.5,---,---,---,10.4696974 7.5575464 0.0 20.0,yes,fb4d9b3d-b80b-44f3-a202-1ad31d9c8320,2026-04-19 00:08:00,2026-04-19,tester_02,2026-04-19 00:08:05,https://www.commcarehq.org/form/b877d37d-ffe8-4c08-91df-1efe9ec673aa,tester_02,True,24,8.0,10.4696974,7.5575464
101,d25ae059-633a-4a78-9fc1-3f62cff5a381,community_04,Amina,David,male,1983-02-26,,8012286270,https://www.commcarehq.org/photos/farmer_101.jpg,1,mixed_farming,8,owned,3,borehole,---,maize rice,---,6.2,3.9,goats rabbits,19,18,10.2812349 7.54754 0.0 20.0,yes,3f875489-8497-43f5-8d9b-c24f79659b2d,2026-04-24 00:08:00,2026-04-24,tester_04,2026-04-24 00:08:12,https://www.commcarehq.org/form/d25ae059-633a-4a78-9fc1-3f62cff5a381,tester_04,True,43,8.0,10.2812349,7.54754
102,2e381845-5e08-4962-ac34-d4bb75bcd65b,community_07,Yusuf,Ogunleye,female,1967-09-11,49485772012.0,8049097102,https://www.commcarehq.org/photos/farmer_102.jpg,12,mixed_farming,10,owned,2,borehole,---,rice maize groundnuts,2.5,3.8,0.8,---,---,---,10.5827951 7.4082425 0.0 20.0,yes,b8a9e5f0-b4b4-4d7a-8d8f-ce810d62b6ce,2026-02-10 00:05:00,2026-02-10,tester_07,2026-02-10 00:05:17,https://www.commcarehq.org/form/2e381845-5e08-4962-ac34-d4bb75bcd65b,tester_07,True,58,5.0,10.5827951,7.4082425
103,42c44eca-efa1-49c8-b4e5-bcc49b74fd5f,community_01,Peter,Michael,male,1991-02-10,94837010202.0,8059890649,https://www.commcarehq.org/photos/farmer_103.jpg,7,crop_farming,11,owned,1,rain-fed,---,groundnuts maize,1.8,3.6,---,---,---,---,10.4606113 7.3281251 0.0 20.0,yes,7fb8e487-db04-42fe-87c1-8e792c9788c9,2026-01-25 00:03:00,2026-01-25,tester_01,2026-01-25 00:03:05,https://www.commcarehq.org/form/42c44eca-efa1-49c8-b4e5-bcc49b74fd5f,tester_01,True,35,3.0,10.4606113,7.3281251
104,b16e0d1a-5dd3-4f70-870f-6dd2ced9dcc7,community_05,John,Adeyemi,female,1990-05-18,97768677875.0,8080607001,https://www.commcarehq.org/photos/farmer_104.jpg,5,crop_farming,9,owned,2,rain-fed,---,maize,---,4.5,---,---,---,---,10.4473397 7.5023842 0.0 20.0,yes,69f2d90c-b8ed-442b-b535-ac71711379b4,2026-06-29 00:08:00,2026-06-29,tester_05,2026-06-29 00:08:07,https://www.commcarehq.org/form/b16e0d1a-5dd3-4f70-870f-6dd2ced9dcc7,tester_05,True,36,8.0,10.4473397,7.5023842
105,7d9eb12b-01a0-497e-8c70-540ba8f187c0,community_03,Esther,James,male,1977-05-30,74109649171.0,8038012778,https://www.commcarehq.org/photos/farmer_105.jpg,5,mixed_farming,30,leased,3,dam_reservoir,---,rice,---,---,3.6,goats rabbits,3,40,10.3576327 7.4190102 0.0 20.0,yes,b0f673a7-8683-4826-867a-5c76f8baf9b1,2026-02-23 00:07:00,2026-02-23,tester_03,2026-02-23 00:07:16,https://www.commcarehq.org/form/7d9eb12b-01a0-497e-8c70-540ba8f187c0,tester_03,True,49,7.0,10.3576327,7.4190102
106,13cad933-055b-4be9-81c7-a4c77c14cc0e,community_02,Naomi,Ojo,female,2006-03-15,36855321468.0,8016507956,https://www.commcarehq.org/photos/farmer_106.jpg,9,crop_farming,2,leased,6,rain-fed,---,rice groundnuts,2.8,---,1.6,---,---,---,10.3222702 7.433668 0.0 20.0,yes,bb28f073-152a-43a0-b61e-30b0671c41b7,2026-04-04 00:08:00,2026-04-04,tester_02,2026-04-04 00:08:15,https://www.commcarehq.org/form/13cad933-055b-4be9-81c7-a4c77c14cc0e,tester_02,True,20,8.0,10.3222702,7.433668
107,1243f165-db54-49d0-89fb-452dcc876df2,community_07,Rebecca,Yusuf,male,1970-02-24,,8017843351,https://www.commcarehq.org/photos/farmer_107.jpg,2,crop_farming,35,owned,3,rain-fed,---,groundnuts,2.6,---,---,---,---,---,10.4315603 7.5076801 0.0 20.0,yes,c78d59b1-cbb7-4e9c-93c2-952ba7c38dab,2026-01-10 00:06:00,2026-01-10,tester_07,2026-01-10 00:06:13,https://www.commcarehq.org/form/1243f165-db54-49d0-89fb-452dcc876df2,tester_07,True,56,6.0,10.4315603,7.5076801
108,aaa4ca16-e7b2-4ba8-bb26-8ba8b66d2d4d,community_04,Mercy,Ibrahim,female,2002-03-15,,8058150302,https://www.commcarehq.org/photos/farmer_108.jpg,7,crop_farming,2,owned,3,dam_reservoir,---,rice maize groundnuts,0.6,5.1,1.3,goats rabbits,9,15,10.4071541 7.5165842 0.0 20.0,yes,1ceaf52f-3b1b-44ed-a166-462151a24617,2026-04-27 00:02:00,2026-04-27,tester_04,2026-04-27 00:02:06,https://www.commcarehq.org/form/aaa4ca16-e7b2-4ba8-bb26-8ba8b66d2d4d,tester_04,True,24,2.0,10.4071541,7.5165842
109,d6a2d44e-6f74-41d9-ae26-72178cea83c2,community_07,Ibrahim,James,female,1982-02-28,33923655686.0,8033580292,https://www.commcarehq.org/photos/farmer_109.jpg,6,crop_farming,16,leased,1,rain-fed,---,groundnuts,0.7,---,---,---,---,---,10.2747623 7.3448892 0.0 20.0,yes,2317a7b5-efb4-4625-a5e1-cc41b83359f5,2026-01-31 00:07:00,2026-01-31,tester_07,2026-01-31 00:07:12,https://www.commcarehq.org/form/d6a2d44e-6f74-41d9-ae26-72178cea83c2,tester_07,True,44,7.0,10.2747623,7.3448892
110,bd789dca-5f73-4ae8-9589-d79118e3be30,community_03,Ibrahim,Balogun,male,1979-03-28,11764798660.0,8021515811,https://www.commcarehq.org/photos/farmer_110.jpg,4,livestock_farming,21,owned,3,river_stream,---,groundnuts,1.6,---,---,---,---,---,10.2682267 7.5321454 0.0 20.0,yes,8705d1f8-2b65-456f-9d2f-7c43e029a6a4,2026-05-30 00:08:00,2026-05-30,tester_03,2026-05-30 00:08:10,https://www.commcarehq.org/form/bd789dca-5f73-4ae8-9589-d79118e3be30,tester_03,True,47,8.0,10.2682267,7.5321454
111,977f4bbf-d7f8-4e86-b52c-534b21952e23,community_04,Esther,Mohammed,male,1978-09-11,62526650242.0,8031285410,https://www.commcarehq.org/photos/farmer_111.jpg,6,livestock_farming,18,owned,6,rain-fed,---,rice groundnuts maize,1.8,2.7,0.7,---,---,---,10.5209201 7.5158222 0.0 20.0,yes,fe0754ae-1535-47d1-b574-730995a41f5e,2026-05-31 00:08:00,2026-05-31,tester_04,2026-05-31 00:08:08,https://www.commcarehq.org/form/977f4bbf-d7f8-4e86-b52c-534b21952e23,tester_04,True,47,8.0,10.5209201,7.5158222
112,a23f8a9e-7e8f-49ca-a124-8faab84ebb9e,community_03,James,Ibrahim,female,1964-02-22,68169881816.0,8020705532,https://www.commcarehq.org/photos/farmer_112.jpg,5,crop_farming,38,owned,3,rain-fed,---,rice maize,---,5.0,1.9,---,---,---,10.3480852 7.4219645 0.0 20.0,yes,a01d3cff-7ab2-4679-b83e-5bf1d45dcf15,2026-03-20 00:06:00,2026-03-20,tester_03,2026-03-20 00:06:16,https://www.commcarehq.org/form/a23f8a9e-7e8f-49ca-a124-8faab84ebb9e,tester_03,True,62,6.0,10.3480852,7.4219645
113,8a60902b-5b1f-4f32-91ab-67326715ea8e,community_06,Joseph,Balogun,male,1975-03-19,23579806655.0,8024356719,https://www.commcarehq.org/photos/farmer_113.jpg,3,crop_farming,28,owned,2,rain-fed,---,rice,---,---,1.8,---,---,---,10.4084022 7.4846423 0.0 20.0,yes,a27580f0-c58e-4a3c-b433-f26f9ee3e6c7,2026-02-14 00:07:00,2026-02-14,tester_06,2026-02-14 00:07:20,https://www.commcarehq.org/form/8a60902b-5b1f-4f32-91ab-67326715ea8e,tester_06,True,51,7.0,10.4084022,7.4846423
114,04117ecc-4b24-4db8-8a15-491eaa07990f,community_03,John,Tanko,female,1972-04-06,81294373670.0,8052102019,https://www.commcarehq.org/photos/farmer_114.jpg,6,mixed_farming,34,owned,4,rain-fed,---,rice maize groundnuts,2.9,2.2,2.6,goats,14,---,10.304443 7.3628539 0.0 20.0,yes,eb071f6c-bd04-4888-bb37-6511a5f59c91,2026-01-19 00:06:00,2026-01-19,tester_03,2026-01-19 00:06:14,https://www.commcarehq.org/form/04117ecc-4b24-4db8-8a15-491eaa07990f,tester_03,True,54,6.0,10.304443,7.3628539
115,8f43192b-d172-4b09-81c5-f15fc65febd9,community_02,Mary,Abdullahi,male,1987-09-20,88928958800.0,8042376884,https://www.commcarehq.org/photos/farmer_115.jpg,1,crop_farming,11,owned,2,rain-fed,---,groundnuts maize,0.7,4.5,---,rabbits,---,13,10.3906222 7.3414152 0.0 20.0,yes,c49a82cc-ab6f-4282-a2ce-6d4665d408bc,2026-03-10 00:03:00,2026-03-10,tester_02,2026-03-10 00:03:11,https://www.commcarehq.org/form/8f43192b-d172-4b09-81c5-f15fc65febd9,tester_02,True,38,3.0,10.3906222,7.3414152
116,556ea3aa-6ff1-4e6f-ae01-fe506dea8ef7,community_04,John,Garba,female,1973-03-19,59901493709.0,8011966675,https://www.commcarehq.org/photos/farmer_116.jpg,3,crop_farming,18,owned,3,rain-fed,---,groundnuts rice maize,1.7,3.7,2.3,goats,23,---,10.3828784 7.2481473 0.0 20.0,yes,b710bbfd-2ce4-419f-95cf-02d2ecc83c95,2026-03-22 00:07:00,2026-03-22,tester_04,2026-03-22 00:07:05,https://www.commcarehq.org/form/556ea3aa-6ff1-4e6f-ae01-fe506dea8ef7,tester_04,True,53,7.0,10.3828784,7.2481473
117,4338db9a-5220-4aac-90f1-3604db96d002,community_01,John,David,female,1987-03-01,41193699086.0,8029314473,https://www.commcarehq.org/photos/farmer_117.jpg,6,crop_farming,19,family_land,1,river_stream,---,maize rice groundnuts,0.9,6.3,1.0,rabbits,---,33,10.2537887 7.5573082 0.0 20.0,yes,75da109f-c5ab-4782-951c-0bc366b9c350,2026-05-17 00:07:00,2026-05-17,tester_01,2026-05-17 00:07:15,https://www.commcarehq.org/form/4338db9a-5220-4aac-90f1-3604db96d002,tester_01,True,39,7.0,10.2537887,7.5573082
118,c062c221-1dfa-4e96-a957-706079dd5cae,community_06,Musa,Mohammed,female,1980-05-23,,8008464335,https://www.commcarehq.org/photos/farmer_118.jpg,5,crop_farming,22,leased,1,rain-fed,---,groundnuts maize rice,1.3,3.6,3.2,goats,4,---,10.3146094 7.4526849 0.0 20.0,yes,73f96881-45b0-46c6-bce7-b3d1978c7237,2026-02-12 00:07:00,2026-02-12,tester_06,2026-02-12 00:07:15,https://www.commcarehq.org/form/c062c221-1dfa-4e96-a957-706079dd5cae,tester_06,True,46,7.0,10.3146094,7.4526849
119,7d002068-3456-435d-8bed-c913a5b4d705,community_03,Hauwa,Okafor,male,1964-04-25,54296068163.0,8067638797,https://www.commcarehq.org/photos/farmer_119.jpg,7,crop_farming,2,owned,1,dam_reservoir,---,rice groundnuts maize,0.9,1.1,0.7,---,---,---,10.210546 7.358805 0.0 20.0,yes,b6dff166-6d68-410c-8456-dd785fabbe9f,2026-01-22 00:02:00,2026-01-22,tester_03,2026-01-22 00:02:13,https://www.commcarehq.org/form/7d002068-3456-435d-8bed-c913a5b4d705,tester_03,True,62,2.0,10.210546,7.358805
120,b94a902d-c5d7-4d20-a379-1a8d2175f012,community_04,Fatima,Ojo,female,1993-03-05,,8041510398,https://www.commcarehq.org/photos/farmer_120.jpg,6,crop_farming,8,owned,3,rain-fed,---,rice maize,---,3.6,2.7,goats,13,---,10.2908514 7.2358216 0.0 20.0,yes,41475ca0-f690-4608-ab45-8a2ee3719198,2026-04-16 00:04:00,2026-04-16,tester_04,2026-04-16 00:04:09,https://www.commcarehq.org/form/b94a902d-c5d7-4d20-a379-1a8d2175f012,tester_04,True,33,4.0,10.2908514,7.2358216
121,d3283199-15e7-4487-b004-7cbf9d94a8a1,community_02,Amina,Yakubu,female,1971-02-19,78384848954.0,8094042203,https://www.commcarehq.org/photos/farmer_121.jpg,6,crop_farming,25,family_land,1,rain-fed,---,rice,---,---,3.2,---,---,---,10.4738561 7.3138707 0.0 20.0,yes,0c547d24-a58b-47e5-b02b-4027fb1997fc,2026-03-10 00:05:00,2026-03-10,tester_02,2026-03-10 00:05:11,https://www.commcarehq.org/form/d3283199-15e7-4487-b004-7cbf9d94a8a1,tester_02,True,55,5.0,10.4738561,7.3138707
122,825cdfc8-66ec-468f-a73d-3a920bb72ef8,community_06,Rebecca,Peter,male,1976-11-24,77099216564.0,8010051127,https://www.commcarehq.org/photos/farmer_122.jpg,1,crop_farming,22,owned,2,rain-fed,---,maize,---,1.0,---,rabbits,---,19,10.5102612 7.2285539 0.0 20.0,yes,46409c6d-1227-4ddf-a73f-c7ab4f66322e,2026-02-19 00:08:00,2026-02-19,tester_06,2026-02-19 00:08:13,https://www.commcarehq.org/form/825cdfc8-66ec-468f-a73d-3a920bb72ef8,tester_06,True,49,8.0,10.5102612,7.2285539
123,ac1e8823-ffe9-46f0-b1aa-5078b7aac434,community_06,Joy,Yusuf,male,1972-12-29,,8047047594,https://www.commcarehq.org/photos/farmer_123.jpg,8,crop_farming,3,family_land,3,rain-fed,---,maize groundnuts rice,2.7,5.7,1.3,goats,22,---,10.2060271 7.5177562 0.0 20.0,yes,a37063c2-7ffd-4ca8-a3d7-67bd1416ea13,2026-04-12 00:08:00,2026-04-12,tester_06,2026-04-12 00:08:12,https://www.commcarehq.org/form/ac1e8823-ffe9-46f0-b1aa-5078b7aac434,tester_06,True,53,8.0,10.2060271,7.5177562
124,c265bcbb-0daa-4b48-a4bc-a884834ce514,community_01,Grace,Okafor,female,1977-04-25,40449084336.0,8010699606,https://www.commcarehq.org/photos/farmer_124.jpg,8,crop_farming,11,leased,3,river_stream,---,rice groundnuts,0.6,---,1.8,---,---,---,10.2157954 7.4826504 0.0 20.0,yes,eb01897e-e714-4588-b015-e74456612f13,2026-05-19 00:07:00,2026-05-19,tester_01,2026-05-19 00:07:20,https://www.commcarehq.org/form/c265bcbb-0daa-4b48-a4bc-a884834ce514,tester_01,True,49,7.0,10.2157954,7.4826504
125,5f177093-2272-46b9-97e1-dfa054851635,community_02,Rebecca,Sani,male,1971-09-12,,8050122306,https://www.commcarehq.org/photos/farmer_125.jpg,6,mixed_farming,24,family_land,1,rain-fed,---,maize groundnuts rice,2.4,1.4,1.5,goats rabbits,12,35,10.4635564 7.2175109 0.0 20.0,yes,c0712b02-fdf9-4915-9489-a4f4b059f4af,2026-02-15 00:08:00,2026-02-15,tester_02,2026-02-15 00:08:06,https://www.commcarehq.org/form/5f177093-2272-46b9-97e1-dfa054851635,tester_02,True,54,8.0,10.4635564,7.2175109
126,991f6515-8153-44c0-82bf-4da05b8e8ddd,community_02,Ruth,Daniel,male,1979-08-11,46895061501.0,8002709698,https://www.commcarehq.org/photos/farmer_126.jpg,12,mixed_farming,26,family_land,3,rain-fed,---,maize,---,1.0,---,goats rabbits,18,16,10.4126644 7.2757842 0.0 20.0,yes,a314941b-0b91-4439-acaa-5c313316b474,2026-03-05 00:06:00,2026-03-05,tester_02,2026-03-05 00:06:10,https://www.commcarehq.org/form/991f6515-8153-44c0-82bf-4da05b8e8ddd,tester_02,True,46,6.0,10.4126644,7.2757842
127,32434567-f8e9-43f4-be14-e89f68a50343,community_04,Mercy,Usman,female,1967-01-14,,8074175565,https://www.commcarehq.org/photos/farmer_127.jpg,7,crop_farming,21,family_land,2,rain-fed,---,maize groundnuts rice,1.4,3.8,3.1,goats,16,---,10.3588362 7.4905253 0.0 20.0,yes,1cf5148d-09a3-424d-aa86-db73ad58df96,2026-06-02 00:02:00,2026-06-02,tester_04,2026-06-02 00:02:09,https://www.commcarehq.org/form/32434567-f8e9-43f4-be14-e89f68a50343,tester_04,True,59,2.0,10.3588362,7.4905253
128,7a19c0bb-1636-415b-9a3f-d173dcb20916,community_07,Musa,Yusuf,male,1991-06-29,,8098955504,https://www.commcarehq.org/photos/farmer_128.jpg,2,crop_farming,9,family_land,1,rain-fed,---,rice,---,---,0.8,goats rabbits,17,38,10.5278061 7.2381456 0.0 20.0,yes,4939ef34-ee4a-4252-ac4a-bad8b8284ea4,2026-01-10 00:07:00,2026-01-10,tester_07,2026-01-10 00:07:17,https://www.commcarehq.org/form/7a19c0bb-1636-415b-9a3f-d173dcb20916,tester_07,True,35,7.0,10.5278061,7.2381456
129,c0080bda-f3cb-46f9-a3d3-e33055eb79fe,community_01,Grace,Philip,female,1989-12-09,,8017789660,https://www.commcarehq.org/photos/farmer_129.jpg,1,mixed_farming,5,owned,3,other,Spring Water,rice groundnuts maize,1.6,5.2,1.0,goats,17,---,10.2197244 7.3596765 0.0 20.0,yes,3dd5b35f-9a39-4719-96ef-291a06fc2b9f,2026-05-09 00:05:00,2026-05-09,tester_01,2026-05-09 00:05:09,https://www.commcarehq.org/form/c0080bda-f3cb-46f9-a3d3-e33055eb79fe,tester_01,True,36,5.0,10.2197244,7.3596765
130,2c4cf464-674f-4131-bac3-6dd833f2e623,community_06,Ruth,Sani,male,1987-04-02,42316398164.0,8022465143,https://www.commcarehq.org/photos/farmer_130.jpg,4,crop_farming,10,owned,2,other,Community Well,groundnuts maize rice,2.8,1.9,2.9,goats,25,---,10.2449487 7.2218152 0.0 20.0,yes,f48ad988-2212-4512-9751-7ddb7dc28c80,2026-02-07 00:08:00,2026-02-07,tester_06,2026-02-07 00:08:14,https://www.commcarehq.org/form/2c4cf464-674f-4131-bac3-6dd833f2e623,tester_06,True,39,8.0,10.2449487,7.2218152
131,f2eecce6-722b-4f7c-962d-e20e5fcfa99b,community_01,Yusuf,Abdullahi,male,1996-01-21,38080519624.0,8025247160,https://www.commcarehq.org/photos/farmer_131.jpg,7,crop_farming,1,owned,3,rain-fed,---,groundnuts rice maize,2.2,4.5,3.7,goats rabbits,5,26,10.2924674 7.3522805 0.0 20.0,yes,5b4c79a8-608a-4ef8-af42-084f2f78fec3,2026-01-26 00:04:00,2026-01-26,tester_01,2026-01-26 00:04:20,https://www.commcarehq.org/form/f2eecce6-722b-4f7c-962d-e20e5fcfa99b,tester_01,True,30,4.0,10.2924674,7.3522805
132,a1c1a3dd-5df1-47d5-8a5c-a3594c4e78d9,community_06,Mercy,Bello,male,1978-09-29,,8002533133,https://www.commcarehq.org/photos/farmer_132.jpg,8,livestock_farming,9,family_land,3,rain-fed,---,rice,---,---,3.8,goats,12,---,10.4627727 7.235118 0.0 20.0,yes,e1e889e0-f5e9-4b80-9202-e9700232995d,2026-06-23 00:06:00,2026-06-23,tester_06,2026-06-23 00:06:12,https://www.commcarehq.org/form/a1c1a3dd-5df1-47d5-8a5c-a3594c4e78d9,tester_06,True,47,6.0,10.4627727,7.235118
133,fa82f44c-001a-45c8-9e42-ea1e0d449680,community_03,Blessing,Peter,male,1987-01-24,36335760771.0,8065621689,https://www.commcarehq.org/photos/farmer_133.jpg,6,crop_farming,19,leased,6,dam_reservoir,---,groundnuts,1.3,---,---,---,---,---,10.506174 7.5520528 0.0 20.0,yes,29e134fd-1742-4a5f-bfbd-020e514628f2,2026-04-16 00:04:00,2026-04-16,tester_03,2026-04-16 00:04:19,https://www.commcarehq.org/form/fa82f44c-001a-45c8-9e42-ea1e0d449680,tester_03,True,39,4.0,10.506174,7.5520528
134,9cdb5aaf-dcfb-4446-82f1-d2a4fd5f2714,community_05,Joy,Michael,female,1974-04-09,10793480168.0,8076252263,https://www.commcarehq.org/photos/farmer_134.jpg,8,mixed_farming,31,family_land,5,rain-fed,---,groundnuts,1.0,---,---,goats,2,---,10.5800792 7.2890217 0.0 20.0,yes,d90856e6-f6d3-4de0-a386-65c96e8186b5,2026-02-21 00:08:00,2026-02-21,tester_05,2026-02-21 00:08:11,https://www.commcarehq.org/form/9cdb5aaf-dcfb-4446-82f1-d2a4fd5f2714,tester_05,True,52,8.0,10.5800792,7.2890217
135,5a48c372-6425-450e-9c5b-d995acf938a4,community_01,Elizabeth,Ali,female,1980-11-20,,8047687395,https://www.commcarehq.org/photos/farmer_135.jpg,7,mixed_farming,17,owned,2,rain-fed,---,rice,---,---,2.4,rabbits,---,26,10.4064507 7.4522594 0.0 20.0,yes,258c2cdb-199a-4dfe-9b3c-a8e7007b7673,2026-03-16 00:05:00,2026-03-16,tester_01,2026-03-16 00:05:17,https://www.commcarehq.org/form/5a48c372-6425-450e-9c5b-d995acf938a4,tester_01,True,45,5.0,10.4064507,7.4522594
136,feccdcac-9971-44a5-8ff4-fae1459790ec,community_06,Emmanuel,Haruna,male,2003-08-28,,8069460515,https://www.commcarehq.org/photos/farmer_136.jpg,8,crop_farming,1,owned,3,irrigation_scheme,---,groundnuts maize,1.3,4.4,---,rabbits,---,9,10.2364765 7.4824907 0.0 20.0,yes,8e892ae5-bb41-4eea-be68-3e302ea003f6,2026-01-22 00:06:00,2026-01-22,tester_06,2026-01-22 00:06:17,https://www.commcarehq.org/form/feccdcac-9971-44a5-8ff4-fae1459790ec,tester_06,True,22,6.0,10.2364765,7.4824907
137,9e11b5da-7b34-463b-9e3a-3dbeb59bdb9a,community_05,Esther,Eze,female,1990-06-18,,8095618174,https://www.commcarehq.org/photos/farmer_137.jpg,5,crop_farming,6,owned,1,rain-fed,---,groundnuts maize,1.7,3.5,---,---,---,---,10.3973867 7.2867495 0.0 20.0,yes,66c50107-ddc6-4725-aed3-75e0a11a08a3,2026-04-27 00:05:00,2026-04-27,tester_05,2026-04-27 00:05:19,https://www.commcarehq.org/form/9e11b5da-7b34-463b-9e3a-3dbeb59bdb9a,tester_05,True,36,5.0,10.3973867,7.2867495
138,37ee6019-57c9-4969-a99e-7dc616b040b5,community_01,Hauwa,Yusuf,male,1976-08-26,39314236296.0,8001608682,https://www.commcarehq.org/photos/farmer_138.jpg,2,crop_farming,19,family_land,3,rain-fed,---,groundnuts maize rice,2.8,1.1,1.5,goats,14,---,10.5033768 7.5373239 0.0 20.0,yes,9756c8d5-9080-4299-9b4f-bfa7858b5068,2026-05-01 00:03:00,2026-05-01,tester_01,2026-05-01 00:03:08,https://www.commcarehq.org/form/37ee6019-57c9-4969-a99e-7dc616b040b5,tester_01,True,49,3.0,10.5033768,7.5373239
139,4092df29-e448-41a4-ad11-07ac3304a2d2,community_05,James,Johnson,male,1982-09-02,74801048121.0,8076774825,https://www.commcarehq.org/photos/farmer_139.jpg,7,mixed_farming,17,family_land,2,rain-fed,---,groundnuts maize rice,0.5,0.6,2.7,goats,8,---,10.5995948 7.3656165 0.0 20.0,yes,172c685f-402d-432d-8061-972be7807144,2026-05-24 00:08:00,2026-05-24,tester_05,2026-05-24 00:08:11,https://www.commcarehq.org/form/4092df29-e448-41a4-ad11-07ac3304a2d2,tester_05,True,43,8.0,10.5995948,7.3656165
140,ab5742a9-d569-4919-91ef-ca03f63c8547,community_01,John,Ogunleye,male,1972-02-12,22911235485.0,8063760133,https://www.commcarehq.org/photos/farmer_140.jpg,8,crop_farming,9,owned,3,river_stream,---,maize rice,---,6.1,0.7,---,---,---,10.471279 7.4220709 0.0 20.0,no,e4c7ffa8-33c9-4b1e-ab92-f7045a80ec7b,2026-05-28 00:07:00,2026-05-28,tester_01,2026-05-28 00:07:15,https://www.commcarehq.org/form/ab5742a9-d569-4919-91ef-ca03f63c8547,tester_01,True,54,7.0,10.471279,7.4220709
141,4cb633a6-97af-4b3f-ba27-2694c44e57f4,community_06,Naomi,Abdullahi,male,1958-07-03,97510992796.0,8051611738,https://www.commcarehq.org/photos/farmer_141.jpg,10,crop_farming,20,owned,5,borehole,---,groundnuts,1.6,---,---,goats,17,---,10.2616311 7.3360464 0.0 20.0,yes,4bcef7e7-a50c-407d-ad8e-efe3fa090faf,2026-05-15 00:04:00,2026-05-15,tester_06,2026-05-15 00:04:15,https://www.commcarehq.org/form/4cb633a6-97af-4b3f-ba27-2694c44e57f4,tester_06,True,68,4.0,10.2616311,7.3360464
142,271f2a2d-6bdc-4037-a677-9501dec1b659,community_01,Deborah,James,female,1962-04-03,,8047509650,https://www.commcarehq.org/photos/farmer_142.jpg,6,mixed_farming,20,owned,2,rain-fed,---,groundnuts,1.2,---,---,---,---,---,10.4684496 7.3090617 0.0 20.0,yes,7a90b8f3-3c96-47e6-acc1-b913437d210e,2026-01-30 00:02:00,2026-01-30,tester_01,2026-01-30 00:02:08,https://www.commcarehq.org/form/271f2a2d-6bdc-4037-a677-9501dec1b659,tester_01,True,64,2.0,10.4684496,7.3090617
143,888c4231-4181-46c8-8818-1b37b3d373a3,community_02,Daniel,Sani,male,1997-02-13,19325555021.0,8038500903,https://www.commcarehq.org/photos/farmer_143.jpg,3,mixed_farming,10,family_land,3,rain-fed,---,maize groundnuts,2.3,4.5,---,---,---,---,10.5022972 7.3862781 0.0 20.0,yes,a4d846f2-8896-4975-b31b-78e436d98d6f,2026-06-28 00:05:00,2026-06-28,tester_02,2026-06-28 00:05:08,https://www.commcarehq.org/form/888c4231-4181-46c8-8818-1b37b3d373a3,tester_02,True,29,5.0,10.5022972,7.3862781
144,34714e8d-59de-4a72-ac36-ad0e9f240f14,community_03,Ahmed,Ojo,female,1983-03-20,95451384522.0,8023193834,https://www.commcarehq.org/photos/farmer_144.jpg,3,crop_farming,6,owned,2,rain-fed,---,maize,---,5.4,---,---,---,---,10.4597806 7.5169724 0.0 20.0,yes,6e3cae33-8808-4061-9742-37c39ae3397a,2026-04-13 00:06:00,2026-04-13,tester_03,2026-04-13 00:06:18,https://www.commcarehq.org/form/34714e8d-59de-4a72-ac36-ad0e9f240f14,tester_03,True,43,6.0,10.4597806,7.5169724
145,015b7e8c-5609-466c-9c30-1389cb36f42d,community_02,Peter,Sani,male,1985-01-18,90290375722.0,8049536167,https://www.commcarehq.org/photos/farmer_145.jpg,8,mixed_farming,15,owned,1,rain-fed,---,groundnuts rice,2.2,---,2.6,---,---,---,10.4579956 7.2245929 0.0 20.0,yes,94ad5b5f-f6ee-48f8-8523-4c307d1e4ddb,2026-02-05 00:06:00,2026-02-05,tester_02,2026-02-05 00:06:05,https://www.commcarehq.org/form/015b7e8c-5609-466c-9c30-1389cb36f42d,tester_02,True,41,6.0,10.4579956,7.2245929
146,c6abb7fa-3c62-415b-aaa2-ab28730a1a85,community_05,Ahmed,Peter,male,1986-09-19,56718186147.0,8027699799,https://www.commcarehq.org/photos/farmer_146.jpg,2,livestock_farming,2,owned,3,rain-fed,---,maize groundnuts rice,2.7,1.9,3.0,goats,12,---,10.3624131 7.374076 0.0 20.0,yes,3fdc1a20-4c82-4602-9ba2-6f6d27906966,2026-02-14 00:05:00,2026-02-14,tester_05,2026-02-14 00:05:09,https://www.commcarehq.org/form/c6abb7fa-3c62-415b-aaa2-ab28730a1a85,tester_05,True,39,5.0,10.3624131,7.374076
147,7d2b993a-0c5b-4583-ab17-ca6151ed1f5b,community_02,Joseph,Haruna,female,1974-02-17,,8061007449,https://www.commcarehq.org/photos/farmer_147.jpg,2,livestock_farming,28,family_land,2,rain-fed,---,maize rice,---,1.9,2.0,goats,17,---,10.2947 7.4006915 0.0 20.0,yes,c384fc60-4373-48d0-b69a-3e77ccbf9893,2026-05-20 00:06:00,2026-05-20,tester_02,2026-05-20 00:06:16,https://www.commcarehq.org/form/7d2b993a-0c5b-4583-ab17-ca6151ed1f5b,tester_02,True,52,6.0,10.2947,7.4006915
148,d71252be-db6f-44e6-9dcd-373224cd2988,community_01,Grace,Okafor,male,1986-11-07,,8007587255,https://www.commcarehq.org/photos/farmer_148.jpg,2,mixed_farming,22,owned,3,rain-fed,---,groundnuts maize rice,1.7,3.6,2.1,---,---,---,10.5842325 7.5192893 0.0 20.0,yes,9e13f133-52c0-4cc3-81cc-1b3c94314881,2026-01-10 00:07:00,2026-01-10,tester_01,2026-01-10 00:07:14,https://www.commcarehq.org/form/d71252be-db6f-44e6-9dcd-373224cd2988,tester_01,True,39,7.0,10.5842325,7.5192893
149,0c4702a0-3fbc-45da-ab53-10105a4852b3,community_05,Blessing,Mohammed,male,1983-09-22,52908290237.0,8086205821,https://www.commcarehq.org/photos/farmer_149.jpg,5,mixed_farming,20,owned,3,borehole,---,groundnuts maize,2.5,1.9,---,goats,18,---,10.3371392 7.2337606 0.0 20.0,yes,47bf9b57-2857-4bdf-9fb1-2b50b7e32ad3,2026-02-09 00:08:00,2026-02-09,tester_05,2026-02-09 00:08:20,https://www.commcarehq.org/form/0c4702a0-3fbc-45da-ab53-10105a4852b3,tester_05,True,42,8.0,10.3371392,7.2337606
150,90f54d4c-768e-4c93-8ee0-8dda11b3ad0d,community_05,David,Lawal,male,1984-03-26,60860285603.0,8002804449,https://www.commcarehq.org/photos/farmer_150.jpg,7,crop_farming,9,owned,5,rain-fed,---,rice groundnuts,0.7,---,2.4,goats,15,---,10.4608264 7.3090362 0.0 20.0,yes,fbcbc961-08d0-4402-a8f8-98bbe81e17fe,2026-01-26 00:04:00,2026-01-26,tester_05,2026-01-26 00:04:17,https://www.commcarehq.org/form/90f54d4c-768e-4c93-8ee0-8dda11b3ad0d,tester_05,True,42,4.0,10.4608264,7.3090362
151,8bc240b1-4f5b-46f8-b4b2-023697713395,community_03,Ahmed,Balogun,male,1982-10-19,53722409092.0,8056800142,https://www.commcarehq.org/photos/farmer_151.jpg,9,crop_farming,20,family_land,1,rain-fed,---,groundnuts rice maize,1.4,5.1,2.8,rabbits,---,9,10.4782615 7.3013343 0.0 20.0,yes,bccb5c8b-a6cc-4617-af63-4cc18ae6463f,2026-01-20 00:07:00,2026-01-20,tester_03,2026-01-20 00:07:19,https://www.commcarehq.org/form/8bc240b1-4f5b-46f8-b4b2-023697713395,tester_03,True,43,7.0,10.4782615,7.3013343
152,49751cc5-c038-4f50-ae7b-1cc541d0e51c,community_07,James,Lawal,male,1956-03-09,44677553341.0,8073309244,https://www.commcarehq.org/photos/farmer_152.jpg,4,crop_farming,10,owned,2,rain-fed,---,rice maize,---,1.1,0.8,---,---,---,10.3783528 7.558605 0.0 20.0,yes,d666ed2a-4ca8-4361-b752-cf43291a639f,2026-06-13 00:02:00,2026-06-13,tester_07,2026-06-13 00:02:06,https://www.commcarehq.org/form/49751cc5-c038-4f50-ae7b-1cc541d0e51c,tester_07,True,70,2.0,10.3783528,7.558605
153,dba7e5dc-482f-460d-9379-7c3d5dd3241a,community_05,James,Peter,female,1965-10-26,,8074478023,https://www.commcarehq.org/photos/farmer_153.jpg,8,mixed_farming,23,owned,2,rain-fed,---,groundnuts maize rice,0.7,3.3,3.2,rabbits,---,4,10.5870052 7.4642936 0.0 20.0,yes,2431a1a4-e71a-4b6b-a2a7-fa9b56def07f,2026-04-10 00:02:00,2026-04-10,tester_05,2026-04-10 00:02:16,https://www.commcarehq.org/form/dba7e5dc-482f-460d-9379-7c3d5dd3241a,tester_05,True,60,2.0,10.5870052,7.4642936
154,8b569a13-12ae-465e-812a-e759fec5d801,community_04,Naomi,Ojo,male,1996-04-01,91588846120.0,8023764989,https://www.commcarehq.org/photos/farmer_154.jpg,1,mixed_farming,7,owned,3,rain-fed,---,rice groundnuts maize,2.8,0.7,1.0,---,---,---,10.5672076 7.2183207 0.0 20.0,yes,7cf1da53-f756-460a-9912-b411e50bd46d,2026-02-03 00:02:00,2026-02-03,tester_04,2026-02-03 00:02:10,https://www.commcarehq.org/form/8b569a13-12ae-465e-812a-e759fec5d801,tester_04,True,30,2.0,10.5672076,7.2183207
155,3111c90c-c9b4-4a78-b166-fda9b7b571dc,community_05,Naomi,Ahmed,female,1999-04-12,,8008156023,https://www.commcarehq.org/photos/farmer_155.jpg,8,livestock_farming,9,owned,1,rain-fed,---,groundnuts rice,1.2,---,3.2,goats,13,---,10.3754645 7.5702702 0.0 20.0,yes,caafe3a0-6105-426e-a79b-981c587384bd,2026-01-26 00:08:00,2026-01-26,tester_05,2026-01-26 00:08:17,https://www.commcarehq.org/form/3111c90c-c9b4-4a78-b166-fda9b7b571dc,tester_05,True,27,8.0,10.3754645,7.5702702
156,feaf7176-755f-4b18-b14f-c0dc299fdfd7,community_06,Amina,Michael,male,2006-05-22,,8052674112,https://www.commcarehq.org/photos/farmer_156.jpg,6,mixed_farming,1,owned,3,dam_reservoir,---,maize rice groundnuts,0.5,1.9,0.9,rabbits,---,25,10.5450924 7.5947128 0.0 20.0,yes,34a4d373-6f68-4bd6-82c9-99e64fd8a152,2026-04-29 00:08:00,2026-04-29,tester_06,2026-04-29 00:08:11,https://www.commcarehq.org/form/feaf7176-755f-4b18-b14f-c0dc299fdfd7,tester_06,True,20,8.0,10.5450924,7.5947128
157,d56356b8-b0e3-44c0-9fe5-b1351b54046c,community_02,John,James,female,1978-11-01,14480147404.0,8062438707,https://www.commcarehq.org/photos/farmer_157.jpg,7,crop_farming,4,owned,1,rain-fed,---,maize groundnuts,2.4,5.9,---,goats,5,---,10.2392257 7.4950991 0.0 20.0,yes,026b0871-db43-4677-929a-6dfa18b42626,2026-04-07 00:03:00,2026-04-07,tester_02,2026-04-07 00:03:07,https://www.commcarehq.org/form/d56356b8-b0e3-44c0-9fe5-b1351b54046c,tester_02,True,47,3.0,10.2392257,7.4950991
158,8c71b8b4-6b0b-4a23-b7de-2a15c56eecc3,community_03,Ruth,Musa,female,1998-11-18,28783975392.0,8041323052,https://www.commcarehq.org/photos/farmer_158.jpg,3,crop_farming,6,owned,2,borehole,---,rice groundnuts maize,0.7,5.6,2.2,---,---,---,10.5347956 7.3116684 0.0 20.0,yes,4a4b668b-7702-4e46-a4ce-43ca1374e7ce,2026-03-05 00:03:00,2026-03-05,tester_03,2026-03-05 00:03:15,https://www.commcarehq.org/form/8c71b8b4-6b0b-4a23-b7de-2a15c56eecc3,tester_03,True,27,3.0,10.5347956,7.3116684
159,7da3acb1-7c72-48d7-af68-374f0f7d3a40,community_03,Peter,Michael,female,1965-12-15,,8004705478,https://www.commcarehq.org/photos/farmer_159.jpg,9,mixed_farming,27,leased,1,rain-fed,---,groundnuts,1.7,---,---,goats,24,---,10.4281523 7.433464 0.0 20.0,yes,69c81743-fa25-4c3b-aa93-127ca4f93cb4,2026-04-29 00:08:00,2026-04-29,tester_03,2026-04-29 00:08:09,https://www.commcarehq.org/form/7da3acb1-7c72-48d7-af68-374f0f7d3a40,tester_03,True,60,8.0,10.4281523,7.433464
160,7b75af0c-b102-4d29-97d3-88836d7f172d,community_06,Joseph,Isa,female,1988-07-15,99594661248.0,8008304295,https://www.commcarehq.org/photos/farmer_160.jpg,11,mixed_farming,2,owned,3,rain-fed,---,maize rice,---,4.2,1.8,goats,19,---,10.4243033 7.5094302 0.0 20.0,yes,384e22c5-1e99-429b-ba50-6dc7c8bf76e2,2026-03-27 00:03:00,2026-03-27,tester_06,2026-03-27 00:03:08,https://www.commcarehq.org/form/7b75af0c-b102-4d29-97d3-88836d7f172d,tester_06,True,38,3.0,10.4243033,7.5094302
161,361abfc5-9915-4470-8f7e-c796d19e3874,community_05,Suleiman,Lawal,female,1960-03-24,48216331406.0,8054034584,https://www.commcarehq.org/photos/farmer_161.jpg,7,crop_farming,40,owned,3,river_stream,---,groundnuts,2.7,---,---,rabbits,---,13,10.3153491 7.5826508 0.0 20.0,yes,268b8161-58d5-4e11-ae45-6cddb144d1ed,2026-03-12 00:02:00,2026-03-12,tester_05,2026-03-12 00:02:09,https://www.commcarehq.org/form/361abfc5-9915-4470-8f7e-c796d19e3874,tester_05,True,66,2.0,10.3153491,7.5826508
162,0ef63c32-c8f6-4897-b08d-78f8328b7fe7,community_04,Deborah,Daniel,male,1981-12-11,,8051346208,https://www.commcarehq.org/photos/farmer_162.jpg,4,crop_farming,19,owned,3,rain-fed,---,rice maize groundnuts,1.3,1.3,3.3,goats,10,---,10.3487609 7.3152585 0.0 20.0,yes,0f295226-d6d3-4229-9f38-51bb48fc8d23,2026-02-07 00:04:00,2026-02-07,tester_04,2026-02-07 00:04:14,https://www.commcarehq.org/form/0ef63c32-c8f6-4897-b08d-78f8328b7fe7,tester_04,True,44,4.0,10.3487609,7.3152585
163,f825d40c-6bdb-46b9-90be-009eb6805c7c,community_03,Rebecca,Eze,female,1972-04-12,,8086612031,https://www.commcarehq.org/photos/farmer_163.jpg,5,mixed_farming,21,leased,1,rain-fed,---,rice,---,---,1.6,---,---,---,10.3997668 7.2581536 0.0 20.0,yes,d3e822dd-d406-40b3-8027-ec106a3740b3,2026-03-23 00:03:00,2026-03-23,tester_03,2026-03-23 00:03:05,https://www.commcarehq.org/form/f825d40c-6bdb-46b9-90be-009eb6805c7c,tester_03,True,54,3.0,10.3997668,7.2581536
164,12226663-26af-4d09-b453-36bcde87c79b,community_07,Mercy,Yakubu,male,1979-02-15,,8079677931,https://www.commcarehq.org/photos/farmer_164.jpg,6,mixed_farming,10,owned,3,rain-fed,---,maize,---,0.8,---,---,---,---,10.2888575 7.574266 0.0 20.0,yes,6538c50d-0cef-4675-9fdf-bb94cf7212c9,2026-01-06 00:02:00,2026-01-06,tester_07,2026-01-06 00:02:19,https://www.commcarehq.org/form/12226663-26af-4d09-b453-36bcde87c79b,tester_07,True,47,2.0,10.2888575,7.574266
165,7c0dc539-c107-4287-be4f-103c314f0626,community_05,Fatima,Yakubu,male,1976-09-07,60108380090.0,8037430334,https://www.commcarehq.org/photos/farmer_165.jpg,2,crop_farming,29,owned,3,rain-fed,---,groundnuts rice,0.9,---,1.6,---,---,---,10.3341667 7.5732612 0.0 20.0,yes,d08436e6-74c4-4a27-8cd5-56a3a9615504,2026-04-07 00:02:00,2026-04-07,tester_05,2026-04-07 00:02:05,https://www.commcarehq.org/form/7c0dc539-c107-4287-be4f-103c314f0626,tester_05,True,49,2.0,10.3341667,7.5732612
166,97ac0def-2d5e-434e-ba29-84f5f287e8b8,community_03,Elizabeth,Mohammed,male,1977-05-04,65114238912.0,8024835472,https://www.commcarehq.org/photos/farmer_166.jpg,3,mixed_farming,21,owned,3,rain-fed,---,maize,---,5.9,---,rabbits,---,19,10.3972201 7.5882501 0.0 20.0,yes,9bf1a2bd-f1a0-4bf6-a83a-c643473e2290,2026-04-03 00:06:00,2026-04-03,tester_03,2026-04-03 00:06:20,https://www.commcarehq.org/form/97ac0def-2d5e-434e-ba29-84f5f287e8b8,tester_03,True,49,6.0,10.3972201,7.5882501
167,b7409674-74e3-4395-807c-34a5d2d40801,community_04,Deborah,Mohammed,female,1985-01-01,12470738735.0,8081038112,https://www.commcarehq.org/photos/farmer_167.jpg,6,crop_farming,10,owned,1,borehole,---,groundnuts,2.0,---,---,goats,12,---,10.5307288 7.4739869 0.0 20.0,yes,528a2205-dc72-4574-9dc8-cd0b92808581,2026-06-25 00:07:00,2026-06-25,tester_04,2026-06-25 00:07:16,https://www.commcarehq.org/form/b7409674-74e3-4395-807c-34a5d2d40801,tester_04,True,41,7.0,10.5307288,7.4739869
168,77f5e60c-0ff7-4c2a-b694-dfc696b006e8,community_01,Blessing,Samuel,female,2000-02-14,67917200288.0,8039112186,https://www.commcarehq.org/photos/farmer_168.jpg,7,mixed_farming,2,owned,4,irrigation_scheme,---,maize rice,---,4.6,1.0,goats,21,---,10.5880446 7.2688829 0.0 20.0,yes,56d2dad8-bc4a-4b72-9189-c61b95d7fd3f,2026-01-31 00:03:00,2026-01-31,tester_01,2026-01-31 00:03:09,https://www.commcarehq.org/form/77f5e60c-0ff7-4c2a-b694-dfc696b006e8,tester_01,True,26,3.0,10.5880446,7.2688829
169,bfa4d469-3818-42f3-8896-59b0c0ae3c33,community_06,Sarah,Ogunleye,male,2006-05-27,19069777766.0,8004410654,https://www.commcarehq.org/photos/farmer_169.jpg,2,mixed_farming,1,leased,1,rain-fed,---,maize groundnuts rice,0.9,5.0,1.5,---,---,---,10.5420552 7.5123209 0.0 20.0,yes,4c0409f9-4381-499e-ae05-c2088366f3a4,2026-05-10 00:06:00,2026-05-10,tester_06,2026-05-10 00:06:07,https://www.commcarehq.org/form/bfa4d469-3818-42f3-8896-59b0c0ae3c33,tester_06,True,20,6.0,10.5420552,7.5123209
170,5f5ec1ee-12ec-4eb2-85c4-26a32af00b06,community_01,Blessing,Lawal,male,1993-02-15,86252926140.0,8007998461,https://www.commcarehq.org/photos/farmer_170.jpg,8,crop_farming,7,owned,3,rain-fed,---,groundnuts maize,0.8,1.3,---,---,---,---,10.4228528 7.2162434 0.0 20.0,yes,5219eeb9-6596-41b6-ae86-e8e85f41e8b0,2026-01-30 00:05:00,2026-01-30,tester_01,2026-01-30 00:05:14,https://www.commcarehq.org/form/5f5ec1ee-12ec-4eb2-85c4-26a32af00b06,tester_01,True,33,5.0,10.4228528,7.2162434
171,2b483ece-4510-4402-b418-e63484342527,community_03,Suleiman,Ahmed,female,1972-10-04,37607885145.0,8088893066,https://www.commcarehq.org/photos/farmer_171.jpg,6,crop_farming,10,owned,3,rain-fed,---,groundnuts,1.4,---,---,goats,8,---,10.5962645 7.2491049 0.0 20.0,yes,5d1d3734-9606-45e7-a6ce-9d533881a18d,2026-05-08 00:04:00,2026-05-08,tester_03,2026-05-08 00:04:13,https://www.commcarehq.org/form/2b483ece-4510-4402-b418-e63484342527,tester_03,True,53,4.0,10.5962645,7.2491049
172,370e57fc-4f3b-4310-89c9-9f9f9da0b59b,community_05,Paul,Ojo,female,1986-12-16,,8051414290,https://www.commcarehq.org/photos/farmer_172.jpg,1,crop_farming,6,owned,3,rain-fed,---,groundnuts rice maize,2.5,1.7,2.8,---,---,---,10.3374463 7.5438689 0.0 20.0,yes,7c09c48e-58b3-471f-bb9b-c7b2644617de,2026-01-09 00:05:00,2026-01-09,tester_05,2026-01-09 00:05:08,https://www.commcarehq.org/form/370e57fc-4f3b-4310-89c9-9f9f9da0b59b,tester_05,True,39,5.0,10.3374463,7.5438689
173,db5c336f-7eb2-4176-828e-e467aaeae984,community_03,Ibrahim,Tanko,male,1996-04-09,34507337695.0,8041741666,https://www.commcarehq.org/photos/farmer_173.jpg,7,crop_farming,1,owned,2,rain-fed,---,maize rice groundnuts,0.7,4.0,0.9,goats,25,---,10.5060776 7.4500612 0.0 20.0,yes,110fe6f2-4064-4505-84d3-c921c94d3df0,2026-04-20 00:04:00,2026-04-20,tester_03,2026-04-20 00:04:16,https://www.commcarehq.org/form/db5c336f-7eb2-4176-828e-e467aaeae984,tester_03,True,30,4.0,10.5060776,7.4500612
174,4a15df7b-6b73-46a3-b3f7-93453549d61b,community_03,Grace,Adeyemi,male,1991-09-10,21544834587.0,8081150645,https://www.commcarehq.org/photos/farmer_174.jpg,6,mixed_farming,11,owned,2,rain-fed,---,groundnuts rice,1.3,---,2.3,---,---,---,10.4459311 7.3453337 0.0 20.0,yes,bbe921a0-6691-40fc-a4da-d817026e1a2a,2026-05-08 00:07:00,2026-05-08,tester_03,2026-05-08 00:07:07,https://www.commcarehq.org/form/4a15df7b-6b73-46a3-b3f7-93453549d61b,tester_03,True,34,7.0,10.4459311,7.3453337
175,2d8d2994-fcd3-47c4-8f60-912e5fd03493,community_06,Mercy,Daniel,male,1998-12-15,,8069755255,https://www.commcarehq.org/photos/farmer_175.jpg,6,mixed_farming,5,owned,2,rain-fed,---,maize,---,2.9,---,---,---,---,10.5053769 7.2722403 0.0 20.0,no,84e1ea2c-028c-41fc-9cfe-bdda31158f45,2026-06-30 00:06:00,2026-06-30,tester_06,2026-06-30 00:06:10,https://www.commcarehq.org/form/2d8d2994-fcd3-47c4-8f60-912e5fd03493,tester_06,True,27,6.0,10.5053769,7.2722403
176,90c7d983-48f4-49df-8525-4b8e192f9839,community_04,John,Adeyemi,female,1969-02-28,,8056745653,https://www.commcarehq.org/photos/farmer_176.jpg,4,mixed_farming,28,owned,1,river_stream,---,maize groundnuts,1.1,4.1,---,goats rabbits,5,3,10.2982346 7.5308915 0.0 20.0,yes,8b1b2f93-319f-4dd7-96b2-0e221a18e622,2026-05-24 00:05:00,2026-05-24,tester_04,2026-05-24 00:05:18,https://www.commcarehq.org/form/90c7d983-48f4-49df-8525-4b8e192f9839,tester_04,True,57,5.0,10.2982346,7.5308915
177,541865b9-e75a-4b8f-89dc-f2d20d1006fd,community_05,Grace,Daniel,male,2004-02-15,,8018940806,https://www.commcarehq.org/photos/farmer_177.jpg,3,crop_farming,1,owned,3,rain-fed,---,rice groundnuts maize,1.7,1.0,2.6,---,---,---,10.5329337 7.4948945 0.0 20.0,yes,b7d75d18-f22e-4775-82c3-97245a134fa0,2026-03-02 00:05:00,2026-03-02,tester_05,2026-03-02 00:05:11,https://www.commcarehq.org/form/541865b9-e75a-4b8f-89dc-f2d20d1006fd,tester_05,True,22,5.0,10.5329337,7.4948945
178,e5e2d357-c7e5-4153-9c7e-30d9e1006a58,community_01,Rebecca,Daniel,female,1991-09-12,59535876341.0,8061542271,https://www.commcarehq.org/photos/farmer_178.jpg,6,crop_farming,2,family_land,3,rain-fed,---,groundnuts maize rice,1.3,6.3,1.8,rabbits,---,17,10.5430589 7.3553884 0.0 20.0,yes,76b89352-8fab-4e54-99cc-e97263ae87d1,2026-04-11 00:04:00,2026-04-11,tester_01,2026-04-11 00:04:14,https://www.commcarehq.org/form/e5e2d357-c7e5-4153-9c7e-30d9e1006a58,tester_01,True,34,4.0,10.5430589,7.3553884
179,adb7ea77-fbd1-4666-a1b7-627b984305c5,community_01,Joy,Lawal,male,1993-11-27,99192473014.0,8040889448,https://www.commcarehq.org/photos/farmer_179.jpg,8,crop_farming,3,family_land,5,rain-fed,---,rice maize groundnuts,2.2,5.1,2.7,goats,16,---,10.2544369 7.3602647 0.0 20.0,yes,f6940516-8168-41cf-950b-e5c4574f2f52,2026-03-22 00:06:00,2026-03-22,tester_01,2026-03-22 00:06:07,https://www.commcarehq.org/form/adb7ea77-fbd1-4666-a1b7-627b984305c5,tester_01,True,32,6.0,10.2544369,7.3602647
180,c1a7baeb-e72a-409c-9e94-b577feddae0c,community_01,Peter,Yakubu,female,1973-09-13,,8073472687,https://www.commcarehq.org/photos/farmer_180.jpg,2,livestock_farming,15,owned,1,rain-fed,---,groundnuts rice maize,1.0,4.7,1.1,goats,15,---,10.2597005 7.5832131 0.0 20.0,yes,6ef1e04a-9ed8-4a79-8947-c59a1c580d00,2026-05-26 00:02:00,2026-05-26,tester_01,2026-05-26 00:02:05,https://www.commcarehq.org/form/c1a7baeb-e72a-409c-9e94-b577feddae0c,tester_01,True,52,2.0,10.2597005,7.5832131
181,f031c02b-c10e-48e2-b6e3-e5837e4e3b30,community_05,David,Lawal,female,1989-05-11,36642306493.0,8098273422,https://www.commcarehq.org/photos/farmer_181.jpg,5,crop_farming,5,owned,2,rain-fed,---,maize,---,4.0,---,rabbits,---,32,10.253282 7.3292984 0.0 20.0,yes,bfd74d77-3af7-427d-9c55-1d89cdccca25,2026-06-25 00:03:00,2026-06-25,tester_05,2026-06-25 00:03:17,https://www.commcarehq.org/form/f031c02b-c10e-48e2-b6e3-e5837e4e3b30,tester_05,True,37,3.0,10.253282,7.3292984
182,d0454dfa-123c-4092-9bcb-88f74473ee90,community_05,Suleiman,Eze,male,2008-06-09,75433145755.0,8099995702,https://www.commcarehq.org/photos/farmer_182.jpg,7,mixed_farming,1,leased,4,rain-fed,---,maize rice groundnuts,0.8,2.4,2.4,goats,5,---,10.5914066 7.3996842 0.0 20.0,yes,b99b7827-4aea-45e6-83b9-1487c58a7e76,2026-03-13 00:07:00,2026-03-13,tester_05,2026-03-13 00:07:16,https://www.commcarehq.org/form/d0454dfa-123c-4092-9bcb-88f74473ee90,tester_05,True,18,7.0,10.5914066,7.3996842
183,7104259d-8c9e-437f-a707-70604d516bd9,community_07,Musa,Michael,female,1981-10-21,35308832733.0,8039718670,https://www.commcarehq.org/photos/farmer_183.jpg,11,crop_farming,15,owned,5,other,Spring Water,maize rice,---,1.2,3.0,goats rabbits,13,20,10.272262 7.267318 0.0 20.0,yes,5194a4b6-ce50-4850-8895-24c4a2a53801,2026-03-11 00:06:00,2026-03-11,tester_07,2026-03-11 00:06:11,https://www.commcarehq.org/form/7104259d-8c9e-437f-a707-70604d516bd9,tester_07,True,44,6.0,10.272262,7.267318
184,d38c2809-8c5e-48c9-b483-6b0061cab120,community_04,Amina,Yakubu,female,1995-03-05,,8068066359,https://www.commcarehq.org/photos/farmer_184.jpg,12,crop_farming,5,owned,1,rain-fed,---,maize rice groundnuts,1.0,0.8,2.8,goats,3,---,10.4188625 7.4409166 0.0 20.0,yes,1ab4e0b7-88a3-41fa-812c-48b89613c2c1,2026-03-07 00:03:00,2026-03-07,tester_04,2026-03-07 00:03:12,https://www.commcarehq.org/form/d38c2809-8c5e-48c9-b483-6b0061cab120,tester_04,True,31,3.0,10.4188625,7.4409166
185,82d22e82-acc4-4802-b754-dae0f4b1e766,community_07,Deborah,David,male,1973-12-28,,8027614483,https://www.commcarehq.org/photos/farmer_185.jpg,8,crop_farming,24,owned,2,rain-fed,---,rice maize,---,1.0,2.0,goats,7,---,10.3704068 7.2161752 0.0 20.0,yes,eb893fe3-de48-4b2c-a9df-fc01d1ccc325,2026-04-29 00:07:00,2026-04-29,tester_07,2026-04-29 00:07:12,https://www.commcarehq.org/form/82d22e82-acc4-4802-b754-dae0f4b1e766,tester_07,True,52,7.0,10.3704068,7.2161752
186,4f8623d4-9b96-458a-825f-ec86ae8e863f,community_05,Yusuf,Peter,female,1978-06-01,20468362271.0,8094119852,https://www.commcarehq.org/photos/farmer_186.jpg,3,mixed_farming,17,owned,1,borehole,---,maize rice,---,4.0,3.2,goats,25,---,10.2718209 7.2728833 0.0 20.0,yes,eeed33ba-2d92-46b4-9957-ae5f70687fb7,2026-01-22 00:05:00,2026-01-22,tester_05,2026-01-22 00:05:14,https://www.commcarehq.org/form/4f8623d4-9b96-458a-825f-ec86ae8e863f,tester_05,True,48,5.0,10.2718209,7.2728833
187,c3548015-81dd-4d6b-8adf-27c98ec1b998,community_02,Suleiman,Ali,female,1992-01-17,,8081176815,https://www.commcarehq.org/photos/farmer_187.jpg,12,crop_farming,13,leased,3,rain-fed,---,rice maize groundnuts,2.5,1.0,1.0,goats,2,---,10.2752884 7.2107261 0.0 20.0,yes,ef1f8a42-baa4-4d16-b7d9-bb0457624ed5,2026-02-07 00:07:00,2026-02-07,tester_02,2026-02-07 00:07:12,https://www.commcarehq.org/form/c3548015-81dd-4d6b-8adf-27c98ec1b998,tester_02,True,34,7.0,10.2752884,7.2107261
188,af78ad74-6e1f-4a8c-b9b5-782ca1d60c4d,community_03,Binta,Tanko,female,1991-11-15,11811957488.0,8019744042,https://www.commcarehq.org/photos/farmer_188.jpg,5,crop_farming,1,owned,3,rain-fed,---,rice maize,---,0.7,1.9,---,---,---,10.5741124 7.5620293 0.0 20.0,yes,5839f5a6-7b93-42bd-8e39-0772d04e3227,2026-03-01 00:07:00,2026-03-01,tester_03,2026-03-01 00:07:06,https://www.commcarehq.org/form/af78ad74-6e1f-4a8c-b9b5-782ca1d60c4d,tester_03,True,34,7.0,10.5741124,7.5620293
189,e5e63530-63e6-4ab3-a3b9-e2aff3cc6db8,community_04,David,Okafor,male,1997-12-07,,8016644174,https://www.commcarehq.org/photos/farmer_189.jpg,6,livestock_farming,6,leased,3,rain-fed,---,rice maize,---,6.3,3.4,---,---,---,10.5183891 7.519902 0.0 20.0,yes,448cdfe4-1969-4279-b3a2-da7f1c604b7f,2026-06-09 00:03:00,2026-06-09,tester_04,2026-06-09 00:03:14,https://www.commcarehq.org/form/e5e63530-63e6-4ab3-a3b9-e2aff3cc6db8,tester_04,True,28,3.0,10.5183891,7.519902
190,741d7603-4592-40f7-b443-a0c402624787,community_05,Fatima,Adeyemi,male,2005-08-30,69242556032.0,8094259326,https://www.commcarehq.org/photos/farmer_190.jpg,4,crop_farming,1,owned,1,rain-fed,---,maize,---,2.0,---,goats,13,---,10.508038 7.4228089 0.0 20.0,yes,bf17a319-1e54-418a-a1b4-2f88f139f7c9,2026-06-26 00:08:00,2026-06-26,tester_05,2026-06-26 00:08:08,https://www.commcarehq.org/form/741d7603-4592-40f7-b443-a0c402624787,tester_05,True,20,8.0,10.508038,7.4228089
191,4f1fe921-c604-4327-9f68-5b561977198c,community_05,Elizabeth,Ali,female,1963-05-24,,8068155112,https://www.commcarehq.org/photos/farmer_191.jpg,5,crop_farming,33,owned,5,rain-fed,---,groundnuts,2.6,---,---,goats,15,---,10.202635 7.5339253 0.0 20.0,yes,ba18ab44-16a4-4777-9920-8ebedf88fb01,2026-03-15 00:06:00,2026-03-15,tester_05,2026-03-15 00:06:10,https://www.commcarehq.org/form/4f1fe921-c604-4327-9f68-5b561977198c,tester_05,True,63,6.0,10.202635,7.5339253
192,a70cbc60-ecad-4141-af29-204be1e0070e,community_01,Daniel,Ogunleye,female,1993-04-23,,8057149895,https://www.commcarehq.org/photos/farmer_192.jpg,10,mixed_farming,12,family_land,5,rain-fed,---,maize,---,0.9,---,---,---,---,10.4565863 7.5610045 0.0 20.0,yes,481b56a3-3b74-481e-a8dc-ef3b0083e789,2026-06-11 00:07:00,2026-06-11,tester_01,2026-06-11 00:07:14,https://www.commcarehq.org/form/a70cbc60-ecad-4141-af29-204be1e0070e,tester_01,True,33,7.0,10.4565863,7.5610045
193,af824d66-504c-42c1-b4ff-2a7533eacce2,community_03,Naomi,Adeyemi,female,1971-01-20,93871226876.0,8097425766,https://www.commcarehq.org/photos/farmer_193.jpg,8,crop_farming,3,owned,2,borehole,---,rice,---,---,4.0,goats,4,---,10.324901 7.3362836 0.0 20.0,yes,491843a6-18dc-4a29-bf2b-580484d54631,2026-01-06 00:02:00,2026-01-06,tester_03,2026-01-06 00:02:13,https://www.commcarehq.org/form/af824d66-504c-42c1-b4ff-2a7533eacce2,tester_03,True,55,2.0,10.324901,7.3362836
194,8c63564b-ef7e-47f3-b647-c3a62d49d376,community_02,Emmanuel,Ahmed,female,1963-06-17,,8025179450,https://www.commcarehq.org/photos/farmer_194.jpg,5,livestock_farming,37,family_land,3,river_stream,---,maize,---,2.3,---,---,---,---,10.4291063 7.2559886 0.0 20.0,yes,683175ab-1d13-40af-a808-ed4f8d20fc1d,2026-03-05 00:02:00,2026-03-05,tester_02,2026-03-05 00:02:15,https://www.commcarehq.org/form/8c63564b-ef7e-47f3-b647-c3a62d49d376,tester_02,True,63,2.0,10.4291063,7.2559886
195,73315b97-2478-490f-bcdf-a1485e54c3eb,community_04,John,Haruna,female,1993-07-10,20359688573.0,8004120645,https://www.commcarehq.org/photos/farmer_195.jpg,6,mixed_farming,8,family_land,2,rain-fed,---,groundnuts,1.8,---,---,---,---,---,10.5872127 7.4052742 0.0 20.0,yes,64cbefc1-be59-467d-92f2-0ff89892044b,2026-06-27 00:03:00,2026-06-27,tester_04,2026-06-27 00:03:19,https://www.commcarehq.org/form/73315b97-2478-490f-bcdf-a1485e54c3eb,tester_04,True,33,3.0,10.5872127,7.4052742
196,312fb890-4081-4a06-b824-9b54e16d6035,community_03,Suleiman,Isa,female,1994-09-04,,8013251332,https://www.commcarehq.org/photos/farmer_196.jpg,3,mixed_farming,1,leased,2,rain-fed,---,maize groundnuts rice,1.9,0.9,0.7,---,---,---,10.3809498 7.3351293 0.0 20.0,yes,a7d318bb-d063-4053-961d-eb7c196497c7,2026-06-05 00:03:00,2026-06-05,tester_03,2026-06-05 00:03:09,https://www.commcarehq.org/form/312fb890-4081-4a06-b824-9b54e16d6035,tester_03,True,31,3.0,10.3809498,7.3351293
197,5ac628a1-aa96-4f51-804b-be49fa291532,community_04,Samuel,Lawal,male,1991-05-26,,8064235987,https://www.commcarehq.org/photos/farmer_197.jpg,1,mixed_farming,10,owned,1,rain-fed,---,rice groundnuts maize,2.4,3.5,0.6,---,---,---,10.5849507 7.309985 0.0 20.0,yes,ac4e379d-4587-441b-9499-32bb4975d12f,2026-06-30 00:08:00,2026-06-30,tester_04,2026-06-30 00:08:19,https://www.commcarehq.org/form/5ac628a1-aa96-4f51-804b-be49fa291532,tester_04,True,35,8.0,10.5849507,7.309985
198,3ce071eb-0226-4962-b87c-1f4ec848a77e,community_01,Mercy,Eze,male,1979-07-02,66609850824.0,8005309521,https://www.commcarehq.org/photos/farmer_198.jpg,3,mixed_farming,2,family_land,6,rain-fed,---,groundnuts maize,0.9,5.9,---,goats rabbits,5,17,10.5008535 7.4344116 0.0 20.0,yes,ee536f03-af9a-49dd-bef0-4b82dcc0af54,2026-05-10 00:05:00,2026-05-10,tester_01,2026-05-10 00:05:08,https://www.commcarehq.org/form/3ce071eb-0226-4962-b87c-1f4ec848a77e,tester_01,True,47,5.0,10.5008535,7.4344116
199,8005ecac-2f3e-4d0a-9603-8017dfe31089,community_02,Ibrahim,Ali,male,2007-12-10,44439722839.0,8055176154,https://www.commcarehq.org/photos/farmer_199.jpg,8,crop_farming,1,family_land,3,dam_reservoir,---,maize groundnuts rice,2.5,6.3,2.7,rabbits,---,5,10.5734027 7.3928745 0.0 20.0,yes,fe4ef073-9212-4a13-a678-1716fc585a01,2026-06-24 00:05:00,2026-06-24,tester_02,2026-06-24 00:05:16,https://www.commcarehq.org/form/8005ecac-2f3e-4d0a-9603-8017dfe31089,tester_02,True,18,5.0,10.5734027,7.3928745
200,0ec45207-c2db-4693-827d-d613497ecaad,community_06,John,Okafor,female,1993-10-09,19881166487.0,8031152469,https://www.commcarehq.org/photos/farmer_200.jpg,5,mixed_farming,13,family_land,2,other,Community Well,maize,---,6.3,---,goats rabbits,24,2,10.4435147 7.2017117 0.0 20.0,no,d662f067-7388-4efc-8fd1-079f8244c6bb,2026-02-14 00:05:00,2026-02-14,tester_06,2026-02-14 00:05:20,https://www.commcarehq.org/form/0ec45207-c2db-4693-827d-d613497ecaad,tester_06,True,32,5.0,10.4435147,7.2017117
201,e93030d5-8191-465b-b6d9-1367be049cdd,community_06,Mercy,Bello,female,1984-10-09,73014098354.0,8063883176,https://www.commcarehq.org/photos/farmer_201.jpg,2,crop_farming,8,family_land,2,borehole,---,groundnuts,2.5,---,---,---,---,---,10.2884591 7.5920476 0.0 20.0,yes,44281c67-bc07-4320-b9b6-168853d5ac84,2026-01-10 00:04:00,2026-01-10,tester_06,2026-01-10 00:04:20,https://www.commcarehq.org/form/e93030d5-8191-465b-b6d9-1367be049cdd,tester_06,True,41,4.0,10.2884591,7.5920476
202,ec73850f-88e5-4a24-8575-d06a02363821,community_07,Yusuf,Eze,male,1990-05-15,,8054565650,https://www.commcarehq.org/photos/farmer_202.jpg,4,livestock_farming,8,leased,3,rain-fed,---,groundnuts maize rice,0.5,3.1,2.9,---,---,---,10.3291997 7.5377366 0.0 20.0,yes,acb99023-b22a-4b04-bdd6-cc2d4a1800d6,2026-02-01 00:07:00,2026-02-01,tester_07,2026-02-01 00:07:19,https://www.commcarehq.org/form/ec73850f-88e5-4a24-8575-d06a02363821,tester_07,True,36,7.0,10.3291997,7.5377366
203,60be3283-b2e7-4291-a9a0-0ff3a869d5f2,community_04,Esther,Lawal,male,1976-02-22,,8053338892,https://www.commcarehq.org/photos/farmer_203.jpg,10,crop_farming,22,owned,3,rain-fed,---,groundnuts maize,2.6,2.0,---,---,---,---,10.533007 7.5286535 0.0 20.0,yes,d0bfc479-375f-40a2-b5b0-3e10ff9071e2,2026-03-02 00:02:00,2026-03-02,tester_04,2026-03-02 00:02:19,https://www.commcarehq.org/form/60be3283-b2e7-4291-a9a0-0ff3a869d5f2,tester_04,True,50,2.0,10.533007,7.5286535
204,55175c4f-16a3-4695-a285-045c4d411901,community_06,Binta,Ali,female,2008-06-18,21567908867.0,8070806410,https://www.commcarehq.org/photos/farmer_204.jpg,3,crop_farming,1,owned,3,rain-fed,---,maize rice,---,5.3,3.6,---,---,---,10.5750339 7.5131717 0.0 20.0,yes,fd7dd9db-5dbf-4bc0-a6db-c48e8e4b505e,2026-03-26 00:06:00,2026-03-26,tester_06,2026-03-26 00:06:11,https://www.commcarehq.org/form/55175c4f-16a3-4695-a285-045c4d411901,tester_06,True,18,6.0,10.5750339,7.5131717
205,834e7345-cd5f-41ed-b549-e3a04763d96d,community_01,Amina,Eze,female,1982-09-22,46545438659.0,8034611015,https://www.commcarehq.org/photos/farmer_205.jpg,7,crop_farming,18,family_land,1,rain-fed,---,maize groundnuts,1.8,4.4,---,goats,9,---,10.53407 7.5434809 0.0 20.0,yes,9e753c31-3dc0-40ef-bde5-13a19a7cc57d,2026-02-20 00:03:00,2026-02-20,tester_01,2026-02-20 00:03:11,https://www.commcarehq.org/form/834e7345-cd5f-41ed-b549-e3a04763d96d,tester_01,True,43,3.0,10.53407,7.5434809
206,53c5a4cd-1a79-43b8-a233-1364a00f2a19,community_06,Ibrahim,Daniel,female,1978-09-09,,8085323189,https://www.commcarehq.org/photos/farmer_206.jpg,10,mixed_farming,15,family_land,1,borehole,---,rice maize,---,1.7,1.1,---,---,---,10.2294925 7.212007 0.0 20.0,yes,aa3de7b3-67d9-4cc6-97f5-819e54d29275,2026-03-16 00:05:00,2026-03-16,tester_06,2026-03-16 00:05:11,https://www.commcarehq.org/form/53c5a4cd-1a79-43b8-a233-1364a00f2a19,tester_06,True,47,5.0,10.2294925,7.212007
207,79e07892-5650-48e4-b606-608509c39cdb,community_05,Elizabeth,Lawal,male,1960-04-07,53698219274.0,8082112181,https://www.commcarehq.org/photos/farmer_207.jpg,8,livestock_farming,20,owned,2,borehole,---,rice maize groundnuts,0.8,5.8,1.0,goats,19,---,10.3497021 7.4398197 0.0 20.0,yes,440c73f1-5a71-4ea3-9f19-c5afb1b5d7ff,2026-03-04 00:02:00,2026-03-04,tester_05,2026-03-04 00:02:11,https://www.commcarehq.org/form/79e07892-5650-48e4-b606-608509c39cdb,tester_05,True,66,2.0,10.3497021,7.4398197
208,a473697f-cf85-4e21-9c42-79234dd37819,community_06,Musa,Abdullahi,male,1992-05-06,,8098204605,https://www.commcarehq.org/photos/farmer_208.jpg,8,mixed_farming,6,owned,2,rain-fed,---,maize rice,---,4.0,2.7,---,---,---,10.2828798 7.5579539 0.0 20.0,yes,8be01457-9e45-4dd1-bdbe-4af190e8b01e,2026-03-02 00:05:00,2026-03-02,tester_06,2026-03-02 00:05:11,https://www.commcarehq.org/form/a473697f-cf85-4e21-9c42-79234dd37819,tester_06,True,34,5.0,10.2828798,7.5579539
209,a04125dd-c4a7-4340-a09d-110c367566a6,community_02,Naomi,David,female,1955-03-11,49015603832.0,8043546444,https://www.commcarehq.org/photos/farmer_209.jpg,6,crop_farming,15,owned,1,rain-fed,---,rice groundnuts maize,2.8,1.1,0.7,goats,8,---,10.4700429 7.3000095 0.0 20.0,yes,ad170789-5579-4448-898a-82f7e9fdd99b,2026-06-24 00:08:00,2026-06-24,tester_02,2026-06-24 00:08:13,https://www.commcarehq.org/form/a04125dd-c4a7-4340-a09d-110c367566a6,tester_02,True,71,8.0,10.4700429,7.3000095
210,44ad5f28-dfe2-428b-9670-2e7d90b0df47,community_02,Hauwa,Peter,female,1968-03-04,49940937355.0,8087445645,https://www.commcarehq.org/photos/farmer_210.jpg,4,mixed_farming,14,owned,3,rain-fed,---,rice maize,---,2.5,0.8,---,---,---,10.5767719 7.3670751 0.0 20.0,yes,b69fef5a-360f-4ef1-b62b-551f49fae6fd,2026-05-23 00:02:00,2026-05-23,tester_02,2026-05-23 00:02:16,https://www.commcarehq.org/form/44ad5f28-dfe2-428b-9670-2e7d90b0df47,tester_02,True,58,2.0,10.5767719,7.3670751
211,596123b0-faa5-4b6e-805c-e96e253ffe58,community_01,Deborah,Peter,male,1968-08-12,,8034647530,https://www.commcarehq.org/photos/farmer_211.jpg,3,livestock_farming,22,owned,3,rain-fed,---,maize groundnuts,2.9,0.9,---,goats rabbits,17,38,10.5847753 7.4556013 0.0 20.0,yes,9f641f0a-9df0-47f5-916d-1d1146fb4913,2026-02-13 00:02:00,2026-02-13,tester_01,2026-02-13 00:02:10,https://www.commcarehq.org/form/596123b0-faa5-4b6e-805c-e96e253ffe58,tester_01,True,58,2.0,10.5847753,7.4556013
212,b4f56269-233b-464f-b21d-63130f7edf61,community_01,Yusuf,Eze,male,1994-12-24,49655602393.0,8060051841,https://www.commcarehq.org/photos/farmer_212.jpg,2,crop_farming,14,owned,1,river_stream,---,maize groundnuts rice,2.0,3.5,2.9,goats,2,---,10.3782926 7.529833 0.0 20.0,yes,675e8db1-1fd4-4871-97f4-64745d66e6bb,2026-03-05 00:06:00,2026-03-05,tester_01,2026-03-05 00:06:15,https://www.commcarehq.org/form/b4f56269-233b-464f-b21d-63130f7edf61,tester_01,True,31,6.0,10.3782926,7.529833
213,28bab52a-7c90-4e49-b52f-8d11f5f7cc3e,community_07,Naomi,Ibrahim,male,1985-02-14,74076169840.0,8038738841,https://www.commcarehq.org/photos/farmer_213.jpg,7,livestock_farming,6,family_land,1,dam_reservoir,---,groundnuts,1.2,---,---,---,---,---,10.5665185 7.4792176 0.0 20.0,yes,9c1b1094-a830-47af-8369-2d4154fe2eba,2026-02-25 00:05:00,2026-02-25,tester_07,2026-02-25 00:05:18,https://www.commcarehq.org/form/28bab52a-7c90-4e49-b52f-8d11f5f7cc3e,tester_07,True,41,5.0,10.5665185,7.4792176
214,93f39b55-c3dd-4fcb-86f2-f8003b260c1c,community_07,Mercy,James,female,2006-10-21,,8034254067,https://www.commcarehq.org/photos/farmer_214.jpg,6,crop_farming,1,owned,1,rain-fed,---,rice maize groundnuts,1.7,1.0,2.8,---,---,---,10.3883151 7.3116568 0.0 20.0,yes,39a20438-eb08-47c2-bae9-5a706ebbc890,2026-01-05 00:06:00,2026-01-05,tester_07,2026-01-05 00:06:08,https://www.commcarehq.org/form/93f39b55-c3dd-4fcb-86f2-f8003b260c1c,tester_07,True,19,6.0,10.3883151,7.3116568
215,30d27e91-65e1-4305-9fc8-ddc527459b73,community_01,Mary,Sani,female,1998-07-03,,8013206268,https://www.commcarehq.org/photos/farmer_215.jpg,7,livestock_farming,7,family_land,4,rain-fed,---,groundnuts rice,1.4,---,1.3,goats rabbits,15,2,10.3348467 7.2768607 0.0 20.0,yes,6c3559b8-817d-4da7-882f-42d45d0fad38,2026-02-26 00:02:00,2026-02-26,tester_01,2026-02-26 00:02:10,https://www.commcarehq.org/form/30d27e91-65e1-4305-9fc8-ddc527459b73,tester_01,True,28,2.0,10.3348467,7.2768607
216,b778b00d-e252-4a14-b7a6-d4c5e140158a,community_05,Grace,Usman,male,1970-10-01,38452755404.0,8093421306,https://www.commcarehq.org/photos/farmer_216.jpg,3,crop_farming,18,family_land,4,rain-fed,---,maize groundnuts rice,1.1,1.1,1.6,---,---,---,10.5698214 7.5085626 0.0 20.0,yes,eb8b57c5-a0cb-4b0e-9da3-414ef519309a,2026-02-14 00:07:00,2026-02-14,tester_05,2026-02-14 00:07:15,https://www.commcarehq.org/form/b778b00d-e252-4a14-b7a6-d4c5e140158a,tester_05,True,55,7.0,10.5698214,7.5085626
217,89350bcc-e260-40b5-9198-a2318aeb8cb5,community_07,Ahmed,Ibrahim,male,1998-11-21,79717736545.0,8059268377,https://www.commcarehq.org/photos/farmer_217.jpg,1,crop_farming,3,owned,6,rain-fed,---,rice maize,---,1.3,1.6,rabbits,---,28,10.4592186 7.315382 0.0 20.0,yes,9efb0996-cc12-450a-aea0-3a2c1599f468,2026-03-26 00:04:00,2026-03-26,tester_07,2026-03-26 00:04:12,https://www.commcarehq.org/form/89350bcc-e260-40b5-9198-a2318aeb8cb5,tester_07,True,27,4.0,10.4592186,7.315382
218,2bbf5d01-cc25-4242-8371-1ee279ed15fb,community_02,Grace,Philip,female,1958-09-10,,8051604909,https://www.commcarehq.org/photos/farmer_218.jpg,1,mixed_farming,14,owned,1,rain-fed,---,rice,---,---,1.2,goats,21,---,10.3141412 7.3793085 0.0 20.0,yes,923ee1a1-0840-40f2-99db-336e957b5b3b,2026-03-11 00:08:00,2026-03-11,tester_02,2026-03-11 00:08:20,https://www.commcarehq.org/form/2bbf5d01-cc25-4242-8371-1ee279ed15fb,tester_02,True,67,8.0,10.3141412,7.3793085
219,2f8a9275-9014-4165-9bab-55008e416dfa,community_01,Daniel,David,male,1979-10-28,12070177372.0,8074093551,https://www.commcarehq.org/photos/farmer_219.jpg,6,crop_farming,20,owned,5,rain-fed,---,groundnuts,0.5,---,---,---,---,---,10.3965815 7.5702764 0.0 20.0,yes,e0e9d966-a6f2-48d6-93bc-03e5a21a94b4,2026-04-06 00:05:00,2026-04-06,tester_01,2026-04-06 00:05:20,https://www.commcarehq.org/form/2f8a9275-9014-4165-9bab-55008e416dfa,tester_01,True,46,5.0,10.3965815,7.5702764
220,5fd3b610-9490-4526-af90-fb5d89b52653,community_02,Blessing,Bello,male,2006-12-21,,8017977376,https://www.commcarehq.org/photos/farmer_220.jpg,5,livestock_farming,1,owned,1,rain-fed,---,rice groundnuts maize,1.2,3.2,2.9,goats,21,---,10.4650419 7.264571 0.0 20.0,yes,969860b1-0029-42a7-9d4d-46cb80a677f1,2026-01-24 00:07:00,2026-01-24,tester_02,2026-01-24 00:07:17,https://www.commcarehq.org/form/5fd3b610-9490-4526-af90-fb5d89b52653,tester_02,True,19,7.0,10.4650419,7.264571
221,df82aec9-0964-459b-926d-7a721a9a2dd6,community_03,Blessing,Michael,male,1953-04-26,,8023963348,https://www.commcarehq.org/photos/farmer_221.jpg,8,mixed_farming,52,owned,1,rain-fed,---,maize rice groundnuts,3.0,5.4,0.5,goats,24,---,10.3667369 7.3153361 0.0 20.0,yes,95c8fae5-aab6-4562-b866-e2680f4c3b1e,2026-02-15 00:04:00,2026-02-15,tester_03,2026-02-15 00:04:10,https://www.commcarehq.org/form/df82aec9-0964-459b-926d-7a721a9a2dd6,tester_03,True,73,4.0,10.3667369,7.3153361
222,b12cfb95-aa9e-4950-afcb-f000a4a8b22f,community_05,John,Ibrahim,male,1951-10-03,,8010172946,https://www.commcarehq.org/photos/farmer_222.jpg,9,crop_farming,18,owned,1,rain-fed,---,groundnuts rice maize,1.2,6.2,2.8,rabbits,---,15,10.4089338 7.2029048 0.0 20.0,yes,fdcf1f55-c679-450c-9ad2-5def05b52e0d,2026-03-10 00:05:00,2026-03-10,tester_05,2026-03-10 00:05:20,https://www.commcarehq.org/form/b12cfb95-aa9e-4950-afcb-f000a4a8b22f,tester_05,True,74,5.0,10.4089338,7.2029048
223,3536ded7-47eb-42de-bd8f-f3b78afbae3f,community_05,Hauwa,Usman,male,1981-02-01,,8096303314,https://www.commcarehq.org/photos/farmer_223.jpg,8,livestock_farming,1,family_land,3,borehole,---,maize,---,3.2,---,---,---,---,10.4059656 7.4640914 0.0 20.0,no,41e484a9-b476-4ccb-82ec-7b1e5dafef0f,2026-06-13 00:08:00,2026-06-13,tester_05,2026-06-13 00:08:15,https://www.commcarehq.org/form/3536ded7-47eb-42de-bd8f-f3b78afbae3f,tester_05,True,45,8.0,10.4059656,7.4640914
224,6267ead5-57ad-4735-84cf-7febe1af0706,community_01,Daniel,Tanko,male,1970-08-02,77030536743.0,8046049998,https://www.commcarehq.org/photos/farmer_224.jpg,3,crop_farming,10,leased,3,borehole,---,groundnuts,1.7,---,---,goats,23,---,10.5948878 7.3867212 0.0 20.0,yes,50ca0610-0663-4a55-8b08-2d5f4a0aade4,2026-01-30 00:05:00,2026-01-30,tester_01,2026-01-30 00:05:12,https://www.commcarehq.org/form/6267ead5-57ad-4735-84cf-7febe1af0706,tester_01,True,56,5.0,10.5948878,7.3867212
225,f4411c53-2557-4edd-bad2-299eea997598,community_02,Rebecca,Lawal,female,1984-12-01,,8009332769,https://www.commcarehq.org/photos/farmer_225.jpg,1,mixed_farming,16,owned,3,rain-fed,---,rice groundnuts maize,1.4,4.8,3.1,goats,22,---,10.5864992 7.3747849 0.0 20.0,yes,ff252775-d7bf-4d71-ac36-bde731dadb97,2026-03-08 00:02:00,2026-03-08,tester_02,2026-03-08 00:02:14,https://www.commcarehq.org/form/f4411c53-2557-4edd-bad2-299eea997598,tester_02,True,41,2.0,10.5864992,7.3747849
226,2e807787-b0d1-498d-8557-20a19232cab5,community_01,Fatima,Johnson,female,1962-09-27,56614698720.0,8095005893,https://www.commcarehq.org/photos/farmer_226.jpg,5,crop_farming,43,family_land,4,rain-fed,---,maize groundnuts,2.5,2.3,---,goats,23,---,10.4405862 7.2583483 0.0 20.0,yes,4dda61e4-27ec-4218-9647-c601a5d8ce72,2026-06-29 00:02:00,2026-06-29,tester_01,2026-06-29 00:02:15,https://www.commcarehq.org/form/2e807787-b0d1-498d-8557-20a19232cab5,tester_01,True,63,2.0,10.4405862,7.2583483
227,6d4ec5e1-98d2-475e-8e66-0aef5167b336,community_02,Yusuf,James,male,1966-11-14,75350955632.0,8029081789,https://www.commcarehq.org/photos/farmer_227.jpg,10,livestock_farming,26,owned,3,rain-fed,---,rice,---,---,1.9,goats,17,---,10.5030857 7.3564252 0.0 20.0,yes,4a28edd3-75b3-4ee7-b799-d01bac2971df,2026-03-14 00:04:00,2026-03-14,tester_02,2026-03-14 00:04:11,https://www.commcarehq.org/form/6d4ec5e1-98d2-475e-8e66-0aef5167b336,tester_02,True,59,4.0,10.5030857,7.3564252
228,f8c87f78-4195-4370-a11a-07cc630ee7b1,community_05,Mercy,David,male,1987-06-14,,8074116212,https://www.commcarehq.org/photos/farmer_228.jpg,8,crop_farming,19,owned,1,other,Spring Water,groundnuts,0.7,---,---,rabbits,---,5,10.2469387 7.4061741 0.0 20.0,yes,ca044cdb-559a-4ff7-b57a-21211f656c7c,2026-04-22 00:03:00,2026-04-22,tester_05,2026-04-22 00:03:17,https://www.commcarehq.org/form/f8c87f78-4195-4370-a11a-07cc630ee7b1,tester_05,True,39,3.0,10.2469387,7.4061741
229,2f6a6c7d-5650-44d0-946f-c01bd605ddd0,community_02,Mary,Garba,male,1987-04-14,,8036767862,https://www.commcarehq.org/photos/farmer_229.jpg,9,crop_farming,16,family_land,3,rain-fed,---,maize rice groundnuts,2.5,1.6,2.2,---,---,---,10.4285692 7.2397765 0.0 20.0,yes,4688c008-0de9-4bec-8ad0-e9cc76b6c36a,2026-05-18 00:03:00,2026-05-18,tester_02,2026-05-18 00:03:17,https://www.commcarehq.org/form/2f6a6c7d-5650-44d0-946f-c01bd605ddd0,tester_02,True,39,3.0,10.4285692,7.2397765
230,b750cdc2-c123-47aa-b302-21c6452f1a0d,community_06,Amina,David,male,1977-11-05,90904917173.0,8058672618,https://www.commcarehq.org/photos/farmer_230.jpg,8,mixed_farming,4,owned,3,rain-fed,---,maize groundnuts rice,2.9,3.5,1.8,---,---,---,10.5780914 7.2000342 0.0 20.0,yes,3d6ffc3a-d0fb-4c0d-9544-cf4bc9eb3977,2026-05-13 00:08:00,2026-05-13,tester_06,2026-05-13 00:08:14,https://www.commcarehq.org/form/b750cdc2-c123-47aa-b302-21c6452f1a0d,tester_06,True,48,8.0,10.5780914,7.2000342
231,20c482df-cfe8-45a2-9174-598ced3103b1,community_05,Samuel,Peter,female,1978-01-14,37962772622.0,8066001821,https://www.commcarehq.org/photos/farmer_231.jpg,7,crop_farming,20,owned,3,rain-fed,---,maize,---,3.2,---,---,---,---,10.5760797 7.2572976 0.0 20.0,yes,5f353d58-51e3-4fe2-87fb-8c2311cac5c8,2026-06-11 00:07:00,2026-06-11,tester_05,2026-06-11 00:07:13,https://www.commcarehq.org/form/20c482df-cfe8-45a2-9174-598ced3103b1,tester_05,True,48,7.0,10.5760797,7.2572976
232,055f79eb-84d0-4ad2-afee-5dc9d18f453d,community_07,Yusuf,Ojo,male,1987-09-05,30708476039.0,8037392256,https://www.commcarehq.org/photos/farmer_232.jpg,1,crop_farming,9,owned,1,rain-fed,---,maize,---,6.2,---,rabbits,---,35,10.491331 7.3226198 0.0 20.0,yes,9bf5849e-37bd-4927-a794-afe669e8340c,2026-05-06 00:02:00,2026-05-06,tester_07,2026-05-06 00:02:16,https://www.commcarehq.org/form/055f79eb-84d0-4ad2-afee-5dc9d18f453d,tester_07,True,38,2.0,10.491331,7.3226198
233,4dd54629-68da-443b-af81-feed8d7b5219,community_05,Deborah,Ahmed,male,1986-04-15,64768877128.0,8018675845,https://www.commcarehq.org/photos/farmer_233.jpg,1,crop_farming,19,family_land,1,rain-fed,---,rice groundnuts,2.2,---,2.0,---,---,---,10.3416006 7.3874663 0.0 20.0,yes,819e8314-a2ec-4946-b982-89953bf82f40,2026-04-20 00:06:00,2026-04-20,tester_05,2026-04-20 00:06:12,https://www.commcarehq.org/form/4dd54629-68da-443b-af81-feed8d7b5219,tester_05,True,40,6.0,10.3416006,7.3874663
234,b84850aa-8861-4ce5-bf2d-538bc82a8721,community_02,Deborah,Bello,female,1991-05-25,31876989787.0,8050298096,https://www.commcarehq.org/photos/farmer_234.jpg,2,livestock_farming,4,owned,6,rain-fed,---,rice maize,---,2.0,3.1,---,---,---,10.5521328 7.4112446 0.0 20.0,yes,0f81b1f2-ffbc-4d64-be29-92add0c32144,2026-06-05 00:05:00,2026-06-05,tester_02,2026-06-05 00:05:10,https://www.commcarehq.org/form/b84850aa-8861-4ce5-bf2d-538bc82a8721,tester_02,True,35,5.0,10.5521328,7.4112446
235,0cc8c03d-87b4-4185-b9f1-d477a422020d,community_05,Naomi,Lawal,male,1995-01-03,,8059433192,https://www.commcarehq.org/photos/farmer_235.jpg,7,crop_farming,8,owned,6,rain-fed,---,maize,---,6.1,---,---,---,---,10.5573671 7.5741658 0.0 20.0,yes,ec763608-552c-4b6b-833e-9bc5b26e9891,2026-05-05 00:02:00,2026-05-05,tester_05,2026-05-05 00:02:16,https://www.commcarehq.org/form/0cc8c03d-87b4-4185-b9f1-d477a422020d,tester_05,True,31,2.0,10.5573671,7.5741658
236,5012ac2a-b183-47dc-b3ca-3cdc1b7513e7,community_01,Samuel,Johnson,male,2003-04-03,22922971351.0,8041584907,https://www.commcarehq.org/photos/farmer_236.jpg,5,crop_farming,4,leased,3,rain-fed,---,rice maize,---,1.5,1.7,goats,13,---,10.4836878 7.2442663 0.0 20.0,yes,a4ff69d9-a2db-4bea-90ff-7daa87b58c87,2026-02-04 00:05:00,2026-02-04,tester_01,2026-02-04 00:05:18,https://www.commcarehq.org/form/5012ac2a-b183-47dc-b3ca-3cdc1b7513e7,tester_01,True,23,5.0,10.4836878,7.2442663
237,77947cda-7b78-47db-b0fd-3c41df232a89,community_05,Naomi,Musa,male,1988-08-04,,8014461773,https://www.commcarehq.org/photos/farmer_237.jpg,8,crop_farming,4,leased,5,rain-fed,---,groundnuts rice maize,1.6,4.1,0.5,---,---,---,10.233046 7.3715808 0.0 20.0,yes,d7a551a3-e2b1-4a7f-b56b-40083573fd3a,2026-05-11 00:03:00,2026-05-11,tester_05,2026-05-11 00:03:12,https://www.commcarehq.org/form/77947cda-7b78-47db-b0fd-3c41df232a89,tester_05,True,38,3.0,10.233046,7.3715808
238,c3bd4c4f-a32e-4658-8341-8a04091c4140,community_02,Mary,Tanko,male,1980-04-02,81856764442.0,8061861142,https://www.commcarehq.org/photos/farmer_238.jpg,4,mixed_farming,3,leased,2,rain-fed,---,groundnuts rice maize,1.6,0.9,2.0,goats,5,---,10.3122224 7.3404098 0.0 20.0,yes,7c791106-7b9a-4fa9-950b-f16885cc8fe6,2026-03-23 00:02:00,2026-03-23,tester_02,2026-03-23 00:02:10,https://www.commcarehq.org/form/c3bd4c4f-a32e-4658-8341-8a04091c4140,tester_02,True,46,2.0,10.3122224,7.3404098
239,377f06dd-185e-4697-a63d-af48004bb244,community_01,Grace,Adeyemi,female,1989-02-17,,8011933005,https://www.commcarehq.org/photos/farmer_239.jpg,4,crop_farming,19,owned,2,rain-fed,---,maize groundnuts rice,0.8,5.0,0.9,---,---,---,10.4617421 7.2761734 0.0 20.0,yes,23e3b549-9dca-4cfa-883a-3e1e0d43832a,2026-01-26 00:02:00,2026-01-26,tester_01,2026-01-26 00:02:15,https://www.commcarehq.org/form/377f06dd-185e-4697-a63d-af48004bb244,tester_01,True,37,2.0,10.4617421,7.2761734
240,883c14d5-b8df-4ea7-bd9b-e162feca2d59,community_02,Ruth,Lawal,male,1976-05-09,86909184154.0,8098479049,https://www.commcarehq.org/photos/farmer_240.jpg,7,crop_farming,9,owned,6,rain-fed,---,maize groundnuts,0.9,5.0,---,goats,14,---,10.3085977 7.2736265 0.0 20.0,yes,417e8d68-7718-46e2-a816-4a54fa5faa61,2026-02-25 00:06:00,2026-02-25,tester_02,2026-02-25 00:06:05,https://www.commcarehq.org/form/883c14d5-b8df-4ea7-bd9b-e162feca2d59,tester_02,True,50,6.0,10.3085977,7.2736265
241,ecf965a0-5934-4207-bf73-d722b121ed58,community_06,Paul,Yakubu,male,1978-03-03,49601042989.0,8075102018,https://www.commcarehq.org/photos/farmer_241.jpg,4,mixed_farming,8,leased,1,rain-fed,---,rice maize,---,2.4,3.8,---,---,---,10.2534446 7.5593343 0.0 20.0,yes,915c2996-a7ac-4383-a5dd-0a2233e827d1,2026-01-15 00:07:00,2026-01-15,tester_06,2026-01-15 00:07:05,https://www.commcarehq.org/form/ecf965a0-5934-4207-bf73-d722b121ed58,tester_06,True,48,7.0,10.2534446,7.5593343
242,e485d513-f7b9-4e65-8edb-330d96bb59d6,community_06,Peter,Balogun,female,2007-10-04,,8089576926,https://www.commcarehq.org/photos/farmer_242.jpg,7,crop_farming,1,owned,3,borehole,---,maize,---,1.9,---,---,---,---,10.5608673 7.2374764 0.0 20.0,yes,596ffd86-ddab-4c2a-a8a6-81006c2256e8,2026-02-17 00:08:00,2026-02-17,tester_06,2026-02-17 00:08:10,https://www.commcarehq.org/form/e485d513-f7b9-4e65-8edb-330d96bb59d6,tester_06,True,18,8.0,10.5608673,7.2374764
243,c67d62f9-25c8-405d-9a58-276a9bbb608e,community_02,Ruth,Balogun,male,1992-04-17,,8086114464,https://www.commcarehq.org/photos/farmer_243.jpg,8,mixed_farming,4,owned,4,borehole,---,groundnuts rice maize,2.4,2.1,3.8,---,---,---,10.2037585 7.5166643 0.0 20.0,yes,c77b4744-3e29-470d-83c0-909cf9a951d7,2026-03-28 00:08:00,2026-03-28,tester_02,2026-03-28 00:08:07,https://www.commcarehq.org/form/c67d62f9-25c8-405d-9a58-276a9bbb608e,tester_02,True,34,8.0,10.2037585,7.5166643
244,31c2587a-b4ed-4666-bfe9-6e2dea852209,community_02,Ruth,Lawal,female,1994-02-02,40728400736.0,8006618125,https://www.commcarehq.org/photos/farmer_244.jpg,12,crop_farming,6,family_land,1,borehole,---,rice groundnuts maize,0.9,1.2,0.9,---,---,---,10.4462787 7.2473404 0.0 20.0,yes,64e8d481-1835-4014-b17d-f5081911b831,2026-01-22 00:02:00,2026-01-22,tester_02,2026-01-22 00:02:09,https://www.commcarehq.org/form/31c2587a-b4ed-4666-bfe9-6e2dea852209,tester_02,True,32,2.0,10.4462787,7.2473404
245,f6dd7c9f-cc0b-4441-bd62-5a3d4d57dea3,community_01,Esther,Johnson,female,1983-08-05,,8062824329,https://www.commcarehq.org/photos/farmer_245.jpg,3,livestock_farming,25,family_land,5,borehole,---,groundnuts rice,1.9,---,3.9,goats,4,---,10.2510143 7.5070142 0.0 20.0,yes,083d4844-5fb3-46e2-b4e2-dd9a7dcf3693,2026-05-07 00:05:00,2026-05-07,tester_01,2026-05-07 00:05:20,https://www.commcarehq.org/form/f6dd7c9f-cc0b-4441-bd62-5a3d4d57dea3,tester_01,True,43,5.0,10.2510143,7.5070142
246,97f305cb-6a91-4aff-b723-e346c731a129,community_05,David,Eze,female,1992-12-25,85149482121.0,8055835456,https://www.commcarehq.org/photos/farmer_246.jpg,11,crop_farming,1,owned,2,irrigation_scheme,---,maize,---,2.7,---,---,---,---,10.2557397 7.3841554 0.0 20.0,yes,87881dea-4d90-4c10-91f0-1a1756e94ca8,2026-05-22 00:05:00,2026-05-22,tester_05,2026-05-22 00:05:12,https://www.commcarehq.org/form/97f305cb-6a91-4aff-b723-e346c731a129,tester_05,True,33,5.0,10.2557397,7.3841554
247,ef62b352-97f9-4464-aa1a-06d59daa3c2b,community_02,Peter,Musa,female,1996-07-13,13148561166.0,8064015451,https://www.commcarehq.org/photos/farmer_247.jpg,9,crop_farming,7,owned,1,rain-fed,---,rice maize groundnuts,1.5,2.5,3.2,---,---,---,10.2623549 7.5524629 0.0 20.0,yes,84258e16-abb5-4924-982c-42c394bcefb2,2026-02-14 00:06:00,2026-02-14,tester_02,2026-02-14 00:06:10,https://www.commcarehq.org/form/ef62b352-97f9-4464-aa1a-06d59daa3c2b,tester_02,True,30,6.0,10.2623549,7.5524629
248,06879e4a-02c1-401b-8652-2a3478a0d45d,community_01,Joy,Usman,female,1967-07-17,,8095741959,https://www.commcarehq.org/photos/farmer_248.jpg,4,crop_farming,26,owned,3,rain-fed,---,rice,---,---,2.1,goats,22,---,10.352188 7.2218687 0.0 20.0,yes,637f864e-cb7a-4f24-842f-0d546ccb206f,2026-04-19 00:03:00,2026-04-19,tester_01,2026-04-19 00:03:13,https://www.commcarehq.org/form/06879e4a-02c1-401b-8652-2a3478a0d45d,tester_01,True,59,3.0,10.352188,7.2218687
249,9884e8da-4eac-4efc-8cab-443b3a6a937b,community_01,Fatima,Samuel,female,1976-03-13,25210918377.0,8005735602,https://www.commcarehq.org/photos/farmer_249.jpg,7,mixed_farming,3,owned,1,rain-fed,---,maize rice,---,3.5,1.6,goats,13,---,10.4810627 7.2389519 0.0 20.0,yes,d24cc369-6295-42de-89c7-6cd3d75fb7d9,2026-05-09 00:02:00,2026-05-09,tester_01,2026-05-09 00:02:09,https://www.commcarehq.org/form/9884e8da-4eac-4efc-8cab-443b3a6a937b,tester_01,True,50,2.0,10.4810627,7.2389519
250,c148ca2b-3ad6-4731-a5e3-c40a98dc0fef,community_01,Paul,David,male,1976-02-16,73060316089.0,8006922617,https://www.commcarehq.org/photos/farmer_250.jpg,7,mixed_farming,22,owned,1,rain-fed,---,groundnuts maize,1.1,6.5,---,---,---,---,10.4267603 7.5977618 0.0 20.0,yes,f4bad5d4-1e73-4372-bb92-acd0cf31ef27,2026-01-04 00:03:00,2026-01-04,tester_01,2026-01-04 00:03:14,https://www.commcarehq.org/form/c148ca2b-3ad6-4731-a5e3-c40a98dc0fef,tester_01,True,50,3.0,10.4267603,7.5977618
251,12d53fb1-1767-4bdc-9964-3c94811a5d3e,community_04,Paul,Abdullahi,female,1979-02-03,32744463946.0,8005307499,https://www.commcarehq.org/photos/farmer_251.jpg,6,crop_farming,19,owned,2,rain-fed,---,rice groundnuts maize,1.4,5.6,3.8,goats,23,---,10.3800369 7.5509634 0.0 20.0,yes,e74c77f3-9a6f-4ddc-8f23-b95e09c1b630,2026-01-11 00:06:00,2026-01-11,tester_04,2026-01-11 00:06:06,https://www.commcarehq.org/form/12d53fb1-1767-4bdc-9964-3c94811a5d3e,tester_04,True,47,6.0,10.3800369,7.5509634
252,e30eebb5-227d-4d44-a813-de8ab2bb95f4,community_05,Peter,Ogunleye,female,2007-02-08,63988313275.0,8082863458,https://www.commcarehq.org/photos/farmer_252.jpg,1,livestock_farming,1,owned,5,other,Community Well,rice,---,---,3.1,goats rabbits,16,11,10.5794135 7.2582055 0.0 20.0,yes,83e1487a-1e9c-452f-bf6d-a3953224db17,2026-05-26 00:02:00,2026-05-26,tester_05,2026-05-26 00:02:17,https://www.commcarehq.org/form/e30eebb5-227d-4d44-a813-de8ab2bb95f4,tester_05,True,19,2.0,10.5794135,7.2582055
253,0de978b8-ca37-4b53-b9d6-42b05644fdc6,community_01,Paul,Samuel,female,1960-06-20,46176167454.0,8021120844,https://www.commcarehq.org/photos/farmer_253.jpg,4,mixed_farming,6,leased,2,borehole,---,groundnuts,1.4,---,---,goats,17,---,10.513543 7.5862359 0.0 20.0,yes,e991c6c8-870a-47d8-88f3-35c4c9319d74,2026-06-27 00:06:00,2026-06-27,tester_01,2026-06-27 00:06:17,https://www.commcarehq.org/form/0de978b8-ca37-4b53-b9d6-42b05644fdc6,tester_01,True,66,6.0,10.513543,7.5862359
254,7b457a71-b156-447a-8041-510b90cc6675,community_06,Mercy,Abdullahi,female,1986-08-30,56098427837.0,8008943762,https://www.commcarehq.org/photos/farmer_254.jpg,2,livestock_farming,21,owned,4,borehole,---,maize,---,4.7,---,---,---,---,10.2864549 7.2839052 0.0 20.0,yes,c9040906-e970-452c-8360-2aa6f5489cff,2026-06-23 00:06:00,2026-06-23,tester_06,2026-06-23 00:06:05,https://www.commcarehq.org/form/7b457a71-b156-447a-8041-510b90cc6675,tester_06,True,39,6.0,10.2864549,7.2839052
255,d2551f8f-d1fa-4673-95f2-64c0a38fceee,community_03,Daniel,Yusuf,male,1994-07-16,74420421366.0,8043849394,https://www.commcarehq.org/photos/farmer_255.jpg,5,mixed_farming,7,owned,3,rain-fed,---,rice groundnuts,3.0,---,3.3,goats rabbits,22,28,10.2414701 7.4999775 0.0 20.0,yes,8cdc25e3-44a9-42d1-9ae9-d4229bf4cd95,2026-05-20 00:02:00,2026-05-20,tester_03,2026-05-20 00:02:19,https://www.commcarehq.org/form/d2551f8f-d1fa-4673-95f2-64c0a38fceee,tester_03,True,32,2.0,10.2414701,7.4999775
256,014fffa9-4290-4712-bed0-7415116ea3de,community_04,Paul,Musa,female,1973-03-22,,8051893749,https://www.commcarehq.org/photos/farmer_256.jpg,8,crop_farming,24,family_land,3,river_stream,---,maize rice,---,4.5,0.5,rabbits,---,3,10.2613501 7.3497623 0.0 20.0,yes,08428a09-00ad-4f5e-a790-67b89e6ffe2a,2026-06-03 00:04:00,2026-06-03,tester_04,2026-06-03 00:04:15,https://www.commcarehq.org/form/014fffa9-4290-4712-bed0-7415116ea3de,tester_04,True,53,4.0,10.2613501,7.3497623
257,3ca21b30-a3ea-4ed7-91c1-cca28e103223,community_01,Blessing,Usman,male,1959-09-06,17853562047.0,8085169195,https://www.commcarehq.org/photos/farmer_257.jpg,6,crop_farming,8,family_land,2,rain-fed,---,rice groundnuts,2.9,---,1.2,goats rabbits,15,39,10.2612194 7.4472399 0.0 20.0,yes,9ec8b814-acfe-49e8-b4fe-0267035d56e5,2026-01-21 00:06:00,2026-01-21,tester_01,2026-01-21 00:06:17,https://www.commcarehq.org/form/3ca21b30-a3ea-4ed7-91c1-cca28e103223,tester_01,True,66,6.0,10.2612194,7.4472399
258,8c912e82-11c5-4f93-847f-675fa50a8ea7,community_01,Suleiman,Peter,female,1981-04-08,43921261900.0,8025277762,https://www.commcarehq.org/photos/farmer_258.jpg,4,mixed_farming,4,owned,4,rain-fed,---,groundnuts,0.7,---,---,---,---,---,10.283189 7.2402687 0.0 20.0,yes,7ed389a3-7330-45ad-93d9-b731c9a6b5c2,2026-04-16 00:02:00,2026-04-16,tester_01,2026-04-16 00:02:20,https://www.commcarehq.org/form/8c912e82-11c5-4f93-847f-675fa50a8ea7,tester_01,True,45,2.0,10.283189,7.2402687
259,45905a3c-64e5-448c-9f17-652539942409,community_07,Fatima,Daniel,female,1990-08-20,,8081015609,https://www.commcarehq.org/photos/farmer_259.jpg,5,mixed_farming,6,owned,2,rain-fed,---,rice,---,---,0.6,rabbits,---,25,10.2459154 7.2867831 0.0 20.0,yes,daf6c175-6117-43ac-9e85-d1950bb8d377,2026-02-26 00:02:00,2026-02-26,tester_07,2026-02-26 00:02:09,https://www.commcarehq.org/form/45905a3c-64e5-448c-9f17-652539942409,tester_07,True,35,2.0,10.2459154,7.2867831
260,b7e34520-c84c-47cf-aa5c-55f56ea57941,community_02,Ruth,Daniel,female,1987-08-12,67964026963.0,8053116823,https://www.commcarehq.org/photos/farmer_260.jpg,7,crop_farming,7,leased,2,rain-fed,---,rice maize groundnuts,2.1,4.1,2.0,---,---,---,10.4530794 7.2257065 0.0 20.0,yes,8f499af5-5142-49e3-b0a0-66d085499a5f,2026-01-09 00:06:00,2026-01-09,tester_02,2026-01-09 00:06:13,https://www.commcarehq.org/form/b7e34520-c84c-47cf-aa5c-55f56ea57941,tester_02,True,38,6.0,10.4530794,7.2257065
261,f010630d-3a2a-439b-8138-e4cbe96811d6,community_04,Musa,Eze,female,1978-01-14,31967254280.0,8084122313,https://www.commcarehq.org/photos/farmer_261.jpg,11,crop_farming,19,family_land,1,rain-fed,---,groundnuts rice maize,1.9,4.8,3.8,---,---,---,10.4295794 7.458508 0.0 20.0,yes,63a5a08e-bcec-443b-a815-fcd23ec886e4,2026-04-22 00:04:00,2026-04-22,tester_04,2026-04-22 00:04:15,https://www.commcarehq.org/form/f010630d-3a2a-439b-8138-e4cbe96811d6,tester_04,True,48,4.0,10.4295794,7.458508
262,78d1a375-2d10-4d12-82af-42d34c34befd,community_02,Grace,Abdullahi,male,2003-12-04,33419533723.0,8065200750,https://www.commcarehq.org/photos/farmer_262.jpg,6,crop_farming,5,leased,1,rain-fed,---,groundnuts maize,2.3,2.1,---,---,---,---,10.4225801 7.3252699 0.0 20.0,yes,892c1f00-f4c8-4fb7-86a9-593ef2d15ceb,2026-04-11 00:04:00,2026-04-11,tester_02,2026-04-11 00:04:19,https://www.commcarehq.org/form/78d1a375-2d10-4d12-82af-42d34c34befd,tester_02,True,22,4.0,10.4225801,7.3252699
263,2c7f742f-59ab-4670-8afb-1d9d4e2bcbcf,community_04,Binta,Philip,male,1987-05-20,27224519780.0,8013641193,https://www.commcarehq.org/photos/farmer_263.jpg,7,livestock_farming,9,leased,5,rain-fed,---,rice maize,---,2.1,1.1,goats rabbits,16,22,10.544758 7.5012139 0.0 20.0,yes,27413b0e-0407-499d-926e-d3fff1f139a8,2026-04-16 00:07:00,2026-04-16,tester_04,2026-04-16 00:07:19,https://www.commcarehq.org/form/2c7f742f-59ab-4670-8afb-1d9d4e2bcbcf,tester_04,True,39,7.0,10.544758,7.5012139
264,a2be760d-3a13-43c4-b65f-8902732b0ff4,community_05,Esther,Yakubu,male,1979-02-20,77563548926.0,8022205867,https://www.commcarehq.org/photos/farmer_264.jpg,12,crop_farming,1,family_land,2,rain-fed,---,maize,---,1.8,---,---,---,---,10.5433835 7.5041952 0.0 20.0,yes,6b5ebaa0-1d71-42d7-a5a9-61d2e0be0da1,2026-04-27 00:07:00,2026-04-27,tester_05,2026-04-27 00:07:09,https://www.commcarehq.org/form/a2be760d-3a13-43c4-b65f-8902732b0ff4,tester_05,True,47,7.0,10.5433835,7.5041952
265,90f04f30-dc22-4886-8b54-96fbfd2be70c,community_06,Mary,Philip,male,1953-11-30,,8057121386,https://www.commcarehq.org/photos/farmer_265.jpg,4,crop_farming,2,leased,1,rain-fed,---,maize rice groundnuts,0.8,3.8,1.7,goats,14,---,10.4031707 7.2212628 0.0 20.0,yes,20c1fbe3-07f3-4503-8189-f8a224e4226a,2026-01-26 00:02:00,2026-01-26,tester_06,2026-01-26 00:02:17,https://www.commcarehq.org/form/90f04f30-dc22-4886-8b54-96fbfd2be70c,tester_06,True,72,2.0,10.4031707,7.2212628
266,065323bf-9c78-467b-8600-801fda28291a,community_05,David,Daniel,male,1987-02-20,80839542298.0,8046692002,https://www.commcarehq.org/photos/farmer_266.jpg,3,livestock_farming,13,owned,1,river_stream,---,maize rice groundnuts,0.9,1.7,2.7,---,---,---,10.2012427 7.2740315 0.0 20.0,yes,9fdfb496-45d4-4e63-92c3-aef1b2355882,2026-06-09 00:05:00,2026-06-09,tester_05,2026-06-09 00:05:14,https://www.commcarehq.org/form/065323bf-9c78-467b-8600-801fda28291a,tester_05,True,39,5.0,10.2012427,7.2740315
267,f3b2d9dd-2222-4ecd-8d00-73d9cd25ece5,community_06,Yusuf,Garba,male,1984-04-07,29135008396.0,8096409817,https://www.commcarehq.org/photos/farmer_267.jpg,3,mixed_farming,16,leased,4,rain-fed,---,groundnuts rice,2.4,---,3.2,goats,25,---,10.3962647 7.3403124 0.0 20.0,yes,d51802d4-f7dd-4a54-b1cb-de8afc690732,2026-06-19 00:05:00,2026-06-19,tester_06,2026-06-19 00:05:13,https://www.commcarehq.org/form/f3b2d9dd-2222-4ecd-8d00-73d9cd25ece5,tester_06,True,42,5.0,10.3962647,7.3403124
268,51a2c241-2ebd-4629-8109-d14437a4a8b2,community_03,Amina,Haruna,male,1967-08-11,,8095167098,https://www.commcarehq.org/photos/farmer_268.jpg,8,crop_farming,37,family_land,2,borehole,---,maize,---,4.3,---,---,---,---,10.4715206 7.5596886 0.0 20.0,yes,e1162f79-39fc-4efc-94fc-7a39a06cff16,2026-05-15 00:03:00,2026-05-15,tester_03,2026-05-15 00:03:13,https://www.commcarehq.org/form/51a2c241-2ebd-4629-8109-d14437a4a8b2,tester_03,True,59,3.0,10.4715206,7.5596886
269,9e20737f-85f2-41a4-9532-d5325e4ee0e0,community_07,Daniel,Michael,male,1982-02-04,81208482577.0,8078175731,https://www.commcarehq.org/photos/farmer_269.jpg,3,crop_farming,5,owned,2,borehole,---,maize rice,---,0.9,1.5,---,---,---,10.5301882 7.2493743 0.0 20.0,yes,b6dbd049-d723-4677-b75c-2d2d5dfcabce,2026-01-02 00:05:00,2026-01-02,tester_07,2026-01-02 00:05:16,https://www.commcarehq.org/form/9e20737f-85f2-41a4-9532-d5325e4ee0e0,tester_07,True,44,5.0,10.5301882,7.2493743
270,23ffbd6e-6555-4c89-86b3-e11ca0b090c0,community_05,Amina,Musa,male,1991-10-26,,8071029150,https://www.commcarehq.org/photos/farmer_270.jpg,2,mixed_farming,13,owned,1,irrigation_scheme,---,maize groundnuts rice,2.2,2.4,2.5,rabbits,---,10,10.3665249 7.2798093 0.0 20.0,yes,bc6a4c5d-ecc4-495d-a3ab-93c40d0f8065,2026-03-18 00:06:00,2026-03-18,tester_05,2026-03-18 00:06:19,https://www.commcarehq.org/form/23ffbd6e-6555-4c89-86b3-e11ca0b090c0,tester_05,True,34,6.0,10.3665249,7.2798093
271,88670b43-2805-45c7-b2c7-e3993cbc462c,community_04,Joseph,Abdullahi,female,1993-10-13,80064920161.0,8097444405,https://www.commcarehq.org/photos/farmer_271.jpg,1,crop_farming,4,owned,6,irrigation_scheme,---,groundnuts maize,0.8,4.5,---,---,---,---,10.4072033 7.5356792 0.0 20.0,yes,db527553-711e-478a-8f8c-f16c55d97a4f,2026-03-11 00:08:00,2026-03-11,tester_04,2026-03-11 00:08:08,https://www.commcarehq.org/form/88670b43-2805-45c7-b2c7-e3993cbc462c,tester_04,True,32,8.0,10.4072033,7.5356792
272,68a22710-0497-4985-99b7-1ce837ccb73d,community_02,Mary,Haruna,male,1981-06-11,17374250039.0,8075591861,https://www.commcarehq.org/photos/farmer_272.jpg,8,crop_farming,16,family_land,4,rain-fed,---,rice,---,---,0.8,goats rabbits,17,34,10.3775263 7.2222613 0.0 20.0,yes,47136812-e48f-4252-a1cd-e6434b904324,2026-04-14 00:05:00,2026-04-14,tester_02,2026-04-14 00:05:10,https://www.commcarehq.org/form/68a22710-0497-4985-99b7-1ce837ccb73d,tester_02,True,45,5.0,10.3775263,7.2222613
273,a40f24e1-2f7e-4e56-9ad7-9ad069a172c0,community_06,Joy,Tanko,male,1968-08-13,29036814176.0,8061861754,https://www.commcarehq.org/photos/farmer_273.jpg,5,mixed_farming,24,family_land,2,borehole,---,maize rice,---,1.4,1.5,goats rabbits,14,21,10.2136334 7.4601689 0.0 20.0,yes,f9e730d9-f525-468e-b64a-c68537911a50,2026-04-24 00:02:00,2026-04-24,tester_06,2026-04-24 00:02:16,https://www.commcarehq.org/form/a40f24e1-2f7e-4e56-9ad7-9ad069a172c0,tester_06,True,57,2.0,10.2136334,7.4601689
274,f37625ae-c593-4005-9772-24842e022016,community_07,Samuel,Michael,female,1994-01-07,82417538760.0,8029551165,https://www.commcarehq.org/photos/farmer_274.jpg,6,crop_farming,13,family_land,6,rain-fed,---,rice groundnuts,1.9,---,3.7,---,---,---,10.2517688 7.3296306 0.0 20.0,yes,745cf354-9ccb-424e-9643-8f96d11a30dc,2026-03-31 00:06:00,2026-03-31,tester_07,2026-03-31 00:06:17,https://www.commcarehq.org/form/f37625ae-c593-4005-9772-24842e022016,tester_07,True,32,6.0,10.2517688,7.3296306
275,7d716f26-aa9e-47c8-9780-9553c1b2e512,community_01,Amina,Tanko,female,1994-10-27,,8047987281,https://www.commcarehq.org/photos/farmer_275.jpg,6,crop_farming,10,owned,1,rain-fed,---,rice groundnuts,2.8,---,1.6,---,---,---,10.5955483 7.4295119 0.0 20.0,yes,4f2d9b7f-28a5-446b-8bea-2584ec5c7dd9,2026-03-06 00:05:00,2026-03-06,tester_01,2026-03-06 00:05:19,https://www.commcarehq.org/form/7d716f26-aa9e-47c8-9780-9553c1b2e512,tester_01,True,31,5.0,10.5955483,7.4295119
276,2000c6a9-d93e-4f54-821c-5c68faedf1b8,community_05,Peter,Daniel,female,1988-04-03,96003469046.0,8090010758,https://www.commcarehq.org/photos/farmer_276.jpg,5,livestock_farming,17,owned,1,rain-fed,---,maize groundnuts,2.5,3.1,---,---,---,---,10.427661 7.250877 0.0 20.0,yes,560c0652-7f99-4846-9002-976357498496,2026-01-26 00:02:00,2026-01-26,tester_05,2026-01-26 00:02:20,https://www.commcarehq.org/form/2000c6a9-d93e-4f54-821c-5c68faedf1b8,tester_05,True,38,2.0,10.427661,7.250877
277,4a51b46b-1bef-418f-bed9-7902347f87a5,community_02,Hauwa,Sani,male,1992-03-03,20127125726.0,8081252563,https://www.commcarehq.org/photos/farmer_277.jpg,1,livestock_farming,9,family_land,1,rain-fed,---,groundnuts rice,1.0,---,3.4,goats,23,---,10.2249314 7.397422 0.0 20.0,yes,b15a7815-d62c-4e7b-8ef7-c294526090e7,2026-05-25 00:06:00,2026-05-25,tester_02,2026-05-25 00:06:06,https://www.commcarehq.org/form/4a51b46b-1bef-418f-bed9-7902347f87a5,tester_02,True,34,6.0,10.2249314,7.397422
278,cf26a12e-0eac-4525-81ed-bd193a496dd9,community_03,Fatima,Usman,female,1984-10-02,44915784501.0,8071423478,https://www.commcarehq.org/photos/farmer_278.jpg,10,mixed_farming,13,family_land,5,rain-fed,---,rice groundnuts,1.6,---,2.0,goats rabbits,16,25,10.3407156 7.3372503 0.0 20.0,yes,f343a82c-0a7f-43a7-b3b4-d37e26adfe8c,2026-03-02 00:03:00,2026-03-02,tester_03,2026-03-02 00:03:07,https://www.commcarehq.org/form/cf26a12e-0eac-4525-81ed-bd193a496dd9,tester_03,True,41,3.0,10.3407156,7.3372503
279,af99a184-7253-4bbe-9d4a-7ee258e75ba6,community_04,Peter,Usman,female,1967-09-29,13443563465.0,8082004236,https://www.commcarehq.org/photos/farmer_279.jpg,4,crop_farming,8,family_land,1,rain-fed,---,rice maize,---,5.9,3.5,goats,11,---,10.5120834 7.3170734 0.0 20.0,yes,39ba01b9-674d-4364-a559-7b1aba9440df,2026-05-15 00:04:00,2026-05-15,tester_04,2026-05-15 00:04:15,https://www.commcarehq.org/form/af99a184-7253-4bbe-9d4a-7ee258e75ba6,tester_04,True,58,4.0,10.5120834,7.3170734
280,a5bd67f5-52fc-49fc-8448-3f1af21d32e4,community_05,Esther,James,male,1951-02-27,31097090725.0,8085351770,https://www.commcarehq.org/photos/farmer_280.jpg,4,crop_farming,8,owned,1,rain-fed,---,groundnuts rice,1.2,---,2.6,---,---,---,10.3538653 7.2177662 0.0 20.0,yes,640ed8f2-61ba-4642-9c22-780737a947ad,2026-02-17 00:07:00,2026-02-17,tester_05,2026-02-17 00:07:18,https://www.commcarehq.org/form/a5bd67f5-52fc-49fc-8448-3f1af21d32e4,tester_05,True,75,7.0,10.3538653,7.2177662
281,4bf58c57-85d2-47e8-871d-b2364244bfbd,community_04,Ahmed,Ahmed,male,1975-09-06,,8038272076,https://www.commcarehq.org/photos/farmer_281.jpg,6,mixed_farming,7,owned,3,rain-fed,---,maize rice groundnuts,0.9,2.8,3.1,rabbits,---,2,10.3122801 7.4730395 0.0 20.0,yes,428333c6-394b-4e38-90e4-b1b7fa1f4b3c,2026-03-05 00:08:00,2026-03-05,tester_04,2026-03-05 00:08:14,https://www.commcarehq.org/form/4bf58c57-85d2-47e8-871d-b2364244bfbd,tester_04,True,50,8.0,10.3122801,7.4730395
282,4c153668-30c1-4e50-bcbe-6b32f7b87bf1,community_02,Joseph,Musa,female,1991-08-10,,8061532144,https://www.commcarehq.org/photos/farmer_282.jpg,2,mixed_farming,7,owned,3,rain-fed,---,rice maize groundnuts,1.6,2.0,3.3,goats rabbits,17,13,10.2587607 7.4471797 0.0 20.0,yes,7f85942d-c0f3-4f7d-ad08-01fd94204180,2026-01-30 00:07:00,2026-01-30,tester_02,2026-01-30 00:07:06,https://www.commcarehq.org/form/4c153668-30c1-4e50-bcbe-6b32f7b87bf1,tester_02,True,34,7.0,10.2587607,7.4471797
283,e88256a8-0099-4edd-a42c-d9b694f31c55,community_02,Esther,Tanko,male,1988-03-16,11105718202.0,8068376304,https://www.commcarehq.org/photos/farmer_283.jpg,1,crop_farming,14,owned,2,rain-fed,---,rice maize,---,2.5,1.9,---,---,---,10.5894005 7.4487665 0.0 20.0,yes,89410ebc-0a78-492a-8135-279e43d96c23,2026-01-12 00:04:00,2026-01-12,tester_02,2026-01-12 00:04:09,https://www.commcarehq.org/form/e88256a8-0099-4edd-a42c-d9b694f31c55,tester_02,True,38,4.0,10.5894005,7.4487665
284,308cb262-e944-4209-8c11-92535c50c666,community_07,Amina,James,female,1967-10-29,,8079356176,https://www.commcarehq.org/photos/farmer_284.jpg,3,mixed_farming,37,family_land,3,borehole,---,groundnuts maize rice,1.3,1.7,2.5,---,---,---,10.5196024 7.5909899 0.0 20.0,yes,0b24a988-159f-48ab-8cdc-570d863ec9ef,2026-03-22 00:07:00,2026-03-22,tester_07,2026-03-22 00:07:08,https://www.commcarehq.org/form/308cb262-e944-4209-8c11-92535c50c666,tester_07,True,58,7.0,10.5196024,7.5909899
285,20f7cc87-d40f-4ff7-83ef-227d94cfa20d,community_05,Samuel,Balogun,female,1995-01-10,97455399654.0,8042728992,https://www.commcarehq.org/photos/farmer_285.jpg,6,mixed_farming,13,owned,5,rain-fed,---,rice,---,---,2.2,rabbits,---,13,10.5505623 7.2062049 0.0 20.0,yes,0c298966-4136-4bb2-817a-e1bda8763ec6,2026-03-09 00:08:00,2026-03-09,tester_05,2026-03-09 00:08:20,https://www.commcarehq.org/form/20f7cc87-d40f-4ff7-83ef-227d94cfa20d,tester_05,True,31,8.0,10.5505623,7.2062049
286,4671aef9-0991-4f52-ac78-7f1b1ca686f4,community_05,Sarah,Tanko,male,1994-06-02,82442697940.0,8099345718,https://www.commcarehq.org/photos/farmer_286.jpg,5,livestock_farming,1,owned,2,irrigation_scheme,---,maize rice groundnuts,2.4,4.7,3.1,---,---,---,10.5280424 7.4037496 0.0 20.0,yes,8b4e6ac1-4d38-44b1-a948-005220bdf7d8,2026-01-02 00:06:00,2026-01-02,tester_05,2026-01-02 00:06:16,https://www.commcarehq.org/form/4671aef9-0991-4f52-ac78-7f1b1ca686f4,tester_05,True,32,6.0,10.5280424,7.4037496
287,a0988df9-58ae-4e2b-ab8a-4a6c8d7db366,community_05,Samuel,David,male,1996-09-10,26204938773.0,8024055592,https://www.commcarehq.org/photos/farmer_287.jpg,6,crop_farming,12,leased,3,rain-fed,---,rice maize groundnuts,1.4,1.5,1.5,---,---,---,10.2677283 7.575682 0.0 20.0,yes,b9bce74b-4b76-4407-8288-530f8701d42d,2026-06-05 00:08:00,2026-06-05,tester_05,2026-06-05 00:08:08,https://www.commcarehq.org/form/a0988df9-58ae-4e2b-ab8a-4a6c8d7db366,tester_05,True,29,8.0,10.2677283,7.575682
288,3183d717-e34c-4b85-a861-d9327269587a,community_07,Ahmed,Mohammed,male,1988-04-15,18171352692.0,8095708029,https://www.commcarehq.org/photos/farmer_288.jpg,7,crop_farming,15,owned,1,irrigation_scheme,---,maize,---,5.8,---,rabbits,---,10,10.5972309 7.4926535 0.0 20.0,yes,95bdd2c3-7a29-4648-be3c-6cb5bb8390a4,2026-04-01 00:08:00,2026-04-01,tester_07,2026-04-01 00:08:07,https://www.commcarehq.org/form/3183d717-e34c-4b85-a861-d9327269587a,tester_07,True,38,8.0,10.5972309,7.4926535
289,b9955630-338e-4be8-b3fc-0b191fa0922d,community_05,Peter,Balogun,male,2003-02-16,81878518578.0,8060680175,https://www.commcarehq.org/photos/farmer_289.jpg,4,livestock_farming,1,leased,4,rain-fed,---,rice,---,---,1.2,---,---,---,10.2748419 7.3986906 0.0 20.0,yes,2e3ee951-f3c3-4247-adb3-b661052ef0fb,2026-06-12 00:02:00,2026-06-12,tester_05,2026-06-12 00:02:11,https://www.commcarehq.org/form/b9955630-338e-4be8-b3fc-0b191fa0922d,tester_05,True,23,2.0,10.2748419,7.3986906
290,5d357d45-2c86-4d2f-a4d4-031e602a9398,community_01,Fatima,Ibrahim,male,1994-06-20,92734272063.0,8035646132,https://www.commcarehq.org/photos/farmer_290.jpg,5,mixed_farming,10,owned,2,rain-fed,---,maize rice,---,2.5,2.8,goats,16,---,10.4642451 7.3390314 0.0 20.0,yes,e6a4214f-31c2-49b0-899a-c743c7b0af08,2026-02-02 00:08:00,2026-02-02,tester_01,2026-02-02 00:08:20,https://www.commcarehq.org/form/5d357d45-2c86-4d2f-a4d4-031e602a9398,tester_01,True,32,8.0,10.4642451,7.3390314
291,625fb132-9f78-4276-99ad-22876609da30,community_06,Deborah,Ibrahim,female,1986-02-13,16051633920.0,8053648420,https://www.commcarehq.org/photos/farmer_291.jpg,6,mixed_farming,10,owned,1,rain-fed,---,rice,---,---,0.9,---,---,---,10.2516861 7.4159069 0.0 20.0,yes,67621e83-7e04-41a4-8c6a-893969ba340d,2026-01-06 00:08:00,2026-01-06,tester_06,2026-01-06 00:08:17,https://www.commcarehq.org/form/625fb132-9f78-4276-99ad-22876609da30,tester_06,True,40,8.0,10.2516861,7.4159069
292,260128bf-cf11-4c59-9bb7-dcb8c536d697,community_01,Yusuf,Johnson,female,1968-06-13,,8053115828,https://www.commcarehq.org/photos/farmer_292.jpg,5,mixed_farming,1,owned,1,rain-fed,---,maize rice groundnuts,0.9,2.3,1.3,---,---,---,10.3089833 7.2494571 0.0 20.0,yes,760b363e-5d54-4525-8991-d2885f19cfc9,2026-06-17 00:05:00,2026-06-17,tester_01,2026-06-17 00:05:09,https://www.commcarehq.org/form/260128bf-cf11-4c59-9bb7-dcb8c536d697,tester_01,True,58,5.0,10.3089833,7.2494571
293,7b1db63c-9ca9-4fa5-83fb-e9d0f260a9dd,community_06,Naomi,Mohammed,female,1999-07-13,,8040861771,https://www.commcarehq.org/photos/farmer_293.jpg,7,crop_farming,1,owned,2,rain-fed,---,rice maize groundnuts,1.2,1.1,3.9,---,---,---,10.5630663 7.4132816 0.0 20.0,yes,c6f3516e-97ea-40f6-98e0-3b79105ff1b7,2026-01-05 00:05:00,2026-01-05,tester_06,2026-01-05 00:05:17,https://www.commcarehq.org/form/7b1db63c-9ca9-4fa5-83fb-e9d0f260a9dd,tester_06,True,27,5.0,10.5630663,7.4132816
294,67687a42-559b-491d-a15d-d667daf6d2ed,community_07,Emmanuel,Sani,female,1987-06-29,71126470839.0,8035638901,https://www.commcarehq.org/photos/farmer_294.jpg,12,mixed_farming,16,owned,3,rain-fed,---,maize rice,---,2.4,1.7,goats,12,---,10.439492 7.5485712 0.0 20.0,yes,1338f223-8adf-49c9-889b-43c120dff15f,2026-02-23 00:08:00,2026-02-23,tester_07,2026-02-23 00:08:20,https://www.commcarehq.org/form/67687a42-559b-491d-a15d-d667daf6d2ed,tester_07,True,39,8.0,10.439492,7.5485712
295,ddae03b8-2e10-4751-83a6-b3f9c7dfd22f,community_04,Ibrahim,Ojo,male,1978-10-23,21738443338.0,8094010511,https://www.commcarehq.org/photos/farmer_295.jpg,2,mixed_farming,17,owned,3,rain-fed,---,maize,---,1.2,---,---,---,---,10.5520905 7.3084431 0.0 20.0,yes,6dafc8ba-c85a-4847-8474-026e5b94e848,2026-04-06 00:06:00,2026-04-06,tester_04,2026-04-06 00:06:10,https://www.commcarehq.org/form/ddae03b8-2e10-4751-83a6-b3f9c7dfd22f,tester_04,True,47,6.0,10.5520905,7.3084431
296,118321eb-c7a6-4777-acbf-f4e9dfa01802,community_01,Esther,Adeyemi,male,1980-10-20,72157239307.0,8023799174,https://www.commcarehq.org/photos/farmer_296.jpg,5,crop_farming,1,owned,4,rain-fed,---,groundnuts rice,2.1,---,2.6,goats,22,---,10.2904118 7.4515287 0.0 20.0,yes,25b66d9f-1241-4ab8-bc17-f3a404ed6b98,2026-03-12 00:04:00,2026-03-12,tester_01,2026-03-12 00:04:18,https://www.commcarehq.org/form/118321eb-c7a6-4777-acbf-f4e9dfa01802,tester_01,True,45,4.0,10.2904118,7.4515287
297,d5f4d26e-3443-4e92-bfce-7b68cb416bff,community_04,Musa,Samuel,female,1991-09-26,38601765923.0,8001722175,https://www.commcarehq.org/photos/farmer_297.jpg,6,mixed_farming,9,leased,3,borehole,---,groundnuts rice,0.5,---,1.3,goats rabbits,21,12,10.3901856 7.2000987 0.0 20.0,yes,89371a83-d71a-4745-8937-2a24bd8138ae,2026-01-14 00:03:00,2026-01-14,tester_04,2026-01-14 00:03:19,https://www.commcarehq.org/form/d5f4d26e-3443-4e92-bfce-7b68cb416bff,tester_04,True,34,3.0,10.3901856,7.2000987
298,cb38d449-2825-4a81-8d5f-5e3344e383af,community_03,Ruth,Johnson,male,1972-10-01,64863567025.0,8073830621,https://www.commcarehq.org/photos/farmer_298.jpg,8,mixed_farming,36,owned,3,borehole,---,maize rice groundnuts,0.6,2.7,2.1,---,---,---,10.285512 7.4239176 0.0 20.0,yes,2aa9a51b-ed7c-49f2-a230-0e2c3b7ae196,2026-02-18 00:05:00,2026-02-18,tester_03,2026-02-18 00:05:16,https://www.commcarehq.org/form/cb38d449-2825-4a81-8d5f-5e3344e383af,tester_03,True,53,5.0,10.285512,7.4239176
299,ab165828-c155-4344-b3a3-ec86c49ab8ed,community_01,Suleiman,Yusuf,male,1993-07-07,24295590542.0,8099502663,https://www.commcarehq.org/photos/farmer_299.jpg,8,crop_farming,10,family_land,3,other,Spring Water,maize groundnuts,1.7,5.7,---,---,---,---,10.2152774 7.2115348 0.0 20.0,yes,fc37918d-cbb1-4b41-9191-e55412f3b837,2026-02-09 00:07:00,2026-02-09,tester_01,2026-02-09 00:07:10,https://www.commcarehq.org/form/ab165828-c155-4344-b3a3-ec86c49ab8ed,tester_01,True,33,7.0,10.2152774,7.2115348
300,c7fd6e7b-f656-4872-85ec-3437fe00bd8a,community_06,Sarah,Bello,male,1975-11-29,53217358824.0,8005916088,https://www.commcarehq.org/photos/farmer_300.jpg,5,livestock_farming,24,owned,3,river_stream,---,groundnuts rice maize,2.6,3.5,3.1,goats rabbits,16,40,10.2794734 7.4021863 0.0 20.0,yes,55e5781a-f5a2-4340-98cb-bd69a3d46f1c,2026-01-01 00:04:00,2026-01-01,tester_06,2026-01-01 00:04:13,https://www.commcarehq.org/form/c7fd6e7b-f656-4872-85ec-3437fe00bd8a,tester_06,True,50,4.0,10.2794734,7.4021863
301,adc031ba-bae4-4203-81a2-6c53d642e51e,community_04,Mary,Johnson,male,1974-09-28,,8009103601,https://www.commcarehq.org/photos/farmer_301.jpg,3,crop_farming,16,owned,3,irrigation_scheme,---,rice,---,---,3.1,goats,3,---,10.3148306 7.3115854 0.0 20.0,yes,da500100-54f1-4457-99b8-20530ccbf477,2026-04-16 00:03:00,2026-04-16,tester_04,2026-04-16 00:03:11,https://www.commcarehq.org/form/adc031ba-bae4-4203-81a2-6c53d642e51e,tester_04,True,51,3.0,10.3148306,7.3115854
302,e3e3b9d5-18a8-4d8f-a40f-25b6ffb1d698,community_02,John,Isa,female,1989-02-25,88834782293.0,8037586195,https://www.commcarehq.org/photos/farmer_302.jpg,4,mixed_farming,12,family_land,3,rain-fed,---,rice maize groundnuts,1.8,1.8,1.3,goats,5,---,10.4524455 7.3900839 0.0 20.0,yes,ded56cce-2ea8-4929-8509-00fd6c1a7200,2026-03-24 00:04:00,2026-03-24,tester_02,2026-03-24 00:04:17,https://www.commcarehq.org/form/e3e3b9d5-18a8-4d8f-a40f-25b6ffb1d698,tester_02,True,37,4.0,10.4524455,7.3900839
303,65ce2a3a-73f4-44fc-848c-21bb19cdf510,community_05,Naomi,Musa,male,2003-07-03,54991912411.0,8039131574,https://www.commcarehq.org/photos/farmer_303.jpg,7,crop_farming,4,owned,1,rain-fed,---,maize rice,---,2.3,3.9,---,---,---,10.5603462 7.4027843 0.0 20.0,yes,65f68fe6-f376-40a6-a5b0-8d061949eb73,2026-03-10 00:06:00,2026-03-10,tester_05,2026-03-10 00:06:17,https://www.commcarehq.org/form/65ce2a3a-73f4-44fc-848c-21bb19cdf510,tester_05,True,23,6.0,10.5603462,7.4027843
304,0e2e207b-a805-42e4-9f3e-f10eb7964662,community_04,Rebecca,Yakubu,male,1986-07-19,,8019713993,https://www.commcarehq.org/photos/farmer_304.jpg,4,crop_farming,1,family_land,1,rain-fed,---,groundnuts,1.1,---,---,goats,4,---,10.2616552 7.4221393 0.0 20.0,yes,570b80b4-3cd8-4892-a89f-cbdc0e08e55f,2026-01-02 00:05:00,2026-01-02,tester_04,2026-01-02 00:05:10,https://www.commcarehq.org/form/0e2e207b-a805-42e4-9f3e-f10eb7964662,tester_04,True,40,5.0,10.2616552,7.4221393
305,78aeebff-c775-43a5-8c27-2dcfbd5b2e8d,community_03,Ruth,Sani,female,1978-08-05,26823171034.0,8033933268,https://www.commcarehq.org/photos/farmer_305.jpg,12,mixed_farming,19,owned,4,rain-fed,---,rice groundnuts,2.0,---,3.1,---,---,---,10.255232 7.2751882 0.0 20.0,yes,3a9be1f9-971d-4a1e-a2ef-2fbd1ec19ab3,2026-04-22 00:02:00,2026-04-22,tester_03,2026-04-22 00:02:15,https://www.commcarehq.org/form/78aeebff-c775-43a5-8c27-2dcfbd5b2e8d,tester_03,True,48,2.0,10.255232,7.2751882
306,0a79cca4-92f0-4500-863a-8d11df976670,community_03,Rebecca,Usman,male,1989-06-23,69936341946.0,8013518376,https://www.commcarehq.org/photos/farmer_306.jpg,11,crop_farming,17,owned,6,dam_reservoir,---,maize groundnuts,1.3,2.1,---,---,---,---,10.5209674 7.380108 0.0 20.0,yes,4f02ea2f-e16d-4d64-b246-b3aa4a8de56f,2026-05-02 00:07:00,2026-05-02,tester_03,2026-05-02 00:07:15,https://www.commcarehq.org/form/0a79cca4-92f0-4500-863a-8d11df976670,tester_03,True,37,7.0,10.5209674,7.380108
307,86a914e6-0185-4307-a8ed-ce13a5a25557,community_06,Daniel,James,female,1953-08-08,52979551883.0,8097256844,https://www.commcarehq.org/photos/farmer_307.jpg,2,crop_farming,39,family_land,2,borehole,---,rice,---,---,1.4,goats rabbits,15,22,10.3190733 7.214246 0.0 20.0,yes,e54ac605-7376-4ff9-a588-0308e9499752,2026-01-10 00:06:00,2026-01-10,tester_06,2026-01-10 00:06:17,https://www.commcarehq.org/form/86a914e6-0185-4307-a8ed-ce13a5a25557,tester_06,True,73,6.0,10.3190733,7.214246
308,28949964-9680-461f-9e1f-7f6669e786fa,community_02,Fatima,Sani,male,1968-12-07,,8034699985,https://www.commcarehq.org/photos/farmer_308.jpg,9,crop_farming,6,owned,3,rain-fed,---,groundnuts,2.9,---,---,goats,22,---,10.2317133 7.5649387 0.0 20.0,yes,258bedf2-df51-46d1-8fa0-894182f8842f,2026-02-19 00:06:00,2026-02-19,tester_02,2026-02-19 00:06:13,https://www.commcarehq.org/form/28949964-9680-461f-9e1f-7f6669e786fa,tester_02,True,57,6.0,10.2317133,7.5649387
309,d5ca65fb-eb79-423a-a500-e2e81d1cd562,community_07,Hauwa,Yakubu,male,1976-01-04,69852423409.0,8026150312,https://www.commcarehq.org/photos/farmer_309.jpg,12,mixed_farming,18,owned,3,rain-fed,---,groundnuts,1.1,---,---,---,---,---,10.4445545 7.4912656 0.0 20.0,yes,a55e1090-3e69-429b-92e5-120ab5fb7797,2026-04-28 00:06:00,2026-04-28,tester_07,2026-04-28 00:06:18,https://www.commcarehq.org/form/d5ca65fb-eb79-423a-a500-e2e81d1cd562,tester_07,True,50,6.0,10.4445545,7.4912656
310,2d1d2469-d762-4f35-b6fc-eae50ac35d2c,community_05,Ibrahim,Sani,male,1966-01-22,29088479934.0,8047266208,https://www.commcarehq.org/photos/farmer_310.jpg,3,crop_farming,14,family_land,3,rain-fed,---,maize rice,---,0.7,2.7,goats,13,---,10.3661572 7.5059761 0.0 20.0,yes,6755915a-df3e-4645-beba-7d3c81d2ca3e,2026-03-14 00:06:00,2026-03-14,tester_05,2026-03-14 00:06:20,https://www.commcarehq.org/form/2d1d2469-d762-4f35-b6fc-eae50ac35d2c,tester_05,True,60,6.0,10.3661572,7.5059761
311,33bb7e52-cfe5-4ad4-9c62-fe0727fc13c3,community_07,Joseph,Philip,male,1995-05-21,87784575441.0,8028799532,https://www.commcarehq.org/photos/farmer_311.jpg,7,mixed_farming,11,leased,3,rain-fed,---,rice maize groundnuts,2.6,3.5,2.1,---,---,---,10.5695642 7.2710507 0.0 20.0,yes,1e7487a9-9b99-432c-addc-fcba683ab703,2026-05-17 00:08:00,2026-05-17,tester_07,2026-05-17 00:08:15,https://www.commcarehq.org/form/33bb7e52-cfe5-4ad4-9c62-fe0727fc13c3,tester_07,True,31,8.0,10.5695642,7.2710507
312,ef7c4ac1-fd5c-4709-8789-e9f97fea7b1b,community_06,Binta,Isa,female,1998-08-08,67631029021.0,8010265054,https://www.commcarehq.org/photos/farmer_312.jpg,3,mixed_farming,8,family_land,6,irrigation_scheme,---,maize groundnuts rice,1.6,4.8,1.3,---,---,---,10.2799141 7.25306 0.0 20.0,yes,773e97f1-c81c-4a83-a9f1-4b01ddafa9cc,2026-01-08 00:03:00,2026-01-08,tester_06,2026-01-08 00:03:19,https://www.commcarehq.org/form/ef7c4ac1-fd5c-4709-8789-e9f97fea7b1b,tester_06,True,27,3.0,10.2799141,7.25306
313,9294abce-eab4-48d0-9524-ccbacbc875fd,community_03,Ahmed,Eze,male,1993-11-15,40748815843.0,8049006898,https://www.commcarehq.org/photos/farmer_313.jpg,3,livestock_farming,9,owned,3,rain-fed,---,maize,---,3.4,---,---,---,---,10.3593587 7.5289263 0.0 20.0,yes,916767bf-59c9-49f9-bc62-e675c7b31c4d,2026-04-04 00:05:00,2026-04-04,tester_03,2026-04-04 00:05:19,https://www.commcarehq.org/form/9294abce-eab4-48d0-9524-ccbacbc875fd,tester_03,True,32,5.0,10.3593587,7.5289263
314,e2520193-4843-41d4-98aa-4eb2a0904fb9,community_03,Mary,James,male,1987-05-15,,8036124236,https://www.commcarehq.org/photos/farmer_314.jpg,6,crop_farming,9,owned,3,borehole,---,maize rice groundnuts,2.4,1.4,1.5,goats,13,---,10.4855213 7.3226651 0.0 20.0,yes,00615db3-f925-431d-84c2-2eb3dd8757fb,2026-05-26 00:07:00,2026-05-26,tester_03,2026-05-26 00:07:14,https://www.commcarehq.org/form/e2520193-4843-41d4-98aa-4eb2a0904fb9,tester_03,True,39,7.0,10.4855213,7.3226651
315,b04daf50-238d-4f90-b154-0e63c973e3ee,community_03,Samuel,Adeyemi,male,1974-04-30,65229618497.0,8022851035,https://www.commcarehq.org/photos/farmer_315.jpg,7,crop_farming,23,family_land,3,rain-fed,---,maize rice,---,4.4,3.5,---,---,---,10.3519489 7.4674979 0.0 20.0,yes,41dbf9f0-d9dc-4302-a7a8-7cd171365ba2,2026-02-27 00:04:00,2026-02-27,tester_03,2026-02-27 00:04:11,https://www.commcarehq.org/form/b04daf50-238d-4f90-b154-0e63c973e3ee,tester_03,True,52,4.0,10.3519489,7.4674979
316,68debe68-40fc-49c5-8aef-c82430844f16,community_02,James,Eze,female,1973-01-13,82102559810.0,8087306952,https://www.commcarehq.org/photos/farmer_316.jpg,7,crop_farming,4,owned,3,rain-fed,---,groundnuts rice maize,2.2,3.2,0.6,---,---,---,10.2365437 7.2760057 0.0 20.0,yes,66d93e61-e97c-453f-80b7-716fac82d8df,2026-01-17 00:03:00,2026-01-17,tester_02,2026-01-17 00:03:14,https://www.commcarehq.org/form/68debe68-40fc-49c5-8aef-c82430844f16,tester_02,True,53,3.0,10.2365437,7.2760057
317,93891081-fa99-447b-b04f-d4d4a8f38c90,community_01,Peter,Garba,female,1979-05-24,17651108815.0,8036110152,https://www.commcarehq.org/photos/farmer_317.jpg,12,livestock_farming,4,family_land,2,rain-fed,---,rice maize groundnuts,1.1,2.9,1.4,---,---,---,10.3933119 7.3135023 0.0 20.0,yes,2e821303-28fb-4818-905b-0d76334169bf,2026-03-09 00:08:00,2026-03-09,tester_01,2026-03-09 00:08:12,https://www.commcarehq.org/form/93891081-fa99-447b-b04f-d4d4a8f38c90,tester_01,True,47,8.0,10.3933119,7.3135023
318,7a498438-7788-4a74-a9fd-9c1ac9204ea1,community_03,Ahmed,Sani,male,1985-04-09,82904296987.0,8041043946,https://www.commcarehq.org/photos/farmer_318.jpg,7,crop_farming,8,owned,3,borehole,---,groundnuts maize,2.8,1.8,---,---,---,---,10.2767616 7.358496 0.0 20.0,yes,c332425c-0376-4a3f-a43f-1099dc70ac7a,2026-02-10 00:06:00,2026-02-10,tester_03,2026-02-10 00:06:10,https://www.commcarehq.org/form/7a498438-7788-4a74-a9fd-9c1ac9204ea1,tester_03,True,41,6.0,10.2767616,7.358496
319,b7c26f08-a7ac-488b-b6a0-a54791345599,community_02,Esther,Ibrahim,female,1972-03-19,,8048313374,https://www.commcarehq.org/photos/farmer_319.jpg,6,crop_farming,26,owned,2,river_stream,---,maize groundnuts,2.5,1.7,---,---,---,---,10.5330207 7.2094716 0.0 20.0,yes,7956ffbd-bb58-4e4c-acf7-beec9b5501ad,2026-04-08 00:04:00,2026-04-08,tester_02,2026-04-08 00:04:11,https://www.commcarehq.org/form/b7c26f08-a7ac-488b-b6a0-a54791345599,tester_02,True,54,4.0,10.5330207,7.2094716
320,c95557f5-4c37-48ac-a014-d1e5c57c5b99,community_06,Hauwa,Yakubu,male,1995-03-07,77529122887.0,8095997397,https://www.commcarehq.org/photos/farmer_320.jpg,4,crop_farming,2,owned,2,rain-fed,---,groundnuts maize,0.8,5.0,---,goats,25,---,10.260709 7.2601678 0.0 20.0,yes,1e920555-d366-456b-94d9-a86e5c7773cb,2026-02-21 00:06:00,2026-02-21,tester_06,2026-02-21 00:06:07,https://www.commcarehq.org/form/c95557f5-4c37-48ac-a014-d1e5c57c5b99,tester_06,True,31,6.0,10.260709,7.2601678
321,c999cfb4-6f00-4a8c-8931-c43434cb6d91,community_03,Ibrahim,Okafor,male,1977-10-15,,8061786793,https://www.commcarehq.org/photos/farmer_321.jpg,6,crop_farming,8,owned,6,rain-fed,---,rice groundnuts maize,0.8,3.0,1.9,rabbits,---,35,10.2241145 7.5958572 0.0 20.0,yes,0b5e6a12-0f11-4da4-9e59-78b479c739d3,2026-05-25 00:05:00,2026-05-25,tester_03,2026-05-25 00:05:06,https://www.commcarehq.org/form/c999cfb4-6f00-4a8c-8931-c43434cb6d91,tester_03,True,48,5.0,10.2241145,7.5958572
322,bdafca02-4076-42f2-b96d-e2570d8ce69b,community_07,Deborah,Abdullahi,male,1981-09-21,87633907147.0,8005115854,https://www.commcarehq.org/photos/farmer_322.jpg,8,mixed_farming,14,family_land,2,irrigation_scheme,---,groundnuts maize rice,1.0,4.0,2.1,---,---,---,10.5794015 7.5557588 0.0 20.0,yes,bd670d30-1b44-4be4-b17d-ee539e3bd8a1,2026-03-17 00:02:00,2026-03-17,tester_07,2026-03-17 00:02:17,https://www.commcarehq.org/form/bdafca02-4076-42f2-b96d-e2570d8ce69b,tester_07,True,44,2.0,10.5794015,7.5557588
323,9b3e94b9-e5ef-4e92-ae9e-6f7067ecc3f1,community_01,Peter,Johnson,male,1992-09-13,,8034675388,https://www.commcarehq.org/photos/farmer_323.jpg,4,crop_farming,4,owned,3,rain-fed,---,rice,---,---,1.7,goats,12,---,10.4632668 7.2806806 0.0 20.0,yes,097578f8-5828-4847-a58d-81527355ed47,2026-03-11 00:03:00,2026-03-11,tester_01,2026-03-11 00:03:11,https://www.commcarehq.org/form/9b3e94b9-e5ef-4e92-ae9e-6f7067ecc3f1,tester_01,True,33,3.0,10.4632668,7.2806806
324,2eecd98f-93a0-4105-88c9-0ce1861e4640,community_06,Amina,Peter,female,1963-01-06,62435470498.0,8004175195,https://www.commcarehq.org/photos/farmer_324.jpg,7,mixed_farming,8,leased,3,borehole,---,maize groundnuts,1.0,1.0,---,---,---,---,10.4034941 7.5779587 0.0 20.0,no,517dba64-04df-4b7b-8d60-dc79fd4441d5,2026-04-08 00:08:00,2026-04-08,tester_06,2026-04-08 00:08:18,https://www.commcarehq.org/form/2eecd98f-93a0-4105-88c9-0ce1861e4640,tester_06,True,63,8.0,10.4034941,7.5779587
325,0ec94aa5-f19e-4121-9f44-49a169defbea,community_03,Deborah,James,male,1963-12-07,,8062768809,https://www.commcarehq.org/photos/farmer_325.jpg,8,crop_farming,16,owned,4,rain-fed,---,groundnuts rice,2.0,---,1.2,---,---,---,10.447022 7.5293003 0.0 20.0,yes,78fbdca2-79c0-4773-8bae-6db2fa1f8d62,2026-02-14 00:06:00,2026-02-14,tester_03,2026-02-14 00:06:09,https://www.commcarehq.org/form/0ec94aa5-f19e-4121-9f44-49a169defbea,tester_03,True,62,6.0,10.447022,7.5293003
326,58fb81ef-1230-4908-bfeb-ab9b709129cd,community_05,Paul,Adeyemi,male,1975-04-22,49531209279.0,8043860004,https://www.commcarehq.org/photos/farmer_326.jpg,8,crop_farming,25,family_land,3,rain-fed,---,maize,---,5.9,---,goats rabbits,4,32,10.3857733 7.3660307 0.0 20.0,yes,7d89acda-3338-4085-9c6a-23e5c63e60b8,2026-04-23 00:03:00,2026-04-23,tester_05,2026-04-23 00:03:05,https://www.commcarehq.org/form/58fb81ef-1230-4908-bfeb-ab9b709129cd,tester_05,True,51,3.0,10.3857733,7.3660307
327,e79b615a-de3c-4a9c-8853-983de2649c14,community_02,Ruth,Michael,female,1997-10-05,25961452647.0,8047812192,https://www.commcarehq.org/photos/farmer_327.jpg,3,crop_farming,10,owned,1,borehole,---,maize rice,---,4.5,2.3,---,---,---,10.5039574 7.2526828 0.0 20.0,yes,c684ccd0-8050-46e9-bc4d-975d673e00ed,2026-06-19 00:03:00,2026-06-19,tester_02,2026-06-19 00:03:06,https://www.commcarehq.org/form/e79b615a-de3c-4a9c-8853-983de2649c14,tester_02,True,28,3.0,10.5039574,7.2526828
328,d9e2c276-6313-42f0-aa61-d307dbcc4c69,community_05,Paul,David,female,1974-07-07,43478291751.0,8013543685,https://www.commcarehq.org/photos/farmer_328.jpg,6,crop_farming,29,owned,2,rain-fed,---,maize groundnuts,1.1,5.3,---,---,---,---,10.4652992 7.4672051 0.0 20.0,yes,17f56476-8285-4921-ba41-6471683bf3a7,2026-05-13 00:04:00,2026-05-13,tester_05,2026-05-13 00:04:07,https://www.commcarehq.org/form/d9e2c276-6313-42f0-aa61-d307dbcc4c69,tester_05,True,52,4.0,10.4652992,7.4672051
329,dc3090cd-ad3d-4bac-aa4b-cbdcd9047743,community_06,David,Ojo,male,1985-03-17,,8081713459,https://www.commcarehq.org/photos/farmer_329.jpg,7,livestock_farming,17,owned,3,rain-fed,---,rice maize groundnuts,1.9,3.7,0.7,---,---,---,10.4774779 7.5988699 0.0 20.0,yes,73bb3600-23dd-46a8-a365-aa96ed12e775,2026-02-10 00:02:00,2026-02-10,tester_06,2026-02-10 00:02:10,https://www.commcarehq.org/form/dc3090cd-ad3d-4bac-aa4b-cbdcd9047743,tester_06,True,41,2.0,10.4774779,7.5988699
330,dce506f0-2abf-4a75-8c8f-aa0ca2ee0aef,community_05,Deborah,Eze,male,1961-10-14,,8068299299,https://www.commcarehq.org/photos/farmer_330.jpg,6,livestock_farming,1,owned,3,rain-fed,---,rice groundnuts maize,2.4,1.3,2.2,goats,9,---,10.2637772 7.3676037 0.0 20.0,yes,fcbb5168-5d37-4f5f-ad3b-8f4c07fbe7ee,2026-03-05 00:08:00,2026-03-05,tester_05,2026-03-05 00:08:16,https://www.commcarehq.org/form/dce506f0-2abf-4a75-8c8f-aa0ca2ee0aef,tester_05,True,64,8.0,10.2637772,7.3676037
331,13a7679b-a526-4a47-8b6f-25d21fe35f91,community_01,James,Peter,female,1996-09-12,,8014670131,https://www.commcarehq.org/photos/farmer_331.jpg,8,crop_farming,2,owned,3,rain-fed,---,maize rice groundnuts,1.5,5.8,0.9,---,---,---,10.5504969 7.4765748 0.0 20.0,yes,45a3ec77-e978-4ae4-a2bb-85e6b7d261b5,2026-03-16 00:03:00,2026-03-16,tester_01,2026-03-16 00:03:08,https://www.commcarehq.org/form/13a7679b-a526-4a47-8b6f-25d21fe35f91,tester_01,True,29,3.0,10.5504969,7.4765748
332,a7705413-d8fc-46b0-a0c9-b69b4450b538,community_01,Suleiman,Eze,female,1972-08-08,67692050763.0,8001787963,https://www.commcarehq.org/photos/farmer_332.jpg,8,crop_farming,7,family_land,2,rain-fed,---,maize rice groundnuts,3.0,5.5,2.2,---,---,---,10.4426511 7.5481574 0.0 20.0,yes,cb9517ba-7030-4996-8bb1-e26aca098e96,2026-01-11 00:06:00,2026-01-11,tester_01,2026-01-11 00:06:08,https://www.commcarehq.org/form/a7705413-d8fc-46b0-a0c9-b69b4450b538,tester_01,True,54,6.0,10.4426511,7.5481574
333,ef9d7dbf-b078-4da7-8f00-e1edf965d067,community_04,Paul,Ojo,female,1985-03-11,95486125412.0,8043737855,https://www.commcarehq.org/photos/farmer_333.jpg,6,mixed_farming,22,leased,1,rain-fed,---,groundnuts maize,2.8,5.3,---,---,---,---,10.3014057 7.5273474 0.0 20.0,yes,0627c940-6e90-4501-aa1a-1b1718aa355d,2026-03-05 00:04:00,2026-03-05,tester_04,2026-03-05 00:04:19,https://www.commcarehq.org/form/ef9d7dbf-b078-4da7-8f00-e1edf965d067,tester_04,True,41,4.0,10.3014057,7.5273474
334,27c4a082-432b-418c-af85-03ff1b616516,community_06,Ibrahim,Ali,female,1984-03-26,86723074873.0,8067771403,https://www.commcarehq.org/photos/farmer_334.jpg,7,crop_farming,10,owned,5,rain-fed,---,rice groundnuts,2.4,---,1.2,---,---,---,10.3348005 7.3751076 0.0 20.0,yes,2001da8c-83d0-4b6d-8006-be9b19019b8e,2026-02-10 00:03:00,2026-02-10,tester_06,2026-02-10 00:03:15,https://www.commcarehq.org/form/27c4a082-432b-418c-af85-03ff1b616516,tester_06,True,42,3.0,10.3348005,7.3751076
335,65735894-c2d4-4093-9c49-53071c941e51,community_01,John,Okafor,male,1978-02-12,,8053610584,https://www.commcarehq.org/photos/farmer_335.jpg,2,crop_farming,30,owned,3,irrigation_scheme,---,rice groundnuts,1.3,---,1.3,---,---,---,10.2620047 7.5970709 0.0 20.0,yes,16ef6832-4d01-4446-b453-27eaa1ad8818,2026-02-27 00:08:00,2026-02-27,tester_01,2026-02-27 00:08:12,https://www.commcarehq.org/form/65735894-c2d4-4093-9c49-53071c941e51,tester_01,True,48,8.0,10.2620047,7.5970709
336,055f2152-c7f7-4f53-bf7b-47e951355683,community_02,Peter,Ali,female,1996-02-08,77053976518.0,8084554856,https://www.commcarehq.org/photos/farmer_336.jpg,6,livestock_farming,5,owned,2,dam_reservoir,---,rice maize,---,1.0,2.9,goats,24,---,10.4153102 7.2515059 0.0 20.0,yes,a17076c5-fc01-4c68-b2e5-b9741fc22ac8,2026-05-10 00:07:00,2026-05-10,tester_02,2026-05-10 00:07:20,https://www.commcarehq.org/form/055f2152-c7f7-4f53-bf7b-47e951355683,tester_02,True,30,7.0,10.4153102,7.2515059
337,b3e921fd-7330-4215-9fab-509157d6a6d5,community_04,Mary,Abdullahi,female,1990-07-16,44295644929.0,8045064491,https://www.commcarehq.org/photos/farmer_337.jpg,7,livestock_farming,16,leased,5,rain-fed,---,maize rice groundnuts,2.3,3.4,3.0,---,---,---,10.2860817 7.3808447 0.0 20.0,yes,0943a45e-8296-4bb6-a574-5b1c3177aea5,2026-06-22 00:04:00,2026-06-22,tester_04,2026-06-22 00:04:15,https://www.commcarehq.org/form/b3e921fd-7330-4215-9fab-509157d6a6d5,tester_04,True,36,4.0,10.2860817,7.3808447
338,5315f725-1796-4554-8425-add83345bac8,community_02,Paul,Michael,male,1987-07-28,13705414652.0,8090757004,https://www.commcarehq.org/photos/farmer_338.jpg,4,mixed_farming,6,family_land,1,rain-fed,---,maize,---,1.0,---,---,---,---,10.579612 7.3549805 0.0 20.0,yes,20812ba8-a149-4b0d-a695-d6ae4ffe5d99,2026-06-28 00:05:00,2026-06-28,tester_02,2026-06-28 00:05:09,https://www.commcarehq.org/form/5315f725-1796-4554-8425-add83345bac8,tester_02,True,39,5.0,10.579612,7.3549805
339,d418b231-8b68-48f1-bf32-e587c6f60b50,community_06,Rebecca,James,male,2002-02-28,45152444945.0,8042963750,https://www.commcarehq.org/photos/farmer_339.jpg,1,crop_farming,1,leased,5,rain-fed,---,rice,---,---,2.5,---,---,---,10.2753928 7.448349 0.0 20.0,yes,9940c27f-d5a6-4348-9a44-c9776c72f109,2026-02-25 00:04:00,2026-02-25,tester_06,2026-02-25 00:04:08,https://www.commcarehq.org/form/d418b231-8b68-48f1-bf32-e587c6f60b50,tester_06,True,24,4.0,10.2753928,7.448349
340,9591ee19-3e9c-4b0d-babc-e8446d6d20b9,community_06,Elizabeth,Peter,female,1978-07-17,,8075846987,https://www.commcarehq.org/photos/farmer_340.jpg,3,crop_farming,12,family_land,3,irrigation_scheme,---,groundnuts rice,3.0,---,3.7,---,---,---,10.4191922 7.3555383 0.0 20.0,yes,f610578f-acbd-47ed-866e-8988e7b1c879,2026-01-30 00:07:00,2026-01-30,tester_06,2026-01-30 00:07:07,https://www.commcarehq.org/form/9591ee19-3e9c-4b0d-babc-e8446d6d20b9,tester_06,True,48,7.0,10.4191922,7.3555383
341,7f2424ba-8221-416d-8079-c7137ebdaf5f,community_02,Daniel,Peter,male,1972-12-20,25423799715.0,8080695757,https://www.commcarehq.org/photos/farmer_341.jpg,8,crop_farming,13,owned,3,rain-fed,---,maize,---,0.6,---,goats,19,---,10.3555235 7.3990458 0.0 20.0,yes,0fc6e002-00ff-4be2-9874-2755e9dc335c,2026-03-15 00:08:00,2026-03-15,tester_02,2026-03-15 00:08:06,https://www.commcarehq.org/form/7f2424ba-8221-416d-8079-c7137ebdaf5f,tester_02,True,53,8.0,10.3555235,7.3990458
342,b133b037-c2fa-4ea1-b822-e4700a42f3b1,community_04,Grace,Daniel,female,1986-09-22,55702456798.0,8075031908,https://www.commcarehq.org/photos/farmer_342.jpg,6,crop_farming,12,family_land,1,rain-fed,---,groundnuts,2.3,---,---,goats,8,---,10.4284581 7.4452068 0.0 20.0,yes,38c25b4b-a775-429d-9b11-b5638d8953a4,2026-04-08 00:03:00,2026-04-08,tester_04,2026-04-08 00:03:08,https://www.commcarehq.org/form/b133b037-c2fa-4ea1-b822-e4700a42f3b1,tester_04,True,39,3.0,10.4284581,7.4452068
343,0506b8cb-6b55-4594-9c27-822a0b6fcbae,community_07,Amina,Michael,male,1971-04-16,,8083801268,https://www.commcarehq.org/photos/farmer_343.jpg,6,livestock_farming,20,owned,3,rain-fed,---,groundnuts maize rice,1.4,5.6,1.2,---,---,---,10.2041719 7.4770093 0.0 20.0,yes,609176ca-0917-476b-a9ab-66c5c83de719,2026-04-25 00:03:00,2026-04-25,tester_07,2026-04-25 00:03:12,https://www.commcarehq.org/form/0506b8cb-6b55-4594-9c27-822a0b6fcbae,tester_07,True,55,3.0,10.2041719,7.4770093
344,a05c6d31-bf0d-488b-9179-b036ed545bd4,community_01,Mary,James,male,1975-04-12,47538413359.0,8097622827,https://www.commcarehq.org/photos/farmer_344.jpg,6,livestock_farming,32,owned,3,rain-fed,---,groundnuts,1.1,---,---,rabbits,---,6,10.2967007 7.4461283 0.0 20.0,yes,ca7bc036-238c-46f0-a02d-febf3e6cd312,2026-02-06 00:05:00,2026-02-06,tester_01,2026-02-06 00:05:06,https://www.commcarehq.org/form/a05c6d31-bf0d-488b-9179-b036ed545bd4,tester_01,True,51,5.0,10.2967007,7.4461283
345,2c654f3a-22b0-47a4-91de-e8f4cd9c62fc,community_05,Esther,Lawal,female,1971-06-23,31254029708.0,8039932631,https://www.commcarehq.org/photos/farmer_345.jpg,5,mixed_farming,22,family_land,5,rain-fed,---,rice,---,---,2.3,rabbits,---,22,10.2226853 7.4739051 0.0 20.0,yes,dae56849-96e6-4a2c-9040-c3dc5d23e48c,2026-05-17 00:02:00,2026-05-17,tester_05,2026-05-17 00:02:10,https://www.commcarehq.org/form/2c654f3a-22b0-47a4-91de-e8f4cd9c62fc,tester_05,True,55,2.0,10.2226853,7.4739051
346,67a78e9d-90ad-4428-9673-22c08388de4d,community_05,Ibrahim,Samuel,male,1959-07-15,16711795478.0,8087126506,https://www.commcarehq.org/photos/farmer_346.jpg,6,crop_farming,40,owned,3,rain-fed,---,maize rice,---,3.4,3.6,---,---,---,10.2895359 7.3147454 0.0 20.0,yes,4af927e4-c4ad-436b-9101-22e0f0e9e8a3,2026-04-10 00:04:00,2026-04-10,tester_05,2026-04-10 00:04:10,https://www.commcarehq.org/form/67a78e9d-90ad-4428-9673-22c08388de4d,tester_05,True,67,4.0,10.2895359,7.3147454
347,363db7fc-3879-4eb8-8ece-29d940b3d374,community_03,Amina,Usman,female,2000-12-09,,8052483944,https://www.commcarehq.org/photos/farmer_347.jpg,8,crop_farming,6,owned,6,rain-fed,---,rice,---,---,1.2,goats,25,---,10.4475505 7.5601417 0.0 20.0,yes,5e1a7c78-75eb-4da0-90ce-0ec9c08ed519,2026-04-15 00:04:00,2026-04-15,tester_03,2026-04-15 00:04:14,https://www.commcarehq.org/form/363db7fc-3879-4eb8-8ece-29d940b3d374,tester_03,True,25,4.0,10.4475505,7.5601417
348,4c4166e8-625f-491a-900c-3de16f84d11d,community_02,Sarah,Ibrahim,male,1981-08-27,36626262113.0,8038694902,https://www.commcarehq.org/photos/farmer_348.jpg,7,mixed_farming,19,family_land,3,borehole,---,groundnuts,1.5,---,---,---,---,---,10.252222 7.572501 0.0 20.0,yes,1d5bbfa7-9109-4b93-b838-5e0985b5aac3,2026-06-06 00:06:00,2026-06-06,tester_02,2026-06-06 00:06:06,https://www.commcarehq.org/form/4c4166e8-625f-491a-900c-3de16f84d11d,tester_02,True,44,6.0,10.252222,7.572501
349,eeba9494-3fc3-41cf-94e0-ccace5af8c22,community_05,Paul,Bello,male,2008-01-18,,8039212839,https://www.commcarehq.org/photos/farmer_349.jpg,7,crop_farming,1,owned,1,rain-fed,---,groundnuts,1.5,---,---,---,---,---,10.2633122 7.4209285 0.0 20.0,yes,92d0a9ca-c99f-4619-978d-24ba58839f2e,2026-03-13 00:07:00,2026-03-13,tester_05,2026-03-13 00:07:12,https://www.commcarehq.org/form/eeba9494-3fc3-41cf-94e0-ccace5af8c22,tester_05,True,18,7.0,10.2633122,7.4209285
350,96c3fdc2-539f-42e4-b72a-baca61661735,community_07,Ahmed,Peter,female,2008-04-27,,8044759345,https://www.commcarehq.org/photos/farmer_350.jpg,6,livestock_farming,1,leased,1,rain-fed,---,rice,---,---,1.6,goats rabbits,6,14,10.58463 7.3282794 0.0 20.0,yes,5d0507e2-2b7a-4bba-acc5-4b9137987d10,2026-01-22 00:04:00,2026-01-22,tester_07,2026-01-22 00:04:20,https://www.commcarehq.org/form/96c3fdc2-539f-42e4-b72a-baca61661735,tester_07,True,18,4.0,10.58463,7.3282794
351,8f525d21-fefa-47bf-9196-f1a541c6a8f0,community_01,Naomi,Okafor,male,2004-03-30,82937290927.0,8090316729,https://www.commcarehq.org/photos/farmer_351.jpg,2,crop_farming,1,owned,6,rain-fed,---,groundnuts maize,1.5,0.7,---,---,---,---,10.334254 7.5212584 0.0 20.0,yes,dacac187-8c0c-4e6b-95ed-5447327c0c0f,2026-04-19 00:05:00,2026-04-19,tester_01,2026-04-19 00:05:15,https://www.commcarehq.org/form/8f525d21-fefa-47bf-9196-f1a541c6a8f0,tester_01,True,22,5.0,10.334254,7.5212584
352,ac08fe3b-9435-4949-904a-e7c474059e97,community_01,Daniel,Balogun,male,1992-02-24,21475327679.0,8089880172,https://www.commcarehq.org/photos/farmer_352.jpg,4,mixed_farming,3,leased,1,borehole,---,rice groundnuts,0.9,---,2.7,---,---,---,10.5493606 7.5144527 0.0 20.0,yes,96ae238f-0504-4db4-ac12-dd07edd1abd6,2026-02-01 00:02:00,2026-02-01,tester_01,2026-02-01 00:02:09,https://www.commcarehq.org/form/ac08fe3b-9435-4949-904a-e7c474059e97,tester_01,True,34,2.0,10.5493606,7.5144527
353,a296e8ba-86f1-4cec-a265-aac108415c14,community_02,Suleiman,Philip,male,2007-07-05,43009404934.0,8027361874,https://www.commcarehq.org/photos/farmer_353.jpg,8,mixed_farming,1,owned,4,other,Community Well,rice,---,---,2.5,goats,5,---,10.2303119 7.2748192 0.0 20.0,yes,bdc76bec-658a-4e1f-9e7f-a21240067685,2026-02-28 00:03:00,2026-02-28,tester_02,2026-02-28 00:03:17,https://www.commcarehq.org/form/a296e8ba-86f1-4cec-a265-aac108415c14,tester_02,True,19,3.0,10.2303119,7.2748192
354,7d00e7b0-f2d8-4381-9416-21786f7a0da3,community_05,Blessing,Ahmed,female,1982-03-23,60785705807.0,8075692700,https://www.commcarehq.org/photos/farmer_354.jpg,12,crop_farming,25,leased,6,borehole,---,rice maize,---,4.7,2.6,---,---,---,10.4908596 7.3276256 0.0 20.0,yes,6ebd9d19-3128-4478-a27c-820197df7bb4,2026-05-03 00:04:00,2026-05-03,tester_05,2026-05-03 00:04:20,https://www.commcarehq.org/form/7d00e7b0-f2d8-4381-9416-21786f7a0da3,tester_05,True,44,4.0,10.4908596,7.3276256
355,9a4726f8-b7ba-4164-b0df-71dafe87f262,community_02,Ruth,Johnson,male,1972-09-17,60211881192.0,8048379484,https://www.commcarehq.org/photos/farmer_355.jpg,2,crop_farming,9,family_land,2,rain-fed,---,maize groundnuts,1.6,5.4,---,rabbits,---,13,10.2867975 7.2065557 0.0 20.0,yes,e7af8496-a80e-4148-bf86-399245cb2578,2026-03-11 00:04:00,2026-03-11,tester_02,2026-03-11 00:04:11,https://www.commcarehq.org/form/9a4726f8-b7ba-4164-b0df-71dafe87f262,tester_02,True,53,4.0,10.2867975,7.2065557
356,7cbf1cbe-27e8-4473-8304-7cabf9b5b667,community_01,Joseph,Isa,male,1958-03-24,67978351466.0,8048463197,https://www.commcarehq.org/photos/farmer_356.jpg,7,livestock_farming,14,owned,1,rain-fed,---,rice maize,---,4.6,2.0,goats,6,---,10.3364389 7.3493419 0.0 20.0,yes,c02068e4-9e7e-4214-969a-62cd92d84679,2026-02-02 00:04:00,2026-02-02,tester_01,2026-02-02 00:04:20,https://www.commcarehq.org/form/7cbf1cbe-27e8-4473-8304-7cabf9b5b667,tester_01,True,68,4.0,10.3364389,7.3493419
357,fece4297-987b-4f7c-bc59-461ded207909,community_01,Samuel,Samuel,male,1990-07-23,97241682280.0,8099755311,https://www.commcarehq.org/photos/farmer_357.jpg,5,livestock_farming,8,family_land,1,rain-fed,---,maize,---,3.6,---,goats,6,---,10.2325231 7.3963762 0.0 20.0,yes,091e8bf5-8ada-44d9-a65b-b7eed6fb0d17,2026-03-10 00:02:00,2026-03-10,tester_01,2026-03-10 00:02:19,https://www.commcarehq.org/form/fece4297-987b-4f7c-bc59-461ded207909,tester_01,True,36,2.0,10.2325231,7.3963762
358,78970771-d75d-42e4-88c2-55b41faef87a,community_03,John,Abdullahi,female,1971-06-15,96858555202.0,8003657943,https://www.commcarehq.org/photos/farmer_358.jpg,7,crop_farming,8,owned,1,rain-fed,---,maize groundnuts rice,1.6,5.4,0.5,goats,6,---,10.2115285 7.4575953 0.0 20.0,yes,87116884-4456-426e-94f7-4a177d377b48,2026-04-05 00:05:00,2026-04-05,tester_03,2026-04-05 00:05:09,https://www.commcarehq.org/form/78970771-d75d-42e4-88c2-55b41faef87a,tester_03,True,55,5.0,10.2115285,7.4575953
359,3842674a-55d9-4c94-82df-d6aa6b60cc44,community_03,Joseph,Sani,male,1991-05-16,,8041625300,https://www.commcarehq.org/photos/farmer_359.jpg,5,crop_farming,13,owned,3,rain-fed,---,maize,---,4.2,---,---,---,---,10.3296057 7.5025965 0.0 20.0,yes,eaab6946-ea29-44a4-bc41-3ea24086dbef,2026-05-11 00:02:00,2026-05-11,tester_03,2026-05-11 00:02:09,https://www.commcarehq.org/form/3842674a-55d9-4c94-82df-d6aa6b60cc44,tester_03,True,35,2.0,10.3296057,7.5025965
360,35d2525c-6629-4d7d-8852-ebc1175d4756,community_04,Elizabeth,Bello,male,2006-03-08,54483324328.0,8003040476,https://www.commcarehq.org/photos/farmer_360.jpg,7,crop_farming,1,family_land,2,rain-fed,---,rice groundnuts maize,2.1,4.7,2.2,goats,9,---,10.5817684 7.2550692 0.0 20.0,yes,b44ced7f-5e63-4321-be45-046685aafe0c,2026-04-10 00:08:00,2026-04-10,tester_04,2026-04-10 00:08:17,https://www.commcarehq.org/form/35d2525c-6629-4d7d-8852-ebc1175d4756,tester_04,True,20,8.0,10.5817684,7.2550692
361,7c7c3105-9be7-431d-9887-eaf8305161e3,community_01,Emmanuel,Ahmed,male,1979-10-05,88168939101.0,8002430858,https://www.commcarehq.org/photos/farmer_361.jpg,6,livestock_farming,24,family_land,2,rain-fed,---,groundnuts,2.4,---,---,goats,8,---,10.3041367 7.2476671 0.0 20.0,yes,3633ad2c-4219-4c20-a6af-281a8ec4a237,2026-01-08 00:05:00,2026-01-08,tester_01,2026-01-08 00:05:17,https://www.commcarehq.org/form/7c7c3105-9be7-431d-9887-eaf8305161e3,tester_01,True,46,5.0,10.3041367,7.2476671
362,be4c2145-38f5-4aa8-bb0d-d171ae9460e1,community_02,Mary,Musa,male,2005-03-26,,8072625346,https://www.commcarehq.org/photos/farmer_362.jpg,4,crop_farming,3,owned,1,rain-fed,---,groundnuts maize,2.9,2.8,---,goats,14,---,10.2661029 7.3966729 0.0 20.0,yes,57a22c2e-edcf-4e57-b9c8-6db9afef0c59,2026-03-15 00:08:00,2026-03-15,tester_02,2026-03-15 00:08:12,https://www.commcarehq.org/form/be4c2145-38f5-4aa8-bb0d-d171ae9460e1,tester_02,True,21,8.0,10.2661029,7.3966729
363,f6f29615-518c-4083-98d6-9d72de931c43,community_01,Mary,Michael,male,2008-06-30,,8093351021,https://www.commcarehq.org/photos/farmer_363.jpg,6,crop_farming,1,owned,1,rain-fed,---,maize groundnuts,0.8,4.3,---,---,---,---,10.5521162 7.5728173 0.0 20.0,yes,bbaf2616-bf96-47a2-b41f-ea1b90b4fa08,2026-01-29 00:02:00,2026-01-29,tester_01,2026-01-29 00:02:12,https://www.commcarehq.org/form/f6f29615-518c-4083-98d6-9d72de931c43,tester_01,True,18,2.0,10.5521162,7.5728173
364,f16cb9db-ff52-42ae-a215-261e6831adb6,community_03,Naomi,Okafor,female,1995-07-15,30151134092.0,8023304410,https://www.commcarehq.org/photos/farmer_364.jpg,3,livestock_farming,12,owned,2,rain-fed,---,maize groundnuts rice,2.2,5.4,4.0,goats,20,---,10.3741378 7.5808586 0.0 20.0,yes,1378551d-6f1a-406b-98b4-d3f2af5424b2,2026-03-01 00:07:00,2026-03-01,tester_03,2026-03-01 00:07:06,https://www.commcarehq.org/form/f16cb9db-ff52-42ae-a215-261e6831adb6,tester_03,True,31,7.0,10.3741378,7.5808586
365,29cec0f4-90b1-4f63-984f-a3e24383741f,community_02,Fatima,Eze,male,1968-04-23,61117931491.0,8075364539,https://www.commcarehq.org/photos/farmer_365.jpg,2,crop_farming,28,owned,2,rain-fed,---,rice maize,---,3.2,2.4,---,---,---,10.3373815 7.5673195 0.0 20.0,yes,d338d15d-a364-433a-8cc8-2f65a27267e3,2026-02-07 00:06:00,2026-02-07,tester_02,2026-02-07 00:06:15,https://www.commcarehq.org/form/29cec0f4-90b1-4f63-984f-a3e24383741f,tester_02,True,58,6.0,10.3373815,7.5673195
366,952ac8b5-bf25-49c3-aa6e-760e773c3534,community_04,Joy,Balogun,male,1974-03-31,,8038895552,https://www.commcarehq.org/photos/farmer_366.jpg,7,crop_farming,22,owned,2,borehole,---,maize rice groundnuts,1.9,5.0,2.9,---,---,---,10.4575609 7.2622805 0.0 20.0,yes,19201d2c-a943-42cd-a2c8-2a7658d64ad1,2026-02-18 00:07:00,2026-02-18,tester_04,2026-02-18 00:07:05,https://www.commcarehq.org/form/952ac8b5-bf25-49c3-aa6e-760e773c3534,tester_04,True,52,7.0,10.4575609,7.2622805
367,ff571b4d-9a79-42eb-90ab-a2f1e91e4d73,community_07,Esther,Abdullahi,male,2006-07-16,,8024850800,https://www.commcarehq.org/photos/farmer_367.jpg,3,mixed_farming,1,owned,1,rain-fed,---,groundnuts maize,1.4,2.7,---,goats,21,---,10.3913758 7.4459213 0.0 20.0,yes,eb2fc6bd-2d94-402e-8de6-3b30ae7ae44c,2026-05-06 00:02:00,2026-05-06,tester_07,2026-05-06 00:02:20,https://www.commcarehq.org/form/ff571b4d-9a79-42eb-90ab-a2f1e91e4d73,tester_07,True,20,2.0,10.3913758,7.4459213
368,90726896-14a3-4c13-9813-293077a940d7,community_02,Amina,Mohammed,female,1969-10-13,,8045896939,https://www.commcarehq.org/photos/farmer_368.jpg,3,crop_farming,7,owned,3,rain-fed,---,groundnuts maize,1.3,5.2,---,---,---,---,10.3642428 7.2041176 0.0 20.0,yes,2b224158-5834-4f6f-a92f-d0df2bff1d95,2026-06-22 00:08:00,2026-06-22,tester_02,2026-06-22 00:08:05,https://www.commcarehq.org/form/90726896-14a3-4c13-9813-293077a940d7,tester_02,True,56,8.0,10.3642428,7.2041176
369,d407b4e3-77fb-40be-9042-5621e6adfaf8,community_07,Samuel,Bello,male,1976-12-27,,8057215148,https://www.commcarehq.org/photos/farmer_369.jpg,3,crop_farming,10,leased,5,rain-fed,---,rice groundnuts,2.4,---,0.7,goats,12,---,10.4334279 7.3973404 0.0 20.0,yes,2480661b-904c-4e2a-94d6-06aa417611a3,2026-06-29 00:02:00,2026-06-29,tester_07,2026-06-29 00:02:08,https://www.commcarehq.org/form/d407b4e3-77fb-40be-9042-5621e6adfaf8,tester_07,True,49,2.0,10.4334279,7.3973404
370,a402b9bc-348b-49ef-a847-1e1310e1de6b,community_01,Sarah,Balogun,female,1985-11-29,11846721961.0,8078354047,https://www.commcarehq.org/photos/farmer_370.jpg,2,mixed_farming,16,owned,1,river_stream,---,groundnuts,0.9,---,---,---,---,---,10.3784408 7.5986082 0.0 20.0,yes,dab64c91-cbf9-40b3-bfc3-1d973f41aa9c,2026-03-09 00:05:00,2026-03-09,tester_01,2026-03-09 00:05:07,https://www.commcarehq.org/form/a402b9bc-348b-49ef-a847-1e1310e1de6b,tester_01,True,40,5.0,10.3784408,7.5986082
371,b61f1ca5-ae28-47d1-8660-0811f98171d6,community_07,Ahmed,Isa,female,2008-03-09,28469832995.0,8073350525,https://www.commcarehq.org/photos/farmer_371.jpg,5,livestock_farming,1,family_land,1,rain-fed,---,groundnuts,0.9,---,---,---,---,---,10.5434771 7.2283674 0.0 20.0,yes,1d0612f1-1410-4ae0-a696-770717cadb6a,2026-05-11 00:03:00,2026-05-11,tester_07,2026-05-11 00:03:07,https://www.commcarehq.org/form/b61f1ca5-ae28-47d1-8660-0811f98171d6,tester_07,True,18,3.0,10.5434771,7.2283674
372,5e13d49d-56c0-495f-89a5-8915658f5213,community_03,Fatima,Okafor,male,1979-08-27,66961868287.0,8004870693,https://www.commcarehq.org/photos/farmer_372.jpg,7,livestock_farming,16,family_land,3,rain-fed,---,groundnuts rice maize,1.7,1.0,2.6,goats rabbits,19,11,10.5091672 7.2159794 0.0 20.0,yes,aa45e404-f216-4e92-81d4-5c25df11070e,2026-03-13 00:05:00,2026-03-13,tester_03,2026-03-13 00:05:15,https://www.commcarehq.org/form/5e13d49d-56c0-495f-89a5-8915658f5213,tester_03,True,46,5.0,10.5091672,7.2159794
373,130be9a7-37db-4af0-9744-5d54ab1aea14,community_02,Mercy,Eze,male,1988-10-22,94534335686.0,8057136956,https://www.commcarehq.org/photos/farmer_373.jpg,3,crop_farming,10,owned,1,irrigation_scheme,---,rice,---,---,1.2,rabbits,---,23,10.4070687 7.3646157 0.0 20.0,yes,456bd7c1-0c90-470f-a431-2e90bbacb485,2026-04-19 00:07:00,2026-04-19,tester_02,2026-04-19 00:07:11,https://www.commcarehq.org/form/130be9a7-37db-4af0-9744-5d54ab1aea14,tester_02,True,37,7.0,10.4070687,7.3646157
374,8334dd40-29a2-4920-9515-ae35ababb279,community_06,Naomi,Abdullahi,male,1972-04-08,,8035375178,https://www.commcarehq.org/photos/farmer_374.jpg,8,mixed_farming,22,owned,3,rain-fed,---,maize rice,---,6.1,2.1,goats,10,---,10.3010143 7.5866055 0.0 20.0,yes,5a7acf94-cfcf-4dc9-a2a9-a336870d9ca0,2026-04-11 00:02:00,2026-04-11,tester_06,2026-04-11 00:02:07,https://www.commcarehq.org/form/8334dd40-29a2-4920-9515-ae35ababb279,tester_06,True,54,2.0,10.3010143,7.5866055
375,14877c97-e0c1-453e-b9bd-6fa9906f1585,community_02,Elizabeth,Mohammed,female,1987-09-16,,8054296414,https://www.commcarehq.org/photos/farmer_375.jpg,1,mixed_farming,2,owned,1,rain-fed,---,groundnuts rice,2.8,---,2.9,goats,23,---,10.2039424 7.3350424 0.0 20.0,yes,b093faa4-ed52-4669-9f88-eb95bd62a33b,2026-03-12 00:04:00,2026-03-12,tester_02,2026-03-12 00:04:18,https://www.commcarehq.org/form/14877c97-e0c1-453e-b9bd-6fa9906f1585,tester_02,True,38,4.0,10.2039424,7.3350424
376,f010fa9c-88b1-4841-a406-7617b7860c5d,community_02,Peter,Eze,female,1968-01-16,,8015328826,https://www.commcarehq.org/photos/farmer_376.jpg,2,crop_farming,16,family_land,1,rain-fed,---,groundnuts,1.2,---,---,goats,23,---,10.431855 7.4398865 0.0 20.0,yes,791bb5f4-65b9-4028-94d0-59ac2ac0f21d,2026-02-24 00:03:00,2026-02-24,tester_02,2026-02-24 00:03:08,https://www.commcarehq.org/form/f010fa9c-88b1-4841-a406-7617b7860c5d,tester_02,True,58,3.0,10.431855,7.4398865
377,4d2d592c-154e-4ab5-bb74-79f0c767aa2d,community_06,David,Ogunleye,male,2001-08-27,,8007264830,https://www.commcarehq.org/photos/farmer_377.jpg,7,mixed_farming,3,owned,1,borehole,---,groundnuts maize,1.0,2.4,---,goats,9,---,10.559381 7.3517776 0.0 20.0,yes,644ff535-12a4-45b8-8a5d-52aa205bdef1,2026-01-07 00:07:00,2026-01-07,tester_06,2026-01-07 00:07:12,https://www.commcarehq.org/form/4d2d592c-154e-4ab5-bb74-79f0c767aa2d,tester_06,True,24,7.0,10.559381,7.3517776
378,7eabed75-e4be-4318-b0d2-d7a020c6cd33,community_05,Fatima,Ali,female,1999-01-13,74512531011.0,8044443292,https://www.commcarehq.org/photos/farmer_378.jpg,4,mixed_farming,9,family_land,1,rain-fed,---,groundnuts,2.3,---,---,goats,21,---,10.220026 7.2317021 0.0 20.0,yes,86c4d6eb-e211-43b8-bafc-24913a3efe7c,2026-04-26 00:03:00,2026-04-26,tester_05,2026-04-26 00:03:14,https://www.commcarehq.org/form/7eabed75-e4be-4318-b0d2-d7a020c6cd33,tester_05,True,27,3.0,10.220026,7.2317021
379,b3ab7679-65f2-4aaf-b7ed-f103eac68523,community_01,David,Mohammed,female,1990-02-01,40351584282.0,8086578872,https://www.commcarehq.org/photos/farmer_379.jpg,6,crop_farming,7,family_land,4,rain-fed,---,rice,---,---,0.9,---,---,---,10.4892834 7.2610874 0.0 20.0,yes,88ebe950-c7a9-4078-a126-a49c2fe0886b,2026-03-04 00:08:00,2026-03-04,tester_01,2026-03-04 00:08:05,https://www.commcarehq.org/form/b3ab7679-65f2-4aaf-b7ed-f103eac68523,tester_01,True,36,8.0,10.4892834,7.2610874
380,a93ec4eb-7f93-4977-9740-d1cdc515805f,community_02,Rebecca,Lawal,male,1967-10-31,,8031482637,https://www.commcarehq.org/photos/farmer_380.jpg,6,crop_farming,16,owned,3,rain-fed,---,groundnuts rice,1.2,---,2.4,---,---,---,10.4201263 7.490494 0.0 20.0,yes,104e84dc-96fc-44b7-a30e-72b428321f44,2026-04-30 00:07:00,2026-04-30,tester_02,2026-04-30 00:07:16,https://www.commcarehq.org/form/a93ec4eb-7f93-4977-9740-d1cdc515805f,tester_02,True,58,7.0,10.4201263,7.490494
381,edd0b98b-5274-4442-970d-ef3b6b667fd5,community_06,Blessing,Ogunleye,female,1991-10-15,,8018100981,https://www.commcarehq.org/photos/farmer_381.jpg,6,crop_farming,16,owned,1,borehole,---,maize,---,5.7,---,---,---,---,10.4596285 7.3207889 0.0 20.0,yes,f4477bc9-3b83-490b-a228-ea06d66caeab,2026-01-05 00:03:00,2026-01-05,tester_06,2026-01-05 00:03:19,https://www.commcarehq.org/form/edd0b98b-5274-4442-970d-ef3b6b667fd5,tester_06,True,34,3.0,10.4596285,7.3207889
382,bcd0a5f1-9f5f-47ea-8c0c-f6a642cfbc1c,community_02,Joseph,Ali,female,1992-11-14,18416496794.0,8021613398,https://www.commcarehq.org/photos/farmer_382.jpg,2,mixed_farming,16,owned,5,rain-fed,---,groundnuts rice maize,0.9,4.8,1.4,goats,8,---,10.3485066 7.3793435 0.0 20.0,yes,26caf038-07fa-478b-bf61-0b07c1c8c73a,2026-06-06 00:05:00,2026-06-06,tester_02,2026-06-06 00:05:16,https://www.commcarehq.org/form/bcd0a5f1-9f5f-47ea-8c0c-f6a642cfbc1c,tester_02,True,33,5.0,10.3485066,7.3793435
383,74354648-7892-456b-83cc-8ee4603f5adb,community_04,Musa,Samuel,male,1984-11-29,,8045657591,https://www.commcarehq.org/photos/farmer_383.jpg,6,mixed_farming,21,owned,1,rain-fed,---,maize rice groundnuts,1.1,0.8,0.5,goats,15,---,10.3670356 7.5303688 0.0 20.0,yes,05d8ea56-3715-4243-8dfd-029adc504b97,2026-05-21 00:06:00,2026-05-21,tester_04,2026-05-21 00:06:13,https://www.commcarehq.org/form/74354648-7892-456b-83cc-8ee4603f5adb,tester_04,True,41,6.0,10.3670356,7.5303688
384,c4e0aa41-fa6a-4449-8844-40d9330f52c9,community_07,John,Yusuf,female,2008-02-21,,8072916168,https://www.commcarehq.org/photos/farmer_384.jpg,5,livestock_farming,1,owned,3,river_stream,---,rice maize,---,3.7,2.8,---,---,---,10.4730406 7.5224756 0.0 20.0,yes,9dd2be2d-f23d-4a85-afa3-d262fada7f7c,2026-03-04 00:03:00,2026-03-04,tester_07,2026-03-04 00:03:05,https://www.commcarehq.org/form/c4e0aa41-fa6a-4449-8844-40d9330f52c9,tester_07,True,18,3.0,10.4730406,7.5224756
385,b678d8d8-e036-4d32-9389-4c1eee53748e,community_03,James,Johnson,female,1990-06-14,,8038112782,https://www.commcarehq.org/photos/farmer_385.jpg,4,mixed_farming,14,family_land,2,rain-fed,---,groundnuts,2.1,---,---,---,---,---,10.5099864 7.5704498 0.0 20.0,yes,16ef1c10-b107-46dd-b951-d84ce091e45e,2026-04-14 00:08:00,2026-04-14,tester_03,2026-04-14 00:08:18,https://www.commcarehq.org/form/b678d8d8-e036-4d32-9389-4c1eee53748e,tester_03,True,36,8.0,10.5099864,7.5704498
386,68e93d81-94b1-4ce9-8874-b7b883cf4f9d,community_01,Ruth,Yusuf,male,1992-03-11,78710021446.0,8093242283,https://www.commcarehq.org/photos/farmer_386.jpg,7,crop_farming,3,owned,6,rain-fed,---,rice,---,---,2.8,rabbits,---,13,10.2130739 7.3165692 0.0 20.0,yes,92f878ca-09d6-490a-b952-cabd1fe33be2,2026-06-23 00:07:00,2026-06-23,tester_01,2026-06-23 00:07:16,https://www.commcarehq.org/form/68e93d81-94b1-4ce9-8874-b7b883cf4f9d,tester_01,True,34,7.0,10.2130739,7.3165692
387,32ed0dd3-dbdd-4b30-afdc-ecdd8604e12d,community_05,Fatima,Musa,male,1995-06-20,,8000097884,https://www.commcarehq.org/photos/farmer_387.jpg,5,mixed_farming,10,owned,1,river_stream,---,rice,---,---,3.2,---,---,---,10.2895168 7.3134788 0.0 20.0,yes,ebee57e4-446e-465d-8a84-76461c3c68dd,2026-03-28 00:07:00,2026-03-28,tester_05,2026-03-28 00:07:10,https://www.commcarehq.org/form/32ed0dd3-dbdd-4b30-afdc-ecdd8604e12d,tester_05,True,31,7.0,10.2895168,7.3134788
388,8720dde6-d4b0-4cc5-93c6-983660355379,community_05,Paul,Ali,male,1981-08-12,,8048293321,https://www.commcarehq.org/photos/farmer_388.jpg,1,crop_farming,4,leased,4,rain-fed,---,rice maize,---,4.0,3.0,goats,5,---,10.4673077 7.4686563 0.0 20.0,yes,ffd684e3-e30f-4a2c-ba12-c7e58abc7ff9,2026-03-19 00:07:00,2026-03-19,tester_05,2026-03-19 00:07:11,https://www.commcarehq.org/form/8720dde6-d4b0-4cc5-93c6-983660355379,tester_05,True,44,7.0,10.4673077,7.4686563
389,ffa89880-8d7e-485f-a07b-4123eba486cf,community_07,Binta,Musa,male,1991-06-07,47811291681.0,8038497848,https://www.commcarehq.org/photos/farmer_389.jpg,8,crop_farming,6,owned,1,rain-fed,---,maize groundnuts,0.6,1.3,---,---,---,---,10.3111449 7.2809022 0.0 20.0,yes,4e9b1d23-d6c3-4194-8bf3-0cac1d75de6b,2026-01-10 00:08:00,2026-01-10,tester_07,2026-01-10 00:08:05,https://www.commcarehq.org/form/ffa89880-8d7e-485f-a07b-4123eba486cf,tester_07,True,35,8.0,10.3111449,7.2809022
390,6dd400ab-068e-4d20-b48c-7a026727a91d,community_05,Yusuf,Johnson,female,1996-05-16,37921912660.0,8023675589,https://www.commcarehq.org/photos/farmer_390.jpg,7,mixed_farming,12,family_land,2,rain-fed,---,rice maize,---,0.8,1.7,goats,22,---,10.2251194 7.5318211 0.0 20.0,yes,13d9314b-5135-48ab-8af3-c0d80856c606,2026-04-29 00:06:00,2026-04-29,tester_05,2026-04-29 00:06:12,https://www.commcarehq.org/form/6dd400ab-068e-4d20-b48c-7a026727a91d,tester_05,True,30,6.0,10.2251194,7.5318211
391,eb48768b-7198-4f96-9b6f-3b5c2d147752,community_07,Joy,Okafor,male,1996-03-13,,8053022820,https://www.commcarehq.org/photos/farmer_391.jpg,3,crop_farming,9,leased,1,dam_reservoir,---,maize groundnuts rice,3.0,1.8,2.8,goats,5,---,10.5702517 7.3556106 0.0 20.0,yes,d5fb06db-f3eb-47f7-9888-83e3424fac8c,2026-02-15 00:06:00,2026-02-15,tester_07,2026-02-15 00:06:11,https://www.commcarehq.org/form/eb48768b-7198-4f96-9b6f-3b5c2d147752,tester_07,True,30,6.0,10.5702517,7.3556106
392,980abe1d-b70a-459d-ac27-804b490fdc9b,community_01,David,Bello,male,1989-06-30,47499430674.0,8012214737,https://www.commcarehq.org/photos/farmer_392.jpg,5,mixed_farming,3,owned,1,river_stream,---,groundnuts,0.7,---,---,---,---,---,10.3080204 7.2715882 0.0 20.0,yes,4f02dc2f-6c9b-44f1-9d55-9dedd71f269e,2026-03-28 00:02:00,2026-03-28,tester_01,2026-03-28 00:02:19,https://www.commcarehq.org/form/980abe1d-b70a-459d-ac27-804b490fdc9b,tester_01,True,37,2.0,10.3080204,7.2715882
393,d3b09fa6-cd00-4c64-b9bc-9ed5ad340f0a,community_04,Ruth,Adeyemi,female,1971-05-29,83827482031.0,8097969791,https://www.commcarehq.org/photos/farmer_393.jpg,5,mixed_farming,31,leased,3,rain-fed,---,maize groundnuts,2.5,5.2,---,goats rabbits,7,32,10.5093854 7.4990937 0.0 20.0,yes,e73e7b8b-9761-4232-b0a2-ee9c547ecf26,2026-02-28 00:08:00,2026-02-28,tester_04,2026-02-28 00:08:20,https://www.commcarehq.org/form/d3b09fa6-cd00-4c64-b9bc-9ed5ad340f0a,tester_04,True,55,8.0,10.5093854,7.4990937
394,16eeb09a-aefc-4ce5-be36-934ff97d3e48,community_04,Samuel,David,male,1996-06-20,87325396070.0,8039964898,https://www.commcarehq.org/photos/farmer_394.jpg,1,mixed_farming,2,owned,2,other,Spring Water,groundnuts rice,2.5,---,2.7,goats,19,---,10.3173805 7.5434628 0.0 20.0,yes,6150e5ad-6a0b-4e70-afa2-a9eebd27ccb4,2026-03-18 00:07:00,2026-03-18,tester_04,2026-03-18 00:07:09,https://www.commcarehq.org/form/16eeb09a-aefc-4ce5-be36-934ff97d3e48,tester_04,True,30,7.0,10.3173805,7.5434628
395,ca01bb7a-a8b4-4ed5-889c-6c4602143652,community_05,Joy,David,female,1990-06-02,,8034740210,https://www.commcarehq.org/photos/farmer_395.jpg,4,livestock_farming,12,owned,2,rain-fed,---,groundnuts,1.9,---,---,rabbits,---,5,10.310606 7.5365869 0.0 20.0,yes,4395ee19-c11a-4122-881d-c11ef562bb93,2026-05-19 00:08:00,2026-05-19,tester_05,2026-05-19 00:08:07,https://www.commcarehq.org/form/ca01bb7a-a8b4-4ed5-889c-6c4602143652,tester_05,True,36,8.0,10.310606,7.5365869
396,c3cead50-3a19-420a-9f98-190d6d526233,community_06,Mercy,Philip,female,1981-10-03,,8014938037,https://www.commcarehq.org/photos/farmer_396.jpg,1,crop_farming,16,family_land,2,rain-fed,---,rice groundnuts maize,1.3,1.6,3.7,rabbits,---,3,10.3881263 7.4914995 0.0 20.0,yes,c98b937d-d407-4bbc-97e0-e8b5114aaafa,2026-06-24 00:06:00,2026-06-24,tester_06,2026-06-24 00:06:12,https://www.commcarehq.org/form/c3cead50-3a19-420a-9f98-190d6d526233,tester_06,True,44,6.0,10.3881263,7.4914995
397,a1591e57-b124-4973-a15c-271a6c98f4bf,community_07,Amina,Adeyemi,male,1992-10-30,66089574201.0,8026153459,https://www.commcarehq.org/photos/farmer_397.jpg,5,livestock_farming,14,owned,3,other,Community Well,groundnuts maize rice,1.9,5.4,2.5,---,---,---,10.4844273 7.2923423 0.0 20.0,yes,5db70225-5b39-4b6f-a0dc-5b58fc736a8d,2026-01-12 00:07:00,2026-01-12,tester_07,2026-01-12 00:07:07,https://www.commcarehq.org/form/a1591e57-b124-4973-a15c-271a6c98f4bf,tester_07,True,33,7.0,10.4844273,7.2923423
398,60e036d0-a996-453c-a04c-0c732bba95a3,community_05,Sarah,Daniel,male,2007-08-07,12990259848.0,8043416139,https://www.commcarehq.org/photos/farmer_398.jpg,6,crop_farming,1,leased,1,rain-fed,---,rice groundnuts maize,1.7,2.1,0.7,goats rabbits,16,5,10.4993297 7.4097128 0.0 20.0,yes,6820f1e1-cde1-41c0-825f-6917390a8f63,2026-01-29 00:04:00,2026-01-29,tester_05,2026-01-29 00:04:09,https://www.commcarehq.org/form/60e036d0-a996-453c-a04c-0c732bba95a3,tester_05,True,18,4.0,10.4993297,7.4097128
399,3edae50e-3c6a-4591-a064-09f3d037146f,community_02,Rebecca,Usman,female,1978-06-10,50148679900.0,8064624312,https://www.commcarehq.org/photos/farmer_399.jpg,1,crop_farming,18,owned,6,rain-fed,---,rice groundnuts,1.2,---,2.8,---,---,---,10.2081198 7.4268623 0.0 20.0,yes,9db8a360-0915-4f4f-a855-08fb2e808be2,2026-03-03 00:04:00,2026-03-03,tester_02,2026-03-03 00:04:13,https://www.commcarehq.org/form/3edae50e-3c6a-4591-a064-09f3d037146f,tester_02,True,48,4.0,10.2081198,7.4268623
400,e6a98d6d-e191-4855-85bc-c456cc5ed56c,community_06,Emmanuel,Adeyemi,female,1966-10-18,,8069093655,https://www.commcarehq.org/photos/farmer_400.jpg,3,mixed_farming,28,owned,2,rain-fed,---,rice maize groundnuts,1.4,4.2,3.6,goats,12,---,10.5035706 7.4129944 0.0 20.0,yes,fd3f97d1-cdff-4bff-abc0-255af4bfc037,2026-04-21 00:06:00,2026-04-21,tester_06,2026-04-21 00:06:05,https://www.commcarehq.org/form/e6a98d6d-e191-4855-85bc-c456cc5ed56c,tester_06,True,59,6.0,10.5035706,7.4129944
401,b7170465-c11b-4643-9180-ef84f49a5ab9,community_05,Mary,Okafor,female,1996-03-26,21762263451.0,8019572230,https://www.commcarehq.org/photos/farmer_401.jpg,3,livestock_farming,11,owned,2,rain-fed,---,rice,---,---,0.9,---,---,---,10.4147564 7.4516428 0.0 20.0,yes,1d6010fe-de23-4d38-b3e1-c00891c1db53,2026-01-12 00:05:00,2026-01-12,tester_05,2026-01-12 00:05:13,https://www.commcarehq.org/form/b7170465-c11b-4643-9180-ef84f49a5ab9,tester_05,True,30,5.0,10.4147564,7.4516428
402,a8637ba3-3327-4442-a48f-b51699a7d234,community_04,Ahmed,Lawal,female,2001-03-19,,8081525069,https://www.commcarehq.org/photos/farmer_402.jpg,6,mixed_farming,6,owned,3,rain-fed,---,groundnuts,2.3,---,---,rabbits,---,15,10.2790579 7.318 0.0 20.0,yes,6851052e-c9cf-4356-b0b8-8b03cec9ad7f,2026-04-26 00:03:00,2026-04-26,tester_04,2026-04-26 00:03:09,https://www.commcarehq.org/form/a8637ba3-3327-4442-a48f-b51699a7d234,tester_04,True,25,3.0,10.2790579,7.318
403,2054b9c6-4b6c-4c65-8e64-b3423660ab9f,community_01,Suleiman,Philip,female,1991-07-24,21544516184.0,8081310184,https://www.commcarehq.org/photos/farmer_403.jpg,3,crop_farming,4,owned,3,rain-fed,---,rice maize groundnuts,0.9,6.5,2.4,---,---,---,10.3699545 7.4443795 0.0 20.0,yes,c0e76334-0111-40de-8459-c35c7a9e5e4f,2026-03-13 00:04:00,2026-03-13,tester_01,2026-03-13 00:04:13,https://www.commcarehq.org/form/2054b9c6-4b6c-4c65-8e64-b3423660ab9f,tester_01,True,35,4.0,10.3699545,7.4443795
404,47b027be-b76e-4b76-b89c-4d5bf3020ec5,community_04,Elizabeth,Balogun,female,1972-12-19,86332555658.0,8040571075,https://www.commcarehq.org/photos/farmer_404.jpg,3,mixed_farming,9,owned,1,rain-fed,---,groundnuts,2.8,---,---,---,---,---,10.5537684 7.2965979 0.0 20.0,yes,02cf7ee2-1250-42a2-b9a5-60835faeec55,2026-03-28 00:06:00,2026-03-28,tester_04,2026-03-28 00:06:07,https://www.commcarehq.org/form/47b027be-b76e-4b76-b89c-4d5bf3020ec5,tester_04,True,53,6.0,10.5537684,7.2965979
405,cb12caa0-c4f9-4630-afb6-59beec6d597f,community_02,Ibrahim,Sani,male,2001-10-29,,8028265607,https://www.commcarehq.org/photos/farmer_405.jpg,2,mixed_farming,7,owned,1,borehole,---,rice groundnuts maize,0.7,1.5,3.1,rabbits,---,14,10.392312 7.5221493 0.0 20.0,yes,c7c1fae1-8a00-4ee0-9f22-6423dbe40075,2026-05-18 00:07:00,2026-05-18,tester_02,2026-05-18 00:07:16,https://www.commcarehq.org/form/cb12caa0-c4f9-4630-afb6-59beec6d597f,tester_02,True,24,7.0,10.392312,7.5221493
406,19aab508-fa2e-4a19-a57c-686daa8a5026,community_01,Binta,Balogun,female,2006-01-07,25771886824.0,8075221516,https://www.commcarehq.org/photos/farmer_406.jpg,7,livestock_farming,1,owned,2,borehole,---,maize rice,---,0.7,2.0,goats rabbits,21,18,10.5543171 7.3511583 0.0 20.0,yes,86fd3e4a-fad5-4a5e-90c4-fd000888c945,2026-01-23 00:04:00,2026-01-23,tester_01,2026-01-23 00:04:13,https://www.commcarehq.org/form/19aab508-fa2e-4a19-a57c-686daa8a5026,tester_01,True,20,4.0,10.5543171,7.3511583
407,408f6848-3456-42bc-addb-de0c878a3ccd,community_04,Joseph,David,female,1994-02-22,57204557661.0,8030315750,https://www.commcarehq.org/photos/farmer_407.jpg,1,mixed_farming,10,owned,3,other,Spring Water,rice groundnuts maize,0.7,2.1,0.7,goats,14,---,10.4114303 7.556082 0.0 20.0,yes,b735f447-57e3-4318-ad95-638b04d28cdd,2026-01-02 00:04:00,2026-01-02,tester_04,2026-01-02 00:04:13,https://www.commcarehq.org/form/408f6848-3456-42bc-addb-de0c878a3ccd,tester_04,True,32,4.0,10.4114303,7.556082
408,0f2279c2-488a-45a2-ba98-9b4d94f5f09c,community_07,Binta,Isa,male,1982-10-21,79525573383.0,8063261467,https://www.commcarehq.org/photos/farmer_408.jpg,7,mixed_farming,14,owned,1,rain-fed,---,groundnuts maize rice,1.0,2.4,3.2,goats,3,---,10.3166501 7.5928834 0.0 20.0,yes,3d2de349-8e50-4212-9dac-07e6fd7679e2,2026-04-01 00:08:00,2026-04-01,tester_07,2026-04-01 00:08:16,https://www.commcarehq.org/form/0f2279c2-488a-45a2-ba98-9b4d94f5f09c,tester_07,True,43,8.0,10.3166501,7.5928834
409,0b43f89f-017f-4fe8-ba18-e21f31e9c2f6,community_05,Deborah,Tanko,male,1992-07-29,49457672611.0,8018764378,https://www.commcarehq.org/photos/farmer_409.jpg,7,mixed_farming,1,family_land,4,rain-fed,---,rice groundnuts maize,1.3,6.3,2.1,rabbits,---,23,10.2150164 7.474731 0.0 20.0,yes,a9f77d8d-4f62-4d22-bed5-d70e6d3bbe5d,2026-03-16 00:03:00,2026-03-16,tester_05,2026-03-16 00:03:11,https://www.commcarehq.org/form/0b43f89f-017f-4fe8-ba18-e21f31e9c2f6,tester_05,True,34,3.0,10.2150164,7.474731
410,531782d0-979b-4fc1-a27d-b1aefb10ceb9,community_07,John,Lawal,female,1988-03-01,62064368465.0,8078807448,https://www.commcarehq.org/photos/farmer_410.jpg,3,crop_farming,19,owned,4,rain-fed,---,maize groundnuts rice,2.7,5.6,3.0,---,---,---,10.4447501 7.4019546 0.0 20.0,yes,58c49705-d500-45f9-8e7d-d648a72b29ec,2026-03-25 00:05:00,2026-03-25,tester_07,2026-03-25 00:05:08,https://www.commcarehq.org/form/531782d0-979b-4fc1-a27d-b1aefb10ceb9,tester_07,True,38,5.0,10.4447501,7.4019546
411,d0db364c-e784-496c-91a1-5f7d97b12439,community_03,Esther,Tanko,male,1978-07-09,36563637499.0,8089017115,https://www.commcarehq.org/photos/farmer_411.jpg,3,crop_farming,23,owned,3,other,Rainwater Harvesting,maize groundnuts rice,1.5,4.2,1.7,rabbits,---,40,10.2283651 7.2492695 0.0 20.0,yes,74163c87-148d-4827-a3a9-ef77024cc7fa,2026-05-28 00:04:00,2026-05-28,tester_03,2026-05-28 00:04:08,https://www.commcarehq.org/form/d0db364c-e784-496c-91a1-5f7d97b12439,tester_03,True,48,4.0,10.2283651,7.2492695
412,2dff15bc-cf3a-4711-91ff-57dfef8a2e9b,community_04,Peter,Garba,male,1985-09-14,70116369023.0,8018126122,https://www.commcarehq.org/photos/farmer_412.jpg,9,mixed_farming,10,owned,3,borehole,---,rice groundnuts,2.4,---,1.7,---,---,---,10.3741485 7.5162928 0.0 20.0,yes,6dd7a00d-8c75-459b-b12a-09e9b653fe6f,2026-06-27 00:02:00,2026-06-27,tester_04,2026-06-27 00:02:08,https://www.commcarehq.org/form/2dff15bc-cf3a-4711-91ff-57dfef8a2e9b,tester_04,True,40,2.0,10.3741485,7.5162928
413,e17f7e1a-8697-4025-806a-f26c02ecae1f,community_05,David,Lawal,female,1960-06-19,58117301215.0,8038080143,https://www.commcarehq.org/photos/farmer_413.jpg,8,mixed_farming,17,leased,5,rain-fed,---,maize,---,3.9,---,---,---,---,10.3697894 7.4245483 0.0 20.0,yes,db755426-de9c-444e-bc1e-b94675a63ed8,2026-06-09 00:03:00,2026-06-09,tester_05,2026-06-09 00:03:13,https://www.commcarehq.org/form/e17f7e1a-8697-4025-806a-f26c02ecae1f,tester_05,True,66,3.0,10.3697894,7.4245483
414,646cd78b-9d5d-45c8-9144-88c293407f24,community_02,Grace,James,male,1965-10-19,,8073289754,https://www.commcarehq.org/photos/farmer_414.jpg,4,mixed_farming,4,owned,2,borehole,---,groundnuts maize rice,2.5,2.2,1.1,goats,16,---,10.4331596 7.2662404 0.0 20.0,yes,1899d0ef-da11-44bf-942a-127d8bf37794,2026-06-30 00:06:00,2026-06-30,tester_02,2026-06-30 00:06:18,https://www.commcarehq.org/form/646cd78b-9d5d-45c8-9144-88c293407f24,tester_02,True,60,6.0,10.4331596,7.2662404
415,a94aee45-db08-447f-a90b-1b8d183442ad,community_06,Blessing,Abdullahi,male,1971-10-06,94866383293.0,8076780517,https://www.commcarehq.org/photos/farmer_415.jpg,7,crop_farming,22,owned,6,irrigation_scheme,---,rice groundnuts maize,2.7,1.2,3.4,---,---,---,10.5122112 7.5105075 0.0 20.0,yes,ff365f73-b00f-4051-b4bf-872a52c62834,2026-05-25 00:06:00,2026-05-25,tester_06,2026-05-25 00:06:06,https://www.commcarehq.org/form/a94aee45-db08-447f-a90b-1b8d183442ad,tester_06,True,54,6.0,10.5122112,7.5105075
416,fb889b5a-8c5b-4fb2-b2db-801f9e636724,community_03,Yusuf,Yusuf,female,1979-08-20,69115034859.0,8090473975,https://www.commcarehq.org/photos/farmer_416.jpg,4,livestock_farming,21,owned,6,borehole,---,groundnuts maize,2.9,5.8,---,goats,6,---,10.4265071 7.3736593 0.0 20.0,yes,cd7e351d-2ebd-4f67-87c0-980301739932,2026-02-07 00:05:00,2026-02-07,tester_03,2026-02-07 00:05:16,https://www.commcarehq.org/form/fb889b5a-8c5b-4fb2-b2db-801f9e636724,tester_03,True,46,5.0,10.4265071,7.3736593
417,337fa30a-00b5-411e-9c27-ee84edfe794e,community_04,Sarah,Usman,female,1999-12-25,67315124925.0,8069258088,https://www.commcarehq.org/photos/farmer_417.jpg,4,crop_farming,2,owned,1,rain-fed,---,groundnuts,2.0,---,---,---,---,---,10.3087606 7.5595976 0.0 20.0,yes,384b6a94-b09f-466c-b032-4ea36682f106,2026-02-12 00:05:00,2026-02-12,tester_04,2026-02-12 00:05:12,https://www.commcarehq.org/form/337fa30a-00b5-411e-9c27-ee84edfe794e,tester_04,True,26,5.0,10.3087606,7.5595976
418,b55e0901-7107-4645-94a9-7c943ed03d2e,community_01,Ahmed,Tanko,male,1980-06-10,,8019320168,https://www.commcarehq.org/photos/farmer_418.jpg,1,crop_farming,21,owned,2,rain-fed,---,maize groundnuts rice,1.5,1.6,2.7,goats,20,---,10.4568293 7.4507911 0.0 20.0,yes,625088b6-6e2a-41d7-ae41-d774170cdcba,2026-04-05 00:03:00,2026-04-05,tester_01,2026-04-05 00:03:13,https://www.commcarehq.org/form/b55e0901-7107-4645-94a9-7c943ed03d2e,tester_01,True,46,3.0,10.4568293,7.4507911
419,a8fc6cbd-ba1f-4aa9-b7a2-7d53e87177cc,community_02,Naomi,Ibrahim,male,1980-04-20,74179399649.0,8087741107,https://www.commcarehq.org/photos/farmer_419.jpg,8,mixed_farming,13,leased,1,dam_reservoir,---,maize,---,0.6,---,---,---,---,10.3051196 7.5881188 0.0 20.0,yes,6eb7a871-0591-449b-9fff-898cf015303d,2026-04-27 00:03:00,2026-04-27,tester_02,2026-04-27 00:03:07,https://www.commcarehq.org/form/a8fc6cbd-ba1f-4aa9-b7a2-7d53e87177cc,tester_02,True,46,3.0,10.3051196,7.5881188
420,c59a15ce-e639-4ed0-890c-be25ac3a5cb3,community_07,Elizabeth,Johnson,male,1960-01-23,,8044942996,https://www.commcarehq.org/photos/farmer_420.jpg,9,crop_farming,28,owned,3,rain-fed,---,maize rice,---,2.8,1.2,goats,23,---,10.3228393 7.437022 0.0 20.0,yes,86e6ef66-fa72-4a01-8f2e-aea727f7f77c,2026-02-13 00:08:00,2026-02-13,tester_07,2026-02-13 00:08:15,https://www.commcarehq.org/form/c59a15ce-e639-4ed0-890c-be25ac3a5cb3,tester_07,True,66,8.0,10.3228393,7.437022
421,b1efb1c1-1697-487c-b85d-942ee186af58,community_01,Deborah,David,male,2006-11-28,18568154197.0,8022214114,https://www.commcarehq.org/photos/farmer_421.jpg,6,crop_farming,1,family_land,5,irrigation_scheme,---,rice groundnuts maize,2.1,2.1,3.8,goats,20,---,10.4938192 7.3965223 0.0 20.0,yes,ed1ae3f7-f500-4361-a0cc-cc2e72fedf13,2026-06-05 00:05:00,2026-06-05,tester_01,2026-06-05 00:05:12,https://www.commcarehq.org/form/b1efb1c1-1697-487c-b85d-942ee186af58,tester_01,True,19,5.0,10.4938192,7.3965223
422,0b299ef3-d12d-4ca5-8cce-fafbabf68bea,community_05,Deborah,Haruna,male,1973-05-17,,8016302790,https://www.commcarehq.org/photos/farmer_422.jpg,8,crop_farming,8,owned,5,rain-fed,---,rice groundnuts,2.7,---,0.6,---,---,---,10.2574518 7.4635642 0.0 20.0,yes,fe542e6d-1cba-4ad9-90ad-3a8ddec6c702,2026-02-27 00:07:00,2026-02-27,tester_05,2026-02-27 00:07:16,https://www.commcarehq.org/form/0b299ef3-d12d-4ca5-8cce-fafbabf68bea,tester_05,True,53,7.0,10.2574518,7.4635642
423,b1a27a21-b07f-4608-9bc5-329585d20c05,community_02,Rebecca,Bello,female,1981-07-05,,8054125757,https://www.commcarehq.org/photos/farmer_423.jpg,1,crop_farming,15,family_land,1,rain-fed,---,maize groundnuts rice,2.1,3.8,3.2,---,---,---,10.2507496 7.5674344 0.0 20.0,yes,f0398b5b-91cb-4a19-bbee-7a677e020f13,2026-01-09 00:06:00,2026-01-09,tester_02,2026-01-09 00:06:12,https://www.commcarehq.org/form/b1a27a21-b07f-4608-9bc5-329585d20c05,tester_02,True,45,6.0,10.2507496,7.5674344
424,5987c136-ad5d-4326-bf51-9aaa41432690,community_05,Mercy,Usman,female,1981-10-26,,8062686500,https://www.commcarehq.org/photos/farmer_424.jpg,5,crop_farming,26,family_land,1,rain-fed,---,groundnuts rice,2.7,---,1.9,goats,8,---,10.5888438 7.2747044 0.0 20.0,yes,2cbc87b7-06bd-4408-affb-5feaff10f4ca,2026-04-26 00:04:00,2026-04-26,tester_05,2026-04-26 00:04:17,https://www.commcarehq.org/form/5987c136-ad5d-4326-bf51-9aaa41432690,tester_05,True,44,4.0,10.5888438,7.2747044
425,4740d470-eab3-42f3-a762-eee5edc83bce,community_06,Hauwa,Bello,female,1978-11-02,63654755153.0,8058544881,https://www.commcarehq.org/photos/farmer_425.jpg,7,mixed_farming,26,family_land,2,rain-fed,---,groundnuts rice maize,0.6,2.1,0.6,---,---,---,10.5977892 7.3523757 0.0 20.0,yes,146c75ea-312b-4bc9-94c0-f275d2b62a43,2026-06-25 00:05:00,2026-06-25,tester_06,2026-06-25 00:05:06,https://www.commcarehq.org/form/4740d470-eab3-42f3-a762-eee5edc83bce,tester_06,True,47,5.0,10.5977892,7.3523757
426,a4590f5e-c455-49b5-a948-9eaf4cfa591f,community_01,Mary,Isa,male,1981-01-02,63788387456.0,8043186129,https://www.commcarehq.org/photos/farmer_426.jpg,8,crop_farming,13,family_land,1,rain-fed,---,groundnuts maize rice,0.9,1.0,2.9,goats,19,---,10.4889683 7.5728644 0.0 20.0,yes,01b2e98a-38e1-4fec-92bc-02682f7e4b53,2026-03-29 00:05:00,2026-03-29,tester_01,2026-03-29 00:05:10,https://www.commcarehq.org/form/a4590f5e-c455-49b5-a948-9eaf4cfa591f,tester_01,True,45,5.0,10.4889683,7.5728644
427,1eaecb46-1fb2-43d0-925e-574e7e5c514e,community_07,Rebecca,David,female,1993-01-15,24474262651.0,8029553394,https://www.commcarehq.org/photos/farmer_427.jpg,5,mixed_farming,1,family_land,2,rain-fed,---,groundnuts rice,1.0,---,2.7,goats,23,---,10.5297314 7.2298039 0.0 20.0,yes,33c0b232-7416-42cb-95af-2b5e4f9937a5,2026-05-04 00:06:00,2026-05-04,tester_07,2026-05-04 00:06:20,https://www.commcarehq.org/form/1eaecb46-1fb2-43d0-925e-574e7e5c514e,tester_07,True,33,6.0,10.5297314,7.2298039
428,1846c798-702a-4544-8d61-2ccb994ba2a6,community_01,John,Yakubu,female,1993-02-22,,8003302182,https://www.commcarehq.org/photos/farmer_428.jpg,4,livestock_farming,14,owned,3,rain-fed,---,maize,---,3.2,---,goats,2,---,10.3063018 7.538642 0.0 20.0,yes,a76571bb-72c7-4bcd-8e94-bba155ca2bfc,2026-06-14 00:08:00,2026-06-14,tester_01,2026-06-14 00:08:08,https://www.commcarehq.org/form/1846c798-702a-4544-8d61-2ccb994ba2a6,tester_01,True,33,8.0,10.3063018,7.538642
429,ce8ca02d-5b42-41fa-9c2e-03dfd3f22ddb,community_02,Emmanuel,Abdullahi,male,1973-11-23,27169533338.0,8065568703,https://www.commcarehq.org/photos/farmer_429.jpg,4,livestock_farming,23,owned,1,rain-fed,---,maize groundnuts,2.9,5.7,---,---,---,---,10.501716 7.415566 0.0 20.0,yes,b598f2a6-e26e-4a29-87f5-99625721c195,2026-02-12 00:03:00,2026-02-12,tester_02,2026-02-12 00:03:20,https://www.commcarehq.org/form/ce8ca02d-5b42-41fa-9c2e-03dfd3f22ddb,tester_02,True,52,3.0,10.501716,7.415566
430,a5bba868-009e-401a-9d7f-01f8c9d12623,community_05,Esther,Johnson,female,1957-10-14,90457140472.0,8043878253,https://www.commcarehq.org/photos/farmer_430.jpg,7,mixed_farming,28,leased,4,irrigation_scheme,---,groundnuts,2.5,---,---,goats,9,---,10.5513631 7.2290993 0.0 20.0,yes,28d1977d-a543-42ae-b9d9-7e0910b68ee9,2026-06-14 00:08:00,2026-06-14,tester_05,2026-06-14 00:08:08,https://www.commcarehq.org/form/a5bba868-009e-401a-9d7f-01f8c9d12623,tester_05,True,68,8.0,10.5513631,7.2290993
431,1d7a8f39-b770-4495-a0a3-b5b3e93188aa,community_06,Deborah,Johnson,male,2002-11-03,96775911233.0,8065113853,https://www.commcarehq.org/photos/farmer_431.jpg,7,crop_farming,6,leased,1,irrigation_scheme,---,rice maize,---,4.4,1.0,goats,13,---,10.593916 7.4814737 0.0 20.0,yes,90760d1e-8729-498a-bba9-3ca4abe76095,2026-03-15 00:03:00,2026-03-15,tester_06,2026-03-15 00:03:07,https://www.commcarehq.org/form/1d7a8f39-b770-4495-a0a3-b5b3e93188aa,tester_06,True,23,3.0,10.593916,7.4814737
432,3530a571-fba6-4337-ab80-5365f8314ed9,community_04,Paul,Haruna,male,1985-05-04,27450089586.0,8021803030,https://www.commcarehq.org/photos/farmer_432.jpg,3,crop_farming,7,family_land,2,rain-fed,---,maize groundnuts,2.2,1.6,---,goats,13,---,10.3283395 7.4987306 0.0 20.0,yes,4f99f879-3a36-4727-ab6b-38a8bc65790d,2026-06-10 00:04:00,2026-06-10,tester_04,2026-06-10 00:04:20,https://www.commcarehq.org/form/3530a571-fba6-4337-ab80-5365f8314ed9,tester_04,True,41,4.0,10.3283395,7.4987306
433,c6026af1-50ce-4a6e-8053-8477323dd6f7,community_01,Sarah,Tanko,female,2005-08-24,73315984151.0,8036210879,https://www.commcarehq.org/photos/farmer_433.jpg,10,crop_farming,3,family_land,3,dam_reservoir,---,maize,---,1.6,---,goats,20,---,10.2856394 7.3647761 0.0 20.0,yes,4e9b6333-a3a3-4e91-8b4d-0110d1bac53f,2026-01-26 00:07:00,2026-01-26,tester_01,2026-01-26 00:07:18,https://www.commcarehq.org/form/c6026af1-50ce-4a6e-8053-8477323dd6f7,tester_01,True,20,7.0,10.2856394,7.3647761
434,4846121b-28aa-42bf-9ec2-444031eabf3d,community_06,Ahmed,Tanko,female,1982-10-02,53665059166.0,8067258253,https://www.commcarehq.org/photos/farmer_434.jpg,2,livestock_farming,8,owned,2,dam_reservoir,---,maize rice groundnuts,1.9,6.2,2.2,rabbits,---,30,10.441443 7.5391775 0.0 20.0,yes,122fe482-1d2e-4a5d-bc2a-c93afd0975c8,2026-01-01 00:03:00,2026-01-01,tester_06,2026-01-01 00:03:10,https://www.commcarehq.org/form/4846121b-28aa-42bf-9ec2-444031eabf3d,tester_06,True,43,3.0,10.441443,7.5391775
435,dc8fe2e3-2fed-4822-a978-e8404f866aef,community_03,Rebecca,Musa,male,1976-11-16,,8097278199,https://www.commcarehq.org/photos/farmer_435.jpg,7,mixed_farming,7,owned,2,borehole,---,rice,---,---,1.2,goats,3,---,10.421684 7.442632 0.0 20.0,yes,591b9381-61e2-4ac3-a65f-73ba2b93f91e,2026-04-30 00:06:00,2026-04-30,tester_03,2026-04-30 00:06:19,https://www.commcarehq.org/form/dc8fe2e3-2fed-4822-a978-e8404f866aef,tester_03,True,49,6.0,10.421684,7.442632
436,50f199e9-e4a0-41dc-ac66-aaa8ed3e4d27,community_03,John,Ogunleye,female,1980-08-05,40857863442.0,8063087972,https://www.commcarehq.org/photos/farmer_436.jpg,5,crop_farming,3,family_land,3,rain-fed,---,groundnuts rice,2.7,---,2.5,rabbits,---,11,10.4571647 7.266992 0.0 20.0,yes,ad32c356-b9a6-4119-a81b-44b7802ee731,2026-05-31 00:07:00,2026-05-31,tester_03,2026-05-31 00:07:16,https://www.commcarehq.org/form/50f199e9-e4a0-41dc-ac66-aaa8ed3e4d27,tester_03,True,46,7.0,10.4571647,7.266992
437,2fbd9ed3-c76b-438a-9d16-f2e93705e3de,community_05,Fatima,Ahmed,male,1988-04-03,39305632034.0,8095906461,https://www.commcarehq.org/photos/farmer_437.jpg,1,crop_farming,6,owned,3,dam_reservoir,---,maize groundnuts,0.6,4.1,---,rabbits,---,9,10.3530328 7.2418022 0.0 20.0,yes,801d53bc-d5d2-4ee0-a33d-4178bd6fe2c0,2026-01-11 00:02:00,2026-01-11,tester_05,2026-01-11 00:02:06,https://www.commcarehq.org/form/2fbd9ed3-c76b-438a-9d16-f2e93705e3de,tester_05,True,38,2.0,10.3530328,7.2418022
438,ece5cbc4-e126-46b5-a4d6-96f7cb4f6c6e,community_03,Suleiman,Johnson,female,1952-03-14,38903759526.0,8005435648,https://www.commcarehq.org/photos/farmer_438.jpg,5,mixed_farming,19,owned,1,borehole,---,maize groundnuts rice,2.6,4.0,1.6,goats,21,---,10.251523 7.5359966 0.0 20.0,yes,79fc7ac4-1fbe-4366-a390-1a29f75fbd35,2026-06-29 00:08:00,2026-06-29,tester_03,2026-06-29 00:08:16,https://www.commcarehq.org/form/ece5cbc4-e126-46b5-a4d6-96f7cb4f6c6e,tester_03,True,74,8.0,10.251523,7.5359966
439,ec9e6546-e9f0-4417-9ba6-77b7ef39ff79,community_07,Daniel,Balogun,male,1976-03-26,,8053758724,https://www.commcarehq.org/photos/farmer_439.jpg,4,crop_farming,21,owned,2,irrigation_scheme,---,groundnuts,1.1,---,---,goats,25,---,10.2102582 7.59604 0.0 20.0,yes,00349811-9ac5-43b6-affa-48ce9dcc00fc,2026-04-19 00:02:00,2026-04-19,tester_07,2026-04-19 00:02:16,https://www.commcarehq.org/form/ec9e6546-e9f0-4417-9ba6-77b7ef39ff79,tester_07,True,50,2.0,10.2102582,7.59604
440,45671fa6-5ac6-417a-a65e-bac89aa7699f,community_04,Ruth,Garba,male,1993-09-06,66201251633.0,8045418591,https://www.commcarehq.org/photos/farmer_440.jpg,5,mixed_farming,11,family_land,1,borehole,---,groundnuts rice,0.6,---,0.6,goats,14,---,10.4257713 7.507365 0.0 20.0,yes,8599c5dc-6e6d-413c-83f1-31849bc77929,2026-04-19 00:08:00,2026-04-19,tester_04,2026-04-19 00:08:14,https://www.commcarehq.org/form/45671fa6-5ac6-417a-a65e-bac89aa7699f,tester_04,True,32,8.0,10.4257713,7.507365
441,4909bc2a-b2ef-47de-92bc-7ce9ccd5a182,community_04,Daniel,Ali,female,1971-01-06,35097664218.0,8092818400,https://www.commcarehq.org/photos/farmer_441.jpg,3,mixed_farming,3,owned,3,rain-fed,---,maize,---,2.9,---,rabbits,---,12,10.3695221 7.2170494 0.0 20.0,no,056fe9c9-59b9-4ef8-b039-3ac6a03e6749,2026-01-25 00:08:00,2026-01-25,tester_04,2026-01-25 00:08:16,https://www.commcarehq.org/form/4909bc2a-b2ef-47de-92bc-7ce9ccd5a182,tester_04,True,55,8.0,10.3695221,7.2170494
442,01f801d0-7398-4915-873d-6a18cf47b3b7,community_03,Sarah,Okafor,male,1970-07-20,36132449292.0,8054107398,https://www.commcarehq.org/photos/farmer_442.jpg,5,crop_farming,20,owned,6,rain-fed,---,rice,---,---,2.0,goats,18,---,10.3787279 7.4813631 0.0 20.0,yes,8178977f-be7f-44ec-bb19-78064b593f62,2026-05-08 00:02:00,2026-05-08,tester_03,2026-05-08 00:02:11,https://www.commcarehq.org/form/01f801d0-7398-4915-873d-6a18cf47b3b7,tester_03,True,56,2.0,10.3787279,7.4813631
443,20090487-3ac7-4221-9ab6-0d34f17e2b06,community_01,Amina,Johnson,male,1982-09-05,67525177348.0,8080558640,https://www.commcarehq.org/photos/farmer_443.jpg,5,crop_farming,11,family_land,1,borehole,---,maize,---,4.0,---,rabbits,---,18,10.2149403 7.4996091 0.0 20.0,yes,f2fbf9d5-acd0-4ed5-8a73-e94bd0697b74,2026-03-02 00:06:00,2026-03-02,tester_01,2026-03-02 00:06:07,https://www.commcarehq.org/form/20090487-3ac7-4221-9ab6-0d34f17e2b06,tester_01,True,43,6.0,10.2149403,7.4996091
444,a3d148e0-c0ff-4781-80b5-3bee837ae562,community_06,Blessing,Lawal,female,1981-09-22,53232190878.0,8070658288,https://www.commcarehq.org/photos/farmer_444.jpg,6,crop_farming,8,family_land,1,rain-fed,---,maize,---,2.8,---,---,---,---,10.3643549 7.3528016 0.0 20.0,yes,5ffbdffe-a304-4c9c-87c4-9d6d2659fcd2,2026-02-25 00:05:00,2026-02-25,tester_06,2026-02-25 00:05:14,https://www.commcarehq.org/form/a3d148e0-c0ff-4781-80b5-3bee837ae562,tester_06,True,44,5.0,10.3643549,7.3528016
445,ffdd687c-0a42-44a8-b449-d0736b58e030,community_07,Ruth,Ibrahim,female,1994-01-25,94142597191.0,8025168082,https://www.commcarehq.org/photos/farmer_445.jpg,6,crop_farming,4,owned,3,irrigation_scheme,---,groundnuts,0.7,---,---,goats,7,---,10.4637055 7.4523299 0.0 20.0,yes,e33775bc-a416-4241-9b14-557bdbc36e30,2026-03-08 00:02:00,2026-03-08,tester_07,2026-03-08 00:02:07,https://www.commcarehq.org/form/ffdd687c-0a42-44a8-b449-d0736b58e030,tester_07,True,32,2.0,10.4637055,7.4523299
446,b3ee37b8-e0c1-4e34-8490-cccb30248110,community_02,Ahmed,Ogunleye,female,1976-10-28,,8074119975,https://www.commcarehq.org/photos/farmer_446.jpg,8,mixed_farming,2,family_land,1,irrigation_scheme,---,maize groundnuts,0.9,1.2,---,---,---,---,10.4087785 7.4949782 0.0 20.0,yes,5311402e-4750-408c-bc29-47daaf5b7b8b,2026-04-23 00:06:00,2026-04-23,tester_02,2026-04-23 00:06:16,https://www.commcarehq.org/form/b3ee37b8-e0c1-4e34-8490-cccb30248110,tester_02,True,49,6.0,10.4087785,7.4949782
447,a1974662-6ea2-4a74-a353-a4e4ab439eab,community_03,Amina,Sani,male,1971-10-12,54986808749.0,8040883050,https://www.commcarehq.org/photos/farmer_447.jpg,8,mixed_farming,32,family_land,3,rain-fed,---,maize groundnuts rice,2.3,2.9,3.8,---,---,---,10.4658334 7.2200102 0.0 20.0,yes,c19bad15-9f85-42aa-84cc-5d33b7f3e886,2026-04-01 00:03:00,2026-04-01,tester_03,2026-04-01 00:03:08,https://www.commcarehq.org/form/a1974662-6ea2-4a74-a353-a4e4ab439eab,tester_03,True,54,3.0,10.4658334,7.2200102
448,9c2db614-3209-4ea2-8593-70cf63850696,community_02,Paul,Bello,female,1990-12-04,86878140707.0,8061286533,https://www.commcarehq.org/photos/farmer_448.jpg,3,mixed_farming,13,owned,6,irrigation_scheme,---,rice maize groundnuts,1.5,2.0,1.4,rabbits,---,30,10.4046802 7.2606758 0.0 20.0,yes,67b4880b-9824-450c-ac1a-4e138657b5fc,2026-02-09 00:06:00,2026-02-09,tester_02,2026-02-09 00:06:15,https://www.commcarehq.org/form/9c2db614-3209-4ea2-8593-70cf63850696,tester_02,True,35,6.0,10.4046802,7.2606758
449,a094e3c3-8023-4e31-b14d-35570077533e,community_01,Sarah,Isa,female,1992-08-21,85344977713.0,8015572555,https://www.commcarehq.org/photos/farmer_449.jpg,2,crop_farming,16,owned,3,rain-fed,---,groundnuts rice,0.7,---,0.8,rabbits,---,17,10.3430988 7.5021964 0.0 20.0,yes,7decea21-ae94-4a02-b38b-168e3b2d2457,2026-02-11 00:08:00,2026-02-11,tester_01,2026-02-11 00:08:11,https://www.commcarehq.org/form/a094e3c3-8023-4e31-b14d-35570077533e,tester_01,True,33,8.0,10.3430988,7.5021964
450,fa108e6e-0200-4560-b47b-9a22d4e64c03,community_05,Mary,Garba,male,1976-01-21,15362805151.0,8093547793,https://www.commcarehq.org/photos/farmer_450.jpg,5,crop_farming,7,owned,4,borehole,---,groundnuts maize,1.5,0.9,---,---,---,---,10.5646216 7.4990087 0.0 20.0,yes,4f4ac3da-28c6-45f4-bea3-185e78d069a5,2026-02-02 00:07:00,2026-02-02,tester_05,2026-02-02 00:07:13,https://www.commcarehq.org/form/fa108e6e-0200-4560-b47b-9a22d4e64c03,tester_05,True,50,7.0,10.5646216,7.4990087
451,902f88c1-4452-403d-93a2-6f280765252e,community_04,Blessing,Lawal,male,2000-07-06,,8045002597,https://www.commcarehq.org/photos/farmer_451.jpg,5,mixed_farming,5,owned,3,rain-fed,---,rice,---,---,3.9,goats,21,---,10.3246463 7.4026893 0.0 20.0,yes,886bdf85-b68c-45dc-aebc-d55b0d4fc18e,2026-06-26 00:08:00,2026-06-26,tester_04,2026-06-26 00:08:07,https://www.commcarehq.org/form/902f88c1-4452-403d-93a2-6f280765252e,tester_04,True,26,8.0,10.3246463,7.4026893
452,a190f58b-7a1d-4f4e-9ffc-790ba21fdb59,community_02,Blessing,Mohammed,female,1976-05-18,15070558596.0,8087929801,https://www.commcarehq.org/photos/farmer_452.jpg,1,mixed_farming,26,owned,2,other,Spring Water,groundnuts,1.8,---,---,goats,13,---,10.3515932 7.2030713 0.0 20.0,yes,105da0a3-800f-4e42-b973-d651504c737a,2026-06-17 00:07:00,2026-06-17,tester_02,2026-06-17 00:07:14,https://www.commcarehq.org/form/a190f58b-7a1d-4f4e-9ffc-790ba21fdb59,tester_02,True,50,7.0,10.3515932,7.2030713
453,fea8737c-41d6-4555-98f9-5fe4d6b3ae6b,community_06,Musa,Yakubu,female,1996-02-09,,8096298644,https://www.commcarehq.org/photos/farmer_453.jpg,5,crop_farming,5,owned,2,rain-fed,---,groundnuts maize rice,2.4,6.3,1.2,---,---,---,10.3700606 7.2970067 0.0 20.0,yes,ba6426bb-25c1-4644-a100-34dff07a3f5d,2026-03-08 00:08:00,2026-03-08,tester_06,2026-03-08 00:08:17,https://www.commcarehq.org/form/fea8737c-41d6-4555-98f9-5fe4d6b3ae6b,tester_06,True,30,8.0,10.3700606,7.2970067
454,d22adb6e-207c-4964-9fda-0f7d884b49c2,community_06,Paul,Peter,female,1990-01-19,,8003362066,https://www.commcarehq.org/photos/farmer_454.jpg,4,crop_farming,6,leased,2,irrigation_scheme,---,rice maize groundnuts,1.5,5.1,2.6,goats rabbits,5,19,10.4836564 7.2399659 0.0 20.0,yes,5db9f9ea-2c1c-4184-a70d-6b78e0571a5a,2026-05-09 00:08:00,2026-05-09,tester_06,2026-05-09 00:08:13,https://www.commcarehq.org/form/d22adb6e-207c-4964-9fda-0f7d884b49c2,tester_06,True,36,8.0,10.4836564,7.2399659
455,066de50d-85b4-4020-9fe7-25c6d4ea4784,community_04,Esther,Ojo,male,2000-06-30,81248396098.0,8094451058,https://www.commcarehq.org/photos/farmer_455.jpg,5,crop_farming,5,owned,3,rain-fed,---,rice,---,---,3.3,goats rabbits,25,12,10.2213885 7.4115048 0.0 20.0,yes,6d5db3bc-f391-46b2-895d-63f962c9d401,2026-05-03 00:04:00,2026-05-03,tester_04,2026-05-03 00:04:12,https://www.commcarehq.org/form/066de50d-85b4-4020-9fe7-25c6d4ea4784,tester_04,True,26,4.0,10.2213885,7.4115048
456,016551bf-47a2-4dd4-81b0-d6dc369d1ebb,community_03,Yusuf,Okafor,female,1968-06-21,99416928372.0,8019911662,https://www.commcarehq.org/photos/farmer_456.jpg,5,mixed_farming,18,owned,3,rain-fed,---,maize rice groundnuts,1.3,1.4,1.2,rabbits,---,14,10.2616655 7.4851701 0.0 20.0,yes,e4ccd126-ba41-4044-92ce-16c18649b768,2026-05-18 00:06:00,2026-05-18,tester_03,2026-05-18 00:06:20,https://www.commcarehq.org/form/016551bf-47a2-4dd4-81b0-d6dc369d1ebb,tester_03,True,58,6.0,10.2616655,7.4851701
457,83c9380d-db1d-471b-979e-730431ff0474,community_05,Hauwa,Balogun,female,2000-12-16,,8022674085,https://www.commcarehq.org/photos/farmer_457.jpg,6,livestock_farming,6,family_land,3,river_stream,---,rice,---,---,3.2,---,---,---,10.301972 7.4859033 0.0 20.0,yes,f3a407b3-bf2e-4b54-9c4c-0f0e4f250250,2026-04-09 00:06:00,2026-04-09,tester_05,2026-04-09 00:06:12,https://www.commcarehq.org/form/83c9380d-db1d-471b-979e-730431ff0474,tester_05,True,25,6.0,10.301972,7.4859033
458,dc9950f6-9eda-4c12-afde-13e2fcca0136,community_02,Mercy,Yakubu,female,1993-01-21,,8080887757,https://www.commcarehq.org/photos/farmer_458.jpg,6,mixed_farming,2,family_land,2,rain-fed,---,rice maize,---,2.1,2.0,---,---,---,10.4140321 7.3446527 0.0 20.0,yes,7e9e9a96-8ffe-4dc9-a40b-81cff5208e7b,2026-06-04 00:06:00,2026-06-04,tester_02,2026-06-04 00:06:11,https://www.commcarehq.org/form/dc9950f6-9eda-4c12-afde-13e2fcca0136,tester_02,True,33,6.0,10.4140321,7.3446527
459,e382110d-ff2c-423d-8660-408448bb28df,community_03,Paul,Sani,male,1981-03-11,27709579721.0,8059525365,https://www.commcarehq.org/photos/farmer_459.jpg,7,livestock_farming,25,family_land,1,other,Community Well,rice groundnuts maize,0.8,5.5,2.9,goats rabbits,9,7,10.5447392 7.5945983 0.0 20.0,yes,2a2ace69-6993-4e53-9fed-a9ab3207c18d,2026-04-08 00:07:00,2026-04-08,tester_03,2026-04-08 00:07:13,https://www.commcarehq.org/form/e382110d-ff2c-423d-8660-408448bb28df,tester_03,True,45,7.0,10.5447392,7.5945983
460,fabd5d43-1570-4235-bc5f-531d98d02c82,community_01,Sarah,Michael,male,1982-09-12,42304439574.0,8027116509,https://www.commcarehq.org/photos/farmer_460.jpg,4,livestock_farming,17,leased,1,rain-fed,---,groundnuts,0.9,---,---,goats rabbits,5,16,10.2702917 7.200845 0.0 20.0,yes,e772e576-d793-4185-b700-56c02e07e659,2026-05-14 00:05:00,2026-05-14,tester_01,2026-05-14 00:05:19,https://www.commcarehq.org/form/fabd5d43-1570-4235-bc5f-531d98d02c82,tester_01,True,43,5.0,10.2702917,7.200845
461,342dcaf5-72bb-48f9-a653-008193cc249f,community_03,Mary,Musa,female,1976-08-04,,8096715813,https://www.commcarehq.org/photos/farmer_461.jpg,3,crop_farming,19,leased,3,dam_reservoir,---,rice groundnuts maize,1.2,5.2,3.2,rabbits,---,22,10.323732 7.5465418 0.0 20.0,yes,5696aabb-a2ea-44bf-8f51-9449780b8368,2026-06-23 00:08:00,2026-06-23,tester_03,2026-06-23 00:08:08,https://www.commcarehq.org/form/342dcaf5-72bb-48f9-a653-008193cc249f,tester_03,True,50,8.0,10.323732,7.5465418
462,68bfae9d-9c99-4ac3-959c-ac02e10b1442,community_01,John,Balogun,female,2002-04-05,90497112402.0,8038390483,https://www.commcarehq.org/photos/farmer_462.jpg,1,crop_farming,3,owned,1,borehole,---,maize,---,0.5,---,goats rabbits,12,39,10.3075458 7.4474455 0.0 20.0,yes,669b945c-3e76-412d-be8a-f747a999c1f7,2026-06-07 00:02:00,2026-06-07,tester_01,2026-06-07 00:02:16,https://www.commcarehq.org/form/68bfae9d-9c99-4ac3-959c-ac02e10b1442,tester_01,True,24,2.0,10.3075458,7.4474455
463,c5cb0231-b59f-43d5-ae34-c8685d18b16d,community_06,Emmanuel,Daniel,male,1981-10-02,89746668055.0,8061675555,https://www.commcarehq.org/photos/farmer_463.jpg,8,livestock_farming,22,family_land,4,rain-fed,---,maize groundnuts rice,1.6,1.0,2.1,goats,24,---,10.2506017 7.5773072 0.0 20.0,yes,3806d335-021b-4d79-b6d7-4a5c42dc29f6,2026-06-29 00:08:00,2026-06-29,tester_06,2026-06-29 00:08:16,https://www.commcarehq.org/form/c5cb0231-b59f-43d5-ae34-c8685d18b16d,tester_06,True,44,8.0,10.2506017,7.5773072
464,e9ab537a-cc9c-44da-a99a-385e81b50b2e,community_03,Binta,Yakubu,female,1974-01-01,22789458540.0,8050983104,https://www.commcarehq.org/photos/farmer_464.jpg,5,crop_farming,32,owned,6,rain-fed,---,maize groundnuts,2.5,1.1,---,---,---,---,10.4205703 7.3121324 0.0 20.0,yes,d88fe3f2-e78b-4fb1-a18e-8e73b556aaa1,2026-06-01 00:05:00,2026-06-01,tester_03,2026-06-01 00:05:09,https://www.commcarehq.org/form/e9ab537a-cc9c-44da-a99a-385e81b50b2e,tester_03,True,52,5.0,10.4205703,7.3121324
465,0034d17d-e6e5-4b01-9197-d11d80fe60f3,community_03,Rebecca,Isa,male,1955-10-30,16224606339.0,8088927218,https://www.commcarehq.org/photos/farmer_465.jpg,5,mixed_farming,3,owned,6,rain-fed,---,maize groundnuts,2.3,0.6,---,rabbits,---,27,10.2878229 7.4816507 0.0 20.0,yes,d1f5ab65-7417-4c61-9862-9fdf6a902e36,2026-03-12 00:02:00,2026-03-12,tester_03,2026-03-12 00:02:19,https://www.commcarehq.org/form/0034d17d-e6e5-4b01-9197-d11d80fe60f3,tester_03,True,70,2.0,10.2878229,7.4816507
466,fa829f79-73b5-48fc-bbbf-03930937e081,community_01,Joy,Peter,male,1973-10-30,94009517385.0,8037700598,https://www.commcarehq.org/photos/farmer_466.jpg,4,crop_farming,6,owned,6,irrigation_scheme,---,groundnuts maize,0.7,5.2,---,---,---,---,10.5012232 7.2236007 0.0 20.0,yes,e8ce0ad4-6062-4a2b-8320-df437191377a,2026-04-06 00:02:00,2026-04-06,tester_01,2026-04-06 00:02:10,https://www.commcarehq.org/form/fa829f79-73b5-48fc-bbbf-03930937e081,tester_01,True,52,2.0,10.5012232,7.2236007
467,f7fb4d7a-3f95-4fb1-a005-75ab1d37d753,community_06,Naomi,Abdullahi,male,1975-02-03,18075019327.0,8072870510,https://www.commcarehq.org/photos/farmer_467.jpg,3,mixed_farming,1,leased,2,river_stream,---,groundnuts maize rice,2.2,1.9,2.8,---,---,---,10.3652817 7.4221332 0.0 20.0,yes,abc37b8c-c6f4-428e-af44-da8a5dd21285,2026-04-16 00:04:00,2026-04-16,tester_06,2026-04-16 00:04:09,https://www.commcarehq.org/form/f7fb4d7a-3f95-4fb1-a005-75ab1d37d753,tester_06,True,51,4.0,10.3652817,7.4221332
468,a293cd67-6474-457e-b102-bd238721b91e,community_04,James,Ibrahim,female,1994-08-24,,8051488097,https://www.commcarehq.org/photos/farmer_468.jpg,11,mixed_farming,11,family_land,1,rain-fed,---,groundnuts maize,1.6,3.6,---,---,---,---,10.5485428 7.2605536 0.0 20.0,yes,188fd638-2211-498d-8147-04c8f359250f,2026-04-14 00:08:00,2026-04-14,tester_04,2026-04-14 00:08:13,https://www.commcarehq.org/form/a293cd67-6474-457e-b102-bd238721b91e,tester_04,True,31,8.0,10.5485428,7.2605536
469,e6c2bf7c-a023-47e1-9e74-b62fc993cc42,community_07,David,Musa,female,1986-10-04,81047099986.0,8013183999,https://www.commcarehq.org/photos/farmer_469.jpg,5,crop_farming,11,owned,2,borehole,---,maize rice,---,4.2,1.7,goats rabbits,14,38,10.2731089 7.5298608 0.0 20.0,yes,69bf6f6a-a761-48b0-9061-f35528ffea7f,2026-05-19 00:04:00,2026-05-19,tester_07,2026-05-19 00:04:15,https://www.commcarehq.org/form/e6c2bf7c-a023-47e1-9e74-b62fc993cc42,tester_07,True,39,4.0,10.2731089,7.5298608
470,f9c63c01-6123-4105-a4bc-3e7b35f3c589,community_01,Ruth,Ojo,female,1967-05-25,,8000179090,https://www.commcarehq.org/photos/farmer_470.jpg,5,crop_farming,25,owned,6,rain-fed,---,rice maize groundnuts,1.3,6.0,1.4,---,---,---,10.5992844 7.5571875 0.0 20.0,yes,13d5e23d-5846-416b-bb61-a7c4256bf631,2026-02-16 00:05:00,2026-02-16,tester_01,2026-02-16 00:05:15,https://www.commcarehq.org/form/f9c63c01-6123-4105-a4bc-3e7b35f3c589,tester_01,True,59,5.0,10.5992844,7.5571875
471,1f3bfc07-7448-4de9-8f22-45de4a591511,community_06,Naomi,Okafor,male,1966-04-27,,8076033899,https://www.commcarehq.org/photos/farmer_471.jpg,5,mixed_farming,17,owned,3,rain-fed,---,maize,---,1.1,---,goats,8,---,10.3854782 7.4202978 0.0 20.0,yes,4999f204-9657-492b-a6ba-0e6f9ba0e99e,2026-06-01 00:07:00,2026-06-01,tester_06,2026-06-01 00:07:16,https://www.commcarehq.org/form/1f3bfc07-7448-4de9-8f22-45de4a591511,tester_06,True,60,7.0,10.3854782,7.4202978
472,3f90bdd7-0417-42c4-9b3b-2db792fc9eba,community_05,Elizabeth,Garba,female,1976-07-09,,8026237281,https://www.commcarehq.org/photos/farmer_472.jpg,5,livestock_farming,28,owned,3,borehole,---,groundnuts,1.9,---,---,---,---,---,10.5821647 7.5961943 0.0 20.0,yes,948eac7d-b451-44cf-845c-1e4756f824b7,2026-06-07 00:06:00,2026-06-07,tester_05,2026-06-07 00:06:10,https://www.commcarehq.org/form/3f90bdd7-0417-42c4-9b3b-2db792fc9eba,tester_05,True,50,6.0,10.5821647,7.5961943
473,b69f8249-a4c1-4770-a80d-6fd5fdbc9e84,community_07,Daniel,Samuel,female,1990-07-24,14924214050.0,8030095563,https://www.commcarehq.org/photos/farmer_473.jpg,6,mixed_farming,3,owned,3,rain-fed,---,groundnuts maize rice,2.2,1.3,3.6,goats,8,---,10.3155904 7.4324213 0.0 20.0,yes,b01a0d96-cceb-43bf-a118-ed612089ab47,2026-04-06 00:08:00,2026-04-06,tester_07,2026-04-06 00:08:12,https://www.commcarehq.org/form/b69f8249-a4c1-4770-a80d-6fd5fdbc9e84,tester_07,True,36,8.0,10.3155904,7.4324213
474,cdc6d5e6-628f-46a6-b803-d8e20d488eb9,community_01,Joseph,Ibrahim,male,1974-01-24,32410994216.0,8068023281,https://www.commcarehq.org/photos/farmer_474.jpg,3,mixed_farming,12,family_land,3,rain-fed,---,maize,---,2.5,---,goats,2,---,10.2127793 7.2159335 0.0 20.0,yes,82817afc-ecbd-43ad-aa19-871723c75f63,2026-04-18 00:08:00,2026-04-18,tester_01,2026-04-18 00:08:06,https://www.commcarehq.org/form/cdc6d5e6-628f-46a6-b803-d8e20d488eb9,tester_01,True,52,8.0,10.2127793,7.2159335
475,a96ce97f-4e25-4148-97a2-ada2ea8ff489,community_03,Amina,Ojo,female,1979-10-25,27239760325.0,8081347608,https://www.commcarehq.org/photos/farmer_475.jpg,5,crop_farming,25,leased,3,other,Community Well,rice groundnuts,0.7,---,2.6,---,---,---,10.2669948 7.2185705 0.0 20.0,yes,cea91cbf-563b-4da4-8751-e11faad70e22,2026-03-03 00:05:00,2026-03-03,tester_03,2026-03-03 00:05:10,https://www.commcarehq.org/form/a96ce97f-4e25-4148-97a2-ada2ea8ff489,tester_03,True,46,5.0,10.2669948,7.2185705
476,a4be5cb5-6f0f-4a83-97cd-cdcfba1b0ac1,community_06,Naomi,Ogunleye,male,1988-04-06,29738972795.0,8004031751,https://www.commcarehq.org/photos/farmer_476.jpg,6,mixed_farming,20,family_land,6,borehole,---,rice maize groundnuts,2.2,3.9,2.0,---,---,---,10.2845744 7.3485714 0.0 20.0,yes,8ba5dc02-a5a8-4ae9-be2c-1663cd0d6db3,2026-01-21 00:07:00,2026-01-21,tester_06,2026-01-21 00:07:15,https://www.commcarehq.org/form/a4be5cb5-6f0f-4a83-97cd-cdcfba1b0ac1,tester_06,True,38,7.0,10.2845744,7.3485714
477,cd32a53b-2e79-4058-a540-4e4b33b033f3,community_04,Samuel,Ogunleye,female,1997-05-21,16514451913.0,8077794768,https://www.commcarehq.org/photos/farmer_477.jpg,3,livestock_farming,9,leased,2,river_stream,---,maize rice,---,5.7,2.8,rabbits,---,32,10.2650054 7.2215897 0.0 20.0,yes,7f8641fb-eb9d-42e9-81d9-e3ce62e5c259,2026-06-07 00:04:00,2026-06-07,tester_04,2026-06-07 00:04:09,https://www.commcarehq.org/form/cd32a53b-2e79-4058-a540-4e4b33b033f3,tester_04,True,29,4.0,10.2650054,7.2215897
478,fea5ba2e-dbc3-4216-8728-a15656dc9047,community_05,Joy,Garba,male,1965-03-09,75621708428.0,8096798709,https://www.commcarehq.org/photos/farmer_478.jpg,5,mixed_farming,9,family_land,4,rain-fed,---,maize,---,6.1,---,---,---,---,10.2524802 7.4867758 0.0 20.0,yes,3ef45f93-b196-400e-af74-844bdcd17c96,2026-02-02 00:07:00,2026-02-02,tester_05,2026-02-02 00:07:08,https://www.commcarehq.org/form/fea5ba2e-dbc3-4216-8728-a15656dc9047,tester_05,True,61,7.0,10.2524802,7.4867758
479,388b6caa-b984-4a87-bf7c-f469fede3274,community_02,Yusuf,Daniel,male,1973-10-30,66036587907.0,8021683728,https://www.commcarehq.org/photos/farmer_479.jpg,6,mixed_farming,35,owned,1,borehole,---,groundnuts maize rice,1.7,2.8,2.6,rabbits,---,35,10.2872679 7.577645 0.0 20.0,yes,16660ec7-8b76-4a3c-a6b7-c38ffb904e79,2026-03-05 00:08:00,2026-03-05,tester_02,2026-03-05 00:08:13,https://www.commcarehq.org/form/388b6caa-b984-4a87-bf7c-f469fede3274,tester_02,True,52,8.0,10.2872679,7.577645
480,bff10fae-2a0d-4f8a-b931-b1aaf09cfa6d,community_01,Joseph,David,male,1983-05-13,78779572368.0,8004894939,https://www.commcarehq.org/photos/farmer_480.jpg,3,livestock_farming,3,owned,2,rain-fed,---,maize rice groundnuts,2.1,3.1,2.0,---,---,---,10.4418637 7.2754258 0.0 20.0,yes,ed9a7082-32c4-49b9-8c52-5fea3e325804,2026-04-17 00:04:00,2026-04-17,tester_01,2026-04-17 00:04:05,https://www.commcarehq.org/form/bff10fae-2a0d-4f8a-b931-b1aaf09cfa6d,tester_01,True,43,4.0,10.4418637,7.2754258
481,a86af0de-55c9-481d-a3c7-d6556b8cab50,community_02,Hauwa,David,male,1993-12-24,19094469340.0,8021241836,https://www.commcarehq.org/photos/farmer_481.jpg,8,crop_farming,9,leased,3,rain-fed,---,maize groundnuts rice,0.9,1.9,1.6,rabbits,---,40,10.4283575 7.3521065 0.0 20.0,yes,0942fb79-0d49-4cf7-8bbd-ab5b1fc75b06,2026-05-24 00:04:00,2026-05-24,tester_02,2026-05-24 00:04:12,https://www.commcarehq.org/form/a86af0de-55c9-481d-a3c7-d6556b8cab50,tester_02,True,32,4.0,10.4283575,7.3521065
482,e8ab39dc-9cd2-4d0b-a21b-c1d4f12a72a1,community_07,Suleiman,Ahmed,female,1961-01-11,,8032299060,https://www.commcarehq.org/photos/farmer_482.jpg,8,mixed_farming,26,owned,3,river_stream,---,maize rice groundnuts,1.3,3.2,2.6,---,---,---,10.3073005 7.5088355 0.0 20.0,yes,188d685a-98ff-4763-bb4d-231700ca4cfe,2026-06-12 00:04:00,2026-06-12,tester_07,2026-06-12 00:04:11,https://www.commcarehq.org/form/e8ab39dc-9cd2-4d0b-a21b-c1d4f12a72a1,tester_07,True,65,4.0,10.3073005,7.5088355
483,81d98632-cb79-4854-b475-01931afc6faa,community_03,Peter,Usman,male,1981-12-23,94731687993.0,8073849112,https://www.commcarehq.org/photos/farmer_483.jpg,3,mixed_farming,27,leased,2,river_stream,---,maize,---,4.1,---,goats,13,---,10.35883 7.5376958 0.0 20.0,yes,789bc76b-64ea-426f-9b91-372552dfba5b,2026-03-03 00:02:00,2026-03-03,tester_03,2026-03-03 00:02:19,https://www.commcarehq.org/form/81d98632-cb79-4854-b475-01931afc6faa,tester_03,True,44,2.0,10.35883,7.5376958
484,8b48cc6f-7916-43f1-b3a1-736e3460b7a6,community_06,James,Peter,male,1967-05-17,24537630933.0,8092996528,https://www.commcarehq.org/photos/farmer_484.jpg,6,crop_farming,20,owned,1,rain-fed,---,maize groundnuts rice,2.9,4.6,0.6,---,---,---,10.2487928 7.5760587 0.0 20.0,yes,5b31eb88-b70f-4ed3-859d-09c6f4354d4a,2026-02-12 00:03:00,2026-02-12,tester_06,2026-02-12 00:03:08,https://www.commcarehq.org/form/8b48cc6f-7916-43f1-b3a1-736e3460b7a6,tester_06,True,59,3.0,10.2487928,7.5760587
485,09e1fb71-8424-4931-a131-1d9a5dab5090,community_01,Suleiman,Sani,male,1958-02-06,35324248881.0,8049728660,https://www.commcarehq.org/photos/farmer_485.jpg,6,livestock_farming,44,owned,3,rain-fed,---,groundnuts rice maize,1.7,1.3,2.0,---,---,---,10.2779917 7.2013621 0.0 20.0,yes,c34861bb-702f-4fe9-9ac4-a5e36d649789,2026-01-16 00:07:00,2026-01-16,tester_01,2026-01-16 00:07:06,https://www.commcarehq.org/form/09e1fb71-8424-4931-a131-1d9a5dab5090,tester_01,True,68,7.0,10.2779917,7.2013621
486,9932fc4c-75ec-4e90-8fca-b66ddd36917c,community_07,Binta,Ogunleye,male,2000-10-06,54528020380.0,8066001811,https://www.commcarehq.org/photos/farmer_486.jpg,5,mixed_farming,4,owned,1,rain-fed,---,rice groundnuts maize,2.4,3.7,2.7,goats,7,---,10.2793838 7.2792462 0.0 20.0,yes,5208cb7e-4932-42b7-9839-8e9ca990dc84,2026-03-31 00:07:00,2026-03-31,tester_07,2026-03-31 00:07:09,https://www.commcarehq.org/form/9932fc4c-75ec-4e90-8fca-b66ddd36917c,tester_07,True,25,7.0,10.2793838,7.2792462
487,b5514122-a269-4082-9495-2046cbcaebea,community_04,Joseph,Isa,female,1998-04-04,58301765921.0,8013688691,https://www.commcarehq.org/photos/farmer_487.jpg,4,crop_farming,10,owned,3,rain-fed,---,maize rice,---,4.6,3.4,---,---,---,10.3416155 7.2516811 0.0 20.0,yes,e3c65777-c4a2-405e-a159-a2c71b9c5b81,2026-01-23 00:06:00,2026-01-23,tester_04,2026-01-23 00:06:16,https://www.commcarehq.org/form/b5514122-a269-4082-9495-2046cbcaebea,tester_04,True,28,6.0,10.3416155,7.2516811
488,f82ae906-aaa9-4151-be15-6dd7d71c509e,community_07,Ruth,David,male,2001-06-14,93275507281.0,8049788100,https://www.commcarehq.org/photos/farmer_488.jpg,10,livestock_farming,5,family_land,3,borehole,---,rice maize,---,6.0,3.2,---,---,---,10.3610149 7.2801216 0.0 20.0,yes,e52efae5-61ce-4a1b-86a3-1736a0963a7b,2026-03-09 00:03:00,2026-03-09,tester_07,2026-03-09 00:03:09,https://www.commcarehq.org/form/f82ae906-aaa9-4151-be15-6dd7d71c509e,tester_07,True,25,3.0,10.3610149,7.2801216
489,94ed79e5-47be-4166-8f31-852b71d771be,community_02,John,Ogunleye,female,2005-07-07,25611091312.0,8072939857,https://www.commcarehq.org/photos/farmer_489.jpg,8,crop_farming,3,leased,4,river_stream,---,maize groundnuts rice,2.1,5.9,1.3,---,---,---,10.3915154 7.5194952 0.0 20.0,yes,e664db03-da40-4cce-bdd2-a95a95e9da50,2026-06-15 00:02:00,2026-06-15,tester_02,2026-06-15 00:02:06,https://www.commcarehq.org/form/94ed79e5-47be-4166-8f31-852b71d771be,tester_02,True,21,2.0,10.3915154,7.5194952
490,c0974de4-3947-4ba0-a20f-ab09b24f6667,community_02,Ahmed,Abdullahi,male,2005-07-03,41418782332.0,8089763062,https://www.commcarehq.org/photos/farmer_490.jpg,6,mixed_farming,2,family_land,1,borehole,---,maize rice groundnuts,1.3,2.2,2.2,goats,10,---,10.5197129 7.5747134 0.0 20.0,yes,8d35df49-5802-4888-8f8c-5ef563962431,2026-04-05 00:02:00,2026-04-05,tester_02,2026-04-05 00:02:18,https://www.commcarehq.org/form/c0974de4-3947-4ba0-a20f-ab09b24f6667,tester_02,True,21,2.0,10.5197129,7.5747134
491,faa30085-5618-4a24-adf1-ddeaaeb887d0,community_07,James,Bello,male,1971-01-28,87382026272.0,8090752353,https://www.commcarehq.org/photos/farmer_491.jpg,1,crop_farming,11,owned,1,rain-fed,---,maize groundnuts rice,2.3,1.0,1.6,---,---,---,10.5007591 7.3719986 0.0 20.0,yes,7154c84b-4294-480b-8101-6a7c83a30c59,2026-04-14 00:05:00,2026-04-14,tester_07,2026-04-14 00:05:19,https://www.commcarehq.org/form/faa30085-5618-4a24-adf1-ddeaaeb887d0,tester_07,True,55,5.0,10.5007591,7.3719986
492,b8644c30-920b-4716-9dac-1ecdbeda8f0f,community_03,Blessing,Yakubu,male,2001-10-29,,8027914374,https://www.commcarehq.org/photos/farmer_492.jpg,5,mixed_farming,4,family_land,2,river_stream,---,rice,---,---,2.9,---,---,---,10.323507 7.2461153 0.0 20.0,yes,eb32ca5a-7873-42d2-b50a-c5b2bd2d5fa8,2026-04-08 00:04:00,2026-04-08,tester_03,2026-04-08 00:04:14,https://www.commcarehq.org/form/b8644c30-920b-4716-9dac-1ecdbeda8f0f,tester_03,True,24,4.0,10.323507,7.2461153
493,29d77aae-352e-4bcb-a711-cc545b0cb8d5,community_02,Esther,Adeyemi,female,1981-04-10,14916585311.0,8015303822,https://www.commcarehq.org/photos/farmer_493.jpg,8,crop_farming,23,owned,1,rain-fed,---,maize rice,---,3.8,3.2,---,---,---,10.3791304 7.3800556 0.0 20.0,yes,ad5e549e-5f2c-48bb-91de-ab608e95a710,2026-01-23 00:05:00,2026-01-23,tester_02,2026-01-23 00:05:11,https://www.commcarehq.org/form/29d77aae-352e-4bcb-a711-cc545b0cb8d5,tester_02,True,45,5.0,10.3791304,7.3800556
494,a55be18d-e663-46a1-ab0c-2afeae76276f,community_03,Daniel,Usman,female,2003-06-21,58293745808.0,8032153241,https://www.commcarehq.org/photos/farmer_494.jpg,6,mixed_farming,3,owned,3,rain-fed,---,rice,---,---,1.8,rabbits,---,25,10.3399058 7.2646048 0.0 20.0,yes,bfebc4a1-b2b9-4013-9fb4-16784dfb5a94,2026-04-16 00:07:00,2026-04-16,tester_03,2026-04-16 00:07:11,https://www.commcarehq.org/form/a55be18d-e663-46a1-ab0c-2afeae76276f,tester_03,True,23,7.0,10.3399058,7.2646048
495,32bb2c3a-1a01-4fba-8c7a-ce536609624c,community_03,Peter,Bello,female,1977-08-30,,8087632629,https://www.commcarehq.org/photos/farmer_495.jpg,5,crop_farming,8,owned,2,borehole,---,rice groundnuts,1.5,---,3.7,---,---,---,10.2969832 7.4822749 0.0 20.0,yes,1b204786-516b-4a10-9ac1-8fe4bc6387a8,2026-03-12 00:06:00,2026-03-12,tester_03,2026-03-12 00:06:19,https://www.commcarehq.org/form/32bb2c3a-1a01-4fba-8c7a-ce536609624c,tester_03,True,48,6.0,10.2969832,7.4822749
496,043334a6-15be-468e-b5e1-3f394fa0bdb4,community_02,Blessing,Michael,male,1995-10-13,,8086125517,https://www.commcarehq.org/photos/farmer_496.jpg,8,mixed_farming,9,family_land,3,dam_reservoir,---,groundnuts,0.9,---,---,---,---,---,10.5040995 7.3782172 0.0 20.0,yes,6e3ea913-b623-4425-8dc3-c9fad97df9fa,2026-02-14 00:02:00,2026-02-14,tester_02,2026-02-14 00:02:20,https://www.commcarehq.org/form/043334a6-15be-468e-b5e1-3f394fa0bdb4,tester_02,True,30,2.0,10.5040995,7.3782172
497,b36ac22f-77e9-4021-8fba-69719128964d,community_06,Ruth,Johnson,male,1971-04-08,59017596537.0,8038170035,https://www.commcarehq.org/photos/farmer_497.jpg,10,mixed_farming,2,owned,3,rain-fed,---,groundnuts,2.3,---,---,---,---,---,10.5457277 7.411506 0.0 20.0,yes,84984422-e0bb-45d9-848b-b90593c29670,2026-02-18 00:04:00,2026-02-18,tester_06,2026-02-18 00:04:15,https://www.commcarehq.org/form/b36ac22f-77e9-4021-8fba-69719128964d,tester_06,True,55,4.0,10.5457277,7.411506
498,bcf0b17c-7471-47ac-8672-6d4a3a3d200f,community_05,Joy,Ibrahim,female,1980-06-02,,8069232233,https://www.commcarehq.org/photos/farmer_498.jpg,10,crop_farming,6,owned,6,borehole,---,groundnuts,1.0,---,---,rabbits,---,28,10.2831649 7.2431126 0.0 20.0,yes,a9001559-6926-4f90-8abf-467163c12704,2026-06-19 00:05:00,2026-06-19,tester_05,2026-06-19 00:05:18,https://www.commcarehq.org/form/bcf0b17c-7471-47ac-8672-6d4a3a3d200f,tester_05,True,46,5.0,10.2831649,7.2431126
499,48c09268-019f-4530-bc56-d398c921a550,community_04,Yusuf,Adeyemi,female,1988-06-26,55746234009.0,8078527918,https://www.commcarehq.org/photos/farmer_499.jpg,3,crop_farming,10,owned,4,rain-fed,---,groundnuts rice,1.1,---,3.3,---,---,---,10.2653478 7.5260267 0.0 20.0,yes,24903993-aab8-4151-8c8d-0ed5061459d8,2026-03-13 00:05:00,2026-03-13,tester_04,2026-03-13 00:05:17,https://www.commcarehq.org/form/48c09268-019f-4530-bc56-d398c921a550,tester_04,True,38,5.0,10.2653478,7.5260267
500,3271379f-1b78-4d6e-9cf5-0d600946e2aa,community_02,Samuel,Lawal,male,1974-04-04,92262874450.0,8070035120,https://www.commcarehq.org/photos/farmer_500.jpg,3,crop_farming,5,family_land,1,rain-fed,---,maize groundnuts,1.6,3.1,---,---,---,---,10.3389494 7.5255323 0.0 20.0,yes,01bb8783-1874-4473-a09e-1a40d88c0f32,2026-01-15 00:03:00,2026-01-15,tester_02,2026-01-15 00:03:13,https://www.commcarehq.org/form/3271379f-1b78-4d6e-9cf5-0d600946e2aa,tester_02,True,52,3.0,10.3389494,7.5255323
501,a4529abb-96d2-4aa4-a656-d3d5aea90b29,community_05,John,Musa,male,1958-09-24,33569218238.0,8022791120,https://www.commcarehq.org/photos/farmer_501.jpg,7,livestock_farming,2,owned,4,borehole,---,maize,---,0.8,---,goats,16,---,10.4888849 7.5665167 0.0 20.0,yes,487b5217-4b4f-4d73-b0d9-ad08e08de814,2026-05-20 00:05:00,2026-05-20,tester_05,2026-05-20 00:05:08,https://www.commcarehq.org/form/a4529abb-96d2-4aa4-a656-d3d5aea90b29,tester_05,True,67,5.0,10.4888849,7.5665167
502,99a1ac32-aef7-47e6-82cd-a7357f9f2fa8,community_06,Ruth,Ojo,female,1981-12-13,35178238709.0,8090355916,https://www.commcarehq.org/photos/farmer_502.jpg,1,crop_farming,2,family_land,3,rain-fed,---,rice maize,---,4.8,3.7,rabbits,---,17,10.3941871 7.4508804 0.0 20.0,yes,14df2903-6396-4998-9e2e-bb81b6e566ee,2026-01-20 00:08:00,2026-01-20,tester_06,2026-01-20 00:08:10,https://www.commcarehq.org/form/99a1ac32-aef7-47e6-82cd-a7357f9f2fa8,tester_06,True,44,8.0,10.3941871,7.4508804
503,f5f8d2f2-d3c2-45b8-8087-a65635511294,community_01,Fatima,Bello,female,2000-10-18,60237756037.0,8095870990,https://www.commcarehq.org/photos/farmer_503.jpg,3,mixed_farming,4,owned,6,rain-fed,---,maize groundnuts rice,2.3,5.9,0.9,goats rabbits,7,33,10.5781386 7.4993753 0.0 20.0,yes,fb5e7eea-4b27-43aa-9738-91e0383d8313,2026-05-23 00:05:00,2026-05-23,tester_01,2026-05-23 00:05:10,https://www.commcarehq.org/form/f5f8d2f2-d3c2-45b8-8087-a65635511294,tester_01,True,25,5.0,10.5781386,7.4993753
504,5633fe5f-65d4-47db-b356-a0c2adb3b056,community_01,Daniel,Tanko,male,2002-04-08,47842565441.0,8056811768,https://www.commcarehq.org/photos/farmer_504.jpg,4,crop_farming,1,owned,3,rain-fed,---,groundnuts maize,1.7,5.3,---,goats,13,---,10.3510093 7.4029947 0.0 20.0,yes,fa63c508-5721-4a20-b5aa-753fa4ab6009,2026-06-06 00:08:00,2026-06-06,tester_01,2026-06-06 00:08:15,https://www.commcarehq.org/form/5633fe5f-65d4-47db-b356-a0c2adb3b056,tester_01,True,24,8.0,10.3510093,7.4029947
505,ecce9beb-808d-43bc-bceb-9e80c4ac5ada,community_02,Ahmed,Ali,male,1983-12-21,38595602886.0,8018742443,https://www.commcarehq.org/photos/farmer_505.jpg,4,crop_farming,14,owned,2,rain-fed,---,groundnuts rice maize,1.9,6.1,1.0,goats,4,---,10.5458741 7.5715748 0.0 20.0,yes,c1f12be4-b1a8-4e8b-a8db-e89be4f027bb,2026-01-11 00:03:00,2026-01-11,tester_02,2026-01-11 00:03:15,https://www.commcarehq.org/form/ecce9beb-808d-43bc-bceb-9e80c4ac5ada,tester_02,True,42,3.0,10.5458741,7.5715748
506,76975f24-2276-4e10-8d2a-1d3c1190597d,community_02,Ahmed,Ogunleye,female,1992-11-14,,8086162714,https://www.commcarehq.org/photos/farmer_506.jpg,3,mixed_farming,11,owned,1,rain-fed,---,groundnuts rice maize,1.9,5.6,1.3,rabbits,---,7,10.2707121 7.260736 0.0 20.0,yes,460cf71b-a280-41a4-a1fd-cf66ff7b042b,2026-02-14 00:08:00,2026-02-14,tester_02,2026-02-14 00:08:07,https://www.commcarehq.org/form/76975f24-2276-4e10-8d2a-1d3c1190597d,tester_02,True,33,8.0,10.2707121,7.260736
507,d133f985-92e2-40dc-ad8a-b44b8c944ada,community_03,Musa,Yakubu,female,1970-10-13,84884645534.0,8044481552,https://www.commcarehq.org/photos/farmer_507.jpg,2,mixed_farming,1,owned,6,irrigation_scheme,---,maize rice,---,2.0,1.6,goats,25,---,10.4551224 7.3127076 0.0 20.0,yes,00b1a5f3-303e-4453-a936-71cce2486c4e,2026-03-21 00:08:00,2026-03-21,tester_03,2026-03-21 00:08:08,https://www.commcarehq.org/form/d133f985-92e2-40dc-ad8a-b44b8c944ada,tester_03,True,55,8.0,10.4551224,7.3127076
508,8dd1ba5d-03cd-4f3e-ac9b-732dad02b8f8,community_04,Suleiman,Peter,male,1984-09-02,69829590188.0,8081106012,https://www.commcarehq.org/photos/farmer_508.jpg,4,mixed_farming,17,leased,3,borehole,---,groundnuts,1.7,---,---,rabbits,---,28,10.435251 7.4376246 0.0 20.0,yes,40d3fc2b-2464-49db-8664-28de8c76c90e,2026-05-28 00:07:00,2026-05-28,tester_04,2026-05-28 00:07:08,https://www.commcarehq.org/form/8dd1ba5d-03cd-4f3e-ac9b-732dad02b8f8,tester_04,True,41,7.0,10.435251,7.4376246
509,0861e988-f218-47f4-91cb-94f05a022e57,community_05,Esther,Ogunleye,male,1976-06-14,67689962001.0,8047770311,https://www.commcarehq.org/photos/farmer_509.jpg,5,livestock_farming,1,owned,1,rain-fed,---,rice,---,---,3.6,rabbits,---,24,10.4212603 7.2647355 0.0 20.0,yes,84e0f6ac-7950-4ed5-a54e-f1f30442268d,2026-06-07 00:03:00,2026-06-07,tester_05,2026-06-07 00:03:06,https://www.commcarehq.org/form/0861e988-f218-47f4-91cb-94f05a022e57,tester_05,True,50,3.0,10.4212603,7.2647355
510,5e6f1984-8884-4250-b5a3-1d3fc1aa8413,community_01,Joseph,Sani,female,2000-11-26,,8081588586,https://www.commcarehq.org/photos/farmer_510.jpg,4,livestock_farming,2,owned,6,dam_reservoir,---,groundnuts maize,1.6,2.0,---,---,---,---,10.2434641 7.589259 0.0 20.0,yes,0f0496d9-bc05-42b3-a7b5-9187f32ba924,2026-06-19 00:06:00,2026-06-19,tester_01,2026-06-19 00:06:10,https://www.commcarehq.org/form/5e6f1984-8884-4250-b5a3-1d3fc1aa8413,tester_01,True,25,6.0,10.2434641,7.589259
511,32c59710-6ffd-4851-b9be-7ead01d28006,community_02,Peter,Ogunleye,female,1999-10-21,,8028468539,https://www.commcarehq.org/photos/farmer_511.jpg,12,crop_farming,2,family_land,2,borehole,---,groundnuts rice maize,2.6,5.4,1.4,goats,6,---,10.3778379 7.3639006 0.0 20.0,yes,e050dce8-52ea-4ea7-8777-c10fd7cc3bb6,2026-05-09 00:07:00,2026-05-09,tester_02,2026-05-09 00:07:08,https://www.commcarehq.org/form/32c59710-6ffd-4851-b9be-7ead01d28006,tester_02,True,26,7.0,10.3778379,7.3639006
512,c102be46-c758-4272-8361-2572f65c21e9,community_03,Blessing,Usman,female,1982-10-08,,8034707773,https://www.commcarehq.org/photos/farmer_512.jpg,8,crop_farming,6,family_land,2,rain-fed,---,maize groundnuts,1.3,3.5,---,---,---,---,10.3373714 7.2894063 0.0 20.0,yes,516e9e36-bc48-45dc-a509-91b24dac5d5f,2026-04-22 00:07:00,2026-04-22,tester_03,2026-04-22 00:07:05,https://www.commcarehq.org/form/c102be46-c758-4272-8361-2572f65c21e9,tester_03,True,43,7.0,10.3373714,7.2894063
513,218ca25f-f805-4645-a999-b8298c6bda63,community_06,Suleiman,Ahmed,female,1977-07-02,77119178718.0,8016493753,https://www.commcarehq.org/photos/farmer_513.jpg,3,mixed_farming,10,family_land,2,rain-fed,---,rice maize groundnuts,1.2,6.2,1.2,---,---,---,10.3209076 7.3643814 0.0 20.0,yes,97ef859c-8e6f-49c2-a0f9-413d8646ed42,2026-04-28 00:06:00,2026-04-28,tester_06,2026-04-28 00:06:15,https://www.commcarehq.org/form/218ca25f-f805-4645-a999-b8298c6bda63,tester_06,True,49,6.0,10.3209076,7.3643814
514,b7b9ee9a-4f0f-49d4-b472-4d787fa74e31,community_02,Suleiman,Okafor,male,1980-02-14,,8052371688,https://www.commcarehq.org/photos/farmer_514.jpg,5,livestock_farming,2,owned,1,rain-fed,---,maize groundnuts,0.5,3.8,---,goats,10,---,10.2417499 7.2885758 0.0 20.0,yes,18b6dfc7-06e8-4a42-9202-fcabb0c1e471,2026-05-19 00:06:00,2026-05-19,tester_02,2026-05-19 00:06:11,https://www.commcarehq.org/form/b7b9ee9a-4f0f-49d4-b472-4d787fa74e31,tester_02,True,46,6.0,10.2417499,7.2885758
515,5ca3ff6e-50d0-4884-ab5f-984acd945fc6,community_06,Paul,Musa,male,1987-10-02,46394379580.0,8087139219,https://www.commcarehq.org/photos/farmer_515.jpg,10,crop_farming,12,family_land,3,rain-fed,---,maize groundnuts rice,2.8,6.2,1.9,goats,10,---,10.2766328 7.37531 0.0 20.0,yes,7f1c7eec-09b2-4431-afbd-2c65499700ff,2026-03-17 00:05:00,2026-03-17,tester_06,2026-03-17 00:05:19,https://www.commcarehq.org/form/5ca3ff6e-50d0-4884-ab5f-984acd945fc6,tester_06,True,38,5.0,10.2766328,7.37531
516,9c776ab4-510e-4986-b5c5-27e1c0612847,community_04,Esther,Lawal,male,1975-08-14,33502508110.0,8046017481,https://www.commcarehq.org/photos/farmer_516.jpg,4,livestock_farming,17,owned,3,rain-fed,---,rice maize,---,6.2,2.5,---,---,---,10.3496901 7.3203534 0.0 20.0,yes,f480ec6b-1fe4-4233-982e-906128e21251,2026-02-06 00:08:00,2026-02-06,tester_04,2026-02-06 00:08:09,https://www.commcarehq.org/form/9c776ab4-510e-4986-b5c5-27e1c0612847,tester_04,True,50,8.0,10.3496901,7.3203534
517,173b5288-858b-4b77-84ba-2e87610e799f,community_01,Elizabeth,Samuel,female,1989-05-01,32240459211.0,8091632664,https://www.commcarehq.org/photos/farmer_517.jpg,3,livestock_farming,10,owned,3,rain-fed,---,rice,---,---,2.0,goats,9,---,10.3250159 7.3956396 0.0 20.0,yes,bc5317dc-2304-4a25-86bf-bf30e9db50d5,2026-02-05 00:04:00,2026-02-05,tester_01,2026-02-05 00:04:15,https://www.commcarehq.org/form/173b5288-858b-4b77-84ba-2e87610e799f,tester_01,True,37,4.0,10.3250159,7.3956396
518,677154f6-3115-4956-8221-dcd7d5ee8019,community_05,John,James,male,1967-06-18,62609642181.0,8011089727,https://www.commcarehq.org/photos/farmer_518.jpg,4,crop_farming,18,owned,3,rain-fed,---,maize rice groundnuts,0.9,4.0,1.6,---,---,---,10.4851211 7.3250511 0.0 20.0,yes,a4523f16-4116-48ff-8f47-29e1d4681b64,2026-05-09 00:04:00,2026-05-09,tester_05,2026-05-09 00:04:20,https://www.commcarehq.org/form/677154f6-3115-4956-8221-dcd7d5ee8019,tester_05,True,59,4.0,10.4851211,7.3250511
519,557d2af2-7712-4773-80e4-84133a2c9180,community_03,Fatima,Ali,male,1995-10-12,,8003043476,https://www.commcarehq.org/photos/farmer_519.jpg,5,livestock_farming,12,family_land,3,river_stream,---,groundnuts maize,2.0,4.7,---,---,---,---,10.303983 7.5389622 0.0 20.0,yes,80263800-ca43-42e0-8db9-f5a9aa9be87d,2026-01-10 00:04:00,2026-01-10,tester_03,2026-01-10 00:04:12,https://www.commcarehq.org/form/557d2af2-7712-4773-80e4-84133a2c9180,tester_03,True,30,4.0,10.303983,7.5389622
520,0107e167-e250-40a4-8f2a-ed8970e010cd,community_04,Mercy,Yusuf,male,2004-12-03,21972287072.0,8062699404,https://www.commcarehq.org/photos/farmer_520.jpg,7,mixed_farming,3,family_land,2,rain-fed,---,rice maize,---,1.6,2.9,goats,5,---,10.3222918 7.3306859 0.0 20.0,yes,6a83c84a-e2ee-4e03-beb6-5070a70fe638,2026-03-25 00:07:00,2026-03-25,tester_04,2026-03-25 00:07:12,https://www.commcarehq.org/form/0107e167-e250-40a4-8f2a-ed8970e010cd,tester_04,True,21,7.0,10.3222918,7.3306859
521,0a3e1439-c2b9-49b5-be89-2f400ad20fc3,community_03,Paul,Abdullahi,male,1999-05-15,77368963249.0,8012304795,https://www.commcarehq.org/photos/farmer_521.jpg,11,crop_farming,7,owned,3,irrigation_scheme,---,maize rice groundnuts,0.6,4.0,2.6,goats rabbits,3,36,10.438231 7.3361137 0.0 20.0,yes,841d54a6-4f40-4eb5-85ef-c6adae5c9c33,2026-01-05 00:06:00,2026-01-05,tester_03,2026-01-05 00:06:12,https://www.commcarehq.org/form/0a3e1439-c2b9-49b5-be89-2f400ad20fc3,tester_03,True,27,6.0,10.438231,7.3361137
522,24376331-6cc6-4536-8ea4-deea4c99cef2,community_06,Ahmed,Ogunleye,male,2006-10-03,81569493004.0,8022637556,https://www.commcarehq.org/photos/farmer_522.jpg,8,crop_farming,1,owned,2,irrigation_scheme,---,rice maize,---,5.0,0.9,rabbits,---,39,10.2205369 7.2573837 0.0 20.0,yes,7c35e1bf-d23a-42be-9858-3e79159583dc,2026-05-30 00:05:00,2026-05-30,tester_06,2026-05-30 00:05:07,https://www.commcarehq.org/form/24376331-6cc6-4536-8ea4-deea4c99cef2,tester_06,True,19,5.0,10.2205369,7.2573837
523,e626e4c8-e9fd-45e4-992b-77ba876842ec,community_06,Musa,Yakubu,male,1979-06-02,56927801639.0,8075923029,https://www.commcarehq.org/photos/farmer_523.jpg,6,mixed_farming,13,leased,6,rain-fed,---,groundnuts,1.8,---,---,goats,15,---,10.2456308 7.2327664 0.0 20.0,yes,3bbd3dd4-1cb5-43ea-a9e0-71e35228958b,2026-05-06 00:08:00,2026-05-06,tester_06,2026-05-06 00:08:07,https://www.commcarehq.org/form/e626e4c8-e9fd-45e4-992b-77ba876842ec,tester_06,True,47,8.0,10.2456308,7.2327664
524,28b41caf-be6c-4cb3-a64c-4e85ca075d8b,community_02,Elizabeth,Johnson,female,1975-09-01,,8088588453,https://www.commcarehq.org/photos/farmer_524.jpg,4,crop_farming,14,owned,6,rain-fed,---,rice groundnuts maize,2.9,0.6,3.4,goats,6,---,10.2079901 7.4977653 0.0 20.0,yes,a899af9a-2a26-455d-b180-89c08d635337,2026-03-03 00:08:00,2026-03-03,tester_02,2026-03-03 00:08:07,https://www.commcarehq.org/form/28b41caf-be6c-4cb3-a64c-4e85ca075d8b,tester_02,True,50,8.0,10.2079901,7.4977653
525,5756da41-f436-483b-a566-cc53e41ecb6b,community_01,Deborah,Sani,male,1979-02-06,56669714072.0,8032456351,https://www.commcarehq.org/photos/farmer_525.jpg,11,crop_farming,5,owned,3,rain-fed,---,rice maize,---,1.7,3.2,goats rabbits,16,24,10.4038628 7.4398335 0.0 20.0,yes,8253f5f2-854a-406e-af7c-ef80086c477d,2026-02-23 00:04:00,2026-02-23,tester_01,2026-02-23 00:04:12,https://www.commcarehq.org/form/5756da41-f436-483b-a566-cc53e41ecb6b,tester_01,True,47,4.0,10.4038628,7.4398335
526,4b3f073e-d7b8-4b81-9cba-fb7977700aea,community_06,Grace,Ogunleye,male,1990-12-02,71383237855.0,8060333553,https://www.commcarehq.org/photos/farmer_526.jpg,2,livestock_farming,2,family_land,3,rain-fed,---,maize,---,0.7,---,goats,21,---,10.5062837 7.3512841 0.0 20.0,no,ed3ba2f0-a2b6-4af3-848f-be4218fa4157,2026-03-05 00:04:00,2026-03-05,tester_06,2026-03-05 00:04:10,https://www.commcarehq.org/form/4b3f073e-d7b8-4b81-9cba-fb7977700aea,tester_06,True,35,4.0,10.5062837,7.3512841
527,0effff0d-10d9-44e9-aa8b-1aad19421fb7,community_04,Joseph,Abdullahi,male,1996-07-24,92054676347.0,8094962589,https://www.commcarehq.org/photos/farmer_527.jpg,11,livestock_farming,1,owned,3,rain-fed,---,groundnuts,1.2,---,---,---,---,---,10.2537284 7.542886 0.0 20.0,yes,6c9292fd-1223-4e3a-9a63-94b832da1cfd,2026-03-09 00:07:00,2026-03-09,tester_04,2026-03-09 00:07:13,https://www.commcarehq.org/form/0effff0d-10d9-44e9-aa8b-1aad19421fb7,tester_04,True,30,7.0,10.2537284,7.542886
528,b9f38707-2c60-4047-bc8c-c870afa96cd4,community_05,Samuel,James,male,1977-02-01,,8095504279,https://www.commcarehq.org/photos/farmer_528.jpg,7,crop_farming,6,owned,3,rain-fed,---,rice maize groundnuts,2.7,5.0,1.7,---,---,---,10.5325731 7.3314605 0.0 20.0,yes,ad14b4de-f08b-4855-8126-ce392e76f209,2026-04-27 00:03:00,2026-04-27,tester_05,2026-04-27 00:03:20,https://www.commcarehq.org/form/b9f38707-2c60-4047-bc8c-c870afa96cd4,tester_05,True,49,3.0,10.5325731,7.3314605
529,bb0347ba-1410-4b78-9382-ddd1e2ec5cd4,community_01,James,Michael,male,1979-10-03,,8097788770,https://www.commcarehq.org/photos/farmer_529.jpg,5,mixed_farming,29,owned,2,rain-fed,---,rice maize groundnuts,2.3,1.8,1.5,rabbits,---,18,10.2377172 7.4869841 0.0 20.0,yes,e5f65ff4-55b9-4d7f-94ce-daa2f19d50cf,2026-06-09 00:02:00,2026-06-09,tester_01,2026-06-09 00:02:16,https://www.commcarehq.org/form/bb0347ba-1410-4b78-9382-ddd1e2ec5cd4,tester_01,True,46,2.0,10.2377172,7.4869841
530,30b53746-c1dc-4a02-a224-34fed25e5772,community_02,Joy,Ojo,female,1960-10-11,57816902819.0,8021026188,https://www.commcarehq.org/photos/farmer_530.jpg,2,crop_farming,18,family_land,6,borehole,---,rice maize groundnuts,1.9,1.5,1.8,---,---,---,10.4572986 7.2237989 0.0 20.0,yes,74afbf08-7d58-4159-bfa9-5bd8c23b5fe0,2026-06-07 00:04:00,2026-06-07,tester_02,2026-06-07 00:04:08,https://www.commcarehq.org/form/30b53746-c1dc-4a02-a224-34fed25e5772,tester_02,True,65,4.0,10.4572986,7.2237989
531,73dd2588-bd59-457f-9bba-8475ca54fcc3,community_07,Elizabeth,Peter,male,1989-06-26,86172871536.0,8047985210,https://www.commcarehq.org/photos/farmer_531.jpg,6,crop_farming,1,owned,3,rain-fed,---,groundnuts rice,1.8,---,2.7,goats,11,---,10.3726485 7.4750169 0.0 20.0,yes,1ea13640-bebc-49a8-a206-1ba03450b27b,2026-05-02 00:02:00,2026-05-02,tester_07,2026-05-02 00:02:09,https://www.commcarehq.org/form/73dd2588-bd59-457f-9bba-8475ca54fcc3,tester_07,True,37,2.0,10.3726485,7.4750169
532,00fc5adc-7b9c-461c-824a-9373a8e8bf3e,community_04,Samuel,Ogunleye,female,2006-06-19,43468199801.0,8038703450,https://www.commcarehq.org/photos/farmer_532.jpg,5,crop_farming,1,owned,1,borehole,---,groundnuts,2.5,---,---,goats rabbits,16,4,10.4617394 7.2686661 0.0 20.0,yes,f5fbfed1-95d2-4ea3-9949-5e6b27ab3929,2026-02-22 00:06:00,2026-02-22,tester_04,2026-02-22 00:06:17,https://www.commcarehq.org/form/00fc5adc-7b9c-461c-824a-9373a8e8bf3e,tester_04,True,20,6.0,10.4617394,7.2686661
533,87d1fbbf-cc3c-4688-9c08-5687b16e8eff,community_04,Suleiman,Yakubu,male,2001-10-27,10515182601.0,8082872414,https://www.commcarehq.org/photos/farmer_533.jpg,7,livestock_farming,4,family_land,2,rain-fed,---,groundnuts,2.6,---,---,---,---,---,10.5146074 7.5609566 0.0 20.0,yes,2a09bd02-f740-43f1-a7d2-a9afff3da5d4,2026-02-06 00:02:00,2026-02-06,tester_04,2026-02-06 00:02:17,https://www.commcarehq.org/form/87d1fbbf-cc3c-4688-9c08-5687b16e8eff,tester_04,True,24,2.0,10.5146074,7.5609566
534,c369d1df-39a3-49f6-8d06-274c37eb499b,community_01,Ibrahim,Isa,male,1985-04-30,,8096027488,https://www.commcarehq.org/photos/farmer_534.jpg,6,crop_farming,21,family_land,4,rain-fed,---,rice,---,---,2.1,---,---,---,10.2096426 7.5882698 0.0 20.0,yes,c18ba0fb-f95b-4a5e-9c44-3d466b06fc1b,2026-03-30 00:08:00,2026-03-30,tester_01,2026-03-30 00:08:16,https://www.commcarehq.org/form/c369d1df-39a3-49f6-8d06-274c37eb499b,tester_01,True,41,8.0,10.2096426,7.5882698
535,4b093955-bc81-4f08-bc08-f63d4da3fa6f,community_04,Daniel,James,male,2006-09-15,,8039581489,https://www.commcarehq.org/photos/farmer_535.jpg,8,mixed_farming,2,owned,3,river_stream,---,rice maize groundnuts,1.0,2.8,0.7,goats,18,---,10.3824746 7.2094542 0.0 20.0,yes,717b7321-fb20-461c-951e-84b111e15e0b,2026-04-23 00:08:00,2026-04-23,tester_04,2026-04-23 00:08:07,https://www.commcarehq.org/form/4b093955-bc81-4f08-bc08-f63d4da3fa6f,tester_04,True,19,8.0,10.3824746,7.2094542
536,2cfcb49c-a5d9-4eab-8de9-4765650ee616,community_07,Mary,Okafor,male,1987-05-06,15586788407.0,8005758893,https://www.commcarehq.org/photos/farmer_536.jpg,8,mixed_farming,8,owned,2,rain-fed,---,rice,---,---,1.1,goats,18,---,10.3097284 7.2749967 0.0 20.0,yes,38baa04c-0fbb-466f-878e-48a3fc603026,2026-01-03 00:03:00,2026-01-03,tester_07,2026-01-03 00:03:07,https://www.commcarehq.org/form/2cfcb49c-a5d9-4eab-8de9-4765650ee616,tester_07,True,39,3.0,10.3097284,7.2749967
537,e4fcb645-da2b-45f7-9036-2eca2b7cf64b,community_07,John,Balogun,female,1984-07-04,11412414932.0,8087005377,https://www.commcarehq.org/photos/farmer_537.jpg,6,mixed_farming,1,owned,3,rain-fed,---,groundnuts,1.1,---,---,goats rabbits,2,7,10.3537932 7.5011874 0.0 20.0,yes,0681b43b-b56f-42b1-81ac-53d27a784c75,2026-03-02 00:03:00,2026-03-02,tester_07,2026-03-02 00:03:20,https://www.commcarehq.org/form/e4fcb645-da2b-45f7-9036-2eca2b7cf64b,tester_07,True,42,3.0,10.3537932,7.5011874
538,c6c5dfae-9de3-4241-9b33-939d3dae4938,community_02,Samuel,Balogun,female,1976-11-20,,8063573999,https://www.commcarehq.org/photos/farmer_538.jpg,7,crop_farming,3,owned,3,other,Spring Water,rice groundnuts,1.1,---,0.9,goats,9,---,10.2329928 7.2384485 0.0 20.0,yes,271ca93b-6a63-4d1f-8c3c-d1a10f01021f,2026-03-23 00:02:00,2026-03-23,tester_02,2026-03-23 00:02:16,https://www.commcarehq.org/form/c6c5dfae-9de3-4241-9b33-939d3dae4938,tester_02,True,49,2.0,10.2329928,7.2384485
539,98dba9db-0e5d-4a1c-8da4-dd1028de4310,community_05,Ibrahim,Yakubu,male,1982-04-27,,8012803324,https://www.commcarehq.org/photos/farmer_539.jpg,3,mixed_farming,20,owned,3,rain-fed,---,maize rice,---,1.4,0.7,goats,6,---,10.457585 7.2064128 0.0 20.0,yes,c2aa3e3b-08df-43fb-a3ff-c95a0097cb96,2026-05-19 00:02:00,2026-05-19,tester_05,2026-05-19 00:02:09,https://www.commcarehq.org/form/98dba9db-0e5d-4a1c-8da4-dd1028de4310,tester_05,True,44,2.0,10.457585,7.2064128
540,64ed5179-ad2f-4c3f-93c2-abb87ee0b5fe,community_07,Binta,Garba,male,1982-07-12,65365061563.0,8015502312,https://www.commcarehq.org/photos/farmer_540.jpg,5,crop_farming,8,owned,5,rain-fed,---,groundnuts rice maize,0.8,1.2,2.0,goats,7,---,10.5898211 7.3383806 0.0 20.0,no,71cdf6c0-5edb-48e7-b23f-661b1cef2072,2026-06-20 00:08:00,2026-06-20,tester_07,2026-06-20 00:08:17,https://www.commcarehq.org/form/64ed5179-ad2f-4c3f-93c2-abb87ee0b5fe,tester_07,True,44,8.0,10.5898211,7.3383806
541,e62700e4-d2c9-4598-bf7d-dca976c80475,community_01,Grace,Musa,male,2008-02-21,14396034898.0,8005540771,https://www.commcarehq.org/photos/farmer_541.jpg,4,mixed_farming,1,owned,5,dam_reservoir,---,maize groundnuts rice,2.3,3.1,1.6,---,---,---,10.4922053 7.5894215 0.0 20.0,yes,58b17cb4-b245-44af-a7e5-4b24277a5cd1,2026-04-08 00:07:00,2026-04-08,tester_01,2026-04-08 00:07:06,https://www.commcarehq.org/form/e62700e4-d2c9-4598-bf7d-dca976c80475,tester_01,True,18,7.0,10.4922053,7.5894215
542,f6fc5ce4-68b9-446b-be1b-5b44be7e1d9b,community_07,Musa,Ojo,male,2000-12-05,,8082806304,https://www.commcarehq.org/photos/farmer_542.jpg,8,livestock_farming,5,owned,1,rain-fed,---,groundnuts maize,3.0,3.7,---,goats,12,---,10.4997813 7.250487 0.0 20.0,yes,ffb1481b-2bda-4c66-9303-8e366a7e469a,2026-02-16 00:05:00,2026-02-16,tester_07,2026-02-16 00:05:19,https://www.commcarehq.org/form/f6fc5ce4-68b9-446b-be1b-5b44be7e1d9b,tester_07,True,25,5.0,10.4997813,7.250487
543,ff6a09b2-8f9c-465f-8d65-97d115ffd350,community_07,Esther,David,female,1980-01-15,,8079820988,https://www.commcarehq.org/photos/farmer_543.jpg,6,livestock_farming,9,family_land,2,river_stream,---,groundnuts rice maize,1.4,0.7,3.9,goats,18,---,10.4262501 7.5973687 0.0 20.0,yes,fc8e4f3c-c7ee-4fc8-ad31-d13dab7347c1,2026-02-02 00:03:00,2026-02-02,tester_07,2026-02-02 00:03:15,https://www.commcarehq.org/form/ff6a09b2-8f9c-465f-8d65-97d115ffd350,tester_07,True,46,3.0,10.4262501,7.5973687
544,965ea63d-b99a-4f83-9285-799425d82b45,community_06,Paul,Daniel,male,1989-12-29,26954272945.0,8013686712,https://www.commcarehq.org/photos/farmer_544.jpg,2,crop_farming,10,family_land,1,rain-fed,---,rice maize groundnuts,1.9,1.0,1.0,goats,23,---,10.3226892 7.3349453 0.0 20.0,yes,653a4652-edfb-4839-9a8a-70fe335323a8,2026-03-15 00:06:00,2026-03-15,tester_06,2026-03-15 00:06:10,https://www.commcarehq.org/form/965ea63d-b99a-4f83-9285-799425d82b45,tester_06,True,36,6.0,10.3226892,7.3349453
545,008fcb98-92a7-45eb-979b-25a99cb4889b,community_05,Esther,Yakubu,male,1968-07-04,,8048088911,https://www.commcarehq.org/photos/farmer_545.jpg,5,crop_farming,12,owned,5,rain-fed,---,rice maize groundnuts,2.6,1.9,1.0,---,---,---,10.4020946 7.2211486 0.0 20.0,yes,4935f4ce-4b19-4729-9a01-a2250dc26a5e,2026-02-11 00:02:00,2026-02-11,tester_05,2026-02-11 00:02:11,https://www.commcarehq.org/form/008fcb98-92a7-45eb-979b-25a99cb4889b,tester_05,True,58,2.0,10.4020946,7.2211486
546,ad923f9c-ced8-41bc-846d-75c34ff33056,community_01,Samuel,Sani,female,1986-05-31,15480474821.0,8092941167,https://www.commcarehq.org/photos/farmer_546.jpg,7,mixed_farming,2,family_land,1,borehole,---,maize,---,4.6,---,---,---,---,10.2203714 7.4029307 0.0 20.0,yes,d1d36498-5ecc-4d4b-b79b-ab66c4ab7d58,2026-06-15 00:04:00,2026-06-15,tester_01,2026-06-15 00:04:19,https://www.commcarehq.org/form/ad923f9c-ced8-41bc-846d-75c34ff33056,tester_01,True,40,4.0,10.2203714,7.4029307
547,745d668c-e863-45f9-932f-c52147f07ba7,community_06,Ibrahim,Tanko,male,2007-05-28,54828933799.0,8025709568,https://www.commcarehq.org/photos/farmer_547.jpg,7,mixed_farming,1,family_land,5,rain-fed,---,rice,---,---,2.9,goats,21,---,10.5339158 7.2519114 0.0 20.0,yes,3e78208d-9884-46b0-b308-260cef5ac421,2026-06-02 00:08:00,2026-06-02,tester_06,2026-06-02 00:08:17,https://www.commcarehq.org/form/745d668c-e863-45f9-932f-c52147f07ba7,tester_06,True,19,8.0,10.5339158,7.2519114
548,9a63d02a-74df-4082-b5ab-c2f3f3aa3ac8,community_02,Ruth,Lawal,male,1991-03-16,69606873234.0,8051912075,https://www.commcarehq.org/photos/farmer_548.jpg,5,crop_farming,6,family_land,3,rain-fed,---,groundnuts,2.7,---,---,rabbits,---,9,10.3562812 7.2152206 0.0 20.0,yes,8777e7a7-2ba0-4cc8-93a8-92a9a7c1145b,2026-06-04 00:07:00,2026-06-04,tester_02,2026-06-04 00:07:17,https://www.commcarehq.org/form/9a63d02a-74df-4082-b5ab-c2f3f3aa3ac8,tester_02,True,35,7.0,10.3562812,7.2152206
549,91115ad7-afdb-4164-88f2-d43904066b3a,community_04,Deborah,Ali,male,1985-12-24,,8063462893,https://www.commcarehq.org/photos/farmer_549.jpg,8,crop_farming,2,family_land,2,river_stream,---,groundnuts rice,1.7,---,0.5,goats,3,---,10.5819965 7.4595111 0.0 20.0,yes,77bebaca-f130-4fc7-aaf0-a137b8812c66,2026-02-10 00:04:00,2026-02-10,tester_04,2026-02-10 00:04:11,https://www.commcarehq.org/form/91115ad7-afdb-4164-88f2-d43904066b3a,tester_04,True,40,4.0,10.5819965,7.4595111
550,421b2d0f-d269-499f-9808-d24021ddc0fe,community_05,Yusuf,James,female,1967-05-07,52328102967.0,8052097688,https://www.commcarehq.org/photos/farmer_550.jpg,9,crop_farming,5,owned,3,river_stream,---,maize rice groundnuts,2.3,2.0,2.8,---,---,---,10.293069 7.4199802 0.0 20.0,yes,e7d9b955-37a0-4d27-a289-d2f7310c17d7,2026-03-25 00:02:00,2026-03-25,tester_05,2026-03-25 00:02:08,https://www.commcarehq.org/form/421b2d0f-d269-499f-9808-d24021ddc0fe,tester_05,True,59,2.0,10.293069,7.4199802
551,91c37abc-010f-4bec-9296-2eb4e66fa01b,community_06,James,Philip,male,1993-10-31,90781397642.0,8078145378,https://www.commcarehq.org/photos/farmer_551.jpg,12,livestock_farming,6,family_land,1,rain-fed,---,maize groundnuts rice,1.4,1.4,3.5,---,---,---,10.5248393 7.3847439 0.0 20.0,yes,2802401d-456a-4304-9786-f11ab178923c,2026-04-09 00:02:00,2026-04-09,tester_06,2026-04-09 00:02:09,https://www.commcarehq.org/form/91c37abc-010f-4bec-9296-2eb4e66fa01b,tester_06,True,32,2.0,10.5248393,7.3847439
552,463f5619-abe6-4c30-82ce-a76308e6ae23,community_02,Musa,Usman,female,1971-02-22,72116290872.0,8013402843,https://www.commcarehq.org/photos/farmer_552.jpg,5,livestock_farming,15,owned,4,rain-fed,---,groundnuts rice,2.4,---,3.6,goats,4,---,10.4013019 7.329727 0.0 20.0,yes,263d8a72-f684-4d78-8db8-8f730ebbd35a,2026-02-16 00:05:00,2026-02-16,tester_02,2026-02-16 00:05:06,https://www.commcarehq.org/form/463f5619-abe6-4c30-82ce-a76308e6ae23,tester_02,True,55,5.0,10.4013019,7.329727
553,2efc9c83-4293-49f3-964b-962f836d2cec,community_01,Rebecca,Johnson,male,1967-12-22,,8081530420,https://www.commcarehq.org/photos/farmer_553.jpg,8,crop_farming,5,leased,3,rain-fed,---,rice maize groundnuts,1.5,1.3,2.6,goats,18,---,10.4015799 7.3900734 0.0 20.0,yes,7e09f943-cd8e-436c-bc1a-aa550330f117,2026-06-21 00:07:00,2026-06-21,tester_01,2026-06-21 00:07:05,https://www.commcarehq.org/form/2efc9c83-4293-49f3-964b-962f836d2cec,tester_01,True,58,7.0,10.4015799,7.3900734
554,4730e321-be23-48b5-b5c7-e883a9a39d7e,community_06,Esther,Philip,female,1959-04-19,45370417368.0,8007696124,https://www.commcarehq.org/photos/farmer_554.jpg,3,livestock_farming,28,leased,1,borehole,---,maize rice groundnuts,0.6,3.3,2.6,---,---,---,10.3377048 7.2635141 0.0 20.0,yes,d7adbcc5-d402-4113-b82c-9747609b7ee6,2026-05-31 00:07:00,2026-05-31,tester_06,2026-05-31 00:07:05,https://www.commcarehq.org/form/4730e321-be23-48b5-b5c7-e883a9a39d7e,tester_06,True,67,7.0,10.3377048,7.2635141
555,cc8055bc-4b7d-4d80-be86-9ba4877cd5d2,community_02,Paul,Yakubu,male,1969-03-30,,8071717164,https://www.commcarehq.org/photos/farmer_555.jpg,3,mixed_farming,32,owned,1,rain-fed,---,groundnuts,2.4,---,---,goats,19,---,10.31558 7.5348599 0.0 20.0,yes,ede37dc3-905a-47a0-b89e-b6190a166e42,2026-05-22 00:03:00,2026-05-22,tester_02,2026-05-22 00:03:06,https://www.commcarehq.org/form/cc8055bc-4b7d-4d80-be86-9ba4877cd5d2,tester_02,True,57,3.0,10.31558,7.5348599
556,0274f1db-c28d-4730-b9cd-128fe00cfe37,community_03,Mary,Haruna,male,1982-09-16,,8010149550,https://www.commcarehq.org/photos/farmer_556.jpg,5,crop_farming,3,owned,4,rain-fed,---,groundnuts,2.5,---,---,goats,8,---,10.511413 7.5552689 0.0 20.0,yes,e7e1631c-b63f-4c42-993e-ee555d9f61c1,2026-01-09 00:04:00,2026-01-09,tester_03,2026-01-09 00:04:11,https://www.commcarehq.org/form/0274f1db-c28d-4730-b9cd-128fe00cfe37,tester_03,True,43,4.0,10.511413,7.5552689
557,ee2b0efc-4904-4fdf-999e-ac6fcf9c8872,community_02,David,Haruna,male,1991-12-30,26547699561.0,8084574255,https://www.commcarehq.org/photos/farmer_557.jpg,2,crop_farming,2,owned,2,rain-fed,---,maize groundnuts rice,2.3,1.8,2.1,goats rabbits,17,7,10.2640261 7.4290368 0.0 20.0,yes,42bfb5a7-e7e1-4ed3-8709-74ccd6577a24,2026-02-26 00:04:00,2026-02-26,tester_02,2026-02-26 00:04:06,https://www.commcarehq.org/form/ee2b0efc-4904-4fdf-999e-ac6fcf9c8872,tester_02,True,34,4.0,10.2640261,7.4290368
558,64df2ca7-59d9-48a4-a5c7-a35cfe28ed78,community_02,Emmanuel,Okafor,female,2001-12-05,55723713541.0,8084163246,https://www.commcarehq.org/photos/farmer_558.jpg,9,mixed_farming,5,owned,1,rain-fed,---,maize groundnuts,0.9,3.8,---,---,---,---,10.4260179 7.5369619 0.0 20.0,yes,37513b47-9435-474b-ace8-b9eaaa4b2ae2,2026-01-12 00:03:00,2026-01-12,tester_02,2026-01-12 00:03:10,https://www.commcarehq.org/form/64df2ca7-59d9-48a4-a5c7-a35cfe28ed78,tester_02,True,24,3.0,10.4260179,7.5369619
559,25699e36-557a-445d-95a5-0f0e1dd768f0,community_06,Naomi,Samuel,female,1958-09-04,84127046998.0,8050283120,https://www.commcarehq.org/photos/farmer_559.jpg,10,mixed_farming,42,family_land,2,rain-fed,---,rice groundnuts maize,1.2,5.3,2.9,goats,14,---,10.5252638 7.5234144 0.0 20.0,yes,7ba07048-94a6-436a-94d9-3d9ade0a10fb,2026-02-23 00:06:00,2026-02-23,tester_06,2026-02-23 00:06:11,https://www.commcarehq.org/form/25699e36-557a-445d-95a5-0f0e1dd768f0,tester_06,True,67,6.0,10.5252638,7.5234144
560,9db652f2-47f7-4194-8625-dc13a9f01fff,community_05,Peter,Daniel,female,1992-12-20,,8051805792,https://www.commcarehq.org/photos/farmer_560.jpg,4,mixed_farming,3,owned,5,borehole,---,maize groundnuts,2.9,1.2,---,goats,17,---,10.2301016 7.3839143 0.0 20.0,yes,aef52823-8c89-49f7-92a3-ec663bdb358f,2026-03-13 00:03:00,2026-03-13,tester_05,2026-03-13 00:03:07,https://www.commcarehq.org/form/9db652f2-47f7-4194-8625-dc13a9f01fff,tester_05,True,33,3.0,10.2301016,7.3839143
561,7327ced3-f22f-4312-b121-b3acc6100484,community_07,Joseph,Isa,female,1974-09-28,54874405508.0,8067514703,https://www.commcarehq.org/photos/farmer_561.jpg,8,livestock_farming,18,owned,1,rain-fed,---,maize rice,---,1.1,3.7,---,---,---,10.3702894 7.3794275 0.0 20.0,yes,e1e63f11-1f6f-4ceb-b012-40873de1964c,2026-01-07 00:02:00,2026-01-07,tester_07,2026-01-07 00:02:10,https://www.commcarehq.org/form/7327ced3-f22f-4312-b121-b3acc6100484,tester_07,True,51,2.0,10.3702894,7.3794275
562,21c4fa7d-e202-4497-b980-d40c052fd448,community_05,Naomi,Sani,female,1994-02-21,19044748963.0,8032300271,https://www.commcarehq.org/photos/farmer_562.jpg,1,crop_farming,14,owned,3,rain-fed,---,rice groundnuts,1.4,---,3.1,rabbits,---,7,10.4006874 7.2945068 0.0 20.0,yes,9bdae151-f9ee-48d2-b545-3de176e2a7b8,2026-06-10 00:08:00,2026-06-10,tester_05,2026-06-10 00:08:15,https://www.commcarehq.org/form/21c4fa7d-e202-4497-b980-d40c052fd448,tester_05,True,32,8.0,10.4006874,7.2945068
563,b3764f49-986f-4aa7-ae21-fd6a5dbb06dc,community_05,Mercy,Abdullahi,male,1996-02-05,,8040435987,https://www.commcarehq.org/photos/farmer_563.jpg,7,crop_farming,6,leased,5,borehole,---,maize rice groundnuts,0.6,3.6,2.7,---,---,---,10.4109167 7.2768422 0.0 20.0,yes,fd09ee29-a874-4a64-ab44-adcf0cfee0b7,2026-02-13 00:08:00,2026-02-13,tester_05,2026-02-13 00:08:15,https://www.commcarehq.org/form/b3764f49-986f-4aa7-ae21-fd6a5dbb06dc,tester_05,True,30,8.0,10.4109167,7.2768422
564,6b4ffddb-6379-4de6-acc0-eae134610791,community_05,Yusuf,Abdullahi,male,1994-06-30,,8024673986,https://www.commcarehq.org/photos/farmer_564.jpg,12,crop_farming,3,owned,4,rain-fed,---,rice maize,---,1.5,3.6,goats,7,---,10.2754812 7.5041916 0.0 20.0,yes,03e68dbb-dfe7-4c28-9353-6d138b12f775,2026-06-15 00:02:00,2026-06-15,tester_05,2026-06-15 00:02:07,https://www.commcarehq.org/form/6b4ffddb-6379-4de6-acc0-eae134610791,tester_05,True,32,2.0,10.2754812,7.5041916
565,647d6810-f2d4-4434-97c2-67e3fbfb97f5,community_06,Rebecca,Abdullahi,male,1964-02-20,92356011239.0,8000741604,https://www.commcarehq.org/photos/farmer_565.jpg,3,crop_farming,4,leased,2,rain-fed,---,maize groundnuts,0.5,1.9,---,goats,25,---,10.4299683 7.2982441 0.0 20.0,yes,34e77cab-c3b6-4c9e-a7ed-e2f15266f0b0,2026-05-18 00:06:00,2026-05-18,tester_06,2026-05-18 00:06:10,https://www.commcarehq.org/form/647d6810-f2d4-4434-97c2-67e3fbfb97f5,tester_06,True,62,6.0,10.4299683,7.2982441
566,036cfd43-27e9-49b3-85a0-d70313a249ec,community_01,Musa,Haruna,male,1999-03-17,66035480141.0,8099140349,https://www.commcarehq.org/photos/farmer_566.jpg,8,crop_farming,7,leased,2,borehole,---,maize groundnuts rice,1.9,1.9,1.1,goats,4,---,10.3702443 7.2586453 0.0 20.0,yes,09e1a17f-8f49-45fa-bd3a-2f2e7205ea87,2026-01-29 00:03:00,2026-01-29,tester_01,2026-01-29 00:03:11,https://www.commcarehq.org/form/036cfd43-27e9-49b3-85a0-d70313a249ec,tester_01,True,27,3.0,10.3702443,7.2586453
567,daec497b-6a38-4ff5-ac48-9551d4f29d08,community_06,Mary,Yusuf,female,1972-02-21,,8092973281,https://www.commcarehq.org/photos/farmer_567.jpg,8,crop_farming,25,owned,2,irrigation_scheme,---,maize,---,5.7,---,goats,10,---,10.2720243 7.5898712 0.0 20.0,yes,a9502524-44ea-4ef1-9e45-8c6ac5ddb003,2026-04-20 00:08:00,2026-04-20,tester_06,2026-04-20 00:08:07,https://www.commcarehq.org/form/daec497b-6a38-4ff5-ac48-9551d4f29d08,tester_06,True,54,8.0,10.2720243,7.5898712
568,85700e4e-0065-4db3-8de3-3b2ba34c21bc,community_03,Deborah,Johnson,male,1986-05-28,,8046121822,https://www.commcarehq.org/photos/farmer_568.jpg,5,mixed_farming,6,owned,2,rain-fed,---,rice,---,---,3.4,---,---,---,10.5043422 7.2043121 0.0 20.0,yes,8d632e82-6fdf-4fc9-8503-2d084f49219b,2026-03-17 00:08:00,2026-03-17,tester_03,2026-03-17 00:08:16,https://www.commcarehq.org/form/85700e4e-0065-4db3-8de3-3b2ba34c21bc,tester_03,True,40,8.0,10.5043422,7.2043121
569,1c1f06be-dffe-46a4-911d-523839b29291,community_05,Joseph,Haruna,female,1987-06-20,33483208207.0,8014700952,https://www.commcarehq.org/photos/farmer_569.jpg,5,mixed_farming,9,owned,2,rain-fed,---,rice groundnuts maize,2.0,1.8,2.4,goats rabbits,15,33,10.538572 7.4540364 0.0 20.0,yes,5ae96a4c-6545-4249-8a81-a4ccdf6bad8e,2026-03-17 00:03:00,2026-03-17,tester_05,2026-03-17 00:03:19,https://www.commcarehq.org/form/1c1f06be-dffe-46a4-911d-523839b29291,tester_05,True,39,3.0,10.538572,7.4540364
570,792f9e67-a7b7-497d-abb0-03325f82285b,community_04,Elizabeth,Yakubu,male,1995-12-19,,8007893488,https://www.commcarehq.org/photos/farmer_570.jpg,4,crop_farming,9,leased,1,rain-fed,---,groundnuts maize rice,2.8,1.4,2.2,---,---,---,10.2439986 7.5108284 0.0 20.0,yes,6a3afe29-731e-43cc-8173-55f402047925,2026-01-11 00:07:00,2026-01-11,tester_04,2026-01-11 00:07:19,https://www.commcarehq.org/form/792f9e67-a7b7-497d-abb0-03325f82285b,tester_04,True,30,7.0,10.2439986,7.5108284
571,52cc3d4a-0a3f-4292-92c6-fa780ef9c602,community_05,Joy,Sani,male,1993-01-04,69624034969.0,8008222452,https://www.commcarehq.org/photos/farmer_571.jpg,6,crop_farming,14,owned,3,irrigation_scheme,---,groundnuts rice maize,1.6,5.8,2.2,---,---,---,10.2325129 7.2064579 0.0 20.0,yes,8a23a0d1-fc05-4a48-a6c7-3ac81a3184f3,2026-05-11 00:07:00,2026-05-11,tester_05,2026-05-11 00:07:18,https://www.commcarehq.org/form/52cc3d4a-0a3f-4292-92c6-fa780ef9c602,tester_05,True,33,7.0,10.2325129,7.2064579
572,9cbc4c60-e14a-450b-9607-6ab4f41c5e74,community_02,Esther,Lawal,male,1985-12-25,88190937048.0,8043866854,https://www.commcarehq.org/photos/farmer_572.jpg,2,mixed_farming,1,family_land,3,rain-fed,---,rice,---,---,2.1,goats,19,---,10.4800635 7.2310998 0.0 20.0,yes,948edde7-ceae-4cd9-8ac9-e3517ef38e40,2026-06-24 00:07:00,2026-06-24,tester_02,2026-06-24 00:07:19,https://www.commcarehq.org/form/9cbc4c60-e14a-450b-9607-6ab4f41c5e74,tester_02,True,40,7.0,10.4800635,7.2310998
573,8edf16b4-0a78-4ff2-a04c-4fca78cb49c4,community_01,Joseph,Daniel,male,2006-12-13,,8059801857,https://www.commcarehq.org/photos/farmer_573.jpg,10,crop_farming,1,owned,2,borehole,---,maize,---,1.0,---,---,---,---,10.4135574 7.5289434 0.0 20.0,yes,510b0597-338a-4120-81d7-cec37b602221,2026-03-09 00:03:00,2026-03-09,tester_01,2026-03-09 00:03:17,https://www.commcarehq.org/form/8edf16b4-0a78-4ff2-a04c-4fca78cb49c4,tester_01,True,19,3.0,10.4135574,7.5289434
574,e2fc3fa3-a04a-4630-91be-690300c9b085,community_04,Rebecca,Yusuf,male,1977-07-27,,8028623666,https://www.commcarehq.org/photos/farmer_574.jpg,3,mixed_farming,14,owned,2,rain-fed,---,rice maize,---,1.6,1.8,---,---,---,10.583436 7.3086217 0.0 20.0,yes,9b4ed987-1d7a-412d-8e30-be0bd46e9cc3,2026-05-12 00:07:00,2026-05-12,tester_04,2026-05-12 00:07:13,https://www.commcarehq.org/form/e2fc3fa3-a04a-4630-91be-690300c9b085,tester_04,True,49,7.0,10.583436,7.3086217
575,96130d7e-efbd-45f1-8989-6360faddb580,community_05,Peter,Abdullahi,male,1996-07-26,,8007148069,https://www.commcarehq.org/photos/farmer_575.jpg,5,crop_farming,11,owned,6,river_stream,---,rice groundnuts maize,1.3,1.7,2.1,goats rabbits,17,40,10.5909306 7.3649065 0.0 20.0,yes,e818f3c9-1988-4380-bdac-3212ab7b7d3e,2026-04-25 00:02:00,2026-04-25,tester_05,2026-04-25 00:02:11,https://www.commcarehq.org/form/96130d7e-efbd-45f1-8989-6360faddb580,tester_05,True,30,2.0,10.5909306,7.3649065
576,a478f4cb-5f8e-42bd-8cae-ff2d40e570f9,community_01,Binta,Sani,male,1984-11-21,79364678049.0,8019567883,https://www.commcarehq.org/photos/farmer_576.jpg,10,mixed_farming,22,owned,2,rain-fed,---,maize rice groundnuts,0.7,3.7,2.0,rabbits,---,40,10.5538233 7.3539514 0.0 20.0,yes,20f20810-e794-4404-b972-f3df0212a9cd,2026-05-01 00:05:00,2026-05-01,tester_01,2026-05-01 00:05:17,https://www.commcarehq.org/form/a478f4cb-5f8e-42bd-8cae-ff2d40e570f9,tester_01,True,41,5.0,10.5538233,7.3539514
577,66c0cf24-1a13-4617-8418-011117dd842b,community_01,Mercy,Musa,male,1972-08-29,96143379901.0,8071919223,https://www.commcarehq.org/photos/farmer_577.jpg,7,mixed_farming,22,leased,3,rain-fed,---,groundnuts,0.9,---,---,---,---,---,10.4647696 7.4630999 0.0 20.0,yes,eb81acda-7eed-4a2d-90a3-c8a676a56428,2026-06-18 00:04:00,2026-06-18,tester_01,2026-06-18 00:04:11,https://www.commcarehq.org/form/66c0cf24-1a13-4617-8418-011117dd842b,tester_01,True,53,4.0,10.4647696,7.4630999
578,0b230482-084d-4eb0-b41a-a5a93d2bd705,community_03,Amina,Okafor,male,1958-11-26,31513297641.0,8052489066,https://www.commcarehq.org/photos/farmer_578.jpg,2,crop_farming,49,leased,5,rain-fed,---,maize groundnuts,2.2,5.4,---,---,---,---,10.3113525 7.2065073 0.0 20.0,yes,8b6e35da-3ff1-4a43-873b-a91ef5e141d7,2026-04-13 00:08:00,2026-04-13,tester_03,2026-04-13 00:08:13,https://www.commcarehq.org/form/0b230482-084d-4eb0-b41a-a5a93d2bd705,tester_03,True,67,8.0,10.3113525,7.2065073
579,24da8c1c-a0a6-4048-8b51-e13359d6bbc5,community_06,Naomi,Yakubu,male,1996-09-20,42205438472.0,8052749920,https://www.commcarehq.org/photos/farmer_579.jpg,6,mixed_farming,9,owned,5,rain-fed,---,maize groundnuts rice,2.4,6.2,1.2,rabbits,---,28,10.4254702 7.2515243 0.0 20.0,yes,1a4a9004-e968-4b91-b5d5-e3acc5a8484e,2026-04-12 00:02:00,2026-04-12,tester_06,2026-04-12 00:02:19,https://www.commcarehq.org/form/24da8c1c-a0a6-4048-8b51-e13359d6bbc5,tester_06,True,29,2.0,10.4254702,7.2515243
580,cfac685d-cd8c-41d6-9dc6-5193d33be5df,community_07,Blessing,Okafor,male,1990-12-29,30706556829.0,8057772354,https://www.commcarehq.org/photos/farmer_580.jpg,6,crop_farming,6,owned,4,rain-fed,---,groundnuts rice maize,2.7,5.4,0.8,goats,18,---,10.5904193 7.4397962 0.0 20.0,yes,3e81ff6d-5dbe-4b09-b614-8099ccab8bc5,2026-02-02 00:05:00,2026-02-02,tester_07,2026-02-02 00:05:05,https://www.commcarehq.org/form/cfac685d-cd8c-41d6-9dc6-5193d33be5df,tester_07,True,35,5.0,10.5904193,7.4397962
581,c68d619a-5464-4c85-a81c-783536af5986,community_01,Naomi,Bello,male,1997-07-16,28893115150.0,8087993620,https://www.commcarehq.org/photos/farmer_581.jpg,5,crop_farming,2,owned,3,rain-fed,---,rice,---,---,3.5,rabbits,---,36,10.3739115 7.33089 0.0 20.0,yes,93818333-b1a0-4748-b1ef-6e4c5fc9bbfc,2026-03-18 00:03:00,2026-03-18,tester_01,2026-03-18 00:03:09,https://www.commcarehq.org/form/c68d619a-5464-4c85-a81c-783536af5986,tester_01,True,29,3.0,10.3739115,7.33089
582,56542581-38eb-4827-86d4-14bdbeca65ea,community_02,Amina,Johnson,female,1984-06-13,53952686327.0,8080994919,https://www.commcarehq.org/photos/farmer_582.jpg,7,livestock_farming,19,leased,3,other,Rainwater Harvesting,maize rice groundnuts,2.7,1.0,2.8,goats,2,---,10.3633965 7.2402016 0.0 20.0,yes,3e4f7a26-909d-46ec-8113-e7a154a1f4ac,2026-05-27 00:04:00,2026-05-27,tester_02,2026-05-27 00:04:20,https://www.commcarehq.org/form/56542581-38eb-4827-86d4-14bdbeca65ea,tester_02,True,42,4.0,10.3633965,7.2402016
583,675bc6ce-4ed9-4d27-a335-6efa1823385e,community_01,Emmanuel,Ojo,female,1982-07-09,75744583179.0,8027396468,https://www.commcarehq.org/photos/farmer_583.jpg,2,crop_farming,6,owned,5,rain-fed,---,rice groundnuts maize,0.9,2.5,2.7,---,---,---,10.2283931 7.2793104 0.0 20.0,yes,683fe8b9-d44c-4b08-ba2b-9136be3755a1,2026-02-23 00:05:00,2026-02-23,tester_01,2026-02-23 00:05:06,https://www.commcarehq.org/form/675bc6ce-4ed9-4d27-a335-6efa1823385e,tester_01,True,44,5.0,10.2283931,7.2793104
584,49585cb9-cb08-4ca4-a2ea-9868a9ea3049,community_02,Suleiman,Isa,female,1972-02-25,,8026740758,https://www.commcarehq.org/photos/farmer_584.jpg,9,mixed_farming,31,owned,1,rain-fed,---,rice groundnuts,2.9,---,2.9,---,---,---,10.2359314 7.4780306 0.0 20.0,yes,a5772f40-cedc-47dc-a0fe-336c5b83e392,2026-02-12 00:08:00,2026-02-12,tester_02,2026-02-12 00:08:16,https://www.commcarehq.org/form/49585cb9-cb08-4ca4-a2ea-9868a9ea3049,tester_02,True,54,8.0,10.2359314,7.4780306
585,0b0f27ab-80e5-4935-875c-d28fdfdaf164,community_01,Daniel,David,male,1987-06-04,80239971349.0,8003778382,https://www.commcarehq.org/photos/farmer_585.jpg,8,crop_farming,20,family_land,5,river_stream,---,groundnuts,1.2,---,---,---,---,---,10.5204638 7.4867298 0.0 20.0,yes,c4205c4a-8f62-41e1-8b2e-b209501b76d9,2026-03-21 00:02:00,2026-03-21,tester_01,2026-03-21 00:02:13,https://www.commcarehq.org/form/0b0f27ab-80e5-4935-875c-d28fdfdaf164,tester_01,True,39,2.0,10.5204638,7.4867298
586,74673a66-e580-4a94-a38b-ce373cfd1019,community_07,Emmanuel,Garba,female,1968-04-30,86468765551.0,8002377705,https://www.commcarehq.org/photos/farmer_586.jpg,7,crop_farming,2,family_land,3,rain-fed,---,groundnuts maize,0.7,5.9,---,goats,15,---,10.2826586 7.2814895 0.0 20.0,yes,6e5123e5-9f71-461c-9778-085633104d36,2026-04-17 00:03:00,2026-04-17,tester_07,2026-04-17 00:03:11,https://www.commcarehq.org/form/74673a66-e580-4a94-a38b-ce373cfd1019,tester_07,True,58,3.0,10.2826586,7.2814895
587,5f2a03aa-e079-4bfb-a1dd-12a29c008218,community_01,John,Eze,female,1995-10-25,,8097845959,https://www.commcarehq.org/photos/farmer_587.jpg,9,mixed_farming,10,owned,3,rain-fed,---,groundnuts rice,0.7,---,2.9,---,---,---,10.3514289 7.2384994 0.0 20.0,yes,54a88163-6751-4f69-80b8-4719f31e34f8,2026-05-22 00:04:00,2026-05-22,tester_01,2026-05-22 00:04:06,https://www.commcarehq.org/form/5f2a03aa-e079-4bfb-a1dd-12a29c008218,tester_01,True,30,4.0,10.3514289,7.2384994
588,01490741-23ff-4f0e-9c67-b0c6c03df95a,community_03,Paul,David,male,1984-09-10,,8009761029,https://www.commcarehq.org/photos/farmer_588.jpg,2,crop_farming,9,owned,3,borehole,---,rice groundnuts maize,0.7,5.0,1.5,---,---,---,10.428918 7.4916779 0.0 20.0,yes,36e696f1-4e3a-43c4-9c78-8e9b13a37ffa,2026-04-18 00:08:00,2026-04-18,tester_03,2026-04-18 00:08:20,https://www.commcarehq.org/form/01490741-23ff-4f0e-9c67-b0c6c03df95a,tester_03,True,41,8.0,10.428918,7.4916779
589,8ce390ae-607e-4437-bd46-21a0ce9c42c4,community_06,David,Peter,female,2002-07-13,,8030207050,https://www.commcarehq.org/photos/farmer_589.jpg,5,crop_farming,2,leased,3,rain-fed,---,maize,---,1.9,---,goats,9,---,10.2033455 7.2176067 0.0 20.0,yes,98935c19-b8ac-4903-92b8-550791de35fb,2026-06-14 00:02:00,2026-06-14,tester_06,2026-06-14 00:02:18,https://www.commcarehq.org/form/8ce390ae-607e-4437-bd46-21a0ce9c42c4,tester_06,True,24,2.0,10.2033455,7.2176067
590,8ef755b8-371a-41ae-a9bb-ec3ae16688eb,community_02,Amina,Eze,male,2004-09-09,15003245233.0,8082030212,https://www.commcarehq.org/photos/farmer_590.jpg,6,mixed_farming,3,owned,1,river_stream,---,groundnuts rice,2.1,---,2.4,goats,16,---,10.525891 7.3971987 0.0 20.0,yes,95f216eb-c885-421b-bc19-7cf3d24db393,2026-03-24 00:04:00,2026-03-24,tester_02,2026-03-24 00:04:13,https://www.commcarehq.org/form/8ef755b8-371a-41ae-a9bb-ec3ae16688eb,tester_02,True,21,4.0,10.525891,7.3971987
591,583ea7e2-9407-47ab-8e21-381ad416dfce,community_07,Blessing,Peter,male,1987-09-05,41479437404.0,8051057533,https://www.commcarehq.org/photos/farmer_591.jpg,4,crop_farming,11,owned,4,rain-fed,---,maize groundnuts rice,1.7,3.5,1.6,goats,2,---,10.5246471 7.2410196 0.0 20.0,yes,c35238e2-d499-4e83-8ff6-6022525fc7a5,2026-02-05 00:04:00,2026-02-05,tester_07,2026-02-05 00:04:18,https://www.commcarehq.org/form/583ea7e2-9407-47ab-8e21-381ad416dfce,tester_07,True,38,4.0,10.5246471,7.2410196
592,5c52d3db-6fa8-461f-adbe-092dd8a2b578,community_01,Amina,Ahmed,male,1979-12-18,58089633547.0,8070503104,https://www.commcarehq.org/photos/farmer_592.jpg,8,crop_farming,26,owned,6,rain-fed,---,maize,---,1.3,---,goats,4,---,10.4362922 7.3230363 0.0 20.0,yes,7e4ea69c-029e-4c8a-9bac-fbe04eb120fb,2026-01-15 00:07:00,2026-01-15,tester_01,2026-01-15 00:07:17,https://www.commcarehq.org/form/5c52d3db-6fa8-461f-adbe-092dd8a2b578,tester_01,True,46,7.0,10.4362922,7.3230363
593,b1597fb5-d76b-451b-91f2-ac09a7c99738,community_07,Suleiman,Balogun,male,2002-07-17,,8095345779,https://www.commcarehq.org/photos/farmer_593.jpg,8,livestock_farming,3,family_land,2,rain-fed,---,groundnuts rice,1.0,---,1.6,---,---,---,10.4682211 7.3840024 0.0 20.0,yes,7f6fe6c4-41ea-4d1c-b6d7-0a43904959de,2026-01-02 00:04:00,2026-01-02,tester_07,2026-01-02 00:04:19,https://www.commcarehq.org/form/b1597fb5-d76b-451b-91f2-ac09a7c99738,tester_07,True,24,4.0,10.4682211,7.3840024
594,a2ede425-477d-4221-bf7a-697faa4e4086,community_01,Rebecca,Garba,female,1979-05-29,25643941808.0,8051642186,https://www.commcarehq.org/photos/farmer_594.jpg,7,mixed_farming,7,owned,2,rain-fed,---,groundnuts maize rice,2.4,5.4,3.8,---,---,---,10.4469246 7.4374957 0.0 20.0,yes,500f19b4-1002-4b14-a62b-737aa9293aaa,2026-02-12 00:05:00,2026-02-12,tester_01,2026-02-12 00:05:20,https://www.commcarehq.org/form/a2ede425-477d-4221-bf7a-697faa4e4086,tester_01,True,47,5.0,10.4469246,7.4374957
595,406d8bc3-0f05-4a96-b6a0-0907ee5369aa,community_07,Hauwa,Philip,female,1988-01-19,,8002152906,https://www.commcarehq.org/photos/farmer_595.jpg,4,crop_farming,5,owned,2,rain-fed,---,rice groundnuts maize,2.5,3.4,3.4,---,---,---,10.3074916 7.3368386 0.0 20.0,yes,7b0a4a95-030b-45bc-b020-fdc13e839689,2026-01-15 00:05:00,2026-01-15,tester_07,2026-01-15 00:05:15,https://www.commcarehq.org/form/406d8bc3-0f05-4a96-b6a0-0907ee5369aa,tester_07,True,38,5.0,10.3074916,7.3368386
596,82b581cb-0cba-4a4a-b339-eac710f9b61e,community_03,Yusuf,Eze,female,1993-05-07,36825742515.0,8061797114,https://www.commcarehq.org/photos/farmer_596.jpg,6,crop_farming,12,owned,1,rain-fed,---,rice maize,---,0.7,3.3,goats,19,---,10.2952161 7.5190282 0.0 20.0,yes,15275a37-d93f-49d1-9d2c-19fffccd60dd,2026-03-22 00:03:00,2026-03-22,tester_03,2026-03-22 00:03:14,https://www.commcarehq.org/form/82b581cb-0cba-4a4a-b339-eac710f9b61e,tester_03,True,33,3.0,10.2952161,7.5190282
597,5733b988-2c0e-4be3-9fa3-bd6c2bef1c04,community_01,Musa,Bello,female,2000-07-10,27410275929.0,8082684754,https://www.commcarehq.org/photos/farmer_597.jpg,1,crop_farming,3,owned,1,rain-fed,---,rice maize groundnuts,2.7,5.3,3.8,---,---,---,10.3791267 7.3260245 0.0 20.0,yes,ea346fd5-b824-4402-92e8-089e65209ea9,2026-05-31 00:03:00,2026-05-31,tester_01,2026-05-31 00:03:08,https://www.commcarehq.org/form/5733b988-2c0e-4be3-9fa3-bd6c2bef1c04,tester_01,True,26,3.0,10.3791267,7.3260245
598,642060d7-e2df-4ef0-952a-60470be460c3,community_04,John,Okafor,female,1978-09-22,,8078505745,https://www.commcarehq.org/photos/farmer_598.jpg,7,crop_farming,10,owned,3,river_stream,---,maize groundnuts,0.8,5.0,---,---,---,---,10.3524024 7.2523049 0.0 20.0,yes,0dd943cf-fb26-44c9-9db7-6635fba01680,2026-05-21 00:06:00,2026-05-21,tester_04,2026-05-21 00:06:07,https://www.commcarehq.org/form/642060d7-e2df-4ef0-952a-60470be460c3,tester_04,True,47,6.0,10.3524024,7.2523049
599,627577c0-593f-4ab7-b8de-2e77f0b9b9d3,community_05,Elizabeth,James,male,1991-03-16,31789375011.0,8064691989,https://www.commcarehq.org/photos/farmer_599.jpg,8,crop_farming,6,owned,3,rain-fed,---,groundnuts rice,2.8,---,1.0,---,---,---,10.4595726 7.2231234 0.0 20.0,yes,1e314c27-a400-485a-a6df-d7c08dc60d13,2026-03-16 00:02:00,2026-03-16,tester_05,2026-03-16 00:02:17,https://www.commcarehq.org/form/627577c0-593f-4ab7-b8de-2e77f0b9b9d3,tester_05,True,35,2.0,10.4595726,7.2231234
600,9b00145e-d98e-47ce-8975-2b705e5bff15,community_04,Joseph,Ogunleye,male,1971-09-24,50376188914.0,8049599373,https://www.commcarehq.org/photos/farmer_600.jpg,6,mixed_farming,25,owned,3,other,Spring Water,groundnuts rice,1.5,---,0.9,rabbits,---,11,10.3668723 7.3536764 0.0 20.0,yes,848eb4b3-99a5-4a46-b5ae-5484194fb25d,2026-01-26 00:05:00,2026-01-26,tester_04,2026-01-26 00:05:15,https://www.commcarehq.org/form/9b00145e-d98e-47ce-8975-2b705e5bff15,tester_04,True,54,5.0,10.3668723,7.3536764
601,4892a89f-112b-4641-8c19-4bc5a397fd46,community_03,Ibrahim,Balogun,male,1982-01-24,82700005391.0,8093734092,https://www.commcarehq.org/photos/farmer_601.jpg,12,mixed_farming,11,owned,2,river_stream,---,rice groundnuts,1.4,---,2.0,goats rabbits,12,13,10.5567096 7.5446299 0.0 20.0,yes,89daf941-e34e-4295-9cc6-d2d3adc9eeac,2026-05-12 00:06:00,2026-05-12,tester_03,2026-05-12 00:06:20,https://www.commcarehq.org/form/4892a89f-112b-4641-8c19-4bc5a397fd46,tester_03,True,44,6.0,10.5567096,7.5446299
602,1c06e584-b27a-4b7d-8b46-0dfa6addcb39,community_07,Amina,Peter,female,1972-10-17,11828799704.0,8052340002,https://www.commcarehq.org/photos/farmer_602.jpg,2,crop_farming,14,owned,4,borehole,---,rice groundnuts,1.9,---,3.1,goats,21,---,10.3111908 7.2276653 0.0 20.0,yes,8a1413ca-6210-4a3a-9752-040b8fecb2e3,2026-05-29 00:02:00,2026-05-29,tester_07,2026-05-29 00:02:18,https://www.commcarehq.org/form/1c06e584-b27a-4b7d-8b46-0dfa6addcb39,tester_07,True,53,2.0,10.3111908,7.2276653
603,aa4634b5-45e5-4cbd-bf06-d3589b4252cf,community_05,Joy,Eze,male,1976-11-06,54121065086.0,8095136529,https://www.commcarehq.org/photos/farmer_603.jpg,6,crop_farming,32,owned,3,rain-fed,---,maize groundnuts,1.9,4.6,---,---,---,---,10.4511749 7.4194027 0.0 20.0,yes,8db8a412-b6e8-4e8d-8114-46ac99cd98ae,2026-04-21 00:02:00,2026-04-21,tester_05,2026-04-21 00:02:10,https://www.commcarehq.org/form/aa4634b5-45e5-4cbd-bf06-d3589b4252cf,tester_05,True,49,2.0,10.4511749,7.4194027
604,995b87d9-d91b-457c-8842-f4609e8c6bd2,community_05,James,Mohammed,male,1976-03-16,,8035915684,https://www.commcarehq.org/photos/farmer_604.jpg,5,mixed_farming,29,family_land,2,rain-fed,---,rice maize,---,6.2,0.9,goats,18,---,10.4951256 7.5973719 0.0 20.0,yes,8694eef0-8032-4da5-b395-2a383ef985e6,2026-02-10 00:03:00,2026-02-10,tester_05,2026-02-10 00:03:05,https://www.commcarehq.org/form/995b87d9-d91b-457c-8842-f4609e8c6bd2,tester_05,True,50,3.0,10.4951256,7.5973719
605,80185b64-d775-42b9-9a7d-577f3e6c5a07,community_04,Emmanuel,Balogun,male,1977-12-23,,8082516294,https://www.commcarehq.org/photos/farmer_605.jpg,8,crop_farming,20,family_land,1,river_stream,---,rice groundnuts,0.7,---,3.9,goats,2,---,10.2727173 7.4361422 0.0 20.0,yes,89907296-d7ee-42fe-ac5c-48aaa713d769,2026-06-14 00:07:00,2026-06-14,tester_04,2026-06-14 00:07:07,https://www.commcarehq.org/form/80185b64-d775-42b9-9a7d-577f3e6c5a07,tester_04,True,48,7.0,10.2727173,7.4361422
606,32e0db30-cd5e-4804-acee-93288f2a9aea,community_03,Paul,Yakubu,female,1974-11-17,49297152755.0,8078885458,https://www.commcarehq.org/photos/farmer_606.jpg,6,crop_farming,10,owned,6,rain-fed,---,groundnuts rice maize,1.1,4.6,2.5,goats,15,---,10.3090931 7.5197813 0.0 20.0,yes,bd1af306-4b4d-4a9e-8807-78a93c6930af,2026-06-13 00:05:00,2026-06-13,tester_03,2026-06-13 00:05:06,https://www.commcarehq.org/form/32e0db30-cd5e-4804-acee-93288f2a9aea,tester_03,True,51,5.0,10.3090931,7.5197813
607,ee14b4f7-41e5-4e72-ac10-27339429ab07,community_05,Mercy,Mohammed,female,1955-07-24,67746565558.0,8043508856,https://www.commcarehq.org/photos/farmer_607.jpg,6,crop_farming,38,owned,2,rain-fed,---,maize rice,---,1.5,3.4,goats,10,---,10.3773175 7.2821452 0.0 20.0,yes,60819f85-2646-4fa5-ae09-d2d968f02b8d,2026-02-09 00:02:00,2026-02-09,tester_05,2026-02-09 00:02:20,https://www.commcarehq.org/form/ee14b4f7-41e5-4e72-ac10-27339429ab07,tester_05,True,71,2.0,10.3773175,7.2821452
608,3f72cd25-acea-4689-ab04-e7c6134feb95,community_03,Sarah,Garba,female,1984-05-14,,8076630851,https://www.commcarehq.org/photos/farmer_608.jpg,7,mixed_farming,21,family_land,1,rain-fed,---,rice,---,---,3.4,goats,14,---,10.50417 7.5862896 0.0 20.0,yes,194cdf5b-ac24-4d4d-baf2-b5436977101e,2026-01-31 00:02:00,2026-01-31,tester_03,2026-01-31 00:02:19,https://www.commcarehq.org/form/3f72cd25-acea-4689-ab04-e7c6134feb95,tester_03,True,42,2.0,10.50417,7.5862896
609,51eda4a1-bba5-4feb-8795-a2207dffc0ce,community_04,Peter,Ibrahim,female,1983-12-26,43902176508.0,8029594399,https://www.commcarehq.org/photos/farmer_609.jpg,12,crop_farming,17,family_land,3,river_stream,---,maize,---,2.6,---,goats,17,---,10.495894 7.5063769 0.0 20.0,yes,d3436caf-cfc8-430a-9b4d-65f6a3f84a2d,2026-06-18 00:03:00,2026-06-18,tester_04,2026-06-18 00:03:08,https://www.commcarehq.org/form/51eda4a1-bba5-4feb-8795-a2207dffc0ce,tester_04,True,42,3.0,10.495894,7.5063769
610,95efaaca-1477-4955-8731-99362c50779e,community_02,Ibrahim,Ojo,male,1970-12-02,,8001046822,https://www.commcarehq.org/photos/farmer_610.jpg,5,livestock_farming,35,owned,1,rain-fed,---,groundnuts rice,2.4,---,3.8,---,---,---,10.5403327 7.2793808 0.0 20.0,yes,cd9d97bf-de62-440b-86d3-646e8eb21d52,2026-04-24 00:02:00,2026-04-24,tester_02,2026-04-24 00:02:15,https://www.commcarehq.org/form/95efaaca-1477-4955-8731-99362c50779e,tester_02,True,55,2.0,10.5403327,7.2793808
611,b1cb1cf6-fb04-4901-b59e-c69750f29942,community_05,Joseph,Haruna,female,1985-06-22,73877809514.0,8065816372,https://www.commcarehq.org/photos/farmer_611.jpg,6,livestock_farming,19,family_land,1,other,Community Well,maize rice groundnuts,0.7,1.8,1.0,goats,8,---,10.4024128 7.283325 0.0 20.0,yes,2d002c39-a810-40c3-8bc3-a0436a0e8daf,2026-05-30 00:05:00,2026-05-30,tester_05,2026-05-30 00:05:16,https://www.commcarehq.org/form/b1cb1cf6-fb04-4901-b59e-c69750f29942,tester_05,True,41,5.0,10.4024128,7.283325
612,86806edb-3c7e-46d7-badf-1773be512622,community_03,Elizabeth,Isa,female,1983-08-07,79168131535.0,8035771833,https://www.commcarehq.org/photos/farmer_612.jpg,8,livestock_farming,8,owned,6,rain-fed,---,maize rice groundnuts,2.0,5.3,0.6,---,---,---,10.3166548 7.3537203 0.0 20.0,yes,b34a89a9-fd3c-4dd3-bf20-a6316e4ce996,2026-03-07 00:05:00,2026-03-07,tester_03,2026-03-07 00:05:10,https://www.commcarehq.org/form/86806edb-3c7e-46d7-badf-1773be512622,tester_03,True,43,5.0,10.3166548,7.3537203
613,437b5c7e-8327-4aff-845c-a14d2b08bce6,community_05,Daniel,Balogun,female,1991-08-12,77117933064.0,8029910001,https://www.commcarehq.org/photos/farmer_613.jpg,1,mixed_farming,10,leased,1,borehole,---,rice maize,---,2.8,3.6,---,---,---,10.4249811 7.4775979 0.0 20.0,yes,039323f6-9511-4a09-8a48-5f421ebd4e4d,2026-03-15 00:02:00,2026-03-15,tester_05,2026-03-15 00:02:09,https://www.commcarehq.org/form/437b5c7e-8327-4aff-845c-a14d2b08bce6,tester_05,True,34,2.0,10.4249811,7.4775979
614,863e991d-d835-4cee-b187-b8fa4114689b,community_04,Suleiman,Tanko,male,1993-03-28,,8001969756,https://www.commcarehq.org/photos/farmer_614.jpg,6,mixed_farming,4,owned,2,rain-fed,---,maize rice,---,3.1,0.8,goats,12,---,10.5661082 7.3111539 0.0 20.0,yes,6ba5244e-d976-458e-a7e6-99102ac67d38,2026-01-09 00:03:00,2026-01-09,tester_04,2026-01-09 00:03:09,https://www.commcarehq.org/form/863e991d-d835-4cee-b187-b8fa4114689b,tester_04,True,33,3.0,10.5661082,7.3111539
615,8d1a4ca8-42cb-4c35-8d22-1f14957466a1,community_01,Yusuf,Garba,male,1986-06-04,,8024424370,https://www.commcarehq.org/photos/farmer_615.jpg,6,mixed_farming,9,family_land,1,rain-fed,---,groundnuts,1.1,---,---,rabbits,---,21,10.5405865 7.5631863 0.0 20.0,yes,57146ddf-13ae-4080-8304-ba0893b40540,2026-03-20 00:03:00,2026-03-20,tester_01,2026-03-20 00:03:17,https://www.commcarehq.org/form/8d1a4ca8-42cb-4c35-8d22-1f14957466a1,tester_01,True,40,3.0,10.5405865,7.5631863
616,d66a5aa2-96b9-41fb-8511-a6e4206987d0,community_06,Mary,Sani,male,1983-12-30,89747284809.0,8073936351,https://www.commcarehq.org/photos/farmer_616.jpg,4,livestock_farming,9,family_land,2,rain-fed,---,maize groundnuts rice,2.4,2.5,0.7,---,---,---,10.5747165 7.5874175 0.0 20.0,yes,734b5802-7d3b-415a-9ee8-b6406edd9000,2026-06-24 00:04:00,2026-06-24,tester_06,2026-06-24 00:04:17,https://www.commcarehq.org/form/d66a5aa2-96b9-41fb-8511-a6e4206987d0,tester_06,True,42,4.0,10.5747165,7.5874175
617,fdb39fa6-8efc-4211-95d4-20cee3a1f683,community_03,Rebecca,Sani,female,1996-02-06,19592487992.0,8023370628,https://www.commcarehq.org/photos/farmer_617.jpg,4,mixed_farming,10,owned,3,river_stream,---,groundnuts,0.8,---,---,---,---,---,10.4332652 7.314166 0.0 20.0,yes,c407a955-75ac-4361-bcd0-8d16d4cb958d,2026-06-16 00:05:00,2026-06-16,tester_03,2026-06-16 00:05:18,https://www.commcarehq.org/form/fdb39fa6-8efc-4211-95d4-20cee3a1f683,tester_03,True,30,5.0,10.4332652,7.314166
618,e8314c02-3e36-4bfc-9b47-f28221539a35,community_01,John,Musa,female,1968-06-19,76726240618.0,8090200024,https://www.commcarehq.org/photos/farmer_618.jpg,6,mixed_farming,32,family_land,1,rain-fed,---,rice maize groundnuts,1.6,1.3,3.2,---,---,---,10.4191664 7.535141 0.0 20.0,yes,ed67c670-5282-484b-93d1-5fcddb704429,2026-04-20 00:08:00,2026-04-20,tester_01,2026-04-20 00:08:11,https://www.commcarehq.org/form/e8314c02-3e36-4bfc-9b47-f28221539a35,tester_01,True,58,8.0,10.4191664,7.535141
619,4406fecf-9a73-46bf-9f6e-20da867a5e6b,community_02,Paul,Balogun,male,1960-07-21,,8000109436,https://www.commcarehq.org/photos/farmer_619.jpg,11,livestock_farming,9,owned,5,borehole,---,maize,---,3.0,---,goats rabbits,12,22,10.4954141 7.4265559 0.0 20.0,no,34ef1619-e08f-42d5-bfac-66b18bb6ea18,2026-04-13 00:05:00,2026-04-13,tester_02,2026-04-13 00:05:12,https://www.commcarehq.org/form/4406fecf-9a73-46bf-9f6e-20da867a5e6b,tester_02,True,66,5.0,10.4954141,7.4265559
620,1f8ef398-c76b-4527-89a2-137d20f1397b,community_02,Suleiman,Yakubu,male,2006-02-14,57206903812.0,8029160360,https://www.commcarehq.org/photos/farmer_620.jpg,8,livestock_farming,1,family_land,2,rain-fed,---,groundnuts rice maize,2.1,2.7,2.3,rabbits,---,15,10.2633295 7.493175 0.0 20.0,yes,9e6488ed-b138-4728-82fc-6343b97848f6,2026-04-16 00:07:00,2026-04-16,tester_02,2026-04-16 00:07:14,https://www.commcarehq.org/form/1f8ef398-c76b-4527-89a2-137d20f1397b,tester_02,True,20,7.0,10.2633295,7.493175
621,b1eeac54-3927-41a2-99fb-2e916478fea8,community_02,John,Ahmed,male,1991-09-01,13406129334.0,8015411089,https://www.commcarehq.org/photos/farmer_621.jpg,4,mixed_farming,8,owned,3,rain-fed,---,rice,---,---,2.2,goats,14,---,10.2368461 7.4753431 0.0 20.0,yes,ba648ad5-89a1-41ef-8ee2-ecbb3372d946,2026-04-14 00:04:00,2026-04-14,tester_02,2026-04-14 00:04:15,https://www.commcarehq.org/form/b1eeac54-3927-41a2-99fb-2e916478fea8,tester_02,True,34,4.0,10.2368461,7.4753431
622,1d0ead0a-2e73-4793-b8dd-71da6b89271a,community_04,Fatima,Mohammed,male,1961-01-09,,8085643273,https://www.commcarehq.org/photos/farmer_622.jpg,4,crop_farming,19,leased,2,rain-fed,---,maize groundnuts rice,1.0,4.0,2.9,rabbits,---,38,10.4205777 7.3356336 0.0 20.0,yes,2c38bac4-ca99-44fe-81fe-5593b1a1c0b5,2026-03-16 00:03:00,2026-03-16,tester_04,2026-03-16 00:03:17,https://www.commcarehq.org/form/1d0ead0a-2e73-4793-b8dd-71da6b89271a,tester_04,True,65,3.0,10.4205777,7.3356336
623,c56516cc-80d3-4ff4-8d72-802a2e2ce311,community_04,Blessing,Peter,male,1995-04-20,99607669169.0,8064169326,https://www.commcarehq.org/photos/farmer_623.jpg,6,crop_farming,11,owned,2,rain-fed,---,groundnuts maize rice,2.0,1.9,2.6,---,---,---,10.4629092 7.3661122 0.0 20.0,yes,2d755b3d-a474-4a36-a84a-f31527fc2148,2026-02-27 00:07:00,2026-02-27,tester_04,2026-02-27 00:07:07,https://www.commcarehq.org/form/c56516cc-80d3-4ff4-8d72-802a2e2ce311,tester_04,True,31,7.0,10.4629092,7.3661122
624,ab1e9562-c9c9-44e3-a0be-c7d7bfdbfe5d,community_01,Naomi,Abdullahi,male,1989-05-26,74523815205.0,8084341800,https://www.commcarehq.org/photos/farmer_624.jpg,7,livestock_farming,1,owned,1,rain-fed,---,groundnuts,0.8,---,---,goats,11,---,10.2785837 7.5072855 0.0 20.0,yes,60054ab5-2f12-465f-9b55-90429e26f270,2026-04-24 00:05:00,2026-04-24,tester_01,2026-04-24 00:05:10,https://www.commcarehq.org/form/ab1e9562-c9c9-44e3-a0be-c7d7bfdbfe5d,tester_01,True,37,5.0,10.2785837,7.5072855
625,c72b1e05-6e29-459d-b307-349bfae2a4f8,community_02,James,Haruna,male,1983-12-26,,8027285475,https://www.commcarehq.org/photos/farmer_625.jpg,7,crop_farming,19,owned,6,rain-fed,---,maize rice groundnuts,1.9,1.0,1.9,rabbits,---,37,10.2896786 7.3314546 0.0 20.0,yes,fb92ee0c-90c6-41b0-8513-d758584f2e03,2026-01-09 00:02:00,2026-01-09,tester_02,2026-01-09 00:02:17,https://www.commcarehq.org/form/c72b1e05-6e29-459d-b307-349bfae2a4f8,tester_02,True,42,2.0,10.2896786,7.3314546
626,0c92ee76-da35-4c74-81a2-624e6f539ace,community_01,Daniel,Abdullahi,female,2002-03-03,16807957738.0,8070222468,https://www.commcarehq.org/photos/farmer_626.jpg,8,crop_farming,1,owned,3,borehole,---,rice,---,---,0.7,goats,15,---,10.286604 7.2295654 0.0 20.0,yes,c47464f1-0f3a-4d3f-acc0-036f84cdc48c,2026-05-20 00:02:00,2026-05-20,tester_01,2026-05-20 00:02:08,https://www.commcarehq.org/form/0c92ee76-da35-4c74-81a2-624e6f539ace,tester_01,True,24,2.0,10.286604,7.2295654
627,4a4d5a95-8afb-47c9-9146-078cfe21f11d,community_03,Musa,Okafor,female,1985-06-29,97237445223.0,8081915889,https://www.commcarehq.org/photos/farmer_627.jpg,6,mixed_farming,3,leased,5,rain-fed,---,maize,---,3.5,---,---,---,---,10.4214069 7.5552621 0.0 20.0,yes,a9ee97dc-86e4-4481-a603-395ba6200b08,2026-02-23 00:04:00,2026-02-23,tester_03,2026-02-23 00:04:11,https://www.commcarehq.org/form/4a4d5a95-8afb-47c9-9146-078cfe21f11d,tester_03,True,41,4.0,10.4214069,7.5552621
628,845bcdf5-dc2e-4e41-951d-01521ba34e1f,community_01,Grace,Ogunleye,male,1962-11-11,,8090930707,https://www.commcarehq.org/photos/farmer_628.jpg,3,livestock_farming,46,owned,3,river_stream,---,groundnuts,1.3,---,---,---,---,---,10.2646288 7.573141 0.0 20.0,yes,429c1b4c-a7b5-487f-9446-fb19721f7e45,2026-06-17 00:02:00,2026-06-17,tester_01,2026-06-17 00:02:14,https://www.commcarehq.org/form/845bcdf5-dc2e-4e41-951d-01521ba34e1f,tester_01,True,63,2.0,10.2646288,7.573141
629,cf73201b-618d-4e88-a3a5-0b4e3f563c9b,community_01,Sarah,Haruna,male,1972-02-03,21584387450.0,8076945424,https://www.commcarehq.org/photos/farmer_629.jpg,12,crop_farming,8,family_land,6,other,Rainwater Harvesting,rice,---,---,1.0,goats rabbits,3,17,10.2329605 7.3342062 0.0 20.0,yes,530c7c87-8617-4e55-852a-b7e09bb1db2e,2026-04-16 00:06:00,2026-04-16,tester_01,2026-04-16 00:06:18,https://www.commcarehq.org/form/cf73201b-618d-4e88-a3a5-0b4e3f563c9b,tester_01,True,54,6.0,10.2329605,7.3342062
630,e1e0ad16-27c7-4f57-9c3f-7436275a7e8d,community_07,Rebecca,David,male,1981-01-21,32862862438.0,8074301348,https://www.commcarehq.org/photos/farmer_630.jpg,8,mixed_farming,9,owned,2,rain-fed,---,rice groundnuts maize,0.6,1.1,4.0,---,---,---,10.3805671 7.575632 0.0 20.0,yes,407b823a-d741-439d-b474-a0264af61449,2026-02-23 00:04:00,2026-02-23,tester_07,2026-02-23 00:04:16,https://www.commcarehq.org/form/e1e0ad16-27c7-4f57-9c3f-7436275a7e8d,tester_07,True,45,4.0,10.3805671,7.575632
631,cbd1d7df-e597-4d5a-9629-bcf2a0ebf975,community_06,Musa,Michael,male,1951-08-28,,8043164030,https://www.commcarehq.org/photos/farmer_631.jpg,11,crop_farming,15,owned,2,dam_reservoir,---,groundnuts maize,0.6,4.7,---,goats,5,---,10.2013722 7.4552686 0.0 20.0,yes,8718b3d4-6445-4a2c-94fe-999f29f47cb2,2026-04-15 00:06:00,2026-04-15,tester_06,2026-04-15 00:06:06,https://www.commcarehq.org/form/cbd1d7df-e597-4d5a-9629-bcf2a0ebf975,tester_06,True,74,6.0,10.2013722,7.4552686
632,7b015227-530f-4236-aa61-4c1d00f04414,community_05,Paul,Lawal,male,2006-07-03,36493508045.0,8051371251,https://www.commcarehq.org/photos/farmer_632.jpg,11,crop_farming,1,owned,2,rain-fed,---,groundnuts rice,1.2,---,0.6,---,---,---,10.4421358 7.2463288 0.0 20.0,yes,74f3d82b-5c61-4195-981c-ffc3acca266c,2026-01-27 00:07:00,2026-01-27,tester_05,2026-01-27 00:07:08,https://www.commcarehq.org/form/7b015227-530f-4236-aa61-4c1d00f04414,tester_05,True,20,7.0,10.4421358,7.2463288
633,43a4fd3f-fa09-4555-ac66-b692f13d16a4,community_07,Daniel,Adeyemi,male,1971-04-07,32100264909.0,8075187417,https://www.commcarehq.org/photos/farmer_633.jpg,8,livestock_farming,30,owned,6,rain-fed,---,groundnuts,2.7,---,---,goats,11,---,10.484918 7.3317713 0.0 20.0,yes,306daa36-3e23-46b3-bc9d-63ef0411d37e,2026-06-06 00:04:00,2026-06-06,tester_07,2026-06-06 00:04:09,https://www.commcarehq.org/form/43a4fd3f-fa09-4555-ac66-b692f13d16a4,tester_07,True,55,4.0,10.484918,7.3317713
634,e5234e68-0341-4113-802e-0b764dd1bb2f,community_06,Esther,Lawal,female,1958-02-21,50605188850.0,8076516692,https://www.commcarehq.org/photos/farmer_634.jpg,6,livestock_farming,36,family_land,1,rain-fed,---,rice groundnuts maize,0.7,5.4,2.7,---,---,---,10.5724652 7.5615438 0.0 20.0,yes,34c377f2-f191-4a0a-88a4-8a9961979c95,2026-04-14 00:06:00,2026-04-14,tester_06,2026-04-14 00:06:05,https://www.commcarehq.org/form/e5234e68-0341-4113-802e-0b764dd1bb2f,tester_06,True,68,6.0,10.5724652,7.5615438
635,12470e04-f85d-4481-8ce2-3a12d5d47366,community_02,Ibrahim,Sani,male,1989-01-01,13299204248.0,8052578646,https://www.commcarehq.org/photos/farmer_635.jpg,8,mixed_farming,18,owned,4,rain-fed,---,maize groundnuts,1.1,5.0,---,goats rabbits,3,22,10.2575607 7.3657498 0.0 20.0,yes,c5667472-388b-4bde-ad80-3a6f71302f18,2026-04-18 00:07:00,2026-04-18,tester_02,2026-04-18 00:07:07,https://www.commcarehq.org/form/12470e04-f85d-4481-8ce2-3a12d5d47366,tester_02,True,37,7.0,10.2575607,7.3657498
636,4421e07c-5556-4dd9-bc89-763955fb985e,community_02,Naomi,Sani,male,1995-10-20,93315786788.0,8066823749,https://www.commcarehq.org/photos/farmer_636.jpg,5,mixed_farming,11,owned,5,rain-fed,---,rice groundnuts,2.4,---,1.5,rabbits,---,9,10.4880585 7.3368032 0.0 20.0,yes,99d2d0d6-6915-457f-9331-7fd40831ad47,2026-04-12 00:06:00,2026-04-12,tester_02,2026-04-12 00:06:08,https://www.commcarehq.org/form/4421e07c-5556-4dd9-bc89-763955fb985e,tester_02,True,30,6.0,10.4880585,7.3368032
637,86035e93-6d51-44ea-bc8b-30b263312fc4,community_02,Ibrahim,Johnson,male,1967-07-02,78006926011.0,8053114272,https://www.commcarehq.org/photos/farmer_637.jpg,4,mixed_farming,23,owned,1,rain-fed,---,groundnuts maize rice,0.6,0.6,3.4,---,---,---,10.5619284 7.4760634 0.0 20.0,yes,23d313ac-c48d-4f9e-85a5-0ecc13e90c23,2026-04-24 00:03:00,2026-04-24,tester_02,2026-04-24 00:03:08,https://www.commcarehq.org/form/86035e93-6d51-44ea-bc8b-30b263312fc4,tester_02,True,59,3.0,10.5619284,7.4760634
638,7c0831e8-e184-4bf2-b634-fd41ff771e2e,community_04,Rebecca,Eze,male,2004-05-23,34778089965.0,8093214649,https://www.commcarehq.org/photos/farmer_638.jpg,3,mixed_farming,1,leased,1,rain-fed,---,groundnuts maize rice,0.5,1.4,2.0,rabbits,---,38,10.2957438 7.2974075 0.0 20.0,yes,2b389826-4b2e-4aee-9d91-654ef2c58859,2026-02-27 00:05:00,2026-02-27,tester_04,2026-02-27 00:05:20,https://www.commcarehq.org/form/7c0831e8-e184-4bf2-b634-fd41ff771e2e,tester_04,True,22,5.0,10.2957438,7.2974075
639,cc89971e-f48a-45d2-bc8e-4f62f61dac96,community_01,Grace,Yusuf,male,1996-09-14,24732970113.0,8031376707,https://www.commcarehq.org/photos/farmer_639.jpg,5,mixed_farming,10,leased,1,rain-fed,---,rice groundnuts,0.8,---,1.3,---,---,---,10.3874892 7.5664196 0.0 20.0,yes,951f1813-3529-44b6-95ef-3a6c4b7355fb,2026-01-20 00:04:00,2026-01-20,tester_01,2026-01-20 00:04:15,https://www.commcarehq.org/form/cc89971e-f48a-45d2-bc8e-4f62f61dac96,tester_01,True,29,4.0,10.3874892,7.5664196
640,a23de436-fc1c-46d2-be59-ec7d49c17f64,community_03,Samuel,Balogun,male,1996-05-09,37284826719.0,8066104497,https://www.commcarehq.org/photos/farmer_640.jpg,1,mixed_farming,7,owned,1,rain-fed,---,rice,---,---,2.8,rabbits,---,6,10.5188614 7.449979 0.0 20.0,yes,e2544468-d90b-4178-9540-76cdbb64f3ec,2026-03-04 00:02:00,2026-03-04,tester_03,2026-03-04 00:02:08,https://www.commcarehq.org/form/a23de436-fc1c-46d2-be59-ec7d49c17f64,tester_03,True,30,2.0,10.5188614,7.449979
641,1b6d1733-3c0f-457f-ae37-7a5e6cb96f7d,community_03,Binta,Sani,female,1989-08-22,,8062216131,https://www.commcarehq.org/photos/farmer_641.jpg,4,mixed_farming,17,owned,1,rain-fed,---,groundnuts maize,1.0,0.7,---,---,---,---,10.5320712 7.5091637 0.0 20.0,yes,33d2af87-644c-4979-a7a8-80960c5e0133,2026-05-18 00:06:00,2026-05-18,tester_03,2026-05-18 00:06:09,https://www.commcarehq.org/form/1b6d1733-3c0f-457f-ae37-7a5e6cb96f7d,tester_03,True,36,6.0,10.5320712,7.5091637
642,625eb916-6ddb-4cc5-af48-6c3b5047e6e3,community_06,Yusuf,Ogunleye,male,2002-01-12,81409711603.0,8083297524,https://www.commcarehq.org/photos/farmer_642.jpg,7,crop_farming,5,owned,2,irrigation_scheme,---,groundnuts,0.7,---,---,---,---,---,10.2121335 7.3551341 0.0 20.0,yes,5b9a88e1-3723-4e3d-8fd9-8ef12961508f,2026-06-29 00:05:00,2026-06-29,tester_06,2026-06-29 00:05:17,https://www.commcarehq.org/form/625eb916-6ddb-4cc5-af48-6c3b5047e6e3,tester_06,True,24,5.0,10.2121335,7.3551341
643,de83c6cd-0f47-4c94-9056-1352803730fe,community_02,David,Ali,female,1971-06-13,,8049339948,https://www.commcarehq.org/photos/farmer_643.jpg,8,crop_farming,31,leased,2,rain-fed,---,maize groundnuts rice,1.2,5.3,1.5,goats rabbits,5,28,10.4501897 7.3259606 0.0 20.0,yes,46fc4fac-54ca-4692-9462-1cb36bdb4ee4,2026-05-29 00:03:00,2026-05-29,tester_02,2026-05-29 00:03:18,https://www.commcarehq.org/form/de83c6cd-0f47-4c94-9056-1352803730fe,tester_02,True,55,3.0,10.4501897,7.3259606
644,4b3d7929-afb5-4349-a0d7-eea794559e4e,community_02,Mercy,Philip,male,1998-06-11,,8077871977,https://www.commcarehq.org/photos/farmer_644.jpg,7,crop_farming,5,leased,4,rain-fed,---,maize groundnuts rice,0.9,1.7,3.6,---,---,---,10.4758293 7.5418406 0.0 20.0,yes,6a8a0adf-20af-4408-a764-4c3ea3fcb436,2026-06-28 00:02:00,2026-06-28,tester_02,2026-06-28 00:02:14,https://www.commcarehq.org/form/4b3d7929-afb5-4349-a0d7-eea794559e4e,tester_02,True,28,2.0,10.4758293,7.5418406
645,71812d99-0a5a-4e3c-9f43-06b89911fba9,community_07,Ruth,Balogun,female,1974-01-04,50887025210.0,8060026125,https://www.commcarehq.org/photos/farmer_645.jpg,4,mixed_farming,10,family_land,3,rain-fed,---,rice,---,---,3.7,---,---,---,10.3781068 7.3581697 0.0 20.0,yes,d2ec7e6c-ed92-4839-8476-c7ed7d1f0598,2026-02-26 00:07:00,2026-02-26,tester_07,2026-02-26 00:07:09,https://www.commcarehq.org/form/71812d99-0a5a-4e3c-9f43-06b89911fba9,tester_07,True,52,7.0,10.3781068,7.3581697
646,39b0ef19-45ad-4fac-87c2-de038379d30b,community_06,Paul,Abdullahi,male,1995-06-05,,8088090862,https://www.commcarehq.org/photos/farmer_646.jpg,2,livestock_farming,4,owned,1,rain-fed,---,maize groundnuts rice,2.8,4.6,2.6,---,---,---,10.2343176 7.2827382 0.0 20.0,no,73a4c45b-6a49-498d-abe4-8a4a00789b7d,2026-03-27 00:07:00,2026-03-27,tester_06,2026-03-27 00:07:13,https://www.commcarehq.org/form/39b0ef19-45ad-4fac-87c2-de038379d30b,tester_06,True,31,7.0,10.2343176,7.2827382
647,52ba4256-f421-4c53-bcc3-1b8873a1c136,community_04,Musa,Michael,male,1962-07-05,46160646124.0,8058112389,https://www.commcarehq.org/photos/farmer_647.jpg,4,livestock_farming,1,owned,2,rain-fed,---,rice groundnuts,1.9,---,0.7,---,---,---,10.4308308 7.5029328 0.0 20.0,yes,6bb4a7fc-0f1b-4975-87c8-b226c555cf49,2026-03-15 00:04:00,2026-03-15,tester_04,2026-03-15 00:04:07,https://www.commcarehq.org/form/52ba4256-f421-4c53-bcc3-1b8873a1c136,tester_04,True,64,4.0,10.4308308,7.5029328
648,6adccc07-7d9d-4ee9-b26b-ced2775359a3,community_01,Grace,Mohammed,male,1989-10-23,38720891179.0,8081615233,https://www.commcarehq.org/photos/farmer_648.jpg,1,crop_farming,13,owned,2,rain-fed,---,maize rice,---,0.7,3.9,rabbits,---,31,10.5161239 7.4628232 0.0 20.0,yes,30de4f89-543f-443b-bb31-61a660405ddb,2026-06-05 00:06:00,2026-06-05,tester_01,2026-06-05 00:06:11,https://www.commcarehq.org/form/6adccc07-7d9d-4ee9-b26b-ced2775359a3,tester_01,True,36,6.0,10.5161239,7.4628232
649,211a36a7-bf13-47b1-a0de-eff0f90df4e3,community_03,Mary,Usman,male,1989-12-05,,8054058337,https://www.commcarehq.org/photos/farmer_649.jpg,7,crop_farming,16,leased,3,rain-fed,---,groundnuts maize rice,1.1,4.4,0.7,goats,12,---,10.2599805 7.347847 0.0 20.0,yes,635b042e-32e9-4482-889e-c3d7d995fd88,2026-03-03 00:03:00,2026-03-03,tester_03,2026-03-03 00:03:10,https://www.commcarehq.org/form/211a36a7-bf13-47b1-a0de-eff0f90df4e3,tester_03,True,36,3.0,10.2599805,7.347847
650,d116b87e-33ad-4bb9-a088-162f4f46d711,community_02,Joseph,David,female,1996-11-04,18775968349.0,8065245628,https://www.commcarehq.org/photos/farmer_650.jpg,2,livestock_farming,8,owned,2,rain-fed,---,groundnuts maize rice,0.7,2.7,3.1,goats rabbits,12,35,10.3482467 7.3199297 0.0 20.0,yes,515f095a-ce56-4a4a-a417-cd57286dab02,2026-03-03 00:02:00,2026-03-03,tester_02,2026-03-03 00:02:19,https://www.commcarehq.org/form/d116b87e-33ad-4bb9-a088-162f4f46d711,tester_02,True,29,2.0,10.3482467,7.3199297
651,f41aa73e-73f4-4c5c-896d-b466e719db97,community_06,Elizabeth,Yusuf,male,1979-05-10,,8086728897,https://www.commcarehq.org/photos/farmer_651.jpg,6,mixed_farming,4,leased,3,rain-fed,---,rice maize groundnuts,1.0,5.2,0.7,goats rabbits,4,5,10.5309121 7.4865312 0.0 20.0,yes,e9e9fceb-afe0-4a6b-a183-4442e6d4c774,2026-02-19 00:04:00,2026-02-19,tester_06,2026-02-19 00:04:14,https://www.commcarehq.org/form/f41aa73e-73f4-4c5c-896d-b466e719db97,tester_06,True,47,4.0,10.5309121,7.4865312
652,e8f83418-6591-4ab7-824b-a1811f2b5895,community_04,Naomi,Adeyemi,female,1988-07-21,,8090697415,https://www.commcarehq.org/photos/farmer_652.jpg,8,mixed_farming,14,owned,2,rain-fed,---,groundnuts maize,1.8,1.9,---,goats rabbits,10,25,10.2609357 7.5744677 0.0 20.0,yes,75aaf0f4-49c3-4c18-9fe7-4efceeebf8cb,2026-02-05 00:07:00,2026-02-05,tester_04,2026-02-05 00:07:17,https://www.commcarehq.org/form/e8f83418-6591-4ab7-824b-a1811f2b5895,tester_04,True,38,7.0,10.2609357,7.5744677
653,b2361442-6588-47a4-8509-42d0b096a1a9,community_05,Daniel,Daniel,female,1984-05-07,,8057260064,https://www.commcarehq.org/photos/farmer_653.jpg,4,crop_farming,21,owned,1,rain-fed,---,rice groundnuts maize,0.7,4.8,3.7,goats,2,---,10.2538201 7.3394596 0.0 20.0,yes,6583eb56-f09e-41e8-956a-4e1185946f5a,2026-02-23 00:07:00,2026-02-23,tester_05,2026-02-23 00:07:13,https://www.commcarehq.org/form/b2361442-6588-47a4-8509-42d0b096a1a9,tester_05,True,42,7.0,10.2538201,7.3394596
654,cb383ed0-36f1-4428-9ead-9e034fd8878e,community_06,Elizabeth,Johnson,female,1973-03-24,80899602528.0,8073861540,https://www.commcarehq.org/photos/farmer_654.jpg,5,mixed_farming,27,leased,2,borehole,---,groundnuts,0.6,---,---,goats,17,---,10.5269147 7.3630673 0.0 20.0,yes,e99b3b9c-b08a-4a7d-abb7-b6bd94d5ead1,2026-05-13 00:03:00,2026-05-13,tester_06,2026-05-13 00:03:14,https://www.commcarehq.org/form/cb383ed0-36f1-4428-9ead-9e034fd8878e,tester_06,True,53,3.0,10.5269147,7.3630673
655,165ce26d-a8b0-4447-ac44-9b21834ab3d7,community_03,Ibrahim,Mohammed,female,1983-10-30,,8020086156,https://www.commcarehq.org/photos/farmer_655.jpg,3,mixed_farming,11,owned,1,rain-fed,---,groundnuts,1.7,---,---,goats,22,---,10.222808 7.4579859 0.0 20.0,yes,0a51a631-5b25-4717-97aa-677a517ea8fc,2026-03-02 00:04:00,2026-03-02,tester_03,2026-03-02 00:04:18,https://www.commcarehq.org/form/165ce26d-a8b0-4447-ac44-9b21834ab3d7,tester_03,True,42,4.0,10.222808,7.4579859
656,f12f4baf-000e-4482-b559-82219d07da01,community_06,Elizabeth,Daniel,male,1973-07-08,14544987672.0,8075552557,https://www.commcarehq.org/photos/farmer_656.jpg,5,crop_farming,34,family_land,1,dam_reservoir,---,maize,---,3.8,---,---,---,---,10.4499973 7.2202289 0.0 20.0,yes,5b96c39b-eb42-427f-b4fb-b2d5b8800619,2026-01-13 00:04:00,2026-01-13,tester_06,2026-01-13 00:04:12,https://www.commcarehq.org/form/f12f4baf-000e-4482-b559-82219d07da01,tester_06,True,53,4.0,10.4499973,7.2202289
657,2d9c5f35-7d36-48e0-a84d-584002ca2f27,community_05,David,Usman,male,1970-04-19,12760363497.0,8058116539,https://www.commcarehq.org/photos/farmer_657.jpg,7,mixed_farming,17,family_land,1,irrigation_scheme,---,groundnuts,3.0,---,---,rabbits,---,24,10.4723523 7.5787511 0.0 20.0,yes,522470e9-c41d-46cd-82f4-c35ede60fceb,2026-03-04 00:02:00,2026-03-04,tester_05,2026-03-04 00:02:18,https://www.commcarehq.org/form/2d9c5f35-7d36-48e0-a84d-584002ca2f27,tester_05,True,56,2.0,10.4723523,7.5787511
658,989a40a4-f461-4527-b582-bb2d31a29a9e,community_04,John,Eze,male,1984-05-24,27125904798.0,8071429730,https://www.commcarehq.org/photos/farmer_658.jpg,2,mixed_farming,4,owned,2,irrigation_scheme,---,rice groundnuts maize,2.8,3.1,2.3,---,---,---,10.2351126 7.4618961 0.0 20.0,yes,37214f4a-e405-4d69-a451-923dd95d07f1,2026-06-13 00:03:00,2026-06-13,tester_04,2026-06-13 00:03:19,https://www.commcarehq.org/form/989a40a4-f461-4527-b582-bb2d31a29a9e,tester_04,True,42,3.0,10.2351126,7.4618961
659,f44a1570-c6ce-421b-825f-cb6757ca0511,community_07,Rebecca,Okafor,male,1989-11-25,81687856885.0,8006160381,https://www.commcarehq.org/photos/farmer_659.jpg,7,livestock_farming,18,leased,1,rain-fed,---,maize,---,3.9,---,goats,12,---,10.3906485 7.3859413 0.0 20.0,yes,6e3154df-866c-41f7-a5c3-cbc505f1ec63,2026-06-04 00:08:00,2026-06-04,tester_07,2026-06-04 00:08:20,https://www.commcarehq.org/form/f44a1570-c6ce-421b-825f-cb6757ca0511,tester_07,True,36,8.0,10.3906485,7.3859413
660,a95f323a-3625-4598-9a47-92403357f4d5,community_03,Amina,Sani,female,1954-10-20,52670791622.0,8014873510,https://www.commcarehq.org/photos/farmer_660.jpg,4,crop_farming,26,owned,1,rain-fed,---,groundnuts maize rice,0.6,5.7,1.8,goats,24,---,10.3047561 7.4377463 0.0 20.0,yes,19c072d0-51cc-4f4e-a238-7ba73eb45060,2026-05-14 00:05:00,2026-05-14,tester_03,2026-05-14 00:05:20,https://www.commcarehq.org/form/a95f323a-3625-4598-9a47-92403357f4d5,tester_03,True,71,5.0,10.3047561,7.4377463
661,cbdaf20a-1891-44e3-b426-b3c5811d1d00,community_03,Samuel,Musa,female,1983-09-14,23415292532.0,8071605802,https://www.commcarehq.org/photos/farmer_661.jpg,11,crop_farming,6,owned,1,rain-fed,---,rice,---,---,2.5,goats rabbits,3,33,10.4555755 7.2079252 0.0 20.0,yes,12e4bab6-d217-4781-91dd-19b432da0974,2026-03-08 00:08:00,2026-03-08,tester_03,2026-03-08 00:08:10,https://www.commcarehq.org/form/cbdaf20a-1891-44e3-b426-b3c5811d1d00,tester_03,True,42,8.0,10.4555755,7.2079252
662,1e569dd6-e84c-46dc-8aa2-eb5838e454b6,community_07,Binta,Ogunleye,male,1986-11-22,51382251872.0,8096386873,https://www.commcarehq.org/photos/farmer_662.jpg,8,crop_farming,16,owned,3,irrigation_scheme,---,maize,---,4.4,---,goats,13,---,10.3321225 7.2262334 0.0 20.0,yes,69fc10d7-2d28-4da3-8a7e-86a7d050c2c3,2026-04-20 00:06:00,2026-04-20,tester_07,2026-04-20 00:06:18,https://www.commcarehq.org/form/1e569dd6-e84c-46dc-8aa2-eb5838e454b6,tester_07,True,39,6.0,10.3321225,7.2262334
663,bbf6e885-7d33-4bc8-a1bd-ddceae0462f8,community_03,Deborah,Yakubu,male,1971-10-29,84288647169.0,8072935414,https://www.commcarehq.org/photos/farmer_663.jpg,6,mixed_farming,34,owned,6,river_stream,---,maize rice,---,0.5,2.3,---,---,---,10.5092558 7.4601778 0.0 20.0,yes,3fc60077-062e-4bac-8609-aec0b6cefc1f,2026-06-06 00:06:00,2026-06-06,tester_03,2026-06-06 00:06:11,https://www.commcarehq.org/form/bbf6e885-7d33-4bc8-a1bd-ddceae0462f8,tester_03,True,54,6.0,10.5092558,7.4601778
664,368010bd-0a5a-4027-b956-16b5ca75b7f3,community_05,Binta,Mohammed,male,1969-09-13,,8080073737,https://www.commcarehq.org/photos/farmer_664.jpg,7,crop_farming,1,owned,1,irrigation_scheme,---,groundnuts rice maize,1.6,6.0,2.2,goats,20,---,10.4539745 7.5688344 0.0 20.0,yes,9900e61f-140a-4f19-908f-eba366822334,2026-06-25 00:02:00,2026-06-25,tester_05,2026-06-25 00:02:12,https://www.commcarehq.org/form/368010bd-0a5a-4027-b956-16b5ca75b7f3,tester_05,True,56,2.0,10.4539745,7.5688344
665,9c319bef-212f-44b7-94f0-7a55226fae8c,community_04,Amina,Bello,male,1991-05-15,30085775530.0,8066236902,https://www.commcarehq.org/photos/farmer_665.jpg,4,crop_farming,9,family_land,3,rain-fed,---,maize,---,4.2,---,---,---,---,10.2314677 7.4886203 0.0 20.0,yes,82b89d1e-f879-49f7-bf94-1459b5d28288,2026-01-29 00:03:00,2026-01-29,tester_04,2026-01-29 00:03:12,https://www.commcarehq.org/form/9c319bef-212f-44b7-94f0-7a55226fae8c,tester_04,True,35,3.0,10.2314677,7.4886203
666,115ef44e-5009-44f3-9ab5-1465a445f723,community_05,Blessing,Yusuf,male,1970-01-13,28314566994.0,8058316103,https://www.commcarehq.org/photos/farmer_666.jpg,4,mixed_farming,23,owned,1,borehole,---,rice,---,---,3.4,---,---,---,10.3296716 7.231357 0.0 20.0,yes,5cfb1cff-713c-404d-bd76-a92ab5d0532d,2026-03-19 00:04:00,2026-03-19,tester_05,2026-03-19 00:04:16,https://www.commcarehq.org/form/115ef44e-5009-44f3-9ab5-1465a445f723,tester_05,True,56,4.0,10.3296716,7.231357
667,c4dcabbe-e224-46be-bed7-ed302bada1f2,community_02,Ahmed,Garba,female,1980-05-04,66296943343.0,8042208868,https://www.commcarehq.org/photos/farmer_667.jpg,5,mixed_farming,24,owned,2,rain-fed,---,groundnuts maize,1.8,3.6,---,---,---,---,10.2639135 7.4356622 0.0 20.0,yes,de51b237-0527-45e5-a96e-dc26fe329a92,2026-04-19 00:06:00,2026-04-19,tester_02,2026-04-19 00:06:12,https://www.commcarehq.org/form/c4dcabbe-e224-46be-bed7-ed302bada1f2,tester_02,True,46,6.0,10.2639135,7.4356622
668,37e406a4-6d35-4cd9-9672-a19abe355e32,community_01,Joy,Usman,male,1972-09-01,22669382075.0,8044037785,https://www.commcarehq.org/photos/farmer_668.jpg,4,crop_farming,15,family_land,1,dam_reservoir,---,maize,---,5.2,---,---,---,---,10.4224214 7.5829079 0.0 20.0,yes,4487a2c2-b3e5-4f5f-b4db-24dc0f21ff35,2026-03-30 00:08:00,2026-03-30,tester_01,2026-03-30 00:08:07,https://www.commcarehq.org/form/37e406a4-6d35-4cd9-9672-a19abe355e32,tester_01,True,53,8.0,10.4224214,7.5829079
669,2b0183e2-0a04-4658-b2d5-ead75b70d1e3,community_05,Binta,Peter,male,1992-12-16,30098393472.0,8057221333,https://www.commcarehq.org/photos/farmer_669.jpg,11,crop_farming,1,family_land,3,irrigation_scheme,---,rice groundnuts maize,1.1,5.8,1.8,rabbits,---,4,10.4742704 7.5423015 0.0 20.0,yes,3487825a-0576-40e8-adfc-6cdc907a1a06,2026-05-30 00:05:00,2026-05-30,tester_05,2026-05-30 00:05:20,https://www.commcarehq.org/form/2b0183e2-0a04-4658-b2d5-ead75b70d1e3,tester_05,True,33,5.0,10.4742704,7.5423015
670,da583162-0d1d-48c4-8364-ee6736e964cd,community_01,Binta,James,male,1987-05-14,,8096373048,https://www.commcarehq.org/photos/farmer_670.jpg,2,mixed_farming,2,family_land,2,rain-fed,---,groundnuts,2.0,---,---,goats,20,---,10.5147385 7.3770614 0.0 20.0,yes,95a3e260-425d-4ea9-b3cc-2e87aa2d13d2,2026-04-22 00:08:00,2026-04-22,tester_01,2026-04-22 00:08:20,https://www.commcarehq.org/form/da583162-0d1d-48c4-8364-ee6736e964cd,tester_01,True,39,8.0,10.5147385,7.3770614
671,8fd4289f-e8de-4ef8-8b1f-176a4a34a933,community_01,Amina,Samuel,male,1978-11-06,51418385367.0,8035673123,https://www.commcarehq.org/photos/farmer_671.jpg,3,crop_farming,21,owned,3,rain-fed,---,groundnuts rice maize,2.1,5.8,1.1,goats,14,---,10.3586403 7.2950959 0.0 20.0,yes,7a0bcd8b-40c7-426e-9778-d61bee2db239,2026-03-11 00:02:00,2026-03-11,tester_01,2026-03-11 00:02:11,https://www.commcarehq.org/form/8fd4289f-e8de-4ef8-8b1f-176a4a34a933,tester_01,True,47,2.0,10.3586403,7.2950959
672,3748b688-5f68-47fd-a4bc-74b5128ca9f5,community_02,Ahmed,Ogunleye,male,1994-10-08,,8017500251,https://www.commcarehq.org/photos/farmer_672.jpg,2,crop_farming,7,owned,3,rain-fed,---,groundnuts,1.8,---,---,---,---,---,10.2944184 7.2126105 0.0 20.0,yes,f08f76e5-83ca-4c43-8460-0229b6d2806e,2026-02-20 00:07:00,2026-02-20,tester_02,2026-02-20 00:07:07,https://www.commcarehq.org/form/3748b688-5f68-47fd-a4bc-74b5128ca9f5,tester_02,True,31,7.0,10.2944184,7.2126105
673,2a8ffcbb-457c-4198-b43c-177d327dba71,community_06,Ahmed,David,male,1970-03-24,40103587243.0,8056667976,https://www.commcarehq.org/photos/farmer_673.jpg,6,crop_farming,32,owned,4,rain-fed,---,maize,---,4.7,---,goats,3,---,10.5653299 7.3827008 0.0 20.0,yes,cf4d65f9-6ad8-4b00-805e-523c4ddbe37d,2026-03-10 00:06:00,2026-03-10,tester_06,2026-03-10 00:06:16,https://www.commcarehq.org/form/2a8ffcbb-457c-4198-b43c-177d327dba71,tester_06,True,56,6.0,10.5653299,7.3827008
674,a588b9b8-8410-4ab4-b3ef-4484f7ca7297,community_06,Amina,Abdullahi,female,1977-01-30,71060225411.0,8003785026,https://www.commcarehq.org/photos/farmer_674.jpg,5,mixed_farming,5,family_land,2,river_stream,---,groundnuts maize rice,1.7,1.9,2.1,rabbits,---,34,10.4001904 7.5000334 0.0 20.0,yes,3c09f064-385b-4a52-9d5d-b9a58402b239,2026-03-03 00:06:00,2026-03-03,tester_06,2026-03-03 00:06:16,https://www.commcarehq.org/form/a588b9b8-8410-4ab4-b3ef-4484f7ca7297,tester_06,True,49,6.0,10.4001904,7.5000334
675,8204614c-5059-435f-8cfd-5f1c95e20ec6,community_03,Sarah,Balogun,male,1968-10-10,57353128576.0,8032058429,https://www.commcarehq.org/photos/farmer_675.jpg,4,mixed_farming,19,family_land,1,borehole,---,groundnuts maize,1.6,4.9,---,goats rabbits,23,31,10.3664384 7.2387049 0.0 20.0,yes,c05edc31-69fe-491d-b9b3-5e3a19ba9965,2026-06-10 00:07:00,2026-06-10,tester_03,2026-06-10 00:07:08,https://www.commcarehq.org/form/8204614c-5059-435f-8cfd-5f1c95e20ec6,tester_03,True,57,7.0,10.3664384,7.2387049
676,32671e80-a1d2-4eee-babf-59692a79c6d0,community_03,Musa,Yakubu,male,1977-12-10,69799181036.0,8020235559,https://www.commcarehq.org/photos/farmer_676.jpg,3,mixed_farming,8,owned,2,rain-fed,---,rice groundnuts maize,2.3,4.6,0.8,goats,7,---,10.2579867 7.5819787 0.0 20.0,yes,86ffc5d3-9a6c-4fd0-800f-5fd7cef95906,2026-06-02 00:02:00,2026-06-02,tester_03,2026-06-02 00:02:10,https://www.commcarehq.org/form/32671e80-a1d2-4eee-babf-59692a79c6d0,tester_03,True,48,2.0,10.2579867,7.5819787
677,688ee3d9-4bca-458f-8085-170f89773ce8,community_03,Grace,David,male,1995-06-17,,8007650411,https://www.commcarehq.org/photos/farmer_677.jpg,9,crop_farming,10,family_land,2,river_stream,---,maize rice,---,3.7,3.1,---,---,---,10.3008177 7.4306204 0.0 20.0,yes,7f8110ba-60b6-41db-8455-bab85f30a93d,2026-05-29 00:06:00,2026-05-29,tester_03,2026-05-29 00:06:19,https://www.commcarehq.org/form/688ee3d9-4bca-458f-8085-170f89773ce8,tester_03,True,31,6.0,10.3008177,7.4306204
678,b0f6a90e-30aa-411c-8a97-a6cb9be1146e,community_04,Grace,Johnson,male,1974-11-05,84213424314.0,8087937551,https://www.commcarehq.org/photos/farmer_678.jpg,3,mixed_farming,21,owned,5,rain-fed,---,groundnuts,2.0,---,---,---,---,---,10.3409596 7.5271904 0.0 20.0,yes,7ca0fe0d-2189-49c9-a05d-605d2fcd4a78,2026-04-17 00:02:00,2026-04-17,tester_04,2026-04-17 00:02:18,https://www.commcarehq.org/form/b0f6a90e-30aa-411c-8a97-a6cb9be1146e,tester_04,True,51,2.0,10.3409596,7.5271904
679,3494a966-d468-40fb-ad58-92aabad165fd,community_04,Hauwa,Usman,male,1964-06-01,39599355415.0,8056555391,https://www.commcarehq.org/photos/farmer_679.jpg,1,crop_farming,5,owned,2,borehole,---,groundnuts rice maize,1.1,6.4,1.2,---,---,---,10.2968308 7.3880826 0.0 20.0,yes,2eaad51c-8451-43ed-b63d-3b30bbd3eee5,2026-03-26 00:04:00,2026-03-26,tester_04,2026-03-26 00:04:06,https://www.commcarehq.org/form/3494a966-d468-40fb-ad58-92aabad165fd,tester_04,True,62,4.0,10.2968308,7.3880826
680,95f06232-cf35-493e-8fa7-f0fc60f18b1d,community_05,Grace,Ahmed,female,1972-11-13,,8067375349,https://www.commcarehq.org/photos/farmer_680.jpg,4,mixed_farming,8,owned,2,rain-fed,---,groundnuts rice maize,2.4,5.9,0.9,rabbits,---,40,10.4802256 7.2737024 0.0 20.0,yes,9eb11c06-40b2-4c07-a1fc-a6e5c48ae063,2026-01-18 00:07:00,2026-01-18,tester_05,2026-01-18 00:07:13,https://www.commcarehq.org/form/95f06232-cf35-493e-8fa7-f0fc60f18b1d,tester_05,True,53,7.0,10.4802256,7.2737024
681,99152751-be54-45aa-9e57-27148748dcab,community_06,Deborah,Usman,female,1962-07-22,,8074063522,https://www.commcarehq.org/photos/farmer_681.jpg,4,crop_farming,7,owned,1,rain-fed,---,maize,---,4.1,---,---,---,---,10.510068 7.448705 0.0 20.0,yes,11255b56-53b8-4a40-9898-8f8bdd929ce2,2026-04-20 00:07:00,2026-04-20,tester_06,2026-04-20 00:07:14,https://www.commcarehq.org/form/99152751-be54-45aa-9e57-27148748dcab,tester_06,True,64,7.0,10.510068,7.448705
682,17b523c0-c850-4f84-9273-4d75cb58be85,community_03,Paul,Okafor,male,2004-06-20,94822418572.0,8061147167,https://www.commcarehq.org/photos/farmer_682.jpg,3,crop_farming,2,owned,3,dam_reservoir,---,groundnuts maize,2.2,1.2,---,---,---,---,10.5898484 7.4825389 0.0 20.0,yes,7bc0c850-de02-4548-a4db-5c6946400fe0,2026-02-03 00:07:00,2026-02-03,tester_03,2026-02-03 00:07:10,https://www.commcarehq.org/form/17b523c0-c850-4f84-9273-4d75cb58be85,tester_03,True,22,7.0,10.5898484,7.4825389
683,4d618178-fba0-4b83-b97a-b5ce2687a3d8,community_05,Suleiman,Tanko,female,1998-10-13,,8082849123,https://www.commcarehq.org/photos/farmer_683.jpg,1,crop_farming,5,owned,3,rain-fed,---,rice groundnuts maize,2.2,2.0,3.4,goats,24,---,10.3756873 7.3404149 0.0 20.0,yes,0e0408a3-c26a-4bf0-ba45-cf1db248e8a3,2026-01-24 00:02:00,2026-01-24,tester_05,2026-01-24 00:02:18,https://www.commcarehq.org/form/4d618178-fba0-4b83-b97a-b5ce2687a3d8,tester_05,True,27,2.0,10.3756873,7.3404149
684,3f1414f6-1cb3-40cc-9c43-66c094eaf07d,community_05,Ibrahim,Usman,female,1999-02-13,59370618121.0,8015784381,https://www.commcarehq.org/photos/farmer_684.jpg,5,mixed_farming,9,leased,1,rain-fed,---,groundnuts,2.1,---,---,goats,12,---,10.2724954 7.4311629 0.0 20.0,yes,509ca639-5e94-4234-a43e-fe507e07b582,2026-01-10 00:07:00,2026-01-10,tester_05,2026-01-10 00:07:10,https://www.commcarehq.org/form/3f1414f6-1cb3-40cc-9c43-66c094eaf07d,tester_05,True,27,7.0,10.2724954,7.4311629
685,1a227bfd-78a1-4633-8788-ac9c481595f5,community_02,Joseph,Ogunleye,male,1979-09-09,88030454533.0,8032350087,https://www.commcarehq.org/photos/farmer_685.jpg,10,mixed_farming,10,owned,3,rain-fed,---,maize,---,3.0,---,goats rabbits,25,28,10.2765262 7.5223814 0.0 20.0,yes,50fced94-281f-4ec8-8509-890dcd45f72e,2026-05-18 00:06:00,2026-05-18,tester_02,2026-05-18 00:06:12,https://www.commcarehq.org/form/1a227bfd-78a1-4633-8788-ac9c481595f5,tester_02,True,46,6.0,10.2765262,7.5223814
686,a5370929-8ad2-42d4-ad3a-28e7fe645427,community_07,James,Daniel,male,1996-10-12,95480714880.0,8020488125,https://www.commcarehq.org/photos/farmer_686.jpg,6,mixed_farming,6,owned,2,river_stream,---,rice,---,---,3.5,goats,19,---,10.5743787 7.5227843 0.0 20.0,yes,91aeadc8-5b1d-4a5f-b57e-5a28326991c3,2026-06-05 00:04:00,2026-06-05,tester_07,2026-06-05 00:04:20,https://www.commcarehq.org/form/a5370929-8ad2-42d4-ad3a-28e7fe645427,tester_07,True,29,4.0,10.5743787,7.5227843
687,a38ba9c7-e887-444f-86b5-77a4688fd737,community_06,Deborah,Yusuf,male,1986-12-07,53849594372.0,8068432152,https://www.commcarehq.org/photos/farmer_687.jpg,3,crop_farming,5,owned,2,rain-fed,---,rice maize,---,4.5,2.3,goats,16,---,10.4445162 7.3032856 0.0 20.0,no,95569c04-3789-403d-a2e3-f068ae0f857e,2026-06-29 00:02:00,2026-06-29,tester_06,2026-06-29 00:02:19,https://www.commcarehq.org/form/a38ba9c7-e887-444f-86b5-77a4688fd737,tester_06,True,39,2.0,10.4445162,7.3032856
688,08fa0fae-3484-4a66-b24d-18f6ccd51a8e,community_05,Deborah,Ojo,male,1969-09-19,47994480425.0,8069092579,https://www.commcarehq.org/photos/farmer_688.jpg,2,crop_farming,28,family_land,1,rain-fed,---,rice maize groundnuts,2.2,2.8,2.8,goats,25,---,10.2817641 7.4777177 0.0 20.0,yes,16190c73-f2c4-46a1-becd-bba38bece6c1,2026-04-05 00:06:00,2026-04-05,tester_05,2026-04-05 00:06:18,https://www.commcarehq.org/form/08fa0fae-3484-4a66-b24d-18f6ccd51a8e,tester_05,True,56,6.0,10.2817641,7.4777177
689,b19fe963-3d29-45b1-ad1a-fcc8e9dacbb4,community_04,Ibrahim,Yusuf,female,1958-02-03,,8003485943,https://www.commcarehq.org/photos/farmer_689.jpg,4,crop_farming,12,family_land,6,rain-fed,---,maize,---,5.3,---,goats,3,---,10.3321754 7.5921351 0.0 20.0,yes,a9390da4-719d-4c6a-9aaf-afbcd9262694,2026-03-03 00:06:00,2026-03-03,tester_04,2026-03-03 00:06:15,https://www.commcarehq.org/form/b19fe963-3d29-45b1-ad1a-fcc8e9dacbb4,tester_04,True,68,6.0,10.3321754,7.5921351
690,aff84ab0-31b6-4707-9ce3-b7a49009f727,community_06,Ruth,Usman,female,1971-10-25,,8004752278,https://www.commcarehq.org/photos/farmer_690.jpg,3,mixed_farming,15,owned,4,river_stream,---,maize,---,3.8,---,goats rabbits,12,15,10.2006135 7.3175784 0.0 20.0,yes,57790da2-c2fe-4dff-abbe-6168a2136ad5,2026-04-05 00:03:00,2026-04-05,tester_06,2026-04-05 00:03:20,https://www.commcarehq.org/form/aff84ab0-31b6-4707-9ce3-b7a49009f727,tester_06,True,54,3.0,10.2006135,7.3175784
691,7c4db669-a8c1-4e4d-880f-1cae04c2636e,community_03,Esther,David,female,2004-12-20,14924957375.0,8097232625,https://www.commcarehq.org/photos/farmer_691.jpg,7,crop_farming,1,owned,3,rain-fed,---,maize rice,---,1.0,3.0,rabbits,---,16,10.5352794 7.5543635 0.0 20.0,yes,9ed575ce-c062-47dd-8de1-dc31e4c9520f,2026-04-02 00:05:00,2026-04-02,tester_03,2026-04-02 00:05:19,https://www.commcarehq.org/form/7c4db669-a8c1-4e4d-880f-1cae04c2636e,tester_03,True,21,5.0,10.5352794,7.5543635
692,4a090518-5f11-4d08-b915-5b49e20c8c6e,community_07,Rebecca,Adeyemi,male,2004-12-18,78896172338.0,8069968247,https://www.commcarehq.org/photos/farmer_692.jpg,5,mixed_farming,3,family_land,3,rain-fed,---,maize,---,5.0,---,---,---,---,10.5476852 7.5849212 0.0 20.0,yes,57c9c6be-76fd-489f-a4ad-054f60216823,2026-05-02 00:05:00,2026-05-02,tester_07,2026-05-02 00:05:19,https://www.commcarehq.org/form/4a090518-5f11-4d08-b915-5b49e20c8c6e,tester_07,True,21,5.0,10.5476852,7.5849212
693,bfb6958a-74c1-4e60-97d3-392d704e9c66,community_03,Ruth,Ahmed,male,1975-11-11,20113322933.0,8034103427,https://www.commcarehq.org/photos/farmer_693.jpg,9,mixed_farming,3,owned,2,borehole,---,maize rice,---,4.9,1.0,---,---,---,10.3373621 7.4101335 0.0 20.0,yes,1abf9676-388e-4c39-ae2a-a82ec621e3c5,2026-03-27 00:07:00,2026-03-27,tester_03,2026-03-27 00:07:18,https://www.commcarehq.org/form/bfb6958a-74c1-4e60-97d3-392d704e9c66,tester_03,True,50,7.0,10.3373621,7.4101335
694,7a1d797b-548b-444e-a575-ae6a879d3b9a,community_03,Ibrahim,Isa,female,1973-12-16,96036319606.0,8069780485,https://www.commcarehq.org/photos/farmer_694.jpg,1,mixed_farming,24,family_land,6,borehole,---,rice maize groundnuts,3.0,1.0,0.9,---,---,---,10.4995503 7.3791288 0.0 20.0,yes,727b8d2f-8e1a-4828-b918-5cf3f0752e38,2026-04-13 00:05:00,2026-04-13,tester_03,2026-04-13 00:05:07,https://www.commcarehq.org/form/7a1d797b-548b-444e-a575-ae6a879d3b9a,tester_03,True,52,5.0,10.4995503,7.3791288
695,8eb5e2dc-3f48-4d0c-a95e-d1ba32720134,community_02,Musa,Ibrahim,male,1952-10-31,44359995747.0,8077468851,https://www.commcarehq.org/photos/farmer_695.jpg,2,crop_farming,22,leased,3,rain-fed,---,groundnuts maize rice,2.3,4.6,0.5,goats rabbits,24,29,10.5633073 7.5421462 0.0 20.0,yes,9632bb4b-0845-4798-b202-71ddf8c70372,2026-05-04 00:07:00,2026-05-04,tester_02,2026-05-04 00:07:12,https://www.commcarehq.org/form/8eb5e2dc-3f48-4d0c-a95e-d1ba32720134,tester_02,True,73,7.0,10.5633073,7.5421462
696,3f94710c-4a82-402f-b4fc-1670562e6a60,community_04,David,Isa,female,2008-01-06,22350911197.0,8053338250,https://www.commcarehq.org/photos/farmer_696.jpg,6,crop_farming,1,owned,2,rain-fed,---,rice maize,---,2.2,0.6,---,---,---,10.2665934 7.4888028 0.0 20.0,yes,97559633-e5ae-40a0-953f-60a3f80d8096,2026-05-04 00:07:00,2026-05-04,tester_04,2026-05-04 00:07:12,https://www.commcarehq.org/form/3f94710c-4a82-402f-b4fc-1670562e6a60,tester_04,True,18,7.0,10.2665934,7.4888028
697,2e908a60-563d-46d7-ad7b-1a70397c0e12,community_06,Fatima,Sani,female,1979-12-14,76558681178.0,8032990603,https://www.commcarehq.org/photos/farmer_697.jpg,5,livestock_farming,25,owned,1,dam_reservoir,---,rice maize groundnuts,2.2,3.4,2.6,goats,21,---,10.2231543 7.4309345 0.0 20.0,yes,bde036b2-687b-4eee-9f56-f2486fd6da94,2026-06-23 00:08:00,2026-06-23,tester_06,2026-06-23 00:08:07,https://www.commcarehq.org/form/2e908a60-563d-46d7-ad7b-1a70397c0e12,tester_06,True,46,8.0,10.2231543,7.4309345
698,bc0a9d66-0ca3-4dfc-91af-55755c9f3ee8,community_07,Mercy,David,male,1975-01-03,94859527433.0,8015902590,https://www.commcarehq.org/photos/farmer_698.jpg,8,livestock_farming,5,family_land,4,borehole,---,maize,---,6.0,---,goats,21,---,10.4296933 7.4978251 0.0 20.0,yes,b9f28c38-12c2-4faa-b01a-59ac0545905e,2026-01-14 00:08:00,2026-01-14,tester_07,2026-01-14 00:08:08,https://www.commcarehq.org/form/bc0a9d66-0ca3-4dfc-91af-55755c9f3ee8,tester_07,True,51,8.0,10.4296933,7.4978251
699,86900c13-9503-42ca-9e63-465d8b2819dd,community_01,Esther,Johnson,male,1957-06-02,,8024108310,https://www.commcarehq.org/photos/farmer_699.jpg,9,mixed_farming,19,owned,2,borehole,---,groundnuts,2.0,---,---,---,---,---,10.4455646 7.3212317 0.0 20.0,yes,07aa044b-1714-4e6d-93a3-2f6d9b8f224b,2026-03-23 00:05:00,2026-03-23,tester_01,2026-03-23 00:05:18,https://www.commcarehq.org/form/86900c13-9503-42ca-9e63-465d8b2819dd,tester_01,True,69,5.0,10.4455646,7.3212317
700,34f12662-e3bf-49fb-bf19-f5f9c640d4b6,community_05,Yusuf,Usman,male,1971-02-10,35657075765.0,8050469214,https://www.commcarehq.org/photos/farmer_700.jpg,9,livestock_farming,25,leased,2,rain-fed,---,rice,---,---,3.0,rabbits,---,18,10.253599 7.4960214 0.0 20.0,yes,35ff9d32-6d0a-4acf-acee-259f889f5759,2026-02-06 00:05:00,2026-02-06,tester_05,2026-02-06 00:05:09,https://www.commcarehq.org/form/34f12662-e3bf-49fb-bf19-f5f9c640d4b6,tester_05,True,55,5.0,10.253599,7.4960214
701,0fce2bb3-0a7c-4f76-893f-a623b72c2b93,community_01,Fatima,Ojo,female,1990-04-14,,8036790125,https://www.commcarehq.org/photos/farmer_701.jpg,10,crop_farming,12,owned,1,rain-fed,---,groundnuts rice maize,0.6,6.3,2.8,---,---,---,10.3358401 7.3973383 0.0 20.0,yes,42f35ebe-378d-4c0c-9445-b733080f839e,2026-02-18 00:06:00,2026-02-18,tester_01,2026-02-18 00:06:19,https://www.commcarehq.org/form/0fce2bb3-0a7c-4f76-893f-a623b72c2b93,tester_01,True,36,6.0,10.3358401,7.3973383
702,81dcb481-4fbb-410e-91dd-3290a80ff518,community_07,Sarah,Eze,male,1994-06-17,82996617343.0,8088099938,https://www.commcarehq.org/photos/farmer_702.jpg,10,crop_farming,7,family_land,2,rain-fed,---,rice maize,---,0.7,2.5,goats,4,---,10.5888209 7.4337695 0.0 20.0,yes,e213b8db-bd8f-4fac-ab9f-1a01c5729bb5,2026-04-11 00:07:00,2026-04-11,tester_07,2026-04-11 00:07:13,https://www.commcarehq.org/form/81dcb481-4fbb-410e-91dd-3290a80ff518,tester_07,True,32,7.0,10.5888209,7.4337695
703,44c59b1a-d3d3-4475-89c2-a54e03ee6e20,community_02,Mary,Michael,male,1980-12-04,,8025594836,https://www.commcarehq.org/photos/farmer_703.jpg,7,crop_farming,22,leased,2,irrigation_scheme,---,rice,---,---,0.6,goats,5,---,10.5472545 7.422405 0.0 20.0,no,abb1ccec-9c1d-434b-b56e-4c5ff0b3257c,2026-03-13 00:05:00,2026-03-13,tester_02,2026-03-13 00:05:13,https://www.commcarehq.org/form/44c59b1a-d3d3-4475-89c2-a54e03ee6e20,tester_02,True,45,5.0,10.5472545,7.422405
704,317b1509-ca45-483d-8860-118efc48176d,community_05,Samuel,Michael,female,1967-07-09,35841428034.0,8037785777,https://www.commcarehq.org/photos/farmer_704.jpg,7,crop_farming,5,owned,1,river_stream,---,groundnuts maize rice,1.3,1.3,1.3,goats,4,---,10.3635358 7.2860211 0.0 20.0,yes,f6597ae3-ef87-45f9-b129-6cdb8da09d54,2026-05-25 00:04:00,2026-05-25,tester_05,2026-05-25 00:04:12,https://www.commcarehq.org/form/317b1509-ca45-483d-8860-118efc48176d,tester_05,True,59,4.0,10.3635358,7.2860211
705,eefbab27-8af3-4d97-a061-50e8efa624df,community_01,Suleiman,David,male,1971-10-27,,8046747365,https://www.commcarehq.org/photos/farmer_705.jpg,4,mixed_farming,12,leased,1,rain-fed,---,groundnuts rice maize,0.9,2.7,0.6,---,---,---,10.3708376 7.4909972 0.0 20.0,yes,25898555-ee73-4b1b-8e7c-5cb36967f17e,2026-04-19 00:05:00,2026-04-19,tester_01,2026-04-19 00:05:18,https://www.commcarehq.org/form/eefbab27-8af3-4d97-a061-50e8efa624df,tester_01,True,54,5.0,10.3708376,7.4909972
706,49196a21-c7b9-46f0-8572-323698fde048,community_05,Esther,Yusuf,female,1990-10-01,48541172559.0,8075841260,https://www.commcarehq.org/photos/farmer_706.jpg,6,mixed_farming,11,owned,1,borehole,---,maize rice,---,6.3,0.8,---,---,---,10.316453 7.4106253 0.0 20.0,yes,27ffa93d-a75e-4c31-8b47-3bda1554b973,2026-02-10 00:05:00,2026-02-10,tester_05,2026-02-10 00:05:19,https://www.commcarehq.org/form/49196a21-c7b9-46f0-8572-323698fde048,tester_05,True,35,5.0,10.316453,7.4106253
707,7e2e2038-db90-4801-89b4-1440360de5b2,community_02,Mary,Haruna,female,1998-08-26,54054217820.0,8026337748,https://www.commcarehq.org/photos/farmer_707.jpg,7,crop_farming,1,leased,1,rain-fed,---,rice groundnuts maize,2.6,2.9,1.2,goats,25,---,10.39016 7.4557206 0.0 20.0,yes,b54ea082-61e1-4cff-95c6-f71e762ec92d,2026-03-13 00:03:00,2026-03-13,tester_02,2026-03-13 00:03:09,https://www.commcarehq.org/form/7e2e2038-db90-4801-89b4-1440360de5b2,tester_02,True,27,3.0,10.39016,7.4557206
708,0a926191-b0be-4ded-81e6-c76f1b65db6f,community_04,Emmanuel,Sani,female,1987-04-17,84776281778.0,8006746988,https://www.commcarehq.org/photos/farmer_708.jpg,3,crop_farming,10,owned,1,rain-fed,---,maize,---,5.0,---,goats,18,---,10.5947058 7.3943882 0.0 20.0,yes,67c1584f-8061-467d-9486-5781984c6e9a,2026-03-25 00:04:00,2026-03-25,tester_04,2026-03-25 00:04:13,https://www.commcarehq.org/form/0a926191-b0be-4ded-81e6-c76f1b65db6f,tester_04,True,39,4.0,10.5947058,7.3943882
709,05020ef3-4000-45d1-a6a6-13bdac11cf2a,community_03,Amina,Samuel,male,2002-06-17,76303207303.0,8089847403,https://www.commcarehq.org/photos/farmer_709.jpg,4,mixed_farming,5,owned,1,rain-fed,---,maize rice groundnuts,2.3,6.1,1.0,---,---,---,10.268285 7.2341965 0.0 20.0,yes,935b8089-076f-4379-8006-2342366c4ab3,2026-04-02 00:04:00,2026-04-02,tester_03,2026-04-02 00:04:11,https://www.commcarehq.org/form/05020ef3-4000-45d1-a6a6-13bdac11cf2a,tester_03,True,24,4.0,10.268285,7.2341965
710,af0693a0-fdd6-4a95-91c1-41d16a259ee2,community_04,Deborah,Yusuf,female,1990-10-02,35401234755.0,8034263627,https://www.commcarehq.org/photos/farmer_710.jpg,3,mixed_farming,16,family_land,1,irrigation_scheme,---,rice groundnuts maize,1.6,2.7,0.7,---,---,---,10.3195741 7.5173862 0.0 20.0,yes,b96918e0-2ea7-4dac-acef-68f71c98389d,2026-02-12 00:04:00,2026-02-12,tester_04,2026-02-12 00:04:11,https://www.commcarehq.org/form/af0693a0-fdd6-4a95-91c1-41d16a259ee2,tester_04,True,35,4.0,10.3195741,7.5173862
711,bccb312e-a39c-4fbc-905e-73b2619d951f,community_05,David,Philip,male,1977-08-03,,8056644433,https://www.commcarehq.org/photos/farmer_711.jpg,3,crop_farming,20,owned,3,river_stream,---,maize,---,3.7,---,rabbits,---,28,10.5202812 7.2698885 0.0 20.0,yes,ee994b69-1ced-4b14-ae20-2629af34e52d,2026-01-01 00:08:00,2026-01-01,tester_05,2026-01-01 00:08:13,https://www.commcarehq.org/form/bccb312e-a39c-4fbc-905e-73b2619d951f,tester_05,True,49,8.0,10.5202812,7.2698885
712,0159ca5d-24c8-4087-af9e-ba6e79178400,community_06,Deborah,Michael,male,1993-02-07,,8033410013,https://www.commcarehq.org/photos/farmer_712.jpg,5,mixed_farming,10,leased,1,river_stream,---,maize rice groundnuts,0.9,6.2,2.1,---,---,---,10.241545 7.3370435 0.0 20.0,yes,51ebef32-4dea-428c-8e96-91306d2a75ea,2026-06-12 00:05:00,2026-06-12,tester_06,2026-06-12 00:05:14,https://www.commcarehq.org/form/0159ca5d-24c8-4087-af9e-ba6e79178400,tester_06,True,33,5.0,10.241545,7.3370435
713,f8baa233-4d04-43ab-9a07-e1afe0cfb0c8,community_01,Mercy,Johnson,female,1992-08-26,,8018593077,https://www.commcarehq.org/photos/farmer_713.jpg,5,mixed_farming,12,leased,1,rain-fed,---,rice,---,---,3.2,goats rabbits,22,14,10.3642178 7.2953345 0.0 20.0,yes,67428001-50b8-42f8-82ea-58b9719e328c,2026-06-17 00:08:00,2026-06-17,tester_01,2026-06-17 00:08:14,https://www.commcarehq.org/form/f8baa233-4d04-43ab-9a07-e1afe0cfb0c8,tester_01,True,33,8.0,10.3642178,7.2953345
714,242d2018-01dd-4c69-8d70-a8c0803bdf05,community_03,Musa,Yusuf,male,1986-11-26,44772123943.0,8074578691,https://www.commcarehq.org/photos/farmer_714.jpg,5,livestock_farming,17,family_land,2,rain-fed,---,groundnuts rice,1.7,---,1.2,rabbits,---,6,10.3840469 7.4463099 0.0 20.0,yes,d467d815-1b4a-4ce4-a0fa-32eaf924348e,2026-01-11 00:08:00,2026-01-11,tester_03,2026-01-11 00:08:08,https://www.commcarehq.org/form/242d2018-01dd-4c69-8d70-a8c0803bdf05,tester_03,True,39,8.0,10.3840469,7.4463099
715,a086b58d-6e69-4e06-a14b-8f7c3c4e1a0b,community_03,Grace,David,male,1971-09-24,68166725054.0,8071530917,https://www.commcarehq.org/photos/farmer_715.jpg,5,mixed_farming,28,owned,3,other,Community Well,groundnuts maize,2.7,5.3,---,---,---,---,10.2181902 7.2231172 0.0 20.0,yes,9c86fc92-596b-4c27-9df3-1a36d3406801,2026-05-17 00:06:00,2026-05-17,tester_03,2026-05-17 00:06:11,https://www.commcarehq.org/form/a086b58d-6e69-4e06-a14b-8f7c3c4e1a0b,tester_03,True,54,6.0,10.2181902,7.2231172
716,92874ed8-33e7-4028-870d-b3868556bd32,community_02,Fatima,Daniel,male,1995-04-01,44679329725.0,8016934364,https://www.commcarehq.org/photos/farmer_716.jpg,8,mixed_farming,12,owned,2,irrigation_scheme,---,maize groundnuts rice,2.3,5.6,3.6,goats,3,---,10.4694178 7.2913309 0.0 20.0,yes,d7c12eb1-d493-46fe-9238-4f15ca247653,2026-06-10 00:05:00,2026-06-10,tester_02,2026-06-10 00:05:16,https://www.commcarehq.org/form/92874ed8-33e7-4028-870d-b3868556bd32,tester_02,True,31,5.0,10.4694178,7.2913309
717,6e0f20ba-b394-4f6f-b35d-c77479ec4ae6,community_04,Sarah,David,female,1981-04-11,,8062789771,https://www.commcarehq.org/photos/farmer_717.jpg,7,crop_farming,19,owned,1,dam_reservoir,---,groundnuts,1.2,---,---,---,---,---,10.2636267 7.3510443 0.0 20.0,yes,9942b7ba-d328-40b1-8f07-0fcf53be6a3e,2026-05-30 00:05:00,2026-05-30,tester_04,2026-05-30 00:05:09,https://www.commcarehq.org/form/6e0f20ba-b394-4f6f-b35d-c77479ec4ae6,tester_04,True,45,5.0,10.2636267,7.3510443
718,cefe409d-f0fa-4813-88d2-dc93b8895966,community_06,Paul,Eze,female,1990-11-21,,8062971632,https://www.commcarehq.org/photos/farmer_718.jpg,1,mixed_farming,11,owned,2,rain-fed,---,rice,---,---,1.7,goats,19,---,10.4573873 7.2401069 0.0 20.0,yes,150a6009-1dde-476e-b921-d03d0ffa9e56,2026-04-24 00:08:00,2026-04-24,tester_06,2026-04-24 00:08:18,https://www.commcarehq.org/form/cefe409d-f0fa-4813-88d2-dc93b8895966,tester_06,True,35,8.0,10.4573873,7.2401069
719,ab49c1af-9f09-4001-afe5-6946b8d2dfe1,community_04,Emmanuel,James,male,1951-06-09,30060764450.0,8019251398,https://www.commcarehq.org/photos/farmer_719.jpg,3,crop_farming,25,owned,1,river_stream,---,maize rice,---,5.9,0.7,---,---,---,10.4645601 7.3932674 0.0 20.0,yes,6a0423f2-8396-4cb4-a409-6702de5bd4a2,2026-05-20 00:03:00,2026-05-20,tester_04,2026-05-20 00:03:19,https://www.commcarehq.org/form/ab49c1af-9f09-4001-afe5-6946b8d2dfe1,tester_04,True,75,3.0,10.4645601,7.3932674
720,0ff48060-52e5-46aa-85f2-ffd3f91c0702,community_03,Suleiman,Eze,male,1978-07-26,,8061012555,https://www.commcarehq.org/photos/farmer_720.jpg,8,mixed_farming,8,owned,5,borehole,---,maize rice,---,3.3,0.9,---,---,---,10.3291605 7.5624829 0.0 20.0,yes,d779e085-df18-4a7a-997d-e4f54bf68028,2026-06-05 00:07:00,2026-06-05,tester_03,2026-06-05 00:07:05,https://www.commcarehq.org/form/0ff48060-52e5-46aa-85f2-ffd3f91c0702,tester_03,True,48,7.0,10.3291605,7.5624829
721,4c0ff258-ba93-4028-a202-c45c6a94dfa0,community_03,Elizabeth,Mohammed,female,1976-07-15,,8062189756,https://www.commcarehq.org/photos/farmer_721.jpg,3,crop_farming,7,owned,5,rain-fed,---,maize,---,2.2,---,goats,12,---,10.2267939 7.2995873 0.0 20.0,yes,68c7a68a-c1ff-41e4-a625-4d562749b423,2026-02-05 00:08:00,2026-02-05,tester_03,2026-02-05 00:08:15,https://www.commcarehq.org/form/4c0ff258-ba93-4028-a202-c45c6a94dfa0,tester_03,True,50,8.0,10.2267939,7.2995873
722,705be783-515a-460d-99be-277855c575c8,community_07,Joseph,Abdullahi,male,2001-09-18,,8075532089,https://www.commcarehq.org/photos/farmer_722.jpg,4,mixed_farming,7,owned,6,rain-fed,---,maize,---,2.7,---,goats,12,---,10.3920072 7.3352288 0.0 20.0,yes,55fe5345-d1e1-4bf9-a1c3-f52716370c5c,2026-05-27 00:03:00,2026-05-27,tester_07,2026-05-27 00:03:16,https://www.commcarehq.org/form/705be783-515a-460d-99be-277855c575c8,tester_07,True,24,3.0,10.3920072,7.3352288
723,7728518d-1ff9-4769-95a1-f1e8dc792c8f,community_01,Naomi,Isa,female,1995-04-23,,8020356750,https://www.commcarehq.org/photos/farmer_723.jpg,4,mixed_farming,2,owned,5,borehole,---,groundnuts,1.4,---,---,---,---,---,10.5573007 7.3213859 0.0 20.0,yes,6bf2ab9a-c917-4cac-8f04-a89a8d493119,2026-06-28 00:05:00,2026-06-28,tester_01,2026-06-28 00:05:05,https://www.commcarehq.org/form/7728518d-1ff9-4769-95a1-f1e8dc792c8f,tester_01,True,31,5.0,10.5573007,7.3213859
724,812c8982-7d31-4c65-9ef8-0b69ccdf8fa3,community_02,Joseph,Mohammed,male,1987-09-12,71156330521.0,8032748484,https://www.commcarehq.org/photos/farmer_724.jpg,2,crop_farming,21,family_land,3,rain-fed,---,rice groundnuts maize,2.1,3.3,1.3,goats,7,---,10.516498 7.4993667 0.0 20.0,yes,8b6876dd-27c8-433d-9829-3388af092078,2026-04-26 00:04:00,2026-04-26,tester_02,2026-04-26 00:04:20,https://www.commcarehq.org/form/812c8982-7d31-4c65-9ef8-0b69ccdf8fa3,tester_02,True,38,4.0,10.516498,7.4993667
725,1631c78f-623d-4b08-8541-86195a4ba3db,community_07,James,Tanko,male,1971-10-11,87494907480.0,8038488593,https://www.commcarehq.org/photos/farmer_725.jpg,5,crop_farming,24,family_land,3,river_stream,---,groundnuts rice,0.8,---,2.2,---,---,---,10.3226694 7.37983 0.0 20.0,yes,9024a455-1565-47c9-9d2b-99faf6e15344,2026-03-31 00:05:00,2026-03-31,tester_07,2026-03-31 00:05:15,https://www.commcarehq.org/form/1631c78f-623d-4b08-8541-86195a4ba3db,tester_07,True,54,5.0,10.3226694,7.37983
726,8bd62674-569b-4866-bca7-267c46766446,community_03,Esther,Okafor,female,2001-07-23,79990972982.0,8039675626,https://www.commcarehq.org/photos/farmer_726.jpg,7,crop_farming,4,owned,3,rain-fed,---,rice maize groundnuts,1.0,1.3,1.9,rabbits,---,30,10.5532608 7.5561483 0.0 20.0,yes,b47f3971-4b9c-4739-b043-3b5ce4c4c4a2,2026-04-06 00:05:00,2026-04-06,tester_03,2026-04-06 00:05:06,https://www.commcarehq.org/form/8bd62674-569b-4866-bca7-267c46766446,tester_03,True,25,5.0,10.5532608,7.5561483
727,bea4f917-3369-49fd-b2d1-b891b2564216,community_05,John,Okafor,female,1974-01-03,89321328021.0,8017746097,https://www.commcarehq.org/photos/farmer_727.jpg,2,mixed_farming,3,owned,3,rain-fed,---,groundnuts,1.0,---,---,---,---,---,10.5151174 7.2862701 0.0 20.0,yes,921ad48f-7c75-48e8-97eb-c80a93d21c02,2026-02-28 00:04:00,2026-02-28,tester_05,2026-02-28 00:04:13,https://www.commcarehq.org/form/bea4f917-3369-49fd-b2d1-b891b2564216,tester_05,True,52,4.0,10.5151174,7.2862701
728,a6c05613-6155-4d4f-9f7d-8a1d4cf37732,community_03,Paul,David,female,1969-09-29,,8022933135,https://www.commcarehq.org/photos/farmer_728.jpg,6,crop_farming,9,owned,1,river_stream,---,maize,---,5.7,---,goats,18,---,10.4222746 7.3149074 0.0 20.0,yes,3711352d-c843-4232-99e0-af37b09db337,2026-03-29 00:03:00,2026-03-29,tester_03,2026-03-29 00:03:08,https://www.commcarehq.org/form/a6c05613-6155-4d4f-9f7d-8a1d4cf37732,tester_03,True,56,3.0,10.4222746,7.3149074
729,f18269f6-40b5-4f8d-a262-afde334e646a,community_01,Blessing,Ojo,female,1976-03-04,79334398296.0,8083949938,https://www.commcarehq.org/photos/farmer_729.jpg,6,crop_farming,29,owned,1,rain-fed,---,rice groundnuts maize,0.8,5.8,3.7,goats,4,---,10.4868327 7.3304114 0.0 20.0,yes,c1d339a8-00cd-469f-84c7-52ebd3119e13,2026-04-17 00:03:00,2026-04-17,tester_01,2026-04-17 00:03:09,https://www.commcarehq.org/form/f18269f6-40b5-4f8d-a262-afde334e646a,tester_01,True,50,3.0,10.4868327,7.3304114
730,adfd950a-11cd-4f65-a839-64bfec8d5843,community_04,Ruth,Okafor,male,1977-11-01,44687395680.0,8088571846,https://www.commcarehq.org/photos/farmer_730.jpg,6,crop_farming,7,family_land,3,rain-fed,---,groundnuts,1.3,---,---,rabbits,---,33,10.3248878 7.4739099 0.0 20.0,yes,1a242d3b-6c2c-444e-9e31-acc134726daa,2026-01-06 00:03:00,2026-01-06,tester_04,2026-01-06 00:03:10,https://www.commcarehq.org/form/adfd950a-11cd-4f65-a839-64bfec8d5843,tester_04,True,48,3.0,10.3248878,7.4739099
731,fa9476ac-26af-4980-a1e3-357fa4beb72e,community_05,Binta,Lawal,male,1969-01-12,48427568219.0,8002418082,https://www.commcarehq.org/photos/farmer_731.jpg,2,mixed_farming,7,owned,2,rain-fed,---,maize groundnuts,2.6,1.9,---,rabbits,---,36,10.5634191 7.3366617 0.0 20.0,yes,f5aa4890-15ce-420b-ba7f-f67feaf478d5,2026-02-18 00:03:00,2026-02-18,tester_05,2026-02-18 00:03:05,https://www.commcarehq.org/form/fa9476ac-26af-4980-a1e3-357fa4beb72e,tester_05,True,57,3.0,10.5634191,7.3366617
732,3e9e8261-004e-4f9e-96fa-903586acca2a,community_04,Daniel,Yakubu,female,2004-07-19,84723396222.0,8070002452,https://www.commcarehq.org/photos/farmer_732.jpg,6,mixed_farming,3,owned,1,rain-fed,---,maize,---,0.8,---,goats,15,---,10.5924866 7.5901725 0.0 20.0,yes,61a8b858-b526-4f79-b055-e401beb5c3af,2026-01-08 00:06:00,2026-01-08,tester_04,2026-01-08 00:06:09,https://www.commcarehq.org/form/3e9e8261-004e-4f9e-96fa-903586acca2a,tester_04,True,22,6.0,10.5924866,7.5901725
733,b59dd04e-6dd0-47c9-a285-27ebead1b981,community_03,Blessing,Peter,male,1973-10-06,,8032794026,https://www.commcarehq.org/photos/farmer_733.jpg,4,mixed_farming,7,owned,3,irrigation_scheme,---,groundnuts,1.6,---,---,goats,21,---,10.2333128 7.4406168 0.0 20.0,yes,51accdba-d66d-4945-8810-8ec09d9440af,2026-04-30 00:04:00,2026-04-30,tester_03,2026-04-30 00:04:19,https://www.commcarehq.org/form/b59dd04e-6dd0-47c9-a285-27ebead1b981,tester_03,True,52,4.0,10.2333128,7.4406168
734,ff70a8a8-e875-48c8-80ca-2db34c116b10,community_02,Deborah,James,female,1961-02-14,88332574932.0,8043309203,https://www.commcarehq.org/photos/farmer_734.jpg,7,livestock_farming,47,owned,3,borehole,---,groundnuts maize,1.2,4.3,---,goats,12,---,10.4490544 7.3849759 0.0 20.0,yes,7ede8776-8991-4abc-87cf-10fd4a4138b1,2026-06-04 00:08:00,2026-06-04,tester_02,2026-06-04 00:08:17,https://www.commcarehq.org/form/ff70a8a8-e875-48c8-80ca-2db34c116b10,tester_02,True,65,8.0,10.4490544,7.3849759
735,97b37cf6-4be4-4ae6-b309-c12e945497c5,community_03,Mary,Johnson,female,1972-03-22,,8086865729,https://www.commcarehq.org/photos/farmer_735.jpg,2,crop_farming,27,leased,4,rain-fed,---,rice,---,---,0.7,---,---,---,10.3911529 7.2509779 0.0 20.0,yes,2e9b0e4d-f1bf-4c3e-be69-75275cdd24cd,2026-04-14 00:05:00,2026-04-14,tester_03,2026-04-14 00:05:09,https://www.commcarehq.org/form/97b37cf6-4be4-4ae6-b309-c12e945497c5,tester_03,True,54,5.0,10.3911529,7.2509779
736,4faecdf5-70c6-4048-bacb-22e153e4b743,community_01,James,Eze,male,2001-09-04,48472019644.0,8096013417,https://www.commcarehq.org/photos/farmer_736.jpg,6,crop_farming,1,owned,2,dam_reservoir,---,groundnuts,2.1,---,---,rabbits,---,16,10.2869711 7.3319837 0.0 20.0,yes,b777acbd-bb85-4995-8358-6c481e9aaccb,2026-03-11 00:05:00,2026-03-11,tester_01,2026-03-11 00:05:14,https://www.commcarehq.org/form/4faecdf5-70c6-4048-bacb-22e153e4b743,tester_01,True,24,5.0,10.2869711,7.3319837
737,3283d61b-0642-49fe-9ebd-1d00a9ebcf1f,community_01,Blessing,Sani,female,1970-09-03,77403239172.0,8077038014,https://www.commcarehq.org/photos/farmer_737.jpg,4,mixed_farming,26,owned,1,rain-fed,---,groundnuts rice maize,1.6,5.6,1.9,---,---,---,10.3204424 7.380644 0.0 20.0,yes,1312e198-1f84-4552-816c-aef4a509c3e3,2026-06-30 00:04:00,2026-06-30,tester_01,2026-06-30 00:04:15,https://www.commcarehq.org/form/3283d61b-0642-49fe-9ebd-1d00a9ebcf1f,tester_01,True,55,4.0,10.3204424,7.380644
738,bc7e6401-382f-48c5-9ce2-0b04615dbaf6,community_02,Grace,Ogunleye,female,2005-05-04,93720549018.0,8017049825,https://www.commcarehq.org/photos/farmer_738.jpg,7,mixed_farming,2,owned,2,rain-fed,---,rice groundnuts maize,0.9,3.3,2.9,goats,8,---,10.5192574 7.4043765 0.0 20.0,yes,769116ea-7dcf-4e6f-ac7c-8a7a147e5223,2026-03-05 00:02:00,2026-03-05,tester_02,2026-03-05 00:02:20,https://www.commcarehq.org/form/bc7e6401-382f-48c5-9ce2-0b04615dbaf6,tester_02,True,21,2.0,10.5192574,7.4043765
739,05dcbfa0-7b95-4f96-a991-7d17126f96cd,community_02,Ibrahim,Garba,female,1973-06-19,66822429217.0,8038179053,https://www.commcarehq.org/photos/farmer_739.jpg,8,crop_farming,23,owned,1,rain-fed,---,maize,---,1.1,---,goats rabbits,24,24,10.3297065 7.5436798 0.0 20.0,yes,36e02ce7-6de1-4496-8e1a-3d017449b47b,2026-05-31 00:04:00,2026-05-31,tester_02,2026-05-31 00:04:06,https://www.commcarehq.org/form/05dcbfa0-7b95-4f96-a991-7d17126f96cd,tester_02,True,53,4.0,10.3297065,7.5436798
740,b2ff3dee-57da-4fa7-9d75-843558ad4542,community_02,Sarah,Michael,female,1982-01-19,18895763847.0,8051881280,https://www.commcarehq.org/photos/farmer_740.jpg,9,mixed_farming,24,leased,2,rain-fed,---,groundnuts maize rice,2.8,6.3,2.7,rabbits,---,33,10.5433286 7.3256236 0.0 20.0,yes,ba9d7001-cb87-4ba4-af0b-fd995f25bade,2026-02-01 00:05:00,2026-02-01,tester_02,2026-02-01 00:05:18,https://www.commcarehq.org/form/b2ff3dee-57da-4fa7-9d75-843558ad4542,tester_02,True,44,5.0,10.5433286,7.3256236
741,56161c26-8609-41e7-a813-c1ca75683eb9,community_06,Rebecca,Yakubu,female,2003-12-10,24734242989.0,8071868687,https://www.commcarehq.org/photos/farmer_741.jpg,9,crop_farming,1,owned,5,rain-fed,---,maize rice groundnuts,2.0,3.3,0.8,goats,8,---,10.3689833 7.5651616 0.0 20.0,yes,ef78078e-4d0d-4a34-987c-9c999141430d,2026-06-01 00:02:00,2026-06-01,tester_06,2026-06-01 00:02:08,https://www.commcarehq.org/form/56161c26-8609-41e7-a813-c1ca75683eb9,tester_06,True,22,2.0,10.3689833,7.5651616
742,52757d6b-8aeb-4aca-8b1c-85458ef36028,community_01,Elizabeth,Ahmed,female,1995-06-14,,8054550507,https://www.commcarehq.org/photos/farmer_742.jpg,6,crop_farming,9,owned,3,rain-fed,---,groundnuts maize,2.8,6.1,---,goats,13,---,10.4643353 7.3527238 0.0 20.0,yes,f2fdd748-62ae-4a86-9c11-e91d9df9de3f,2026-05-23 00:06:00,2026-05-23,tester_01,2026-05-23 00:06:10,https://www.commcarehq.org/form/52757d6b-8aeb-4aca-8b1c-85458ef36028,tester_01,True,31,6.0,10.4643353,7.3527238
743,838e5e1c-8210-46b3-99c0-12f080578521,community_03,Rebecca,Yakubu,male,1983-11-05,25264209643.0,8069211240,https://www.commcarehq.org/photos/farmer_743.jpg,7,mixed_farming,18,owned,2,dam_reservoir,---,rice maize groundnuts,2.1,2.6,1.5,---,---,---,10.5566795 7.3040849 0.0 20.0,yes,e8971347-fb32-4d3e-bd00-f23344d742f3,2026-05-25 00:02:00,2026-05-25,tester_03,2026-05-25 00:02:18,https://www.commcarehq.org/form/838e5e1c-8210-46b3-99c0-12f080578521,tester_03,True,42,2.0,10.5566795,7.3040849
744,9ae6d948-0541-4933-8541-7f00f22c9dad,community_03,Esther,Balogun,male,1988-01-20,,8080343634,https://www.commcarehq.org/photos/farmer_744.jpg,5,mixed_farming,15,owned,4,rain-fed,---,maize rice groundnuts,2.4,1.8,3.2,---,---,---,10.2967817 7.4708028 0.0 20.0,yes,0aa78ad7-936a-4803-b595-9e0d7192cdef,2026-05-07 00:07:00,2026-05-07,tester_03,2026-05-07 00:07:20,https://www.commcarehq.org/form/9ae6d948-0541-4933-8541-7f00f22c9dad,tester_03,True,38,7.0,10.2967817,7.4708028
745,2598b51b-0833-4199-a707-af65db692c51,community_01,Paul,Isa,female,2003-09-30,10660131919.0,8081613830,https://www.commcarehq.org/photos/farmer_745.jpg,3,livestock_farming,5,leased,6,rain-fed,---,groundnuts maize rice,2.1,1.9,2.3,goats rabbits,14,15,10.2052758 7.5193336 0.0 20.0,yes,f169cf29-5b62-4c00-b57a-5823f2a03d54,2026-03-05 00:06:00,2026-03-05,tester_01,2026-03-05 00:06:12,https://www.commcarehq.org/form/2598b51b-0833-4199-a707-af65db692c51,tester_01,True,22,6.0,10.2052758,7.5193336
746,0ffb8263-28ed-4ef2-b37d-4c915730d6b6,community_06,Grace,Yusuf,male,2005-01-27,92923850137.0,8099492459,https://www.commcarehq.org/photos/farmer_746.jpg,6,mixed_farming,1,owned,2,rain-fed,---,rice maize groundnuts,0.9,1.4,3.2,rabbits,---,12,10.2509579 7.214942 0.0 20.0,yes,6e53720d-b5a5-42b3-97e1-d9f3996c1e73,2026-03-15 00:02:00,2026-03-15,tester_06,2026-03-15 00:02:16,https://www.commcarehq.org/form/0ffb8263-28ed-4ef2-b37d-4c915730d6b6,tester_06,True,21,2.0,10.2509579,7.214942
747,0c7ac357-eb2e-402d-9c32-5fe014953108,community_03,Samuel,Ali,female,1963-04-14,60076291434.0,8057815675,https://www.commcarehq.org/photos/farmer_747.jpg,3,crop_farming,35,family_land,1,rain-fed,---,rice maize groundnuts,1.7,4.2,2.5,goats,8,---,10.330554 7.3894541 0.0 20.0,yes,8d97d168-3a62-4792-8a52-8b28b3b059ec,2026-05-22 00:08:00,2026-05-22,tester_03,2026-05-22 00:08:14,https://www.commcarehq.org/form/0c7ac357-eb2e-402d-9c32-5fe014953108,tester_03,True,63,8.0,10.330554,7.3894541
748,d74fe08e-496a-49b6-a53e-9f744cff120c,community_02,Sarah,Yusuf,male,1971-07-25,84092747569.0,8053724430,https://www.commcarehq.org/photos/farmer_748.jpg,3,livestock_farming,3,family_land,2,rain-fed,---,maize,---,5.2,---,---,---,---,10.4295013 7.2025604 0.0 20.0,yes,04091d4a-f298-4708-998d-0c4eb2d51e98,2026-03-09 00:05:00,2026-03-09,tester_02,2026-03-09 00:05:07,https://www.commcarehq.org/form/d74fe08e-496a-49b6-a53e-9f744cff120c,tester_02,True,55,5.0,10.4295013,7.2025604
749,729382d6-e0b4-4b5f-9831-d7721583fe08,community_06,Blessing,Haruna,female,1966-09-04,65611296653.0,8096134562,https://www.commcarehq.org/photos/farmer_749.jpg,3,crop_farming,6,owned,1,rain-fed,---,rice groundnuts maize,0.5,6.4,3.7,---,---,---,10.3259451 7.2463377 0.0 20.0,yes,c82e344b-438d-429e-8608-bb821d20cdcb,2026-06-21 00:02:00,2026-06-21,tester_06,2026-06-21 00:02:14,https://www.commcarehq.org/form/729382d6-e0b4-4b5f-9831-d7721583fe08,tester_06,True,59,2.0,10.3259451,7.2463377
750,c44f25ab-5b50-4faf-8b8d-b6b8f1f09b66,community_02,Grace,Yakubu,male,1997-02-18,,8089428420,https://www.commcarehq.org/photos/farmer_750.jpg,3,mixed_farming,7,owned,4,rain-fed,---,maize rice groundnuts,1.6,2.1,1.3,---,---,---,10.3062099 7.4472948 0.0 20.0,yes,9e4e6883-c617-4634-bb1f-e662050e185b,2026-05-15 00:05:00,2026-05-15,tester_02,2026-05-15 00:05:05,https://www.commcarehq.org/form/c44f25ab-5b50-4faf-8b8d-b6b8f1f09b66,tester_02,True,29,5.0,10.3062099,7.4472948
751,599e5290-5d66-4324-8451-76b2e29574dd,community_04,Peter,Garba,female,1979-09-02,64245752966.0,8090801742,https://www.commcarehq.org/photos/farmer_751.jpg,3,crop_farming,13,owned,3,rain-fed,---,rice maize groundnuts,1.2,5.2,1.1,goats,3,---,10.3154482 7.2245731 0.0 20.0,yes,916ba989-1cf1-4782-b1bd-6a51b9f3c709,2026-05-14 00:05:00,2026-05-14,tester_04,2026-05-14 00:05:19,https://www.commcarehq.org/form/599e5290-5d66-4324-8451-76b2e29574dd,tester_04,True,46,5.0,10.3154482,7.2245731
752,066017c2-701a-4a02-a11a-e3e1b98bdb99,community_04,Naomi,Sani,male,1976-10-21,46544869918.0,8054828008,https://www.commcarehq.org/photos/farmer_752.jpg,1,livestock_farming,15,family_land,2,rain-fed,---,groundnuts,2.5,---,---,---,---,---,10.2413054 7.5726309 0.0 20.0,yes,97bfb4d8-d623-4ba4-ac34-b4d661ff95fc,2026-01-28 00:06:00,2026-01-28,tester_04,2026-01-28 00:06:18,https://www.commcarehq.org/form/066017c2-701a-4a02-a11a-e3e1b98bdb99,tester_04,True,49,6.0,10.2413054,7.5726309
753,a519f374-f1f5-4a30-91af-267721043ed0,community_06,Grace,Mohammed,female,2007-02-19,54481568965.0,8084226567,https://www.commcarehq.org/photos/farmer_753.jpg,8,crop_farming,1,owned,4,borehole,---,groundnuts rice,2.7,---,3.1,goats,24,---,10.4334428 7.3538907 0.0 20.0,yes,5e4361dc-046c-4761-a1d6-347226a631cb,2026-03-31 00:03:00,2026-03-31,tester_06,2026-03-31 00:03:17,https://www.commcarehq.org/form/a519f374-f1f5-4a30-91af-267721043ed0,tester_06,True,19,3.0,10.4334428,7.3538907
754,fc06b69e-bfa1-48d0-9239-ac588f954643,community_05,Suleiman,Eze,male,1973-05-22,,8025349247,https://www.commcarehq.org/photos/farmer_754.jpg,4,mixed_farming,34,owned,2,rain-fed,---,groundnuts maize rice,1.9,4.5,1.4,goats,9,---,10.2803033 7.2497472 0.0 20.0,yes,a345bf38-7f94-407a-888f-3fc8d8d02c69,2026-06-05 00:05:00,2026-06-05,tester_05,2026-06-05 00:05:19,https://www.commcarehq.org/form/fc06b69e-bfa1-48d0-9239-ac588f954643,tester_05,True,53,5.0,10.2803033,7.2497472
755,b3f3a95d-36cb-4819-9c48-55277c8b75cc,community_07,David,Yusuf,male,1984-11-09,,8084181106,https://www.commcarehq.org/photos/farmer_755.jpg,7,livestock_farming,9,owned,2,rain-fed,---,rice maize groundnuts,0.8,2.3,3.9,---,---,---,10.201961 7.5495724 0.0 20.0,yes,6557e504-79cc-4ea7-8c73-897d964d99ea,2026-03-02 00:04:00,2026-03-02,tester_07,2026-03-02 00:04:09,https://www.commcarehq.org/form/b3f3a95d-36cb-4819-9c48-55277c8b75cc,tester_07,True,41,4.0,10.201961,7.5495724
756,64ecaccd-3c43-46a6-b7c1-3d7500682bc6,community_03,Joy,James,female,1953-09-24,,8031863619,https://www.commcarehq.org/photos/farmer_756.jpg,1,mixed_farming,8,family_land,5,rain-fed,---,groundnuts maize,1.0,2.0,---,goats,25,---,10.405708 7.255726 0.0 20.0,yes,4bdbae31-c606-4bbb-83ab-aa9615c40824,2026-03-01 00:02:00,2026-03-01,tester_03,2026-03-01 00:02:06,https://www.commcarehq.org/form/64ecaccd-3c43-46a6-b7c1-3d7500682bc6,tester_03,True,72,2.0,10.405708,7.255726
757,2fbce9af-e461-4e92-bf8b-112d12171124,community_05,Mercy,Yakubu,male,1968-02-11,,8035069988,https://www.commcarehq.org/photos/farmer_757.jpg,11,mixed_farming,34,owned,3,other,Spring Water,rice,---,---,4.0,---,---,---,10.5877708 7.4898557 0.0 20.0,yes,5a4c18db-2bbf-4772-bd5a-66b1ba645bc0,2026-02-05 00:03:00,2026-02-05,tester_05,2026-02-05 00:03:07,https://www.commcarehq.org/form/2fbce9af-e461-4e92-bf8b-112d12171124,tester_05,True,58,3.0,10.5877708,7.4898557
758,3dbd3e81-e09e-4f88-a4e9-030504ef7331,community_06,Esther,Sani,male,2002-03-20,,8059813667,https://www.commcarehq.org/photos/farmer_758.jpg,3,mixed_farming,6,family_land,3,rain-fed,---,rice groundnuts,1.5,---,2.1,goats rabbits,9,38,10.4665701 7.4852068 0.0 20.0,yes,6a79f8b0-98fd-477a-b914-633dd4669b19,2026-06-18 00:03:00,2026-06-18,tester_06,2026-06-18 00:03:15,https://www.commcarehq.org/form/3dbd3e81-e09e-4f88-a4e9-030504ef7331,tester_06,True,24,3.0,10.4665701,7.4852068
759,465eb9dd-a0dc-4e7e-88bf-d842efff055f,community_01,Naomi,Sani,male,1969-11-25,,8018256638,https://www.commcarehq.org/photos/farmer_759.jpg,4,crop_farming,17,owned,3,borehole,---,rice,---,---,2.7,---,---,---,10.3740025 7.2451862 0.0 20.0,yes,20daa355-d702-4bbe-83e7-c4ba4d9e8e02,2026-01-30 00:02:00,2026-01-30,tester_01,2026-01-30 00:02:14,https://www.commcarehq.org/form/465eb9dd-a0dc-4e7e-88bf-d842efff055f,tester_01,True,56,2.0,10.3740025,7.2451862
760,986f1278-0f83-4de3-937a-adc4b301d132,community_06,Peter,Garba,male,1986-07-14,84390871834.0,8040375667,https://www.commcarehq.org/photos/farmer_760.jpg,6,crop_farming,16,leased,5,rain-fed,---,groundnuts rice maize,2.9,6.2,2.1,goats,7,---,10.5866503 7.3581079 0.0 20.0,yes,5ca37087-5a25-4023-b42f-f108463e10e4,2026-02-07 00:03:00,2026-02-07,tester_06,2026-02-07 00:03:15,https://www.commcarehq.org/form/986f1278-0f83-4de3-937a-adc4b301d132,tester_06,True,40,3.0,10.5866503,7.3581079
761,51ee4e06-dceb-4a07-8aa6-aad567e04668,community_04,Fatima,Sani,female,2003-01-12,,8059424956,https://www.commcarehq.org/photos/farmer_761.jpg,5,crop_farming,3,owned,3,rain-fed,---,maize groundnuts,0.7,3.4,---,goats,14,---,10.3824198 7.2873672 0.0 20.0,yes,a76d7469-2672-486a-833f-66b986669e1f,2026-02-07 00:04:00,2026-02-07,tester_04,2026-02-07 00:04:17,https://www.commcarehq.org/form/51ee4e06-dceb-4a07-8aa6-aad567e04668,tester_04,True,23,4.0,10.3824198,7.2873672
762,ac1eab4b-755e-4f7e-af88-b39f1ddcc42b,community_07,Samuel,Tanko,male,2002-09-26,35126255821.0,8020003275,https://www.commcarehq.org/photos/farmer_762.jpg,4,crop_farming,6,owned,3,dam_reservoir,---,groundnuts,0.6,---,---,---,---,---,10.4099056 7.2332898 0.0 20.0,yes,d5ff0236-afe1-47a4-81b7-137ff199919a,2026-02-28 00:07:00,2026-02-28,tester_07,2026-02-28 00:07:18,https://www.commcarehq.org/form/ac1eab4b-755e-4f7e-af88-b39f1ddcc42b,tester_07,True,23,7.0,10.4099056,7.2332898
763,943493af-f73e-428d-9709-8be02d929b6f,community_07,Emmanuel,Philip,male,1994-07-08,18618210508.0,8068514806,https://www.commcarehq.org/photos/farmer_763.jpg,4,mixed_farming,4,family_land,6,borehole,---,maize rice,---,1.0,3.0,goats,13,---,10.2129444 7.2459294 0.0 20.0,yes,fd3d0210-d30d-4fa3-8130-c8e85bc891a3,2026-05-18 00:08:00,2026-05-18,tester_07,2026-05-18 00:08:13,https://www.commcarehq.org/form/943493af-f73e-428d-9709-8be02d929b6f,tester_07,True,32,8.0,10.2129444,7.2459294
764,e3c2df1e-eb85-49df-abdc-eef38d2762fd,community_05,Sarah,Usman,female,1996-07-02,29120321689.0,8013162712,https://www.commcarehq.org/photos/farmer_764.jpg,4,crop_farming,8,owned,1,other,Spring Water,rice,---,---,0.6,---,---,---,10.4837857 7.2884454 0.0 20.0,yes,fa547fe5-7db5-4e2d-974e-f5c224b96af4,2026-04-20 00:06:00,2026-04-20,tester_05,2026-04-20 00:06:17,https://www.commcarehq.org/form/e3c2df1e-eb85-49df-abdc-eef38d2762fd,tester_05,True,30,6.0,10.4837857,7.2884454
765,4088a314-f937-403d-a0c5-bdf6951ada2c,community_06,Ruth,Balogun,female,2005-07-06,19675362877.0,8093424052,https://www.commcarehq.org/photos/farmer_765.jpg,11,mixed_farming,1,owned,5,river_stream,---,rice,---,---,0.5,goats rabbits,5,2,10.3271405 7.2072634 0.0 20.0,yes,a7c8c4e3-0160-4fd3-8b25-1c0e7a908b1d,2026-04-15 00:06:00,2026-04-15,tester_06,2026-04-15 00:06:18,https://www.commcarehq.org/form/4088a314-f937-403d-a0c5-bdf6951ada2c,tester_06,True,21,6.0,10.3271405,7.2072634
766,6aadcb64-5a88-482b-954d-79d55c06e314,community_01,Suleiman,Lawal,male,1993-07-12,27878422809.0,8069938144,https://www.commcarehq.org/photos/farmer_766.jpg,5,mixed_farming,12,leased,2,rain-fed,---,rice groundnuts,2.0,---,0.7,goats,5,---,10.5105174 7.5268285 0.0 20.0,yes,e0cbd91d-112b-4c39-895c-0f74d5badf94,2026-06-25 00:05:00,2026-06-25,tester_01,2026-06-25 00:05:10,https://www.commcarehq.org/form/6aadcb64-5a88-482b-954d-79d55c06e314,tester_01,True,33,5.0,10.5105174,7.5268285
767,22692712-faf1-48d5-bce3-d5ef849344db,community_03,Yusuf,Sani,male,2008-03-14,46271609581.0,8050229857,https://www.commcarehq.org/photos/farmer_767.jpg,3,crop_farming,1,owned,2,rain-fed,---,groundnuts maize rice,2.9,5.1,2.8,goats rabbits,7,24,10.4254124 7.3771819 0.0 20.0,yes,95eecf74-a0c3-4b8a-9946-f32cc9d0fe5e,2026-06-03 00:06:00,2026-06-03,tester_03,2026-06-03 00:06:07,https://www.commcarehq.org/form/22692712-faf1-48d5-bce3-d5ef849344db,tester_03,True,18,6.0,10.4254124,7.3771819
768,a631963f-5d56-486f-99a6-726a953d10f0,community_01,John,Abdullahi,male,1978-03-21,71552715085.0,8041838190,https://www.commcarehq.org/photos/farmer_768.jpg,7,livestock_farming,19,owned,1,rain-fed,---,rice groundnuts,1.0,---,3.2,goats,24,---,10.5107409 7.2243152 0.0 20.0,yes,b4b1e71d-85ba-4b29-9867-ab5f69318919,2026-02-20 00:04:00,2026-02-20,tester_01,2026-02-20 00:04:19,https://www.commcarehq.org/form/a631963f-5d56-486f-99a6-726a953d10f0,tester_01,True,48,4.0,10.5107409,7.2243152
769,58b54caf-b177-4a93-ac6b-b907089c9c0a,community_03,Suleiman,Bello,male,1976-10-22,43163666831.0,8009431128,https://www.commcarehq.org/photos/farmer_769.jpg,7,livestock_farming,9,owned,3,rain-fed,---,groundnuts rice,1.0,---,2.9,---,---,---,10.4706505 7.5530059 0.0 20.0,yes,2f0ce315-8193-4a3c-83d4-1cf4e1eb763f,2026-04-04 00:07:00,2026-04-04,tester_03,2026-04-04 00:07:17,https://www.commcarehq.org/form/58b54caf-b177-4a93-ac6b-b907089c9c0a,tester_03,True,49,7.0,10.4706505,7.5530059
770,5a25e0ec-ab6a-4d7a-aa4d-ed4386e39540,community_04,Mary,Sani,female,1992-09-18,43056974254.0,8009564425,https://www.commcarehq.org/photos/farmer_770.jpg,7,mixed_farming,10,family_land,2,irrigation_scheme,---,maize rice groundnuts,0.8,6.3,2.1,---,---,---,10.4975269 7.2541751 0.0 20.0,yes,7efbba04-a59b-4cb7-a2b6-5ecc3cc753e2,2026-03-29 00:04:00,2026-03-29,tester_04,2026-03-29 00:04:12,https://www.commcarehq.org/form/5a25e0ec-ab6a-4d7a-aa4d-ed4386e39540,tester_04,True,33,4.0,10.4975269,7.2541751
771,949f343f-9e9b-4e52-ac29-b167d01aae3e,community_02,Samuel,Haruna,male,1980-06-27,,8072592636,https://www.commcarehq.org/photos/farmer_771.jpg,8,crop_farming,20,family_land,3,rain-fed,---,maize groundnuts,2.8,3.5,---,goats rabbits,19,32,10.4104991 7.598399 0.0 20.0,yes,78f011ea-1499-4d50-b37f-2f565d494685,2026-03-20 00:07:00,2026-03-20,tester_02,2026-03-20 00:07:06,https://www.commcarehq.org/form/949f343f-9e9b-4e52-ac29-b167d01aae3e,tester_02,True,46,7.0,10.4104991,7.598399
772,81c2e49d-5f61-436a-896e-ed8d3277ceca,community_04,Yusuf,Daniel,male,1994-07-23,,8043868306,https://www.commcarehq.org/photos/farmer_772.jpg,6,mixed_farming,3,owned,3,rain-fed,---,groundnuts,2.8,---,---,goats,20,---,10.2519583 7.4217303 0.0 20.0,yes,97d3d6fd-9075-4eae-b295-fccecbe874f0,2026-01-12 00:07:00,2026-01-12,tester_04,2026-01-12 00:07:10,https://www.commcarehq.org/form/81c2e49d-5f61-436a-896e-ed8d3277ceca,tester_04,True,32,7.0,10.2519583,7.4217303
773,c0b7f9a9-6285-4439-9f14-4efe62cd7a31,community_02,Emmanuel,Peter,female,1980-02-02,42034446334.0,8036316150,https://www.commcarehq.org/photos/farmer_773.jpg,4,crop_farming,3,owned,3,rain-fed,---,rice,---,---,1.7,goats,24,---,10.5954522 7.5652988 0.0 20.0,yes,95b75942-3039-4a7a-8a49-dd4ac2e9d677,2026-01-11 00:05:00,2026-01-11,tester_02,2026-01-11 00:05:08,https://www.commcarehq.org/form/c0b7f9a9-6285-4439-9f14-4efe62cd7a31,tester_02,True,46,5.0,10.5954522,7.5652988
774,2be7268e-0fa2-4b86-8fc4-d56ba443b02f,community_03,Fatima,Daniel,male,1990-09-25,24566931133.0,8071595916,https://www.commcarehq.org/photos/farmer_774.jpg,3,crop_farming,13,owned,4,irrigation_scheme,---,rice groundnuts maize,1.4,2.3,2.0,---,---,---,10.2017484 7.302668 0.0 20.0,yes,64227111-51e9-4b1e-8bc7-8287ac98efac,2026-03-29 00:06:00,2026-03-29,tester_03,2026-03-29 00:06:15,https://www.commcarehq.org/form/2be7268e-0fa2-4b86-8fc4-d56ba443b02f,tester_03,True,35,6.0,10.2017484,7.302668
775,967c3ed9-cb4b-43f4-addd-af52b176ef15,community_01,David,Daniel,female,1988-10-28,93919080695.0,8083721495,https://www.commcarehq.org/photos/farmer_775.jpg,10,mixed_farming,8,owned,2,other,Rainwater Harvesting,rice groundnuts,1.0,---,2.9,goats,20,---,10.579559 7.4706138 0.0 20.0,yes,da86470f-7d13-4b70-a431-f0c9728de9ec,2026-04-28 00:08:00,2026-04-28,tester_01,2026-04-28 00:08:06,https://www.commcarehq.org/form/967c3ed9-cb4b-43f4-addd-af52b176ef15,tester_01,True,37,8.0,10.579559,7.4706138
776,efb00e2a-1760-4f17-8a50-d492d04e7747,community_03,Elizabeth,Ali,male,1970-08-02,14461065982.0,8028264589,https://www.commcarehq.org/photos/farmer_776.jpg,10,mixed_farming,15,owned,3,rain-fed,---,groundnuts maize rice,0.8,5.6,1.3,rabbits,---,28,10.2168495 7.2222613 0.0 20.0,yes,de9f894a-7573-4f2b-9e56-b85b8936fdfc,2026-02-07 00:06:00,2026-02-07,tester_03,2026-02-07 00:06:12,https://www.commcarehq.org/form/efb00e2a-1760-4f17-8a50-d492d04e7747,tester_03,True,56,6.0,10.2168495,7.2222613
777,45643129-0636-4928-90e8-eb5168e604fd,community_05,Samuel,Balogun,male,1996-01-29,55353393484.0,8045878901,https://www.commcarehq.org/photos/farmer_777.jpg,4,mixed_farming,12,owned,1,rain-fed,---,rice groundnuts maize,1.1,4.7,1.8,rabbits,---,19,10.3964278 7.2052564 0.0 20.0,yes,78968063-a72f-4e3b-bfe1-cb89002ce970,2026-06-27 00:08:00,2026-06-27,tester_05,2026-06-27 00:08:05,https://www.commcarehq.org/form/45643129-0636-4928-90e8-eb5168e604fd,tester_05,True,30,8.0,10.3964278,7.2052564
778,0c0f277b-b113-4449-8cd1-084f8cbcc1be,community_05,Naomi,Haruna,female,1992-01-16,37749920882.0,8044249248,https://www.commcarehq.org/photos/farmer_778.jpg,8,crop_farming,15,family_land,1,rain-fed,---,rice maize groundnuts,1.9,1.4,2.3,rabbits,---,11,10.5574323 7.474807 0.0 20.0,yes,351f2323-cc41-4f6b-818d-3983350949d7,2026-06-14 00:08:00,2026-06-14,tester_05,2026-06-14 00:08:17,https://www.commcarehq.org/form/0c0f277b-b113-4449-8cd1-084f8cbcc1be,tester_05,True,34,8.0,10.5574323,7.474807
779,f8e4bc55-adc5-446b-b801-a7a9831dd847,community_02,Samuel,Yusuf,male,1989-06-02,69878312839.0,8003750269,https://www.commcarehq.org/photos/farmer_779.jpg,6,livestock_farming,19,family_land,5,rain-fed,---,groundnuts,2.7,---,---,---,---,---,10.2534145 7.4738849 0.0 20.0,yes,d780d4d2-b25e-4b34-9df9-424815286330,2026-04-06 00:07:00,2026-04-06,tester_02,2026-04-06 00:07:13,https://www.commcarehq.org/form/f8e4bc55-adc5-446b-b801-a7a9831dd847,tester_02,True,37,7.0,10.2534145,7.4738849
780,37a8ee17-5acf-46e6-84d5-ca29934b08d8,community_01,Joseph,Abdullahi,male,1984-08-30,84138399353.0,8004910574,https://www.commcarehq.org/photos/farmer_780.jpg,12,mixed_farming,24,leased,2,rain-fed,---,groundnuts,1.6,---,---,---,---,---,10.3770538 7.3517228 0.0 20.0,yes,cc763b3d-f1ba-462b-b34d-2854a15ba2fa,2026-06-15 00:04:00,2026-06-15,tester_01,2026-06-15 00:04:18,https://www.commcarehq.org/form/37a8ee17-5acf-46e6-84d5-ca29934b08d8,tester_01,True,41,4.0,10.3770538,7.3517228
781,0520405e-655e-479e-9097-fbeff1fde1c5,community_01,Grace,Johnson,female,1999-07-08,16309228930.0,8084701316,https://www.commcarehq.org/photos/farmer_781.jpg,7,livestock_farming,4,family_land,4,rain-fed,---,groundnuts maize rice,2.8,5.2,2.2,---,---,---,10.4615811 7.5440382 0.0 20.0,yes,d0b9456f-8e86-4211-85be-b937e5887b18,2026-02-28 00:08:00,2026-02-28,tester_01,2026-02-28 00:08:18,https://www.commcarehq.org/form/0520405e-655e-479e-9097-fbeff1fde1c5,tester_01,True,27,8.0,10.4615811,7.5440382
782,44f26e3b-4fb6-4207-9b55-e3ad3dd9fefc,community_02,Deborah,Balogun,female,1972-04-20,47546586273.0,8061241722,https://www.commcarehq.org/photos/farmer_782.jpg,10,crop_farming,15,leased,2,rain-fed,---,rice maize groundnuts,1.8,5.0,3.7,rabbits,---,35,10.3280923 7.3985618 0.0 20.0,yes,a832a95c-6e0e-44c8-8791-fcb7ca70d57f,2026-04-28 00:04:00,2026-04-28,tester_02,2026-04-28 00:04:06,https://www.commcarehq.org/form/44f26e3b-4fb6-4207-9b55-e3ad3dd9fefc,tester_02,True,54,4.0,10.3280923,7.3985618
783,3f9b8200-7207-490d-baba-5d9a4e3cac71,community_06,Esther,Ahmed,female,1988-05-31,94130810523.0,8000975176,https://www.commcarehq.org/photos/farmer_783.jpg,6,mixed_farming,19,owned,5,borehole,---,groundnuts maize,2.3,1.2,---,rabbits,---,5,10.5644176 7.4072313 0.0 20.0,yes,c47a164c-58b8-4b3e-9998-f3ccde59fcb0,2026-01-19 00:06:00,2026-01-19,tester_06,2026-01-19 00:06:13,https://www.commcarehq.org/form/3f9b8200-7207-490d-baba-5d9a4e3cac71,tester_06,True,38,6.0,10.5644176,7.4072313
784,11ee43dd-f424-4eaf-b4b2-55a345b72585,community_03,David,Michael,male,1980-09-10,19302662240.0,8028452846,https://www.commcarehq.org/photos/farmer_784.jpg,8,mixed_farming,25,owned,5,rain-fed,---,rice maize,---,4.5,1.0,goats,12,---,10.5304937 7.5290544 0.0 20.0,yes,ed123977-aaa3-41a1-a42e-47ed2abd423b,2026-05-04 00:08:00,2026-05-04,tester_03,2026-05-04 00:08:08,https://www.commcarehq.org/form/11ee43dd-f424-4eaf-b4b2-55a345b72585,tester_03,True,45,8.0,10.5304937,7.5290544
785,1c4389b4-daf2-4756-840c-cc868286c745,community_05,Sarah,Bello,female,1968-07-31,86144804805.0,8023012417,https://www.commcarehq.org/photos/farmer_785.jpg,5,livestock_farming,6,owned,1,rain-fed,---,groundnuts maize rice,2.5,4.2,3.6,goats,15,---,10.4013788 7.4596212 0.0 20.0,yes,eb37d6d3-e612-4682-a098-ce1c30dc3c77,2026-05-19 00:06:00,2026-05-19,tester_05,2026-05-19 00:06:19,https://www.commcarehq.org/form/1c4389b4-daf2-4756-840c-cc868286c745,tester_05,True,58,6.0,10.4013788,7.4596212
786,736d2c35-df15-463f-804c-35a0df5d3ed2,community_07,Ibrahim,Ahmed,male,1979-02-13,,8020991999,https://www.commcarehq.org/photos/farmer_786.jpg,6,mixed_farming,20,owned,3,borehole,---,rice,---,---,2.5,goats,9,---,10.2108861 7.2612765 0.0 20.0,yes,9758b372-dc8f-4683-a3e9-3dd2218b1d9f,2026-05-16 00:04:00,2026-05-16,tester_07,2026-05-16 00:04:14,https://www.commcarehq.org/form/736d2c35-df15-463f-804c-35a0df5d3ed2,tester_07,True,47,4.0,10.2108861,7.2612765
787,eec4bec0-1c18-40a4-8ad4-1c0bd66862b6,community_03,Peter,Usman,female,1980-05-13,,8003547728,https://www.commcarehq.org/photos/farmer_787.jpg,2,crop_farming,1,leased,4,rain-fed,---,maize,---,4.3,---,goats rabbits,9,30,10.5840888 7.2705044 0.0 20.0,yes,d4d700d0-df87-4704-a92d-52dd26989f9d,2026-06-16 00:07:00,2026-06-16,tester_03,2026-06-16 00:07:20,https://www.commcarehq.org/form/eec4bec0-1c18-40a4-8ad4-1c0bd66862b6,tester_03,True,46,7.0,10.5840888,7.2705044
788,2acb1397-bd21-48ef-a5d5-ff6a86a6ff85,community_01,David,Ojo,female,1989-01-11,22290381482.0,8071626485,https://www.commcarehq.org/photos/farmer_788.jpg,6,livestock_farming,14,owned,3,rain-fed,---,maize rice groundnuts,1.1,3.1,3.0,goats,18,---,10.2660989 7.5418058 0.0 20.0,yes,5effb490-c53d-4d7c-8643-0e36dd354cb3,2026-02-15 00:04:00,2026-02-15,tester_01,2026-02-15 00:04:09,https://www.commcarehq.org/form/2acb1397-bd21-48ef-a5d5-ff6a86a6ff85,tester_01,True,37,4.0,10.2660989,7.5418058
789,d15fdf1b-d24c-4e1f-a430-59c65ef856fe,community_01,Rebecca,Philip,female,1979-12-04,95694414707.0,8025753589,https://www.commcarehq.org/photos/farmer_789.jpg,7,crop_farming,5,owned,1,river_stream,---,rice,---,---,2.4,---,---,---,10.5170678 7.5018542 0.0 20.0,yes,a91faa21-d14e-4dcf-acd1-03238d11b3af,2026-02-10 00:02:00,2026-02-10,tester_01,2026-02-10 00:02:11,https://www.commcarehq.org/form/d15fdf1b-d24c-4e1f-a430-59c65ef856fe,tester_01,True,46,2.0,10.5170678,7.5018542
790,c4436366-e235-4254-875b-d27a34b18081,community_06,Joseph,Yakubu,male,1988-11-06,66419480779.0,8097711430,https://www.commcarehq.org/photos/farmer_790.jpg,2,crop_farming,9,owned,1,rain-fed,---,rice,---,---,2.4,---,---,---,10.4533181 7.5253063 0.0 20.0,yes,978fda04-d958-456b-a7ca-184d647c7b1f,2026-06-12 00:07:00,2026-06-12,tester_06,2026-06-12 00:07:16,https://www.commcarehq.org/form/c4436366-e235-4254-875b-d27a34b18081,tester_06,True,37,7.0,10.4533181,7.5253063
791,aba39bd4-a398-4a3b-8b5f-f0565664a696,community_03,Ibrahim,Michael,male,1993-11-20,14451951253.0,8022574014,https://www.commcarehq.org/photos/farmer_791.jpg,8,crop_farming,6,family_land,2,rain-fed,---,groundnuts maize rice,2.4,6.3,1.7,goats,15,---,10.4905781 7.4801432 0.0 20.0,yes,63ee3c4d-22f3-48d6-9ac9-ba42c53cf1d3,2026-05-29 00:08:00,2026-05-29,tester_03,2026-05-29 00:08:19,https://www.commcarehq.org/form/aba39bd4-a398-4a3b-8b5f-f0565664a696,tester_03,True,32,8.0,10.4905781,7.4801432
792,d4c4ea79-a9af-4b8b-a581-a13fc0c4f683,community_07,Samuel,Ojo,male,2001-11-05,,8059356836,https://www.commcarehq.org/photos/farmer_792.jpg,4,livestock_farming,3,owned,1,dam_reservoir,---,rice maize groundnuts,1.7,1.9,1.2,goats,4,---,10.2652139 7.4177452 0.0 20.0,yes,775f9a4e-67e5-4a4f-9e79-717e97573a72,2026-05-17 00:05:00,2026-05-17,tester_07,2026-05-17 00:05:19,https://www.commcarehq.org/form/d4c4ea79-a9af-4b8b-a581-a13fc0c4f683,tester_07,True,24,5.0,10.2652139,7.4177452
793,5ab0431c-34e4-47f9-9902-398be8dd3807,community_01,Ahmed,Tanko,male,1997-08-28,88652815869.0,8086212405,https://www.commcarehq.org/photos/farmer_793.jpg,9,crop_farming,4,owned,1,rain-fed,---,maize groundnuts rice,0.9,1.8,1.7,rabbits,---,37,10.5100243 7.2302786 0.0 20.0,yes,3e4755d3-cdc5-4f51-be20-c64e922f0a30,2026-01-05 00:02:00,2026-01-05,tester_01,2026-01-05 00:02:16,https://www.commcarehq.org/form/5ab0431c-34e4-47f9-9902-398be8dd3807,tester_01,True,28,2.0,10.5100243,7.2302786
794,7a39857f-290c-412d-a7ff-9c91b4899bdd,community_06,John,Ali,male,1970-12-21,96454686975.0,8064549934,https://www.commcarehq.org/photos/farmer_794.jpg,7,mixed_farming,19,owned,2,rain-fed,---,maize rice groundnuts,2.7,2.4,2.8,---,---,---,10.425258 7.4526165 0.0 20.0,yes,7e7af03d-cf17-4443-83d7-eb06f24c60e0,2026-03-18 00:06:00,2026-03-18,tester_06,2026-03-18 00:06:16,https://www.commcarehq.org/form/7a39857f-290c-412d-a7ff-9c91b4899bdd,tester_06,True,55,6.0,10.425258,7.4526165
795,c2e358c3-be82-4919-bda1-e65e839eae43,community_06,Joy,Ahmed,female,1977-01-18,,8061881998,https://www.commcarehq.org/photos/farmer_795.jpg,7,mixed_farming,3,owned,4,rain-fed,---,groundnuts rice maize,2.6,2.7,1.5,goats rabbits,6,15,10.2161441 7.5227332 0.0 20.0,yes,9429b14c-738d-4121-9856-db71b2056ffb,2026-06-11 00:05:00,2026-06-11,tester_06,2026-06-11 00:05:13,https://www.commcarehq.org/form/c2e358c3-be82-4919-bda1-e65e839eae43,tester_06,True,49,5.0,10.2161441,7.5227332
796,936eff11-eed9-47a8-9b3b-3abb0c319836,community_03,Amina,Yakubu,female,1982-06-13,60374734317.0,8062701982,https://www.commcarehq.org/photos/farmer_796.jpg,8,livestock_farming,14,owned,3,borehole,---,maize groundnuts rice,2.5,1.0,2.4,goats,24,---,10.2659064 7.3912781 0.0 20.0,yes,d051b189-b758-484e-8929-c0c7bfb0fc10,2026-05-26 00:02:00,2026-05-26,tester_03,2026-05-26 00:02:05,https://www.commcarehq.org/form/936eff11-eed9-47a8-9b3b-3abb0c319836,tester_03,True,44,2.0,10.2659064,7.3912781
797,38117231-fd62-46f4-a238-bc77b2acf16e,community_02,Joy,Ibrahim,female,1993-08-08,53610510719.0,8030559723,https://www.commcarehq.org/photos/farmer_797.jpg,8,mixed_farming,6,owned,1,borehole,---,maize groundnuts rice,1.6,3.0,1.1,goats rabbits,6,9,10.2602949 7.5093088 0.0 20.0,yes,f6a6441a-cb70-4268-ba37-47a5d696930d,2026-06-28 00:07:00,2026-06-28,tester_02,2026-06-28 00:07:11,https://www.commcarehq.org/form/38117231-fd62-46f4-a238-bc77b2acf16e,tester_02,True,32,7.0,10.2602949,7.5093088
798,80ff14b1-e987-4886-a57d-820e4fc4255d,community_04,Peter,Musa,male,1981-09-29,81374063151.0,8090550348,https://www.commcarehq.org/photos/farmer_798.jpg,4,crop_farming,19,leased,1,rain-fed,---,groundnuts,1.3,---,---,---,---,---,10.4784761 7.2376401 0.0 20.0,yes,57308113-9620-4a23-97a5-61b8ebeaff72,2026-03-01 00:08:00,2026-03-01,tester_04,2026-03-01 00:08:18,https://www.commcarehq.org/form/80ff14b1-e987-4886-a57d-820e4fc4255d,tester_04,True,44,8.0,10.4784761,7.2376401
799,ae3212dc-7e43-46d5-91e7-a65d9a040961,community_06,Binta,David,male,1963-11-12,99585534115.0,8025568740,https://www.commcarehq.org/photos/farmer_799.jpg,1,crop_farming,16,owned,2,rain-fed,---,groundnuts maize,2.7,3.3,---,goats,3,---,10.3983726 7.338701 0.0 20.0,yes,acec6e46-f4e4-4301-8e10-4c9b64270391,2026-04-02 00:07:00,2026-04-02,tester_06,2026-04-02 00:07:19,https://www.commcarehq.org/form/ae3212dc-7e43-46d5-91e7-a65d9a040961,tester_06,True,62,7.0,10.3983726,7.338701
800,f4f89bf4-f9ac-47d5-87ab-621aa65a94e1,community_01,Fatima,Haruna,male,1974-12-25,81478949214.0,8070969076,https://www.commcarehq.org/photos/farmer_800.jpg,6,livestock_farming,25,leased,5,river_stream,---,groundnuts,1.4,---,---,---,---,---,10.4388784 7.534919 0.0 20.0,yes,b7792ce0-45df-4dca-a772-c65bc118f7c2,2026-06-25 00:06:00,2026-06-25,tester_01,2026-06-25 00:06:12,https://www.commcarehq.org/form/f4f89bf4-f9ac-47d5-87ab-621aa65a94e1,tester_01,True,51,6.0,10.4388784,7.534919
801,e295fef9-77d9-4c44-b6fd-9b0b0480ca27,community_06,Sarah,Lawal,male,1986-06-27,80086459937.0,8087580651,https://www.commcarehq.org/photos/farmer_801.jpg,4,crop_farming,13,owned,3,rain-fed,---,rice groundnuts maize,1.1,2.5,3.1,---,---,---,10.2568563 7.5403672 0.0 20.0,yes,832349f7-5921-47dc-a236-d4224f8f4465,2026-05-19 00:08:00,2026-05-19,tester_06,2026-05-19 00:08:09,https://www.commcarehq.org/form/e295fef9-77d9-4c44-b6fd-9b0b0480ca27,tester_06,True,40,8.0,10.2568563,7.5403672
802,f6d886c0-7d66-4d72-94a9-30095c30afa0,community_05,Mercy,Johnson,female,1995-03-23,80054412810.0,8087245271,https://www.commcarehq.org/photos/farmer_802.jpg,7,livestock_farming,9,owned,2,rain-fed,---,maize rice,---,3.0,3.6,goats,15,---,10.5774921 7.3062996 0.0 20.0,yes,b1c4c6ac-812f-44c1-8c79-5cf49f32f5af,2026-05-06 00:08:00,2026-05-06,tester_05,2026-05-06 00:08:07,https://www.commcarehq.org/form/f6d886c0-7d66-4d72-94a9-30095c30afa0,tester_05,True,31,8.0,10.5774921,7.3062996
803,eed321ba-31e2-4f92-ab5e-20f471bfcc30,community_01,Joseph,Garba,male,1993-09-18,16011390215.0,8013351720,https://www.commcarehq.org/photos/farmer_803.jpg,6,crop_farming,4,family_land,6,rain-fed,---,maize,---,2.8,---,goats,8,---,10.2304512 7.4065588 0.0 20.0,yes,cd91124d-6b36-4e09-b9de-2e21529571b2,2026-01-06 00:08:00,2026-01-06,tester_01,2026-01-06 00:08:15,https://www.commcarehq.org/form/eed321ba-31e2-4f92-ab5e-20f471bfcc30,tester_01,True,32,8.0,10.2304512,7.4065588
804,6f7110bf-ebde-4f00-a6d2-bf7193dcbf4f,community_03,Yusuf,Ojo,male,1958-04-20,,8052528782,https://www.commcarehq.org/photos/farmer_804.jpg,2,crop_farming,44,owned,3,other,Spring Water,rice maize,---,5.2,0.6,goats,2,---,10.2370863 7.5821124 0.0 20.0,yes,114b4486-1a8b-4d3b-84d6-8eb1d887cc44,2026-02-05 00:03:00,2026-02-05,tester_03,2026-02-05 00:03:20,https://www.commcarehq.org/form/6f7110bf-ebde-4f00-a6d2-bf7193dcbf4f,tester_03,True,68,3.0,10.2370863,7.5821124
805,68a73b1c-6001-4540-bb35-c98c731faf3d,community_06,Peter,Yakubu,male,1981-07-26,96324481804.0,8089482723,https://www.commcarehq.org/photos/farmer_805.jpg,3,mixed_farming,15,owned,4,borehole,---,rice groundnuts maize,2.2,5.9,0.6,goats,8,---,10.4772694 7.3038487 0.0 20.0,yes,0eeb95f8-f46f-4c2e-a8ee-9458a51bbc30,2026-01-05 00:03:00,2026-01-05,tester_06,2026-01-05 00:03:13,https://www.commcarehq.org/form/68a73b1c-6001-4540-bb35-c98c731faf3d,tester_06,True,45,3.0,10.4772694,7.3038487
806,2d13f397-2757-493e-be18-f1ef0c02fff7,community_06,Binta,Mohammed,female,1988-11-15,68802514745.0,8014575818,https://www.commcarehq.org/photos/farmer_806.jpg,7,mixed_farming,13,owned,2,river_stream,---,rice maize groundnuts,2.6,1.3,1.7,---,---,---,10.2448984 7.5867374 0.0 20.0,yes,6e1b29ce-b4af-4aa7-9982-6d2a4dd921d2,2026-01-18 00:07:00,2026-01-18,tester_06,2026-01-18 00:07:19,https://www.commcarehq.org/form/2d13f397-2757-493e-be18-f1ef0c02fff7,tester_06,True,37,7.0,10.2448984,7.5867374
807,bc960bef-4f42-43a1-9f71-b2809302a98e,community_02,Musa,Ali,female,1970-09-19,83928664675.0,8021276766,https://www.commcarehq.org/photos/farmer_807.jpg,9,crop_farming,19,family_land,2,dam_reservoir,---,rice groundnuts maize,2.6,5.7,3.2,---,---,---,10.3127367 7.4795404 0.0 20.0,yes,962a3c28-ebcd-4a70-a7be-e8ca31363fa2,2026-02-14 00:07:00,2026-02-14,tester_02,2026-02-14 00:07:12,https://www.commcarehq.org/form/bc960bef-4f42-43a1-9f71-b2809302a98e,tester_02,True,55,7.0,10.3127367,7.4795404
808,66a68e91-f360-4993-833b-fa3c4d0c7784,community_02,Daniel,Lawal,male,1959-08-25,89422289148.0,8091294324,https://www.commcarehq.org/photos/farmer_808.jpg,8,crop_farming,36,owned,3,rain-fed,---,maize groundnuts rice,0.7,4.8,0.5,rabbits,---,28,10.2477041 7.3202787 0.0 20.0,yes,be096d12-18c8-4bc8-8e3f-31cfe67f3869,2026-03-07 00:05:00,2026-03-07,tester_02,2026-03-07 00:05:07,https://www.commcarehq.org/form/66a68e91-f360-4993-833b-fa3c4d0c7784,tester_02,True,66,5.0,10.2477041,7.3202787
809,c79224ec-721a-4a1c-8ef7-6e45738d7864,community_07,Blessing,Tanko,male,1998-11-16,32778063533.0,8073927755,https://www.commcarehq.org/photos/farmer_809.jpg,8,crop_farming,8,leased,3,rain-fed,---,rice maize groundnuts,0.5,3.3,2.5,goats,6,---,10.2690327 7.5725686 0.0 20.0,yes,13afc0b5-322c-498a-bfad-fd8835f6779c,2026-06-16 00:07:00,2026-06-16,tester_07,2026-06-16 00:07:05,https://www.commcarehq.org/form/c79224ec-721a-4a1c-8ef7-6e45738d7864,tester_07,True,27,7.0,10.2690327,7.5725686
810,82574c3d-9c6a-4839-ae67-6e2d6e38ae54,community_04,Rebecca,Lawal,male,1977-06-13,64399386701.0,8040537298,https://www.commcarehq.org/photos/farmer_810.jpg,8,crop_farming,13,family_land,3,other,Spring Water,groundnuts,1.0,---,---,---,---,---,10.5327866 7.4997053 0.0 20.0,yes,5c6ec9f3-f95f-4fc5-99af-9f64d31fee2e,2026-01-06 00:05:00,2026-01-06,tester_04,2026-01-06 00:05:06,https://www.commcarehq.org/form/82574c3d-9c6a-4839-ae67-6e2d6e38ae54,tester_04,True,49,5.0,10.5327866,7.4997053
811,c03a4736-f1bc-46b4-9281-2c6e563d96ba,community_06,Ruth,Yakubu,female,1977-12-12,,8074851487,https://www.commcarehq.org/photos/farmer_811.jpg,3,mixed_farming,9,owned,6,borehole,---,rice maize,---,3.7,3.5,rabbits,---,28,10.3390453 7.5409689 0.0 20.0,yes,8632cbf0-f779-440c-8419-1e3f487aa243,2026-06-22 00:08:00,2026-06-22,tester_06,2026-06-22 00:08:13,https://www.commcarehq.org/form/c03a4736-f1bc-46b4-9281-2c6e563d96ba,tester_06,True,48,8.0,10.3390453,7.5409689
812,e5eab7bd-6ce2-453a-8b5c-a44320dbb004,community_06,Joseph,Johnson,male,1990-01-07,,8005119243,https://www.commcarehq.org/photos/farmer_812.jpg,3,crop_farming,5,owned,2,rain-fed,---,groundnuts,1.0,---,---,---,---,---,10.5808141 7.3022757 0.0 20.0,yes,6ee66e0e-ad1f-44f2-91ba-fdb8f6c283ee,2026-04-06 00:05:00,2026-04-06,tester_06,2026-04-06 00:05:12,https://www.commcarehq.org/form/e5eab7bd-6ce2-453a-8b5c-a44320dbb004,tester_06,True,36,5.0,10.5808141,7.3022757
813,8c8e8e99-3e1f-4623-b118-d54b92b082b5,community_02,Hauwa,Philip,female,2001-02-25,,8003343623,https://www.commcarehq.org/photos/farmer_813.jpg,6,mixed_farming,2,owned,3,other,Rainwater Harvesting,maize groundnuts rice,2.3,5.1,2.6,goats,6,---,10.2922193 7.5971638 0.0 20.0,yes,c556fbea-c6a7-4e04-bdc5-444bd12a08cd,2026-05-17 00:04:00,2026-05-17,tester_02,2026-05-17 00:04:17,https://www.commcarehq.org/form/8c8e8e99-3e1f-4623-b118-d54b92b082b5,tester_02,True,25,4.0,10.2922193,7.5971638
814,f603e348-58bc-45f9-8e99-c56c50ce422c,community_01,Emmanuel,Yakubu,male,2004-10-25,,8017208787,https://www.commcarehq.org/photos/farmer_814.jpg,11,crop_farming,2,owned,1,rain-fed,---,groundnuts rice,1.1,---,3.2,---,---,---,10.4149625 7.5242791 0.0 20.0,yes,c1bb815d-0b8c-4153-8b9e-6a74b477deab,2026-03-13 00:04:00,2026-03-13,tester_01,2026-03-13 00:04:17,https://www.commcarehq.org/form/f603e348-58bc-45f9-8e99-c56c50ce422c,tester_01,True,21,4.0,10.4149625,7.5242791
815,14a76805-8c56-416c-9744-fa62d169e67f,community_05,Fatima,Peter,male,1977-08-27,,8022157676,https://www.commcarehq.org/photos/farmer_815.jpg,3,mixed_farming,18,owned,3,rain-fed,---,maize rice groundnuts,2.3,4.6,0.8,---,---,---,10.5166201 7.385427 0.0 20.0,yes,354c3ee0-32e0-4aa2-a3a5-0febe6494c3d,2026-04-22 00:04:00,2026-04-22,tester_05,2026-04-22 00:04:05,https://www.commcarehq.org/form/14a76805-8c56-416c-9744-fa62d169e67f,tester_05,True,48,4.0,10.5166201,7.385427
816,c92ce883-c440-4452-aa96-28922b9ab24b,community_02,Yusuf,Peter,female,1986-12-04,93161989497.0,8027192806,https://www.commcarehq.org/photos/farmer_816.jpg,7,livestock_farming,22,owned,1,rain-fed,---,groundnuts rice,0.9,---,2.6,goats,20,---,10.3682424 7.3381781 0.0 20.0,yes,fefbcd29-8391-406d-84b5-3d5b72a221d8,2026-01-21 00:07:00,2026-01-21,tester_02,2026-01-21 00:07:05,https://www.commcarehq.org/form/c92ce883-c440-4452-aa96-28922b9ab24b,tester_02,True,39,7.0,10.3682424,7.3381781
817,3e061cee-77f0-4013-9565-14136901de7c,community_01,Amina,David,male,1967-12-21,17590981660.0,8044944885,https://www.commcarehq.org/photos/farmer_817.jpg,7,mixed_farming,40,owned,6,rain-fed,---,groundnuts maize,1.5,1.4,---,goats,20,---,10.2968054 7.4708018 0.0 20.0,yes,6ce0ca69-786d-4386-b691-813640ab52fc,2026-05-27 00:07:00,2026-05-27,tester_01,2026-05-27 00:07:18,https://www.commcarehq.org/form/3e061cee-77f0-4013-9565-14136901de7c,tester_01,True,58,7.0,10.2968054,7.4708018
818,2136ac93-88d1-4e96-b46c-74745ac8ba4a,community_02,Hauwa,Mohammed,female,1957-07-15,59662200906.0,8037446300,https://www.commcarehq.org/photos/farmer_818.jpg,9,crop_farming,10,family_land,2,rain-fed,---,groundnuts rice,1.4,---,1.9,---,---,---,10.4817908 7.274355 0.0 20.0,yes,cc217db6-ace6-4160-ac37-a703de206a6e,2026-02-22 00:04:00,2026-02-22,tester_02,2026-02-22 00:04:19,https://www.commcarehq.org/form/2136ac93-88d1-4e96-b46c-74745ac8ba4a,tester_02,True,69,4.0,10.4817908,7.274355
819,7c47ba83-240f-4d7f-aebd-58d2748eada0,community_02,John,Eze,female,1990-07-08,,8050054777,https://www.commcarehq.org/photos/farmer_819.jpg,4,crop_farming,10,leased,2,rain-fed,---,rice groundnuts maize,1.8,4.2,2.7,goats,17,---,10.5179838 7.5147568 0.0 20.0,yes,883d8604-daae-405e-ae6f-63297e8a3280,2026-01-06 00:06:00,2026-01-06,tester_02,2026-01-06 00:06:11,https://www.commcarehq.org/form/7c47ba83-240f-4d7f-aebd-58d2748eada0,tester_02,True,36,6.0,10.5179838,7.5147568
820,bb0f17bd-aa89-4964-bb46-98de553ad717,community_04,Elizabeth,Usman,male,1954-08-27,,8012787498,https://www.commcarehq.org/photos/farmer_820.jpg,5,mixed_farming,15,owned,3,borehole,---,maize groundnuts rice,2.1,2.8,1.7,---,---,---,10.3770008 7.519539 0.0 20.0,yes,e934bfb0-303f-4228-9a86-34b012f8da82,2026-04-26 00:05:00,2026-04-26,tester_04,2026-04-26 00:05:07,https://www.commcarehq.org/form/bb0f17bd-aa89-4964-bb46-98de553ad717,tester_04,True,71,5.0,10.3770008,7.519539
821,1d27e3cf-413e-4f9e-9e05-32cc9a99d98d,community_04,Elizabeth,Lawal,male,1989-02-20,58378610317.0,8008565370,https://www.commcarehq.org/photos/farmer_821.jpg,2,mixed_farming,6,owned,1,river_stream,---,maize rice,---,4.1,1.1,goats,5,---,10.3555504 7.5290178 0.0 20.0,yes,9c78f4cc-dbd4-4d32-af5c-d44b81a4bcb6,2026-01-17 00:02:00,2026-01-17,tester_04,2026-01-17 00:02:06,https://www.commcarehq.org/form/1d27e3cf-413e-4f9e-9e05-32cc9a99d98d,tester_04,True,37,2.0,10.3555504,7.5290178
822,26ad7fd4-2d89-4305-9137-24372286bc55,community_02,Deborah,Ahmed,male,1990-07-10,,8050422491,https://www.commcarehq.org/photos/farmer_822.jpg,8,crop_farming,4,family_land,1,rain-fed,---,rice maize groundnuts,2.9,3.8,1.9,---,---,---,10.228052 7.4252116 0.0 20.0,yes,783d5d00-5b36-4625-855b-c2063aa2754b,2026-01-11 00:08:00,2026-01-11,tester_02,2026-01-11 00:08:14,https://www.commcarehq.org/form/26ad7fd4-2d89-4305-9137-24372286bc55,tester_02,True,36,8.0,10.228052,7.4252116
823,7f793769-37f1-42ef-965b-79c82f771d81,community_01,Esther,Eze,male,1993-10-04,11722680005.0,8012377057,https://www.commcarehq.org/photos/farmer_823.jpg,6,crop_farming,15,leased,5,river_stream,---,groundnuts rice,2.8,---,2.5,goats,22,---,10.439095 7.4430342 0.0 20.0,yes,f8f318bb-43dd-48b9-9bcc-e869fac665e9,2026-01-30 00:03:00,2026-01-30,tester_01,2026-01-30 00:03:17,https://www.commcarehq.org/form/7f793769-37f1-42ef-965b-79c82f771d81,tester_01,True,32,3.0,10.439095,7.4430342
824,86af8367-95fe-47f4-9406-ffae2a6315b4,community_05,Suleiman,Samuel,male,1994-09-18,90790737428.0,8029445744,https://www.commcarehq.org/photos/farmer_824.jpg,2,crop_farming,14,owned,1,dam_reservoir,---,rice maize groundnuts,1.7,6.0,0.9,goats,6,---,10.2880013 7.5251122 0.0 20.0,yes,016297c9-ab41-42ab-8547-52d173fb3c2d,2026-02-19 00:04:00,2026-02-19,tester_05,2026-02-19 00:04:16,https://www.commcarehq.org/form/86af8367-95fe-47f4-9406-ffae2a6315b4,tester_05,True,31,4.0,10.2880013,7.5251122
825,3f77761e-f49d-457c-b23f-a48fb3562c8c,community_01,Sarah,Musa,female,1958-06-27,,8098469435,https://www.commcarehq.org/photos/farmer_825.jpg,6,mixed_farming,25,owned,1,irrigation_scheme,---,maize,---,5.2,---,---,---,---,10.4598666 7.56674 0.0 20.0,yes,8a9ef794-cc05-4ef1-89e3-132703702328,2026-06-01 00:08:00,2026-06-01,tester_01,2026-06-01 00:08:16,https://www.commcarehq.org/form/3f77761e-f49d-457c-b23f-a48fb3562c8c,tester_01,True,68,8.0,10.4598666,7.56674
826,e74aa3d2-2542-4f8d-8f63-24383d6fa7dc,community_07,David,Johnson,male,2007-05-07,21352544027.0,8058616626,https://www.commcarehq.org/photos/farmer_826.jpg,7,crop_farming,1,owned,3,rain-fed,---,groundnuts rice maize,2.5,1.8,3.3,---,---,---,10.3721899 7.4632422 0.0 20.0,yes,a1b946cf-f2de-49a8-b010-3f1432b30099,2026-06-04 00:08:00,2026-06-04,tester_07,2026-06-04 00:08:08,https://www.commcarehq.org/form/e74aa3d2-2542-4f8d-8f63-24383d6fa7dc,tester_07,True,19,8.0,10.3721899,7.4632422
827,7fa9de8c-5668-4574-a5e7-05c0c2f89b80,community_06,Naomi,Okafor,female,1976-12-18,,8002010787,https://www.commcarehq.org/photos/farmer_827.jpg,3,crop_farming,7,leased,3,rain-fed,---,maize groundnuts rice,2.2,3.5,0.9,goats,19,---,10.3092701 7.4255692 0.0 20.0,yes,a7cba75d-3f73-487b-8d89-2beb2037d17d,2026-05-25 00:04:00,2026-05-25,tester_06,2026-05-25 00:04:05,https://www.commcarehq.org/form/7fa9de8c-5668-4574-a5e7-05c0c2f89b80,tester_06,True,49,4.0,10.3092701,7.4255692
828,d4ee310c-8483-4217-b206-2eb05946800d,community_06,Amina,Okafor,female,1970-11-01,30734795476.0,8064345669,https://www.commcarehq.org/photos/farmer_828.jpg,11,crop_farming,18,owned,1,borehole,---,rice maize,---,3.2,3.5,---,---,---,10.2716566 7.5391888 0.0 20.0,yes,c184e59a-dcb9-41ac-abe0-daea9f1f61b0,2026-06-10 00:06:00,2026-06-10,tester_06,2026-06-10 00:06:14,https://www.commcarehq.org/form/d4ee310c-8483-4217-b206-2eb05946800d,tester_06,True,55,6.0,10.2716566,7.5391888
829,11d965c9-5238-44d4-a989-784306b695fe,community_03,Emmanuel,David,female,1971-04-07,75651543288.0,8019442783,https://www.commcarehq.org/photos/farmer_829.jpg,2,mixed_farming,25,owned,2,borehole,---,maize rice groundnuts,2.4,2.4,2.3,goats,14,---,10.4377984 7.4525306 0.0 20.0,yes,ca4e650c-c432-41ab-b633-113d367aa115,2026-04-16 00:05:00,2026-04-16,tester_03,2026-04-16 00:05:06,https://www.commcarehq.org/form/11d965c9-5238-44d4-a989-784306b695fe,tester_03,True,55,5.0,10.4377984,7.4525306
830,ef9c3961-bc59-43b6-9cb3-26598b8c0ed8,community_01,Daniel,David,male,1978-07-28,19269128201.0,8088410932,https://www.commcarehq.org/photos/farmer_830.jpg,4,mixed_farming,27,owned,3,river_stream,---,maize rice groundnuts,1.6,1.1,3.8,goats rabbits,6,25,10.5632771 7.5588376 0.0 20.0,yes,65978f35-8dc5-48f9-80bf-607274bf1091,2026-01-23 00:03:00,2026-01-23,tester_01,2026-01-23 00:03:08,https://www.commcarehq.org/form/ef9c3961-bc59-43b6-9cb3-26598b8c0ed8,tester_01,True,48,3.0,10.5632771,7.5588376
831,0d261b34-05a5-4843-9a6e-336e51c788d9,community_04,Daniel,Philip,male,1987-03-16,40706497825.0,8017700182,https://www.commcarehq.org/photos/farmer_831.jpg,5,crop_farming,9,leased,3,rain-fed,---,rice,---,---,3.7,---,---,---,10.4778667 7.5201435 0.0 20.0,yes,8669a8bc-b527-411e-8378-396d02a2c8f8,2026-06-12 00:05:00,2026-06-12,tester_04,2026-06-12 00:05:20,https://www.commcarehq.org/form/0d261b34-05a5-4843-9a6e-336e51c788d9,tester_04,True,39,5.0,10.4778667,7.5201435
832,96dea9a3-3661-42a3-92f7-415a7b8d8052,community_04,Mercy,Peter,female,1994-05-21,,8045226567,https://www.commcarehq.org/photos/farmer_832.jpg,3,livestock_farming,13,family_land,5,rain-fed,---,maize rice,---,3.6,2.7,---,---,---,10.4717131 7.3446488 0.0 20.0,yes,bdc3620d-7655-4fe2-8fdd-89394819e214,2026-03-14 00:08:00,2026-03-14,tester_04,2026-03-14 00:08:16,https://www.commcarehq.org/form/96dea9a3-3661-42a3-92f7-415a7b8d8052,tester_04,True,32,8.0,10.4717131,7.3446488
833,80b21d36-978d-4037-bd34-1e1935819a83,community_06,David,Daniel,female,1987-10-12,78685720604.0,8081371330,https://www.commcarehq.org/photos/farmer_833.jpg,6,mixed_farming,18,owned,1,rain-fed,---,groundnuts rice,1.8,---,2.2,goats,10,---,10.389126 7.3518764 0.0 20.0,yes,63cb9a7d-1271-43ec-b558-a8be6cc77456,2026-01-12 00:06:00,2026-01-12,tester_06,2026-01-12 00:06:09,https://www.commcarehq.org/form/80b21d36-978d-4037-bd34-1e1935819a83,tester_06,True,38,6.0,10.389126,7.3518764
834,70d6f5aa-0722-4a05-9e4e-8412aecd6932,community_04,Ruth,Ahmed,male,1977-11-27,30036565675.0,8004268733,https://www.commcarehq.org/photos/farmer_834.jpg,1,crop_farming,21,owned,2,dam_reservoir,---,maize groundnuts,0.5,5.4,---,goats rabbits,14,20,10.3421888 7.4363524 0.0 20.0,yes,50904f46-32fd-42ad-8791-3df594696430,2026-04-08 00:04:00,2026-04-08,tester_04,2026-04-08 00:04:16,https://www.commcarehq.org/form/70d6f5aa-0722-4a05-9e4e-8412aecd6932,tester_04,True,48,4.0,10.3421888,7.4363524
835,90383408-ca9a-4549-b806-25c8ba4c36cf,community_05,Musa,Mohammed,female,1986-09-01,,8001828879,https://www.commcarehq.org/photos/farmer_835.jpg,4,crop_farming,3,owned,1,borehole,---,groundnuts maize,1.3,4.1,---,goats,24,---,10.3423779 7.4206194 0.0 20.0,yes,898251e9-0ce2-4ed0-9af7-5f2ab51ab72f,2026-01-18 00:07:00,2026-01-18,tester_05,2026-01-18 00:07:07,https://www.commcarehq.org/form/90383408-ca9a-4549-b806-25c8ba4c36cf,tester_05,True,39,7.0,10.3423779,7.4206194
836,8621f93e-cda4-4151-b2bc-b1eeff851720,community_06,Ruth,Yakubu,male,1962-05-19,29717178811.0,8042492195,https://www.commcarehq.org/photos/farmer_836.jpg,3,crop_farming,11,owned,3,rain-fed,---,groundnuts maize,1.6,4.6,---,---,---,---,10.5513514 7.5511559 0.0 20.0,yes,1b0b6a74-646c-4dc8-b880-0299274c0e54,2026-04-12 00:06:00,2026-04-12,tester_06,2026-04-12 00:06:19,https://www.commcarehq.org/form/8621f93e-cda4-4151-b2bc-b1eeff851720,tester_06,True,64,6.0,10.5513514,7.5511559
837,34008df1-6a65-4aa6-a564-7581d2182a23,community_02,Ruth,Balogun,female,1989-07-01,67488119786.0,8089306491,https://www.commcarehq.org/photos/farmer_837.jpg,7,livestock_farming,18,owned,3,rain-fed,---,maize groundnuts rice,1.9,2.1,2.0,goats,24,---,10.4394787 7.2790245 0.0 20.0,no,c59006f1-005c-4273-9781-98ea8cf9750f,2026-03-18 00:07:00,2026-03-18,tester_02,2026-03-18 00:07:16,https://www.commcarehq.org/form/34008df1-6a65-4aa6-a564-7581d2182a23,tester_02,True,37,7.0,10.4394787,7.2790245
838,b24bb78f-c8a6-4517-8b53-7e8b28dda961,community_05,Joy,Usman,female,1985-12-18,65691218903.0,8002321292,https://www.commcarehq.org/photos/farmer_838.jpg,5,mixed_farming,18,owned,3,other,Community Well,groundnuts rice,2.9,---,1.1,goats,14,---,10.387073 7.4728837 0.0 20.0,yes,b19ee694-99ff-4281-9930-6d0a1ba4fe43,2026-01-05 00:04:00,2026-01-05,tester_05,2026-01-05 00:04:12,https://www.commcarehq.org/form/b24bb78f-c8a6-4517-8b53-7e8b28dda961,tester_05,True,40,4.0,10.387073,7.4728837
839,6776e258-7237-4a00-ae95-b90ed5d45811,community_06,James,Ojo,female,1996-12-10,,8059788752,https://www.commcarehq.org/photos/farmer_839.jpg,3,mixed_farming,2,owned,6,rain-fed,---,maize groundnuts rice,1.5,3.1,2.2,---,---,---,10.344352 7.4235998 0.0 20.0,yes,d1789726-7b16-4836-afea-8bae7b6c38f4,2026-03-21 00:02:00,2026-03-21,tester_06,2026-03-21 00:02:20,https://www.commcarehq.org/form/6776e258-7237-4a00-ae95-b90ed5d45811,tester_06,True,29,2.0,10.344352,7.4235998
840,06f71e0f-2564-42e8-af0b-5fc16e9637a3,community_02,Hauwa,Bello,female,1988-06-28,,8067178160,https://www.commcarehq.org/photos/farmer_840.jpg,6,livestock_farming,2,owned,1,rain-fed,---,rice groundnuts,1.3,---,1.1,goats,10,---,10.2625135 7.2298343 0.0 20.0,yes,73e18973-d331-4275-95ff-02daf5086b78,2026-06-04 00:02:00,2026-06-04,tester_02,2026-06-04 00:02:07,https://www.commcarehq.org/form/06f71e0f-2564-42e8-af0b-5fc16e9637a3,tester_02,True,38,2.0,10.2625135,7.2298343
841,a7f784c9-8d59-4e8d-b971-1ad4077b5bc1,community_01,Suleiman,Yakubu,female,2002-03-01,,8070896509,https://www.commcarehq.org/photos/farmer_841.jpg,6,crop_farming,4,family_land,3,borehole,---,maize groundnuts,2.9,4.0,---,goats,3,---,10.5046702 7.3832277 0.0 20.0,yes,4cd40865-cbb9-4138-a669-d3299be94cae,2026-02-27 00:07:00,2026-02-27,tester_01,2026-02-27 00:07:10,https://www.commcarehq.org/form/a7f784c9-8d59-4e8d-b971-1ad4077b5bc1,tester_01,True,24,7.0,10.5046702,7.3832277
842,9650aab9-2c34-4ef8-96a0-14e5e5c68f92,community_01,Esther,Abdullahi,male,1984-02-26,,8064673941,https://www.commcarehq.org/photos/farmer_842.jpg,6,mixed_farming,10,family_land,1,rain-fed,---,groundnuts rice,2.3,---,3.5,goats,20,---,10.3361327 7.4033544 0.0 20.0,yes,27cfe2bf-d892-4ef5-8610-3886f3b6fa80,2026-06-14 00:07:00,2026-06-14,tester_01,2026-06-14 00:07:18,https://www.commcarehq.org/form/9650aab9-2c34-4ef8-96a0-14e5e5c68f92,tester_01,True,42,7.0,10.3361327,7.4033544
843,41119f82-eb4d-45bc-858c-83a3c18f0c3e,community_05,Grace,Philip,female,1986-11-11,80208837824.0,8039888226,https://www.commcarehq.org/photos/farmer_843.jpg,4,crop_farming,16,owned,2,rain-fed,---,rice maize,---,5.8,3.2,goats,14,---,10.5193985 7.4941408 0.0 20.0,yes,9a78ee8e-5d69-4f05-a2ea-30323adc91dd,2026-06-17 00:07:00,2026-06-17,tester_05,2026-06-17 00:07:17,https://www.commcarehq.org/form/41119f82-eb4d-45bc-858c-83a3c18f0c3e,tester_05,True,39,7.0,10.5193985,7.4941408
844,f586c132-1f28-42d5-89f0-2f9ed5cdf2ca,community_03,James,Haruna,female,1989-05-31,99515533545.0,8082898671,https://www.commcarehq.org/photos/farmer_844.jpg,3,crop_farming,1,owned,2,borehole,---,maize rice groundnuts,2.1,2.1,3.6,goats,13,---,10.5467598 7.2130153 0.0 20.0,yes,e4061f01-199e-457d-9bbc-77dae5736420,2026-05-15 00:02:00,2026-05-15,tester_03,2026-05-15 00:02:16,https://www.commcarehq.org/form/f586c132-1f28-42d5-89f0-2f9ed5cdf2ca,tester_03,True,37,2.0,10.5467598,7.2130153
845,e4c204e1-abfd-4f68-99bb-4593ea2391d3,community_02,John,Daniel,female,1989-09-16,94703693908.0,8014395627,https://www.commcarehq.org/photos/farmer_845.jpg,6,livestock_farming,9,owned,1,rain-fed,---,rice,---,---,1.4,goats rabbits,5,11,10.3630445 7.4066101 0.0 20.0,yes,913924d0-c249-4710-beed-412f45ee1c0a,2026-04-26 00:07:00,2026-04-26,tester_02,2026-04-26 00:07:18,https://www.commcarehq.org/form/e4c204e1-abfd-4f68-99bb-4593ea2391d3,tester_02,True,36,7.0,10.3630445,7.4066101
846,d50b1122-fe9f-40ad-ba5b-4e9825cef519,community_02,Naomi,Ahmed,female,1980-02-27,,8099340281,https://www.commcarehq.org/photos/farmer_846.jpg,6,mixed_farming,9,owned,4,borehole,---,maize groundnuts rice,2.7,0.6,2.7,goats,17,---,10.24407 7.549541 0.0 20.0,yes,b169d519-39a4-4848-93e3-57f34ca0296e,2026-04-11 00:04:00,2026-04-11,tester_02,2026-04-11 00:04:13,https://www.commcarehq.org/form/d50b1122-fe9f-40ad-ba5b-4e9825cef519,tester_02,True,46,4.0,10.24407,7.549541
847,6c5313f7-7340-4236-b068-477abf492166,community_04,Samuel,Ibrahim,female,1978-04-04,,8080028462,https://www.commcarehq.org/photos/farmer_847.jpg,6,crop_farming,26,leased,3,rain-fed,---,maize,---,0.7,---,rabbits,---,27,10.544287 7.3881485 0.0 20.0,yes,dbc8e72f-3d7f-4079-a4c5-05e72d66ccff,2026-05-01 00:02:00,2026-05-01,tester_04,2026-05-01 00:02:20,https://www.commcarehq.org/form/6c5313f7-7340-4236-b068-477abf492166,tester_04,True,48,2.0,10.544287,7.3881485
848,12fd8971-b0c4-47d5-b8e6-7a2cebb725c9,community_01,Deborah,Philip,female,1985-04-21,64626741768.0,8098514255,https://www.commcarehq.org/photos/farmer_848.jpg,5,mixed_farming,7,leased,1,dam_reservoir,---,groundnuts maize,2.8,3.5,---,---,---,---,10.2264553 7.217948 0.0 20.0,yes,03acd2f9-c614-4bd6-b76a-d9e8e170d105,2026-04-14 00:08:00,2026-04-14,tester_01,2026-04-14 00:08:16,https://www.commcarehq.org/form/12fd8971-b0c4-47d5-b8e6-7a2cebb725c9,tester_01,True,41,8.0,10.2264553,7.217948
849,68a92453-c28b-4ebf-85e9-b56d81b50bf1,community_01,Amina,Haruna,male,2007-11-16,86284425270.0,8063529825,https://www.commcarehq.org/photos/farmer_849.jpg,5,livestock_farming,1,family_land,1,river_stream,---,groundnuts maize rice,1.8,4.2,1.2,---,---,---,10.5276671 7.2979433 0.0 20.0,yes,7c01cc50-f537-473a-9d16-4f7bdd74f554,2026-04-10 00:08:00,2026-04-10,tester_01,2026-04-10 00:08:13,https://www.commcarehq.org/form/68a92453-c28b-4ebf-85e9-b56d81b50bf1,tester_01,True,18,8.0,10.5276671,7.2979433
850,acab9498-4337-474a-ad8d-126d45417ff7,community_02,Fatima,Usman,male,1976-10-29,,8099856995,https://www.commcarehq.org/photos/farmer_850.jpg,3,mixed_farming,30,family_land,2,river_stream,---,groundnuts maize,2.0,5.2,---,goats rabbits,13,4,10.5595732 7.4428207 0.0 20.0,yes,279f0ed2-0e0d-407e-bee9-368f8f781099,2026-06-09 00:05:00,2026-06-09,tester_02,2026-06-09 00:05:17,https://www.commcarehq.org/form/acab9498-4337-474a-ad8d-126d45417ff7,tester_02,True,49,5.0,10.5595732,7.4428207
851,c2ef7c17-5d24-4e2b-9c28-55e134253b44,community_02,Amina,Eze,female,2005-01-04,,8032024613,https://www.commcarehq.org/photos/farmer_851.jpg,3,crop_farming,1,owned,1,rain-fed,---,groundnuts rice,1.9,---,3.7,goats rabbits,11,7,10.4657205 7.41268 0.0 20.0,yes,b4f2ec28-5857-4f10-8d7a-a2eff64ccba1,2026-06-27 00:08:00,2026-06-27,tester_02,2026-06-27 00:08:17,https://www.commcarehq.org/form/c2ef7c17-5d24-4e2b-9c28-55e134253b44,tester_02,True,21,8.0,10.4657205,7.41268
852,83994266-d3b9-4613-98f8-da2864fbe0ca,community_07,Sarah,Abdullahi,female,1994-07-20,18451222568.0,8093572548,https://www.commcarehq.org/photos/farmer_852.jpg,7,mixed_farming,12,owned,3,borehole,---,rice,---,---,3.4,goats,4,---,10.3944078 7.5438251 0.0 20.0,yes,5e540f59-ac3e-4671-bc9e-5c5249b35193,2026-05-12 00:08:00,2026-05-12,tester_07,2026-05-12 00:08:09,https://www.commcarehq.org/form/83994266-d3b9-4613-98f8-da2864fbe0ca,tester_07,True,32,8.0,10.3944078,7.5438251
853,e7e99f69-24ca-41be-baa3-7f97f8b78b2f,community_03,James,Tanko,male,1994-10-24,60984795368.0,8034455733,https://www.commcarehq.org/photos/farmer_853.jpg,3,crop_farming,7,family_land,3,rain-fed,---,rice maize groundnuts,0.8,5.3,0.6,---,---,---,10.4217626 7.4340814 0.0 20.0,yes,cf928977-f49a-472b-9554-33e0da560263,2026-03-25 00:07:00,2026-03-25,tester_03,2026-03-25 00:07:05,https://www.commcarehq.org/form/e7e99f69-24ca-41be-baa3-7f97f8b78b2f,tester_03,True,31,7.0,10.4217626,7.4340814
854,da8b63e0-897b-41b4-aee8-f3d53700b3d0,community_04,Sarah,Ojo,male,1992-06-18,11427802517.0,8048537679,https://www.commcarehq.org/photos/farmer_854.jpg,5,crop_farming,2,owned,4,rain-fed,---,maize rice,---,5.1,2.1,---,---,---,10.3488416 7.5495519 0.0 20.0,yes,d2a5d71d-d830-4b3c-854d-74a4691381b8,2026-01-31 00:03:00,2026-01-31,tester_04,2026-01-31 00:03:11,https://www.commcarehq.org/form/da8b63e0-897b-41b4-aee8-f3d53700b3d0,tester_04,True,34,3.0,10.3488416,7.5495519
855,937eb2d6-77d3-4c21-8cd2-3aef126c0c70,community_04,Sarah,Tanko,male,1982-11-07,16939357002.0,8000233953,https://www.commcarehq.org/photos/farmer_855.jpg,8,crop_farming,24,family_land,1,rain-fed,---,rice maize groundnuts,2.1,3.4,1.0,goats,9,---,10.2119489 7.2675024 0.0 20.0,yes,5db6742a-9ba4-451d-9487-462ef848f7a0,2026-04-25 00:04:00,2026-04-25,tester_04,2026-04-25 00:04:05,https://www.commcarehq.org/form/937eb2d6-77d3-4c21-8cd2-3aef126c0c70,tester_04,True,43,4.0,10.2119489,7.2675024
856,970b81cd-76c9-483b-bf6a-9aa696579bd9,community_03,Mary,Abdullahi,male,1973-11-05,63612682895.0,8038989621,https://www.commcarehq.org/photos/farmer_856.jpg,11,livestock_farming,22,owned,2,rain-fed,---,maize rice,---,5.3,3.9,goats,19,---,10.4654248 7.2814149 0.0 20.0,yes,0946334d-ca51-451b-9725-105a9fbfa5f3,2026-06-18 00:05:00,2026-06-18,tester_03,2026-06-18 00:05:18,https://www.commcarehq.org/form/970b81cd-76c9-483b-bf6a-9aa696579bd9,tester_03,True,52,5.0,10.4654248,7.2814149
857,50767b8f-6e12-4886-9456-39acf18deec7,community_03,Grace,Sani,female,1986-02-07,,8070570243,https://www.commcarehq.org/photos/farmer_857.jpg,5,mixed_farming,3,family_land,3,rain-fed,---,rice maize,---,5.8,3.2,---,---,---,10.5481362 7.4672919 0.0 20.0,yes,50ca9f6a-3a2c-4ac6-9cbe-3f1e3d9d3612,2026-05-15 00:06:00,2026-05-15,tester_03,2026-05-15 00:06:16,https://www.commcarehq.org/form/50767b8f-6e12-4886-9456-39acf18deec7,tester_03,True,40,6.0,10.5481362,7.4672919
858,2e976e33-03fc-4468-9c25-f5f3b7eb7682,community_05,Amina,Bello,male,1988-04-01,23283623601.0,8032040616,https://www.commcarehq.org/photos/farmer_858.jpg,4,crop_farming,16,owned,1,borehole,---,rice,---,---,2.5,goats,7,---,10.5977132 7.2251136 0.0 20.0,yes,7e3e15c0-a416-4468-a7f7-2ff28e20298a,2026-02-24 00:06:00,2026-02-24,tester_05,2026-02-24 00:06:14,https://www.commcarehq.org/form/2e976e33-03fc-4468-9c25-f5f3b7eb7682,tester_05,True,38,6.0,10.5977132,7.2251136
859,c9199f0b-201b-4c6a-aadb-431069e10ba9,community_02,Samuel,Yakubu,male,1968-12-06,83048383467.0,8025027422,https://www.commcarehq.org/photos/farmer_859.jpg,8,mixed_farming,17,owned,6,borehole,---,rice maize,---,2.9,2.0,---,---,---,10.2371697 7.4772226 0.0 20.0,yes,5cbd83db-8d54-4b7b-b904-6324336c3535,2026-03-19 00:04:00,2026-03-19,tester_02,2026-03-19 00:04:10,https://www.commcarehq.org/form/c9199f0b-201b-4c6a-aadb-431069e10ba9,tester_02,True,57,4.0,10.2371697,7.4772226
860,0ce8ef2f-5699-4172-9136-1886ecb6cd74,community_02,Esther,Ali,female,1991-12-26,,8027630384,https://www.commcarehq.org/photos/farmer_860.jpg,10,mixed_farming,1,family_land,3,rain-fed,---,maize rice groundnuts,2.2,5.3,0.7,---,---,---,10.4151098 7.5359129 0.0 20.0,yes,284e6239-e26d-43cb-82fb-ba32bdfce3b2,2026-02-07 00:03:00,2026-02-07,tester_02,2026-02-07 00:03:09,https://www.commcarehq.org/form/0ce8ef2f-5699-4172-9136-1886ecb6cd74,tester_02,True,34,3.0,10.4151098,7.5359129
861,ff61371a-18e1-4e43-b5b4-3a316429b6d6,community_02,Mercy,Ibrahim,male,1958-11-21,15453927371.0,8096054385,https://www.commcarehq.org/photos/farmer_861.jpg,5,livestock_farming,22,owned,2,irrigation_scheme,---,rice maize,---,4.5,2.8,---,---,---,10.348736 7.5204567 0.0 20.0,yes,ef1c18d3-a67d-4e80-a978-9df07700fbc0,2026-05-24 00:07:00,2026-05-24,tester_02,2026-05-24 00:07:05,https://www.commcarehq.org/form/ff61371a-18e1-4e43-b5b4-3a316429b6d6,tester_02,True,67,7.0,10.348736,7.5204567
862,92f203c5-0e4e-451d-9c4a-3f300cf8ea32,community_01,Daniel,Johnson,male,1969-08-23,,8062262424,https://www.commcarehq.org/photos/farmer_862.jpg,5,crop_farming,13,leased,4,rain-fed,---,rice,---,---,2.3,goats,16,---,10.5461835 7.2549152 0.0 20.0,yes,000946c6-71e2-4f56-b066-f717eec8c5c4,2026-01-22 00:07:00,2026-01-22,tester_01,2026-01-22 00:07:07,https://www.commcarehq.org/form/92f203c5-0e4e-451d-9c4a-3f300cf8ea32,tester_01,True,56,7.0,10.5461835,7.2549152
863,b0099d27-b867-4b3d-8b17-3e63962ef318,community_04,Esther,Samuel,female,1980-12-15,40499772736.0,8028500211,https://www.commcarehq.org/photos/farmer_863.jpg,4,livestock_farming,14,owned,5,borehole,---,rice groundnuts maize,0.8,1.7,0.8,goats,25,---,10.4462411 7.2309681 0.0 20.0,yes,4d6a13de-e162-49de-830a-f593f8c4f5f9,2026-01-12 00:02:00,2026-01-12,tester_04,2026-01-12 00:02:16,https://www.commcarehq.org/form/b0099d27-b867-4b3d-8b17-3e63962ef318,tester_04,True,45,2.0,10.4462411,7.2309681
864,4842c6a1-029c-4f8d-9b0c-2623b344dc1a,community_01,Hauwa,Bello,male,1991-09-16,,8046084736,https://www.commcarehq.org/photos/farmer_864.jpg,3,crop_farming,17,family_land,1,river_stream,---,maize rice groundnuts,0.8,0.7,0.8,rabbits,---,10,10.243494 7.4199039 0.0 20.0,yes,014a2870-19ad-4489-a6e3-fc0b54704447,2026-03-28 00:08:00,2026-03-28,tester_01,2026-03-28 00:08:11,https://www.commcarehq.org/form/4842c6a1-029c-4f8d-9b0c-2623b344dc1a,tester_01,True,34,8.0,10.243494,7.4199039
865,756bf927-7e52-4fb9-b61f-592f45ed6862,community_06,Mary,Ahmed,female,1994-06-17,91959506296.0,8012714381,https://www.commcarehq.org/photos/farmer_865.jpg,4,livestock_farming,6,owned,2,rain-fed,---,maize rice,---,1.4,2.1,goats,3,---,10.362073 7.5566589 0.0 20.0,yes,133b8dd0-2937-4b42-b8b9-56d4734165a7,2026-02-06 00:05:00,2026-02-06,tester_06,2026-02-06 00:05:15,https://www.commcarehq.org/form/756bf927-7e52-4fb9-b61f-592f45ed6862,tester_06,True,32,5.0,10.362073,7.5566589
866,496c6de6-fa4f-4f3f-87e4-54c1396f3398,community_01,Amina,Michael,female,1952-10-11,89140209610.0,8004001603,https://www.commcarehq.org/photos/farmer_866.jpg,8,livestock_farming,24,family_land,1,rain-fed,---,groundnuts rice maize,1.2,2.2,2.5,goats,4,---,10.3674414 7.3892321 0.0 20.0,yes,e8ac9b48-8e2f-4ecb-b473-5d4dead72b49,2026-04-24 00:06:00,2026-04-24,tester_01,2026-04-24 00:06:14,https://www.commcarehq.org/form/496c6de6-fa4f-4f3f-87e4-54c1396f3398,tester_01,True,73,6.0,10.3674414,7.3892321
867,e329b74f-c048-4751-9180-9d644f7a7bc3,community_02,Deborah,James,female,1994-02-21,47294936770.0,8045393107,https://www.commcarehq.org/photos/farmer_867.jpg,1,crop_farming,9,owned,6,rain-fed,---,maize rice,---,4.8,1.3,goats rabbits,9,32,10.4834673 7.3473218 0.0 20.0,yes,dc7187ea-97c5-4901-b484-5317445b6376,2026-04-30 00:07:00,2026-04-30,tester_02,2026-04-30 00:07:06,https://www.commcarehq.org/form/e329b74f-c048-4751-9180-9d644f7a7bc3,tester_02,True,32,7.0,10.4834673,7.3473218
868,65460cd5-7395-4849-9c36-f3426c60682e,community_01,Joy,Sani,female,2004-03-09,16223292994.0,8061709208,https://www.commcarehq.org/photos/farmer_868.jpg,5,crop_farming,2,leased,3,borehole,---,maize,---,4.4,---,---,---,---,10.4116744 7.3816053 0.0 20.0,yes,133b4b0e-58c8-4eb4-b8e9-fb6344eb884d,2026-04-06 00:02:00,2026-04-06,tester_01,2026-04-06 00:02:16,https://www.commcarehq.org/form/65460cd5-7395-4849-9c36-f3426c60682e,tester_01,True,22,2.0,10.4116744,7.3816053
869,5f1bfe9f-90e0-433e-bbd3-95d929d02a63,community_04,Ruth,Balogun,male,1977-03-13,21602617532.0,8096785765,https://www.commcarehq.org/photos/farmer_869.jpg,10,livestock_farming,13,owned,6,borehole,---,rice maize,---,0.8,1.7,---,---,---,10.5712306 7.5480454 0.0 20.0,yes,d70dbbe9-4b01-44a5-8b94-505dbcf97af2,2026-03-27 00:06:00,2026-03-27,tester_04,2026-03-27 00:06:11,https://www.commcarehq.org/form/5f1bfe9f-90e0-433e-bbd3-95d929d02a63,tester_04,True,49,6.0,10.5712306,7.5480454
870,d1629f2c-5ea4-4ae1-98e3-620818fe4e2e,community_07,Daniel,Ali,male,1980-01-06,62660421070.0,8010564674,https://www.commcarehq.org/photos/farmer_870.jpg,7,crop_farming,5,leased,3,borehole,---,groundnuts,1.9,---,---,---,---,---,10.4958015 7.2105558 0.0 20.0,yes,a4a8052e-65a8-4e61-9165-12e574748525,2026-02-26 00:05:00,2026-02-26,tester_07,2026-02-26 00:05:05,https://www.commcarehq.org/form/d1629f2c-5ea4-4ae1-98e3-620818fe4e2e,tester_07,True,46,5.0,10.4958015,7.2105558
871,1d5e7627-00fb-461b-a4eb-e38d36ce76e3,community_04,Fatima,Okafor,male,1978-06-09,,8008944109,https://www.commcarehq.org/photos/farmer_871.jpg,8,crop_farming,16,leased,6,rain-fed,---,rice,---,---,1.8,goats rabbits,5,23,10.370721 7.4624152 0.0 20.0,yes,895b5801-07d1-4e9f-902b-bd922fe9b50c,2026-04-13 00:04:00,2026-04-13,tester_04,2026-04-13 00:04:18,https://www.commcarehq.org/form/1d5e7627-00fb-461b-a4eb-e38d36ce76e3,tester_04,True,48,4.0,10.370721,7.4624152
872,dea7dc95-072a-4e10-9839-188e401f016a,community_01,Ruth,Ali,male,1987-01-07,90737469108.0,8069813889,https://www.commcarehq.org/photos/farmer_872.jpg,5,mixed_farming,19,leased,3,rain-fed,---,rice groundnuts maize,0.6,3.5,0.9,---,---,---,10.5241894 7.4099765 0.0 20.0,yes,2a3ffe55-d7b1-45e3-8166-4879032dc870,2026-02-18 00:04:00,2026-02-18,tester_01,2026-02-18 00:04:08,https://www.commcarehq.org/form/dea7dc95-072a-4e10-9839-188e401f016a,tester_01,True,39,4.0,10.5241894,7.4099765
873,b671ff43-2e69-4475-a8ee-ef723066f493,community_04,Suleiman,James,male,1977-11-25,,8024286663,https://www.commcarehq.org/photos/farmer_873.jpg,7,crop_farming,20,owned,2,rain-fed,---,groundnuts,2.6,---,---,rabbits,---,26,10.5568235 7.3703143 0.0 20.0,yes,a16fb4fe-f134-4f47-8208-23a22cde3b77,2026-02-08 00:05:00,2026-02-08,tester_04,2026-02-08 00:05:20,https://www.commcarehq.org/form/b671ff43-2e69-4475-a8ee-ef723066f493,tester_04,True,48,5.0,10.5568235,7.3703143
874,2147d911-ac95-4a36-b95e-d9045142affd,community_01,Fatima,Okafor,male,1983-03-27,17208002343.0,8020742331,https://www.commcarehq.org/photos/farmer_874.jpg,8,crop_farming,11,family_land,1,rain-fed,---,rice,---,---,2.9,---,---,---,10.3014324 7.4016723 0.0 20.0,yes,5a74b14b-59f7-472b-a79c-ae07c2db7ca2,2026-05-23 00:03:00,2026-05-23,tester_01,2026-05-23 00:03:17,https://www.commcarehq.org/form/2147d911-ac95-4a36-b95e-d9045142affd,tester_01,True,43,3.0,10.3014324,7.4016723
875,8eb5b38c-fb5e-44a0-a1a9-078daffbf0a4,community_04,Ahmed,Okafor,male,1974-11-25,35656221222.0,8081244490,https://www.commcarehq.org/photos/farmer_875.jpg,4,mixed_farming,29,owned,3,rain-fed,---,rice maize,---,4.8,3.2,---,---,---,10.281536 7.5658513 0.0 20.0,yes,e9328838-7571-40d7-93fd-cbecdf79f8e3,2026-02-24 00:04:00,2026-02-24,tester_04,2026-02-24 00:04:15,https://www.commcarehq.org/form/8eb5b38c-fb5e-44a0-a1a9-078daffbf0a4,tester_04,True,51,4.0,10.281536,7.5658513
876,0ead79a6-2de4-44bf-a15e-180903591403,community_02,Peter,Yakubu,female,1997-01-20,29703637046.0,8084020737,https://www.commcarehq.org/photos/farmer_876.jpg,5,crop_farming,10,owned,1,rain-fed,---,maize groundnuts,2.5,3.7,---,goats,14,---,10.3089104 7.5096043 0.0 20.0,yes,a79994f7-35d1-4a14-acf8-6d28fe77c64f,2026-03-11 00:04:00,2026-03-11,tester_02,2026-03-11 00:04:08,https://www.commcarehq.org/form/0ead79a6-2de4-44bf-a15e-180903591403,tester_02,True,29,4.0,10.3089104,7.5096043
877,e75673fb-29ef-40ae-8687-c9969444f7a5,community_01,Yusuf,Bello,male,2000-09-07,38442277548.0,8038190875,https://www.commcarehq.org/photos/farmer_877.jpg,8,livestock_farming,2,owned,1,river_stream,---,groundnuts maize rice,2.9,2.4,2.4,---,---,---,10.2310256 7.235661 0.0 20.0,yes,0e8221b9-8905-426c-8541-db08d8842187,2026-01-10 00:08:00,2026-01-10,tester_01,2026-01-10 00:08:11,https://www.commcarehq.org/form/e75673fb-29ef-40ae-8687-c9969444f7a5,tester_01,True,25,8.0,10.2310256,7.235661
878,9e384867-2ba3-4341-bed7-98e668087a3a,community_02,Daniel,David,male,2002-02-11,,8081183341,https://www.commcarehq.org/photos/farmer_878.jpg,4,crop_farming,3,family_land,3,rain-fed,---,groundnuts maize rice,1.7,5.7,3.1,goats,11,---,10.3539685 7.5652279 0.0 20.0,yes,9d78af5a-ec45-48e9-aa5b-d9007a86eb6a,2026-06-09 00:04:00,2026-06-09,tester_02,2026-06-09 00:04:13,https://www.commcarehq.org/form/9e384867-2ba3-4341-bed7-98e668087a3a,tester_02,True,24,4.0,10.3539685,7.5652279
879,aaab478e-3849-4fec-b0ba-7c6be14181d0,community_03,Grace,Balogun,female,1992-09-20,22821690891.0,8005711127,https://www.commcarehq.org/photos/farmer_879.jpg,10,crop_farming,4,owned,6,rain-fed,---,maize rice groundnuts,2.2,1.0,3.1,---,---,---,10.276698 7.4696446 0.0 20.0,yes,90310c12-5ad9-4051-981e-8577b120241f,2026-04-03 00:07:00,2026-04-03,tester_03,2026-04-03 00:07:05,https://www.commcarehq.org/form/aaab478e-3849-4fec-b0ba-7c6be14181d0,tester_03,True,33,7.0,10.276698,7.4696446
880,2fe83969-8648-4856-922c-a42a5e524145,community_01,Ibrahim,Eze,female,2001-07-16,,8031603410,https://www.commcarehq.org/photos/farmer_880.jpg,5,mixed_farming,2,owned,3,rain-fed,---,rice,---,---,1.5,---,---,---,10.3081339 7.2451612 0.0 20.0,yes,e14dabeb-5865-4c9e-9c7b-db58ceb9be78,2026-01-02 00:08:00,2026-01-02,tester_01,2026-01-02 00:08:07,https://www.commcarehq.org/form/2fe83969-8648-4856-922c-a42a5e524145,tester_01,True,25,8.0,10.3081339,7.2451612
881,864a6371-baf8-492e-8913-ac8a8f1332b9,community_02,Esther,Samuel,female,1986-09-17,49174384344.0,8084198804,https://www.commcarehq.org/photos/farmer_881.jpg,3,mixed_farming,10,family_land,2,rain-fed,---,maize rice groundnuts,2.1,3.8,2.9,goats,7,---,10.4399432 7.2989172 0.0 20.0,yes,d9d594d4-44a4-406f-a317-c8cceaa53689,2026-06-21 00:04:00,2026-06-21,tester_02,2026-06-21 00:04:08,https://www.commcarehq.org/form/864a6371-baf8-492e-8913-ac8a8f1332b9,tester_02,True,39,4.0,10.4399432,7.2989172
882,e5b246d3-81fb-4761-bd84-5000169f2b3b,community_07,Musa,Mohammed,female,1981-04-06,,8075001582,https://www.commcarehq.org/photos/farmer_882.jpg,5,mixed_farming,8,owned,3,borehole,---,rice,---,---,0.9,---,---,---,10.5684543 7.3578144 0.0 20.0,yes,ac7b5207-bd7b-4457-8708-aad05577ff0e,2026-05-03 00:08:00,2026-05-03,tester_07,2026-05-03 00:08:07,https://www.commcarehq.org/form/e5b246d3-81fb-4761-bd84-5000169f2b3b,tester_07,True,45,8.0,10.5684543,7.3578144
883,aeed7be5-501e-4097-86a0-424555747fa6,community_05,Emmanuel,Isa,male,2005-02-27,68140527073.0,8040433191,https://www.commcarehq.org/photos/farmer_883.jpg,8,mixed_farming,2,family_land,2,irrigation_scheme,---,groundnuts maize,1.7,1.3,---,goats,22,---,10.5173967 7.5371351 0.0 20.0,yes,8c7173a6-f810-490e-9d9b-db1a1fc884ef,2026-03-03 00:08:00,2026-03-03,tester_05,2026-03-03 00:08:11,https://www.commcarehq.org/form/aeed7be5-501e-4097-86a0-424555747fa6,tester_05,True,21,8.0,10.5173967,7.5371351
884,70119407-701b-43c0-8981-a2c470f258b0,community_05,Naomi,Abdullahi,male,1996-07-29,,8077492493,https://www.commcarehq.org/photos/farmer_884.jpg,4,crop_farming,12,family_land,3,rain-fed,---,maize,---,6.5,---,goats,25,---,10.483831 7.2935734 0.0 20.0,yes,c606ef11-4b54-43c6-b0cc-1f1b7ac83b31,2026-06-29 00:03:00,2026-06-29,tester_05,2026-06-29 00:03:12,https://www.commcarehq.org/form/70119407-701b-43c0-8981-a2c470f258b0,tester_05,True,30,3.0,10.483831,7.2935734
885,18740a70-a317-486d-b9e0-2a5fe593dec2,community_04,Mary,Abdullahi,male,1967-09-24,97537131999.0,8016185408,https://www.commcarehq.org/photos/farmer_885.jpg,8,mixed_farming,15,owned,2,rain-fed,---,rice maize groundnuts,0.7,1.0,2.0,rabbits,---,7,10.4603203 7.3274994 0.0 20.0,yes,1de595e0-3f8a-4994-8bea-600a0b1c3bb9,2026-04-30 00:07:00,2026-04-30,tester_04,2026-04-30 00:07:06,https://www.commcarehq.org/form/18740a70-a317-486d-b9e0-2a5fe593dec2,tester_04,True,58,7.0,10.4603203,7.3274994
886,2cd86ee6-eeca-42f8-8b54-f41d94a177b9,community_03,Joy,Ibrahim,female,1965-11-05,85413569007.0,8099566737,https://www.commcarehq.org/photos/farmer_886.jpg,6,livestock_farming,9,family_land,1,rain-fed,---,rice maize,---,0.9,3.2,goats,10,---,10.3111616 7.268526 0.0 20.0,yes,d52ff775-3349-41fe-a333-f5f60b7c9262,2026-05-30 00:04:00,2026-05-30,tester_03,2026-05-30 00:04:15,https://www.commcarehq.org/form/2cd86ee6-eeca-42f8-8b54-f41d94a177b9,tester_03,True,60,4.0,10.3111616,7.268526
887,bb1491db-c383-4447-b885-9c5e314f7a6e,community_01,Joy,Tanko,female,1980-09-02,24148246205.0,8052617905,https://www.commcarehq.org/photos/farmer_887.jpg,6,crop_farming,28,family_land,2,borehole,---,rice groundnuts maize,2.3,2.0,2.2,---,---,---,10.256945 7.2949032 0.0 20.0,yes,bca1d8f1-ab74-4f09-b690-323409c60923,2026-06-29 00:05:00,2026-06-29,tester_01,2026-06-29 00:05:19,https://www.commcarehq.org/form/bb1491db-c383-4447-b885-9c5e314f7a6e,tester_01,True,45,5.0,10.256945,7.2949032
888,8c112ddd-b6af-4bd1-8f09-df3c596fa2e1,community_06,Grace,Ogunleye,male,1961-03-29,25225626984.0,8010075677,https://www.commcarehq.org/photos/farmer_888.jpg,5,crop_farming,44,leased,2,dam_reservoir,---,groundnuts,2.8,---,---,goats,12,---,10.3692446 7.502968 0.0 20.0,yes,28eaf10e-c521-4a41-8409-a14c00292a66,2026-02-25 00:02:00,2026-02-25,tester_06,2026-02-25 00:02:07,https://www.commcarehq.org/form/8c112ddd-b6af-4bd1-8f09-df3c596fa2e1,tester_06,True,65,2.0,10.3692446,7.502968
889,64a1e20f-5af8-47ac-9f21-c1570998fbd2,community_02,Joy,Daniel,male,1965-10-16,15328928341.0,8087398602,https://www.commcarehq.org/photos/farmer_889.jpg,1,crop_farming,36,leased,4,irrigation_scheme,---,groundnuts,1.8,---,---,goats,24,---,10.4175893 7.3790957 0.0 20.0,yes,0768c9f0-a45b-4c0b-adf9-47e00aff4ebf,2026-03-09 00:05:00,2026-03-09,tester_02,2026-03-09 00:05:07,https://www.commcarehq.org/form/64a1e20f-5af8-47ac-9f21-c1570998fbd2,tester_02,True,60,5.0,10.4175893,7.3790957
890,9f11936b-9564-432b-990c-465bb4b91b57,community_03,Mercy,Ibrahim,male,1983-04-09,,8026490692,https://www.commcarehq.org/photos/farmer_890.jpg,8,crop_farming,7,owned,5,rain-fed,---,groundnuts,1.2,---,---,goats rabbits,4,20,10.24421 7.2487835 0.0 20.0,yes,0e05201d-9c07-47a0-a135-bdf37f059b58,2026-03-27 00:07:00,2026-03-27,tester_03,2026-03-27 00:07:19,https://www.commcarehq.org/form/9f11936b-9564-432b-990c-465bb4b91b57,tester_03,True,43,7.0,10.24421,7.2487835
891,455b1049-a829-4c7a-8512-bc41091be613,community_04,Sarah,Musa,female,1973-07-29,,8065379464,https://www.commcarehq.org/photos/farmer_891.jpg,3,mixed_farming,32,family_land,2,rain-fed,---,maize groundnuts,1.0,3.4,---,rabbits,---,15,10.4425886 7.2336098 0.0 20.0,yes,c3f1b264-a57e-4f7e-8069-240bb9fa0682,2026-02-27 00:06:00,2026-02-27,tester_04,2026-02-27 00:06:19,https://www.commcarehq.org/form/455b1049-a829-4c7a-8512-bc41091be613,tester_04,True,53,6.0,10.4425886,7.2336098
892,dcc63098-13be-4c8f-a9ff-52706fca7b38,community_05,Paul,Isa,male,1983-06-23,87811532027.0,8023598074,https://www.commcarehq.org/photos/farmer_892.jpg,8,mixed_farming,22,owned,3,borehole,---,rice groundnuts maize,2.1,5.3,1.7,---,---,---,10.3325806 7.2770823 0.0 20.0,yes,903d4061-d93c-4b9d-8acd-68642ab5ac1a,2026-05-19 00:07:00,2026-05-19,tester_05,2026-05-19 00:07:15,https://www.commcarehq.org/form/dcc63098-13be-4c8f-a9ff-52706fca7b38,tester_05,True,43,7.0,10.3325806,7.2770823
893,a3cfc36c-17a0-487a-b311-c638a0e81a37,community_02,Joseph,Balogun,male,1992-02-04,43359901663.0,8054630458,https://www.commcarehq.org/photos/farmer_893.jpg,1,livestock_farming,3,family_land,1,borehole,---,groundnuts,2.2,---,---,goats,23,---,10.4875954 7.5023047 0.0 20.0,yes,027b5c8f-7679-418b-b686-a21a5e8b9f27,2026-03-10 00:04:00,2026-03-10,tester_02,2026-03-10 00:04:06,https://www.commcarehq.org/form/a3cfc36c-17a0-487a-b311-c638a0e81a37,tester_02,True,34,4.0,10.4875954,7.5023047
894,49bf7ede-6e0f-4bf0-a1b9-c48b49e38e1a,community_03,Elizabeth,Yakubu,female,1978-11-16,,8055958681,https://www.commcarehq.org/photos/farmer_894.jpg,9,crop_farming,5,family_land,1,rain-fed,---,maize rice groundnuts,3.0,5.2,1.5,goats,16,---,10.3967125 7.4771402 0.0 20.0,yes,b591592f-f5a2-4964-ab92-2cd91abdb585,2026-03-13 00:02:00,2026-03-13,tester_03,2026-03-13 00:02:05,https://www.commcarehq.org/form/49bf7ede-6e0f-4bf0-a1b9-c48b49e38e1a,tester_03,True,47,2.0,10.3967125,7.4771402
895,c35f0c88-b68b-48d0-b81b-9434ade8043a,community_07,Musa,Sani,male,1977-12-11,28354205229.0,8091289025,https://www.commcarehq.org/photos/farmer_895.jpg,1,mixed_farming,15,family_land,1,rain-fed,---,rice,---,---,1.5,goats,2,---,10.2538415 7.536043 0.0 20.0,yes,ad1583a0-b36c-4f11-9017-f4daa06ee598,2026-05-16 00:06:00,2026-05-16,tester_07,2026-05-16 00:06:20,https://www.commcarehq.org/form/c35f0c88-b68b-48d0-b81b-9434ade8043a,tester_07,True,48,6.0,10.2538415,7.536043
896,c0511a68-a8c3-4109-800b-e64623e42660,community_05,James,Eze,female,1982-08-19,,8029514685,https://www.commcarehq.org/photos/farmer_896.jpg,7,mixed_farming,6,owned,1,rain-fed,---,rice,---,---,1.2,goats,15,---,10.3153649 7.2543598 0.0 20.0,yes,d26d83c9-af88-4c6c-ac48-18bf7b97607e,2026-03-09 00:04:00,2026-03-09,tester_05,2026-03-09 00:04:17,https://www.commcarehq.org/form/c0511a68-a8c3-4109-800b-e64623e42660,tester_05,True,43,4.0,10.3153649,7.2543598
897,153978f5-27d0-4610-a4b5-cec4f4d64159,community_06,Mary,Yakubu,female,2002-09-06,77932980514.0,8002272718,https://www.commcarehq.org/photos/farmer_897.jpg,11,crop_farming,2,owned,3,rain-fed,---,maize,---,2.0,---,rabbits,---,3,10.4560311 7.2111072 0.0 20.0,no,6a7a0c99-cf85-4e66-b767-9fe74e83211f,2026-01-27 00:03:00,2026-01-27,tester_06,2026-01-27 00:03:17,https://www.commcarehq.org/form/153978f5-27d0-4610-a4b5-cec4f4d64159,tester_06,True,23,3.0,10.4560311,7.2111072
898,67818df3-ae8f-4a00-999c-d89e3449295c,community_05,John,Musa,female,1994-04-10,51553365394.0,8026496973,https://www.commcarehq.org/photos/farmer_898.jpg,4,crop_farming,7,owned,6,rain-fed,---,rice maize groundnuts,2.3,3.0,3.0,---,---,---,10.3317802 7.2838617 0.0 20.0,yes,cbc85581-7678-4cc5-b93c-db05728a8cbb,2026-03-23 00:06:00,2026-03-23,tester_05,2026-03-23 00:06:09,https://www.commcarehq.org/form/67818df3-ae8f-4a00-999c-d89e3449295c,tester_05,True,32,6.0,10.3317802,7.2838617
899,e4ecf103-8288-4077-ad84-e2832ed614ca,community_03,Sarah,Balogun,female,1988-05-17,89938106703.0,8086911155,https://www.commcarehq.org/photos/farmer_899.jpg,5,livestock_farming,11,leased,1,rain-fed,---,maize,---,2.4,---,---,---,---,10.4033921 7.4343637 0.0 20.0,yes,c45f3e55-7c5b-4911-974e-155adfac32c2,2026-06-11 00:08:00,2026-06-11,tester_03,2026-06-11 00:08:19,https://www.commcarehq.org/form/e4ecf103-8288-4077-ad84-e2832ed614ca,tester_03,True,38,8.0,10.4033921,7.4343637
900,ef802570-0e46-4790-aee4-4fb4507a3143,community_06,Daniel,Mohammed,female,1974-01-12,76457579618.0,8042723723,https://www.commcarehq.org/photos/farmer_900.jpg,9,crop_farming,33,leased,2,rain-fed,---,rice maize groundnuts,2.5,5.3,2.2,---,---,---,10.5262299 7.4249888 0.0 20.0,yes,257f1432-f0a8-475c-912e-0147b7cc20c8,2026-03-16 00:07:00,2026-03-16,tester_06,2026-03-16 00:07:17,https://www.commcarehq.org/form/ef802570-0e46-4790-aee4-4fb4507a3143,tester_06,True,52,7.0,10.5262299,7.4249888
901,e8911b05-d086-49f8-ac81-25a60536e98f,community_01,Mary,Peter,male,1972-07-02,60937058712.0,8029760708,https://www.commcarehq.org/photos/farmer_901.jpg,7,crop_farming,17,owned,2,rain-fed,---,maize,---,4.5,---,rabbits,---,32,10.3186595 7.2497501 0.0 20.0,yes,9bd7d9d8-3fe4-489a-99f4-d9106bba11f0,2026-01-15 00:03:00,2026-01-15,tester_01,2026-01-15 00:03:09,https://www.commcarehq.org/form/e8911b05-d086-49f8-ac81-25a60536e98f,tester_01,True,54,3.0,10.3186595,7.2497501
902,0b3d334d-4cd8-45b1-9845-26901039fbe0,community_03,Binta,Haruna,male,1977-02-11,94330056854.0,8055994519,https://www.commcarehq.org/photos/farmer_902.jpg,2,crop_farming,14,family_land,2,rain-fed,---,rice maize groundnuts,2.6,4.9,3.6,goats rabbits,25,8,10.3972046 7.5496327 0.0 20.0,yes,75a100dc-ee81-43f0-8eaa-c49198ca2384,2026-06-18 00:08:00,2026-06-18,tester_03,2026-06-18 00:08:09,https://www.commcarehq.org/form/0b3d334d-4cd8-45b1-9845-26901039fbe0,tester_03,True,49,8.0,10.3972046,7.5496327
903,4a7c8337-2e64-4714-b3d0-9225ecfa707b,community_03,Mary,Yakubu,male,1972-07-02,62435832159.0,8089414877,https://www.commcarehq.org/photos/farmer_903.jpg,5,livestock_farming,22,family_land,6,rain-fed,---,groundnuts rice maize,1.4,6.1,3.0,---,---,---,10.4412404 7.2151444 0.0 20.0,yes,97b838b7-5cef-4543-be18-97400855dcc8,2026-03-16 00:07:00,2026-03-16,tester_03,2026-03-16 00:07:15,https://www.commcarehq.org/form/4a7c8337-2e64-4714-b3d0-9225ecfa707b,tester_03,True,54,7.0,10.4412404,7.2151444
904,8171ae22-ad88-48c9-b70f-1929a2ef079a,community_04,Rebecca,Abdullahi,female,1983-11-28,,8084716329,https://www.commcarehq.org/photos/farmer_904.jpg,4,crop_farming,24,family_land,3,dam_reservoir,---,maize groundnuts rice,2.6,2.6,0.6,goats,2,---,10.5026361 7.2270849 0.0 20.0,yes,d941422d-10d7-44c9-9c46-5129152a6568,2026-06-10 00:07:00,2026-06-10,tester_04,2026-06-10 00:07:13,https://www.commcarehq.org/form/8171ae22-ad88-48c9-b70f-1929a2ef079a,tester_04,True,42,7.0,10.5026361,7.2270849
905,711dd9f4-9e37-4bce-8d08-2c22c708dc74,community_07,Yusuf,Yakubu,male,1970-01-21,20723323674.0,8033293051,https://www.commcarehq.org/photos/farmer_905.jpg,11,crop_farming,14,family_land,2,river_stream,---,groundnuts,3.0,---,---,---,---,---,10.5556353 7.3100628 0.0 20.0,yes,ccde82aa-2764-46e3-87bb-9543d358e15c,2026-03-21 00:06:00,2026-03-21,tester_07,2026-03-21 00:06:15,https://www.commcarehq.org/form/711dd9f4-9e37-4bce-8d08-2c22c708dc74,tester_07,True,56,6.0,10.5556353,7.3100628
906,276879df-78b9-4372-a0c2-c7662495202c,community_01,Emmanuel,Isa,female,1990-09-03,78834583387.0,8015064156,https://www.commcarehq.org/photos/farmer_906.jpg,3,crop_farming,9,owned,1,rain-fed,---,rice maize,---,5.1,1.0,goats,12,---,10.5627732 7.557468 0.0 20.0,yes,83b97586-9e72-428b-8254-5c60495c4d57,2026-04-29 00:04:00,2026-04-29,tester_01,2026-04-29 00:04:08,https://www.commcarehq.org/form/276879df-78b9-4372-a0c2-c7662495202c,tester_01,True,35,4.0,10.5627732,7.557468
907,6f9de713-1cea-412a-a541-206f41b40086,community_03,Samuel,Abdullahi,female,1993-07-02,,8055788203,https://www.commcarehq.org/photos/farmer_907.jpg,4,crop_farming,4,leased,1,rain-fed,---,maize rice,---,3.6,3.2,goats,23,---,10.5797972 7.2019544 0.0 20.0,yes,6984c36d-0aa1-41c5-bcdd-25d0098986d2,2026-01-25 00:04:00,2026-01-25,tester_03,2026-01-25 00:04:15,https://www.commcarehq.org/form/6f9de713-1cea-412a-a541-206f41b40086,tester_03,True,33,4.0,10.5797972,7.2019544
908,c2adf2f3-741d-43e6-b759-90051f7af71e,community_01,Hauwa,Haruna,female,2004-12-18,28869277849.0,8045919260,https://www.commcarehq.org/photos/farmer_908.jpg,4,mixed_farming,1,family_land,3,rain-fed,---,maize,---,5.8,---,goats,8,---,10.4419097 7.280476 0.0 20.0,yes,8150f6ba-cd01-45c0-a79b-bf44d82ee1fc,2026-03-15 00:02:00,2026-03-15,tester_01,2026-03-15 00:02:18,https://www.commcarehq.org/form/c2adf2f3-741d-43e6-b759-90051f7af71e,tester_01,True,21,2.0,10.4419097,7.280476
909,98b61474-e5ee-4f24-b866-92861ebf0d2d,community_06,Elizabeth,Ogunleye,female,1992-06-22,89111000658.0,8058989546,https://www.commcarehq.org/photos/farmer_909.jpg,2,crop_farming,14,owned,1,rain-fed,---,rice maize groundnuts,1.0,3.3,0.8,goats,20,---,10.5374041 7.372464 0.0 20.0,yes,0c91e53d-6814-4264-876e-65353859af4c,2026-06-23 00:07:00,2026-06-23,tester_06,2026-06-23 00:07:09,https://www.commcarehq.org/form/98b61474-e5ee-4f24-b866-92861ebf0d2d,tester_06,True,34,7.0,10.5374041,7.372464
910,2622dec0-0ebd-4afa-b1b5-233f61419801,community_07,James,Garba,female,1996-02-21,15552213425.0,8045305435,https://www.commcarehq.org/photos/farmer_910.jpg,6,crop_farming,1,family_land,1,dam_reservoir,---,maize,---,6.2,---,---,---,---,10.2471239 7.3456823 0.0 20.0,yes,dcca8825-a678-4848-9377-8f64fe68ccab,2026-02-17 00:02:00,2026-02-17,tester_07,2026-02-17 00:02:09,https://www.commcarehq.org/form/2622dec0-0ebd-4afa-b1b5-233f61419801,tester_07,True,30,2.0,10.2471239,7.3456823
911,b31db580-3c1a-4e1d-b6a0-05b305ca89c7,community_06,Amina,Yusuf,male,1987-09-20,25405952283.0,8031333057,https://www.commcarehq.org/photos/farmer_911.jpg,3,crop_farming,18,owned,3,borehole,---,groundnuts,1.0,---,---,rabbits,---,17,10.5287257 7.3622649 0.0 20.0,yes,433eeedb-273f-4ab5-8c36-1c0de93c8298,2026-02-02 00:06:00,2026-02-02,tester_06,2026-02-02 00:06:15,https://www.commcarehq.org/form/b31db580-3c1a-4e1d-b6a0-05b305ca89c7,tester_06,True,38,6.0,10.5287257,7.3622649
912,8279739e-d39b-4bfa-81dd-f8d8305d8734,community_03,Elizabeth,Sani,male,1951-12-07,,8004004902,https://www.commcarehq.org/photos/farmer_912.jpg,4,livestock_farming,51,owned,6,rain-fed,---,maize groundnuts,1.5,3.1,---,---,---,---,10.5390399 7.3526306 0.0 20.0,yes,ef6a7bbe-136d-4193-9c10-4ee605434521,2026-06-29 00:05:00,2026-06-29,tester_03,2026-06-29 00:05:18,https://www.commcarehq.org/form/8279739e-d39b-4bfa-81dd-f8d8305d8734,tester_03,True,74,5.0,10.5390399,7.3526306
913,0d0511d9-7f35-4c7e-9048-5585708b79ed,community_02,Fatima,Philip,male,1979-02-09,,8072354525,https://www.commcarehq.org/photos/farmer_913.jpg,6,crop_farming,12,leased,4,borehole,---,rice maize groundnuts,1.5,4.8,2.9,goats rabbits,22,15,10.4855028 7.4304967 0.0 20.0,yes,77c61b57-b5db-4f0e-8811-a97dcc0b7b30,2026-05-15 00:08:00,2026-05-15,tester_02,2026-05-15 00:08:10,https://www.commcarehq.org/form/0d0511d9-7f35-4c7e-9048-5585708b79ed,tester_02,True,47,8.0,10.4855028,7.4304967
914,c65747a6-7d78-458c-b691-2af48933bf98,community_01,Blessing,Abdullahi,male,1985-03-25,,8016225934,https://www.commcarehq.org/photos/farmer_914.jpg,2,livestock_farming,21,family_land,5,rain-fed,---,groundnuts rice maize,1.5,5.4,1.6,goats,14,---,10.5147642 7.4669448 0.0 20.0,yes,db9395fb-83cf-43cc-af00-7c31e07ace66,2026-04-13 00:04:00,2026-04-13,tester_01,2026-04-13 00:04:20,https://www.commcarehq.org/form/c65747a6-7d78-458c-b691-2af48933bf98,tester_01,True,41,4.0,10.5147642,7.4669448
915,421f1e64-1cd2-41c8-b749-1a8ce5c36166,community_05,Joseph,David,female,1980-06-19,10539973046.0,8057365389,https://www.commcarehq.org/photos/farmer_915.jpg,12,mixed_farming,19,owned,2,rain-fed,---,rice maize,---,1.4,0.5,goats,24,---,10.4769367 7.3656616 0.0 20.0,yes,3ad08405-609a-4127-8507-d71b182fe4b2,2026-06-02 00:08:00,2026-06-02,tester_05,2026-06-02 00:08:19,https://www.commcarehq.org/form/421f1e64-1cd2-41c8-b749-1a8ce5c36166,tester_05,True,46,8.0,10.4769367,7.3656616
916,a08c2198-bf58-4efd-8309-30b7a4777f73,community_06,Peter,Ojo,male,1972-06-27,77862228544.0,8014920182,https://www.commcarehq.org/photos/farmer_916.jpg,3,crop_farming,16,owned,1,rain-fed,---,rice,---,---,1.4,goats,13,---,10.4127108 7.3372553 0.0 20.0,yes,c4186a88-11ba-40b1-af01-0b87e9be360e,2026-04-06 00:03:00,2026-04-06,tester_06,2026-04-06 00:03:14,https://www.commcarehq.org/form/a08c2198-bf58-4efd-8309-30b7a4777f73,tester_06,True,54,3.0,10.4127108,7.3372553
917,78abf58b-daf9-4223-9244-cd0b1a4837e3,community_03,Blessing,David,male,2004-12-08,48381557110.0,8037539981,https://www.commcarehq.org/photos/farmer_917.jpg,7,mixed_farming,3,owned,2,irrigation_scheme,---,groundnuts rice,2.5,---,2.4,---,---,---,10.5540903 7.4148793 0.0 20.0,yes,7c25793e-e925-488b-9fa4-094bedd6582b,2026-01-18 00:05:00,2026-01-18,tester_03,2026-01-18 00:05:09,https://www.commcarehq.org/form/78abf58b-daf9-4223-9244-cd0b1a4837e3,tester_03,True,21,5.0,10.5540903,7.4148793
918,5e4d267a-9262-45a0-bda7-1196bdaa5474,community_02,Ahmed,David,female,1976-09-02,,8097942466,https://www.commcarehq.org/photos/farmer_918.jpg,6,crop_farming,19,owned,3,river_stream,---,rice maize,---,1.6,2.2,---,---,---,10.5946413 7.2361823 0.0 20.0,yes,60406fbe-fa33-44ce-b711-726adedfad51,2026-02-03 00:07:00,2026-02-03,tester_02,2026-02-03 00:07:20,https://www.commcarehq.org/form/5e4d267a-9262-45a0-bda7-1196bdaa5474,tester_02,True,49,7.0,10.5946413,7.2361823
919,9d5348d6-89ae-4423-a45f-fe94892dc35d,community_06,Hauwa,Lawal,male,1967-02-06,,8078819411,https://www.commcarehq.org/photos/farmer_919.jpg,5,mixed_farming,23,family_land,5,river_stream,---,maize rice groundnuts,0.9,1.1,1.7,goats,22,---,10.4406502 7.5941644 0.0 20.0,yes,c89c8c21-ad41-4833-85a8-6fa14bf81bfe,2026-05-14 00:03:00,2026-05-14,tester_06,2026-05-14 00:03:14,https://www.commcarehq.org/form/9d5348d6-89ae-4423-a45f-fe94892dc35d,tester_06,True,59,3.0,10.4406502,7.5941644
920,eab5375d-5015-473f-b49e-cd7093ef5473,community_02,Sarah,David,male,1988-05-25,,8000438780,https://www.commcarehq.org/photos/farmer_920.jpg,11,mixed_farming,7,family_land,5,rain-fed,---,rice groundnuts maize,2.9,3.6,3.5,---,---,---,10.4432406 7.3862522 0.0 20.0,yes,164d9dfe-40ee-4a43-863f-b4635ae07cca,2026-03-11 00:02:00,2026-03-11,tester_02,2026-03-11 00:02:14,https://www.commcarehq.org/form/eab5375d-5015-473f-b49e-cd7093ef5473,tester_02,True,38,2.0,10.4432406,7.3862522
921,776fd5ae-de1d-49af-8027-8adbe818769e,community_07,John,Bello,male,1978-11-08,33868259457.0,8023691846,https://www.commcarehq.org/photos/farmer_921.jpg,6,crop_farming,3,owned,2,dam_reservoir,---,maize rice,---,3.8,0.9,rabbits,---,26,10.3625146 7.2423011 0.0 20.0,yes,11cd5836-40e3-403a-9672-1b307d5cf652,2026-03-05 00:06:00,2026-03-05,tester_07,2026-03-05 00:06:11,https://www.commcarehq.org/form/776fd5ae-de1d-49af-8027-8adbe818769e,tester_07,True,47,6.0,10.3625146,7.2423011
922,daa4d5ad-8918-467d-93fe-b0ad275a9c12,community_06,Blessing,Balogun,female,1983-11-18,,8089390882,https://www.commcarehq.org/photos/farmer_922.jpg,4,crop_farming,24,owned,3,rain-fed,---,maize,---,5.4,---,---,---,---,10.5538262 7.4259887 0.0 20.0,yes,6062a516-0cdd-4d0e-bce8-ad818223d093,2026-06-04 00:08:00,2026-06-04,tester_06,2026-06-04 00:08:06,https://www.commcarehq.org/form/daa4d5ad-8918-467d-93fe-b0ad275a9c12,tester_06,True,42,8.0,10.5538262,7.4259887
923,fa7d217d-f0bf-464a-82e6-db46a911276e,community_02,Elizabeth,James,female,2001-01-11,60626980028.0,8036021709,https://www.commcarehq.org/photos/farmer_923.jpg,12,livestock_farming,6,family_land,4,borehole,---,groundnuts maize,1.1,1.8,---,goats,10,---,10.2641472 7.5112549 0.0 20.0,yes,434ab9a7-ad08-47a8-9282-7b0326c173a1,2026-04-18 00:06:00,2026-04-18,tester_02,2026-04-18 00:06:07,https://www.commcarehq.org/form/fa7d217d-f0bf-464a-82e6-db46a911276e,tester_02,True,25,6.0,10.2641472,7.5112549
924,92183192-d72a-4ef3-9094-e0bab96ede3f,community_02,Rebecca,Ogunleye,female,1965-08-27,29882483110.0,8018472158,https://www.commcarehq.org/photos/farmer_924.jpg,7,livestock_farming,21,family_land,4,rain-fed,---,groundnuts rice,0.5,---,2.6,---,---,---,10.2846826 7.5901878 0.0 20.0,yes,a918f6a7-68b6-44c7-a82b-94f983893b1e,2026-04-19 00:07:00,2026-04-19,tester_02,2026-04-19 00:07:20,https://www.commcarehq.org/form/92183192-d72a-4ef3-9094-e0bab96ede3f,tester_02,True,60,7.0,10.2846826,7.5901878
925,da31a481-c62e-4720-b2bb-fc193dc47ecf,community_07,Naomi,Johnson,male,1990-05-10,97885859041.0,8002862783,https://www.commcarehq.org/photos/farmer_925.jpg,8,crop_farming,3,owned,3,rain-fed,---,maize,---,2.4,---,goats,4,---,10.4058694 7.2432901 0.0 20.0,yes,f7647dda-64c4-4c0f-a1db-51603250a909,2026-05-08 00:05:00,2026-05-08,tester_07,2026-05-08 00:05:17,https://www.commcarehq.org/form/da31a481-c62e-4720-b2bb-fc193dc47ecf,tester_07,True,36,5.0,10.4058694,7.2432901
926,9b350d2b-ae66-4def-883e-4b3ddab22137,community_03,Joy,Okafor,male,1980-12-14,44051962597.0,8074318756,https://www.commcarehq.org/photos/farmer_926.jpg,1,livestock_farming,11,owned,2,rain-fed,---,rice maize groundnuts,1.6,1.3,2.2,goats rabbits,10,11,10.5742855 7.322754 0.0 20.0,yes,50877ec1-b06f-4a3d-a3f3-f5199d080b44,2026-06-08 00:08:00,2026-06-08,tester_03,2026-06-08 00:08:20,https://www.commcarehq.org/form/9b350d2b-ae66-4def-883e-4b3ddab22137,tester_03,True,45,8.0,10.5742855,7.322754
927,02a336b4-a1fd-4151-9b31-e9a8ca0a051c,community_01,Fatima,Garba,female,1998-09-25,91673703602.0,8073739116,https://www.commcarehq.org/photos/farmer_927.jpg,2,livestock_farming,9,owned,2,borehole,---,rice maize groundnuts,2.0,6.0,2.1,---,---,---,10.4625084 7.5006097 0.0 20.0,yes,7ab92647-fab1-4fcd-a9b7-408812465afa,2026-06-25 00:06:00,2026-06-25,tester_01,2026-06-25 00:06:05,https://www.commcarehq.org/form/02a336b4-a1fd-4151-9b31-e9a8ca0a051c,tester_01,True,27,6.0,10.4625084,7.5006097
928,87d1c867-1db4-4ae6-a03e-3f16ac3cec84,community_01,Samuel,Yakubu,male,1989-12-22,42478577987.0,8046096241,https://www.commcarehq.org/photos/farmer_928.jpg,8,crop_farming,11,owned,1,rain-fed,---,rice,---,---,2.2,goats,14,---,10.5401108 7.2842861 0.0 20.0,yes,e7a1447d-9a4e-4e59-9f76-3d417417fb49,2026-02-06 00:04:00,2026-02-06,tester_01,2026-02-06 00:04:19,https://www.commcarehq.org/form/87d1c867-1db4-4ae6-a03e-3f16ac3cec84,tester_01,True,36,4.0,10.5401108,7.2842861
929,899b157c-2059-425f-8408-48297d028053,community_05,Rebecca,Ibrahim,male,1952-10-16,,8061972176,https://www.commcarehq.org/photos/farmer_929.jpg,5,livestock_farming,27,owned,1,dam_reservoir,---,rice maize,---,1.0,0.7,goats,18,---,10.4008614 7.419559 0.0 20.0,yes,043e7114-2fbc-44bd-9505-bebbdb32b248,2026-05-14 00:07:00,2026-05-14,tester_05,2026-05-14 00:07:20,https://www.commcarehq.org/form/899b157c-2059-425f-8408-48297d028053,tester_05,True,73,7.0,10.4008614,7.419559
930,f6050e90-776c-4592-ab22-95bc788fedea,community_07,Hauwa,Isa,male,1992-06-30,,8067693547,https://www.commcarehq.org/photos/farmer_930.jpg,6,crop_farming,2,leased,3,borehole,---,rice,---,---,1.4,goats,14,---,10.2762456 7.3875664 0.0 20.0,yes,77fdc364-5ade-436c-8d4f-888557c07d92,2026-02-04 00:07:00,2026-02-04,tester_07,2026-02-04 00:07:11,https://www.commcarehq.org/form/f6050e90-776c-4592-ab22-95bc788fedea,tester_07,True,34,7.0,10.2762456,7.3875664
931,d7edbc88-4341-4d0e-a00c-8b00061aa658,community_04,Ruth,Eze,female,1986-10-02,,8006190307,https://www.commcarehq.org/photos/farmer_931.jpg,1,crop_farming,5,owned,1,river_stream,---,rice groundnuts maize,1.2,0.5,2.4,goats rabbits,17,17,10.2488773 7.4379217 0.0 20.0,yes,cd886f99-a1d3-4145-86d6-b8173f23aee1,2026-02-17 00:02:00,2026-02-17,tester_04,2026-02-17 00:02:08,https://www.commcarehq.org/form/d7edbc88-4341-4d0e-a00c-8b00061aa658,tester_04,True,39,2.0,10.2488773,7.4379217
932,ff1ab031-fa0e-4c9a-9d56-28ff28b79071,community_02,Daniel,Eze,male,1973-05-25,,8046356001,https://www.commcarehq.org/photos/farmer_932.jpg,7,crop_farming,30,owned,2,irrigation_scheme,---,maize,---,5.6,---,---,---,---,10.2874874 7.5455474 0.0 20.0,yes,c8b43ebc-1cbb-4585-8337-4c9344b72a2c,2026-05-04 00:02:00,2026-05-04,tester_02,2026-05-04 00:02:16,https://www.commcarehq.org/form/ff1ab031-fa0e-4c9a-9d56-28ff28b79071,tester_02,True,53,2.0,10.2874874,7.5455474
933,4a351e9b-0f5e-4bc5-92fe-d6944f0271fb,community_07,Ibrahim,Ahmed,female,1987-05-13,72502294975.0,8004510202,https://www.commcarehq.org/photos/farmer_933.jpg,10,crop_farming,19,family_land,1,rain-fed,---,rice groundnuts,0.6,---,3.5,---,---,---,10.3061195 7.2304319 0.0 20.0,yes,96c19dbc-c570-4cfb-9b18-22b2f1f59e75,2026-06-24 00:07:00,2026-06-24,tester_07,2026-06-24 00:07:16,https://www.commcarehq.org/form/4a351e9b-0f5e-4bc5-92fe-d6944f0271fb,tester_07,True,39,7.0,10.3061195,7.2304319
934,76dd6966-ee30-4e74-85f1-40abe34159f9,community_02,Samuel,David,male,2008-04-13,23364663320.0,8045719713,https://www.commcarehq.org/photos/farmer_934.jpg,1,mixed_farming,1,family_land,2,borehole,---,rice groundnuts,2.9,---,0.5,goats rabbits,12,27,10.5498691 7.501605 0.0 20.0,yes,10acc861-8be0-4c85-872a-3ebbe76bed89,2026-03-01 00:08:00,2026-03-01,tester_02,2026-03-01 00:08:05,https://www.commcarehq.org/form/76dd6966-ee30-4e74-85f1-40abe34159f9,tester_02,True,18,8.0,10.5498691,7.501605
935,689fe6e7-3aa6-407d-9cc7-636fe0054098,community_01,Grace,Eze,female,1998-01-16,13681345514.0,8026316206,https://www.commcarehq.org/photos/farmer_935.jpg,3,crop_farming,5,owned,1,rain-fed,---,maize groundnuts,1.1,3.5,---,goats,16,---,10.2198044 7.2027749 0.0 20.0,yes,89282000-cd78-42d1-ae29-0f2a478faa3e,2026-02-28 00:02:00,2026-02-28,tester_01,2026-02-28 00:02:19,https://www.commcarehq.org/form/689fe6e7-3aa6-407d-9cc7-636fe0054098,tester_01,True,28,2.0,10.2198044,7.2027749
936,37baad79-b916-4989-89d5-58c297b1bdb7,community_03,Ahmed,Ahmed,female,1988-03-14,18623343023.0,8041169275,https://www.commcarehq.org/photos/farmer_936.jpg,1,crop_farming,3,family_land,1,rain-fed,---,groundnuts maize,1.8,0.9,---,rabbits,---,3,10.2715081 7.216583 0.0 20.0,yes,5edf8724-cdb2-4037-96de-82a2fde09ac6,2026-01-17 00:07:00,2026-01-17,tester_03,2026-01-17 00:07:20,https://www.commcarehq.org/form/37baad79-b916-4989-89d5-58c297b1bdb7,tester_03,True,38,7.0,10.2715081,7.216583
937,df28c23c-ac42-4d6c-8f8e-33263230d6ec,community_05,Joy,Mohammed,female,1985-05-27,64409905725.0,8023844541,https://www.commcarehq.org/photos/farmer_937.jpg,2,crop_farming,22,family_land,2,rain-fed,---,groundnuts,1.9,---,---,rabbits,---,5,10.5655656 7.2399194 0.0 20.0,yes,a2db4e4b-4b70-4d20-b4d9-3f205499576c,2026-03-12 00:08:00,2026-03-12,tester_05,2026-03-12 00:08:15,https://www.commcarehq.org/form/df28c23c-ac42-4d6c-8f8e-33263230d6ec,tester_05,True,41,8.0,10.5655656,7.2399194
938,33369919-c50e-4897-936f-a550ced95c00,community_05,Ruth,Abdullahi,female,1980-06-06,28632976876.0,8023045743,https://www.commcarehq.org/photos/farmer_938.jpg,3,livestock_farming,25,family_land,1,borehole,---,groundnuts maize rice,2.9,2.3,2.3,goats,16,---,10.3290381 7.2758386 0.0 20.0,yes,302d6535-f2d0-4db0-a7be-886e6df11810,2026-06-08 00:04:00,2026-06-08,tester_05,2026-06-08 00:04:10,https://www.commcarehq.org/form/33369919-c50e-4897-936f-a550ced95c00,tester_05,True,46,4.0,10.3290381,7.2758386
939,8e794507-2cc8-47c5-9129-6d3208c16c32,community_04,Esther,Okafor,male,1970-07-18,92340524177.0,8069277861,https://www.commcarehq.org/photos/farmer_939.jpg,1,crop_farming,28,owned,3,rain-fed,---,maize rice,---,2.1,2.9,goats,19,---,10.4891346 7.3571595 0.0 20.0,yes,bf8a4a5d-b558-4f5d-b4c8-a5f7a627d65f,2026-02-03 00:07:00,2026-02-03,tester_04,2026-02-03 00:07:12,https://www.commcarehq.org/form/8e794507-2cc8-47c5-9129-6d3208c16c32,tester_04,True,56,7.0,10.4891346,7.3571595
940,13a7ec07-ce22-43c0-b2ca-2b0485f6f706,community_04,Mercy,Balogun,male,1980-04-18,,8012988889,https://www.commcarehq.org/photos/farmer_940.jpg,8,crop_farming,7,owned,6,river_stream,---,maize,---,2.9,---,goats,24,---,10.2708211 7.5494667 0.0 20.0,yes,bb2f2fba-7553-4001-a878-41628eb18d52,2026-02-13 00:08:00,2026-02-13,tester_04,2026-02-13 00:08:18,https://www.commcarehq.org/form/13a7ec07-ce22-43c0-b2ca-2b0485f6f706,tester_04,True,46,8.0,10.2708211,7.5494667
941,001e98d4-562c-402e-b645-3d4239259255,community_02,John,Daniel,male,2004-02-21,37086137117.0,8022104252,https://www.commcarehq.org/photos/farmer_941.jpg,7,crop_farming,1,family_land,3,rain-fed,---,maize rice groundnuts,1.8,5.9,0.8,rabbits,---,28,10.3092443 7.3964477 0.0 20.0,yes,abc4c134-3823-408a-9456-4d5028b424df,2026-03-06 00:07:00,2026-03-06,tester_02,2026-03-06 00:07:17,https://www.commcarehq.org/form/001e98d4-562c-402e-b645-3d4239259255,tester_02,True,22,7.0,10.3092443,7.3964477
942,27233267-1a19-4b14-8ca9-bfac90af9604,community_02,Blessing,Eze,female,1961-03-10,53827123811.0,8029683683,https://www.commcarehq.org/photos/farmer_942.jpg,2,crop_farming,42,owned,3,rain-fed,---,groundnuts rice maize,1.3,3.3,3.6,goats,12,---,10.5990569 7.2102844 0.0 20.0,yes,759990e2-009c-407a-8ff4-7a12bfe8b0fe,2026-02-05 00:04:00,2026-02-05,tester_02,2026-02-05 00:04:17,https://www.commcarehq.org/form/27233267-1a19-4b14-8ca9-bfac90af9604,tester_02,True,65,4.0,10.5990569,7.2102844
943,39396092-fccd-445a-bb67-4ea7a7248a87,community_07,Naomi,Garba,female,1980-04-17,17493760783.0,8096960473,https://www.commcarehq.org/photos/farmer_943.jpg,2,crop_farming,10,family_land,1,borehole,---,maize groundnuts rice,1.3,3.0,3.5,goats,4,---,10.2035955 7.2429924 0.0 20.0,yes,bce27719-4ca6-4dae-b832-0d7f6c91289a,2026-01-01 00:03:00,2026-01-01,tester_07,2026-01-01 00:03:11,https://www.commcarehq.org/form/39396092-fccd-445a-bb67-4ea7a7248a87,tester_07,True,46,3.0,10.2035955,7.2429924
944,89de4f30-8fd4-4ff2-ac20-e1c107d78ac7,community_01,Grace,Yusuf,female,1973-11-10,85681550095.0,8049896115,https://www.commcarehq.org/photos/farmer_944.jpg,3,mixed_farming,10,owned,2,borehole,---,rice maize groundnuts,0.9,6.1,2.8,goats,10,---,10.254566 7.3569026 0.0 20.0,yes,e691ad3d-d2a0-4138-beba-63ddfcac9707,2026-02-27 00:08:00,2026-02-27,tester_01,2026-02-27 00:08:20,https://www.commcarehq.org/form/89de4f30-8fd4-4ff2-ac20-e1c107d78ac7,tester_01,True,52,8.0,10.254566,7.3569026
945,7895cb09-4f20-4f69-83f1-4d57f0c2a30d,community_01,Yusuf,Tanko,male,1990-09-17,95328718085.0,8029662747,https://www.commcarehq.org/photos/farmer_945.jpg,7,crop_farming,16,owned,2,rain-fed,---,groundnuts maize rice,1.6,3.3,3.0,goats,13,---,10.4420977 7.4919053 0.0 20.0,yes,a3ebcfd9-c94d-4b5a-b23d-c9d8838a0765,2026-03-23 00:02:00,2026-03-23,tester_01,2026-03-23 00:02:13,https://www.commcarehq.org/form/7895cb09-4f20-4f69-83f1-4d57f0c2a30d,tester_01,True,35,2.0,10.4420977,7.4919053
946,4411e386-0927-458c-8174-729cee16cceb,community_06,Peter,Okafor,male,1990-06-27,,8057669406,https://www.commcarehq.org/photos/farmer_946.jpg,4,livestock_farming,13,owned,2,rain-fed,---,groundnuts,0.6,---,---,rabbits,---,12,10.4653143 7.3518758 0.0 20.0,yes,e4869484-01df-4181-b464-252265c7fce0,2026-03-15 00:02:00,2026-03-15,tester_06,2026-03-15 00:02:05,https://www.commcarehq.org/form/4411e386-0927-458c-8174-729cee16cceb,tester_06,True,36,2.0,10.4653143,7.3518758
947,39d182a0-7cb7-4991-afbd-4b0e640af630,community_06,Sarah,Tanko,male,1985-10-28,94980987468.0,8063338644,https://www.commcarehq.org/photos/farmer_947.jpg,8,mixed_farming,14,leased,2,rain-fed,---,maize,---,5.8,---,goats,25,---,10.3410479 7.5681939 0.0 20.0,yes,3f718d97-c244-4e14-a445-f245b4c6e680,2026-01-20 00:03:00,2026-01-20,tester_06,2026-01-20 00:03:10,https://www.commcarehq.org/form/39d182a0-7cb7-4991-afbd-4b0e640af630,tester_06,True,40,3.0,10.3410479,7.5681939
948,af5fc3ed-a761-456a-a846-3a4a452adc81,community_07,Joy,Balogun,male,1988-09-10,,8006878856,https://www.commcarehq.org/photos/farmer_948.jpg,4,mixed_farming,14,owned,1,rain-fed,---,maize groundnuts,0.9,5.4,---,---,---,---,10.215219 7.2003686 0.0 20.0,yes,ad6fdda4-c5de-4e33-b56e-e5003bb545ff,2026-01-23 00:04:00,2026-01-23,tester_07,2026-01-23 00:04:07,https://www.commcarehq.org/form/af5fc3ed-a761-456a-a846-3a4a452adc81,tester_07,True,37,4.0,10.215219,7.2003686
949,4f668d86-3553-48c0-b8f8-136d21f3f8e0,community_07,Musa,Peter,male,1969-02-02,85998282694.0,8037298321,https://www.commcarehq.org/photos/farmer_949.jpg,5,mixed_farming,11,owned,1,rain-fed,---,groundnuts rice,1.2,---,1.9,goats,21,---,10.3984105 7.3795294 0.0 20.0,yes,84a11a8d-1788-4c01-8cc6-f7c163a9b79c,2026-06-16 00:05:00,2026-06-16,tester_07,2026-06-16 00:05:16,https://www.commcarehq.org/form/4f668d86-3553-48c0-b8f8-136d21f3f8e0,tester_07,True,57,5.0,10.3984105,7.3795294
950,14ffb12d-70d3-4636-a9e5-5753c103d46f,community_07,Naomi,Haruna,male,1988-06-19,21222625339.0,8048802976,https://www.commcarehq.org/photos/farmer_950.jpg,3,crop_farming,17,family_land,1,river_stream,---,groundnuts rice,2.2,---,2.7,rabbits,---,32,10.5642376 7.4161149 0.0 20.0,yes,951a3b7a-4701-4307-9a23-43adcfeada68,2026-06-25 00:02:00,2026-06-25,tester_07,2026-06-25 00:02:06,https://www.commcarehq.org/form/14ffb12d-70d3-4636-a9e5-5753c103d46f,tester_07,True,38,2.0,10.5642376,7.4161149
951,30f6d4a1-572c-492d-b18f-965d9862cacb,community_04,Elizabeth,Usman,male,1952-11-06,,8074839332,https://www.commcarehq.org/photos/farmer_951.jpg,7,livestock_farming,33,owned,2,borehole,---,maize,---,5.1,---,rabbits,---,5,10.255884 7.4497048 0.0 20.0,yes,1e02d15f-828c-4fc2-94c0-9047986abd37,2026-04-06 00:03:00,2026-04-06,tester_04,2026-04-06 00:03:12,https://www.commcarehq.org/form/30f6d4a1-572c-492d-b18f-965d9862cacb,tester_04,True,73,3.0,10.255884,7.4497048
952,71236d0e-0943-4c43-895c-a82d6ef3d850,community_06,Mercy,Eze,female,1997-03-03,36123043331.0,8037095374,https://www.commcarehq.org/photos/farmer_952.jpg,10,mixed_farming,7,owned,2,rain-fed,---,groundnuts maize rice,2.5,3.4,1.1,---,---,---,10.3680262 7.3142597 0.0 20.0,yes,559ce5d2-e08c-43e2-b027-8997db2b2107,2026-03-07 00:07:00,2026-03-07,tester_06,2026-03-07 00:07:09,https://www.commcarehq.org/form/71236d0e-0943-4c43-895c-a82d6ef3d850,tester_06,True,29,7.0,10.3680262,7.3142597
953,6ab4d14e-572a-4d68-9b7f-046221d7b1b1,community_03,Naomi,Haruna,female,1996-04-10,66065129117.0,8058936177,https://www.commcarehq.org/photos/farmer_953.jpg,5,crop_farming,2,owned,5,rain-fed,---,rice groundnuts maize,2.6,2.6,0.8,---,---,---,10.432951 7.499656 0.0 20.0,yes,066c6a91-2c7c-4fa0-803d-9d4aefe959b9,2026-03-12 00:04:00,2026-03-12,tester_03,2026-03-12 00:04:17,https://www.commcarehq.org/form/6ab4d14e-572a-4d68-9b7f-046221d7b1b1,tester_03,True,30,4.0,10.432951,7.499656
954,579499e7-79a1-433c-abda-83957b3ed7d1,community_05,Musa,Ahmed,male,1974-03-15,,8002918987,https://www.commcarehq.org/photos/farmer_954.jpg,6,crop_farming,1,family_land,3,borehole,---,rice maize groundnuts,0.8,4.6,1.8,---,---,---,10.4464262 7.5013697 0.0 20.0,yes,910f3447-73a4-4ba7-8239-6f28a079dfae,2026-02-06 00:08:00,2026-02-06,tester_05,2026-02-06 00:08:15,https://www.commcarehq.org/form/579499e7-79a1-433c-abda-83957b3ed7d1,tester_05,True,52,8.0,10.4464262,7.5013697
955,79c7f26f-bd26-4770-be3a-3bf01da16621,community_07,Suleiman,Peter,female,1985-07-23,70459042622.0,8047842802,https://www.commcarehq.org/photos/farmer_955.jpg,12,mixed_farming,5,family_land,5,rain-fed,---,groundnuts maize,1.4,4.4,---,---,---,---,10.4666559 7.2804875 0.0 20.0,yes,7fcc0eae-fb9a-4824-ba89-6399985be0c3,2026-05-24 00:08:00,2026-05-24,tester_07,2026-05-24 00:08:17,https://www.commcarehq.org/form/79c7f26f-bd26-4770-be3a-3bf01da16621,tester_07,True,41,8.0,10.4666559,7.2804875
956,c34c45ff-0adb-4ba2-8b2e-bc528d0918f7,community_04,Naomi,Yakubu,male,2002-07-24,80399932171.0,8090346344,https://www.commcarehq.org/photos/farmer_956.jpg,6,livestock_farming,1,owned,2,rain-fed,---,maize groundnuts,1.4,5.8,---,goats,24,---,10.5454475 7.2287005 0.0 20.0,yes,3f264d7a-a60f-4826-b679-9845122a1dd9,2026-03-27 00:05:00,2026-03-27,tester_04,2026-03-27 00:05:11,https://www.commcarehq.org/form/c34c45ff-0adb-4ba2-8b2e-bc528d0918f7,tester_04,True,24,5.0,10.5454475,7.2287005
957,411bd1d5-9e15-4976-9420-5ab8142d38b6,community_02,James,Philip,male,2005-12-27,20325491636.0,8050179473,https://www.commcarehq.org/photos/farmer_957.jpg,8,mixed_farming,3,owned,3,other,Spring Water,groundnuts,1.9,---,---,rabbits,---,12,10.3978642 7.2203801 0.0 20.0,yes,78c3d995-556e-41b3-a9d0-8a3127e03e78,2026-04-10 00:06:00,2026-04-10,tester_02,2026-04-10 00:06:10,https://www.commcarehq.org/form/411bd1d5-9e15-4976-9420-5ab8142d38b6,tester_02,True,20,6.0,10.3978642,7.2203801
958,c6da330d-dd20-47ba-863a-c51e70a143f3,community_02,Daniel,Haruna,female,2004-04-29,26927717830.0,8012570421,https://www.commcarehq.org/photos/farmer_958.jpg,2,livestock_farming,1,family_land,2,rain-fed,---,groundnuts maize,2.5,1.5,---,goats,8,---,10.38818 7.4564693 0.0 20.0,yes,9033ef68-176e-4bdb-ad43-f73e48211e18,2026-04-27 00:04:00,2026-04-27,tester_02,2026-04-27 00:04:17,https://www.commcarehq.org/form/c6da330d-dd20-47ba-863a-c51e70a143f3,tester_02,True,22,4.0,10.38818,7.4564693
959,542167d5-7a27-43a0-af98-00b75ce9a09b,community_04,Musa,Isa,female,1985-07-11,,8088727407,https://www.commcarehq.org/photos/farmer_959.jpg,5,crop_farming,23,leased,1,rain-fed,---,rice groundnuts maize,2.6,1.0,2.4,rabbits,---,17,10.5339218 7.4160171 0.0 20.0,yes,c702172c-3323-4ba0-99b3-1e8ebad6981c,2026-04-20 00:08:00,2026-04-20,tester_04,2026-04-20 00:08:15,https://www.commcarehq.org/form/542167d5-7a27-43a0-af98-00b75ce9a09b,tester_04,True,41,8.0,10.5339218,7.4160171
960,08ca784d-ed68-4646-9cb4-baf7c2047a49,community_04,David,Peter,female,1982-08-14,,8087095046,https://www.commcarehq.org/photos/farmer_960.jpg,4,crop_farming,13,family_land,3,rain-fed,---,rice,---,---,1.4,goats,12,---,10.3119524 7.2040684 0.0 20.0,yes,bcec9459-0eac-47c7-af37-5eb0c1d0fc41,2026-06-25 00:05:00,2026-06-25,tester_04,2026-06-25 00:05:06,https://www.commcarehq.org/form/08ca784d-ed68-4646-9cb4-baf7c2047a49,tester_04,True,43,5.0,10.3119524,7.2040684
961,487d0bc4-f575-4976-a936-797812b74d9f,community_05,Ahmed,Adeyemi,female,1966-03-23,58183982454.0,8061761238,https://www.commcarehq.org/photos/farmer_961.jpg,6,crop_farming,7,owned,6,rain-fed,---,maize rice,---,3.8,2.1,goats,24,---,10.3592068 7.2607051 0.0 20.0,yes,6221da4f-de75-414c-9a9e-cc54d8efd325,2026-06-09 00:04:00,2026-06-09,tester_05,2026-06-09 00:04:07,https://www.commcarehq.org/form/487d0bc4-f575-4976-a936-797812b74d9f,tester_05,True,60,4.0,10.3592068,7.2607051
962,701f0d7a-c3cd-4a79-8404-2b73297f3ed0,community_04,Rebecca,Abdullahi,female,1958-11-01,21652426778.0,8032442030,https://www.commcarehq.org/photos/farmer_962.jpg,5,crop_farming,11,leased,3,borehole,---,rice,---,---,2.8,---,---,---,10.4254214 7.525842 0.0 20.0,yes,e8cd5a0b-6ebb-41c4-8fac-e9eb2290cfb9,2026-02-03 00:06:00,2026-02-03,tester_04,2026-02-03 00:06:14,https://www.commcarehq.org/form/701f0d7a-c3cd-4a79-8404-2b73297f3ed0,tester_04,True,67,6.0,10.4254214,7.525842
963,6bb8b93a-3e70-4a70-abe6-473e5b6decf6,community_04,James,Okafor,female,1992-01-28,70072643188.0,8080895460,https://www.commcarehq.org/photos/farmer_963.jpg,8,mixed_farming,3,family_land,3,rain-fed,---,rice groundnuts,0.9,---,1.2,---,---,---,10.5137215 7.3458374 0.0 20.0,yes,914b1c65-6b49-4da0-9a92-8d425016e074,2026-06-01 00:08:00,2026-06-01,tester_04,2026-06-01 00:08:11,https://www.commcarehq.org/form/6bb8b93a-3e70-4a70-abe6-473e5b6decf6,tester_04,True,34,8.0,10.5137215,7.3458374
964,d72c798a-1e83-4218-912a-b5473be9e2d0,community_03,Amina,Philip,male,1975-04-27,65966391497.0,8035320559,https://www.commcarehq.org/photos/farmer_964.jpg,10,livestock_farming,14,owned,4,rain-fed,---,rice maize groundnuts,2.6,3.1,1.3,goats rabbits,2,30,10.2894181 7.5097379 0.0 20.0,yes,c3c1f419-0450-41fb-a5a5-3a05bf8fb8bc,2026-04-07 00:04:00,2026-04-07,tester_03,2026-04-07 00:04:18,https://www.commcarehq.org/form/d72c798a-1e83-4218-912a-b5473be9e2d0,tester_03,True,51,4.0,10.2894181,7.5097379
965,7f55df98-cd4e-416d-83de-f916637f0c2a,community_03,Samuel,Ojo,male,1986-01-15,56630955272.0,8042814433,https://www.commcarehq.org/photos/farmer_965.jpg,6,crop_farming,20,owned,3,rain-fed,---,rice maize,---,5.0,1.3,---,---,---,10.4069937 7.4010455 0.0 20.0,yes,57e765f4-14a1-44b6-a1c6-29ddc875506b,2026-01-15 00:08:00,2026-01-15,tester_03,2026-01-15 00:08:10,https://www.commcarehq.org/form/7f55df98-cd4e-416d-83de-f916637f0c2a,tester_03,True,40,8.0,10.4069937,7.4010455
966,4352e7dd-ae6c-4875-a95d-cdecb285880b,community_02,Mary,Peter,female,1969-12-13,87449707826.0,8030002137,https://www.commcarehq.org/photos/farmer_966.jpg,9,livestock_farming,3,owned,3,rain-fed,---,maize groundnuts,2.1,4.9,---,goats,14,---,10.2927908 7.429495 0.0 20.0,yes,4ec71545-210f-4cd4-b1e6-6a21553c1ede,2026-05-22 00:06:00,2026-05-22,tester_02,2026-05-22 00:06:13,https://www.commcarehq.org/form/4352e7dd-ae6c-4875-a95d-cdecb285880b,tester_02,True,56,6.0,10.2927908,7.429495
967,85ea5e48-74a5-4cbf-b3f6-a1ef35e09539,community_01,Mary,Okafor,male,1953-11-07,28120617866.0,8019316667,https://www.commcarehq.org/photos/farmer_967.jpg,5,livestock_farming,38,family_land,1,rain-fed,---,groundnuts maize rice,2.2,2.2,3.4,goats,16,---,10.4953323 7.4358509 0.0 20.0,yes,f4c1afb4-c494-4d5f-a3eb-0542675880e7,2026-02-28 00:08:00,2026-02-28,tester_01,2026-02-28 00:08:09,https://www.commcarehq.org/form/85ea5e48-74a5-4cbf-b3f6-a1ef35e09539,tester_01,True,72,8.0,10.4953323,7.4358509
968,ecf848be-073e-4718-a418-efb3d3fe65e2,community_02,Mercy,Ogunleye,male,1988-12-23,,8006885988,https://www.commcarehq.org/photos/farmer_968.jpg,4,crop_farming,7,owned,2,rain-fed,---,maize groundnuts,0.6,1.1,---,goats rabbits,9,38,10.4658037 7.4534556 0.0 20.0,yes,1a3bd8f1-79f5-4c2a-949c-d3716a6db0ac,2026-04-25 00:07:00,2026-04-25,tester_02,2026-04-25 00:07:05,https://www.commcarehq.org/form/ecf848be-073e-4718-a418-efb3d3fe65e2,tester_02,True,37,7.0,10.4658037,7.4534556
969,bf911301-44ca-4b91-8b08-90e6f12a9f62,community_02,Emmanuel,David,male,2007-11-07,52663648915.0,8055128044,https://www.commcarehq.org/photos/farmer_969.jpg,5,mixed_farming,1,owned,1,borehole,---,rice groundnuts maize,2.7,0.9,1.0,---,---,---,10.3278359 7.3751413 0.0 20.0,yes,f0805f72-892d-45f3-9766-884c6dedaeaf,2026-05-09 00:06:00,2026-05-09,tester_02,2026-05-09 00:06:10,https://www.commcarehq.org/form/bf911301-44ca-4b91-8b08-90e6f12a9f62,tester_02,True,18,6.0,10.3278359,7.3751413
970,7d70abe6-9e38-4cef-bb22-ad5b40bec766,community_02,Joy,Yusuf,male,2000-10-30,92080107327.0,8081749338,https://www.commcarehq.org/photos/farmer_970.jpg,3,mixed_farming,7,owned,2,rain-fed,---,maize rice groundnuts,1.6,5.1,1.7,---,---,---,10.3188684 7.5243501 0.0 20.0,yes,b24793b6-24ad-4ecb-ac5a-60e181946762,2026-05-17 00:03:00,2026-05-17,tester_02,2026-05-17 00:03:15,https://www.commcarehq.org/form/7d70abe6-9e38-4cef-bb22-ad5b40bec766,tester_02,True,25,3.0,10.3188684,7.5243501
971,42c8f419-85a6-4b3e-9d0d-a052ef990c22,community_01,David,Ojo,female,1985-07-14,59480710487.0,8097117422,https://www.commcarehq.org/photos/farmer_971.jpg,2,mixed_farming,16,leased,3,borehole,---,groundnuts rice maize,3.0,5.7,1.3,goats rabbits,24,33,10.3280153 7.5812284 0.0 20.0,yes,c118a60e-5150-4af4-891c-23f9f1162532,2026-06-10 00:04:00,2026-06-10,tester_01,2026-06-10 00:04:16,https://www.commcarehq.org/form/42c8f419-85a6-4b3e-9d0d-a052ef990c22,tester_01,True,41,4.0,10.3280153,7.5812284
972,561e79dd-fea7-4899-b4bc-52a475679264,community_03,Yusuf,Garba,female,1967-04-30,61048851290.0,8017433834,https://www.commcarehq.org/photos/farmer_972.jpg,7,crop_farming,35,owned,3,rain-fed,---,rice groundnuts,1.7,---,1.8,---,---,---,10.3558735 7.2642819 0.0 20.0,yes,e88c5384-386b-4a10-8128-a488710da276,2026-05-11 00:07:00,2026-05-11,tester_03,2026-05-11 00:07:17,https://www.commcarehq.org/form/561e79dd-fea7-4899-b4bc-52a475679264,tester_03,True,59,7.0,10.3558735,7.2642819
973,24160e54-3e40-425a-8d52-a676ff1d5a16,community_04,Samuel,Balogun,male,1994-03-21,35875397505.0,8063947764,https://www.commcarehq.org/photos/farmer_973.jpg,3,livestock_farming,13,family_land,1,dam_reservoir,---,rice,---,---,3.9,---,---,---,10.2557992 7.5014671 0.0 20.0,no,5cd0bb82-2bfa-4676-b030-ba31aaa72f3e,2026-04-11 00:03:00,2026-04-11,tester_04,2026-04-11 00:03:16,https://www.commcarehq.org/form/24160e54-3e40-425a-8d52-a676ff1d5a16,tester_04,True,32,3.0,10.2557992,7.5014671
974,348446c0-4c1f-4ef1-b319-ec72c8be909e,community_02,Blessing,Mohammed,female,2000-01-05,45940531100.0,8005155922,https://www.commcarehq.org/photos/farmer_974.jpg,1,crop_farming,4,leased,1,rain-fed,---,maize,---,4.5,---,rabbits,---,30,10.4318288 7.5020036 0.0 20.0,yes,d9b754a7-68e9-47ee-8dc6-5602f0afdd0a,2026-04-03 00:05:00,2026-04-03,tester_02,2026-04-03 00:05:08,https://www.commcarehq.org/form/348446c0-4c1f-4ef1-b319-ec72c8be909e,tester_02,True,26,5.0,10.4318288,7.5020036
975,2c261f0d-54af-4e0f-b1a7-5b8ac17642a4,community_03,Paul,Yakubu,female,1994-05-23,60653797125.0,8004845392,https://www.commcarehq.org/photos/farmer_975.jpg,6,mixed_farming,14,leased,1,rain-fed,---,rice maize,---,1.6,2.6,---,---,---,10.3867323 7.5500486 0.0 20.0,yes,c0732c46-8da1-4bdc-9a55-2d3af90608e4,2026-02-23 00:02:00,2026-02-23,tester_03,2026-02-23 00:02:17,https://www.commcarehq.org/form/2c261f0d-54af-4e0f-b1a7-5b8ac17642a4,tester_03,True,32,2.0,10.3867323,7.5500486
976,69948fa3-b761-4033-9b49-607a14b678b4,community_02,Amina,Tanko,male,1994-11-11,31011670258.0,8050974658,https://www.commcarehq.org/photos/farmer_976.jpg,8,mixed_farming,7,family_land,1,borehole,---,rice,---,---,0.6,rabbits,---,8,10.3552757 7.2939474 0.0 20.0,yes,19e26c9e-c67f-4526-ba42-75d52bc8e1f9,2026-02-15 00:08:00,2026-02-15,tester_02,2026-02-15 00:08:09,https://www.commcarehq.org/form/69948fa3-b761-4033-9b49-607a14b678b4,tester_02,True,31,8.0,10.3552757,7.2939474
977,cc3e0706-5521-4ced-b132-44598006da48,community_04,Daniel,Haruna,male,2007-10-06,93553068884.0,8098315086,https://www.commcarehq.org/photos/farmer_977.jpg,7,crop_farming,1,family_land,3,rain-fed,---,groundnuts maize,1.5,0.6,---,goats,10,---,10.3342002 7.4044449 0.0 20.0,yes,6e436ec3-4e0d-46d3-8065-d54d0219fc8a,2026-01-28 00:08:00,2026-01-28,tester_04,2026-01-28 00:08:17,https://www.commcarehq.org/form/cc3e0706-5521-4ced-b132-44598006da48,tester_04,True,18,8.0,10.3342002,7.4044449
978,1dda42c6-71ea-4543-bcdf-8ce772fcb0f2,community_07,Sarah,Michael,male,2007-12-05,85125877767.0,8053498103,https://www.commcarehq.org/photos/farmer_978.jpg,4,livestock_farming,1,owned,3,river_stream,---,groundnuts rice,2.1,---,0.6,rabbits,---,35,10.349945 7.2675723 0.0 20.0,yes,129668fa-9652-47ed-bf20-93313b0f17ff,2026-01-07 00:04:00,2026-01-07,tester_07,2026-01-07 00:04:05,https://www.commcarehq.org/form/1dda42c6-71ea-4543-bcdf-8ce772fcb0f2,tester_07,True,18,4.0,10.349945,7.2675723
979,e8265da8-e0f7-40fd-8d8f-f4bfe96c9254,community_06,David,Ali,male,1983-03-21,,8074047370,https://www.commcarehq.org/photos/farmer_979.jpg,7,mixed_farming,10,family_land,4,river_stream,---,rice,---,---,3.9,rabbits,---,13,10.2190235 7.4346039 0.0 20.0,yes,c18dac94-886b-47ca-bf06-ca3cf85aa9dc,2026-04-01 00:03:00,2026-04-01,tester_06,2026-04-01 00:03:08,https://www.commcarehq.org/form/e8265da8-e0f7-40fd-8d8f-f4bfe96c9254,tester_06,True,43,3.0,10.2190235,7.4346039
980,52cc3af9-20e8-4fa6-a4b2-daec40fdc71e,community_06,Deborah,David,male,2005-12-05,53663687873.0,8098742729,https://www.commcarehq.org/photos/farmer_980.jpg,3,crop_farming,1,family_land,3,rain-fed,---,groundnuts maize rice,2.0,5.4,3.3,goats,9,---,10.3126858 7.2189092 0.0 20.0,yes,ba3dda75-3c05-44e8-a1e6-91129b2c8da9,2026-06-23 00:08:00,2026-06-23,tester_06,2026-06-23 00:08:12,https://www.commcarehq.org/form/52cc3af9-20e8-4fa6-a4b2-daec40fdc71e,tester_06,True,20,8.0,10.3126858,7.2189092
981,034a783e-c9d7-47e6-a93b-ac6819e58706,community_03,Joseph,Samuel,male,1977-02-27,86155535155.0,8077020420,https://www.commcarehq.org/photos/farmer_981.jpg,7,crop_farming,21,owned,2,rain-fed,---,maize,---,6.1,---,---,---,---,10.2423231 7.4338205 0.0 20.0,yes,56792874-299f-43c8-adcf-5658f1f75944,2026-01-31 00:06:00,2026-01-31,tester_03,2026-01-31 00:06:09,https://www.commcarehq.org/form/034a783e-c9d7-47e6-a93b-ac6819e58706,tester_03,True,49,6.0,10.2423231,7.4338205
982,05aeed88-d5a0-47ab-8a94-1e6700c93ac8,community_07,Samuel,Ibrahim,male,2007-11-01,75528984300.0,8052101980,https://www.commcarehq.org/photos/farmer_982.jpg,4,mixed_farming,1,leased,3,borehole,---,groundnuts maize,1.2,2.2,---,goats,14,---,10.3769933 7.2876488 0.0 20.0,yes,201626df-eafd-4e3f-9cec-4c303f0d7eaf,2026-01-15 00:08:00,2026-01-15,tester_07,2026-01-15 00:08:14,https://www.commcarehq.org/form/05aeed88-d5a0-47ab-8a94-1e6700c93ac8,tester_07,True,18,8.0,10.3769933,7.2876488
983,6c2f48a4-8926-4192-93a1-473dc9ff84e3,community_06,Paul,Ibrahim,male,2000-05-14,66663334337.0,8052638765,https://www.commcarehq.org/photos/farmer_983.jpg,1,mixed_farming,2,owned,1,borehole,---,maize rice,---,2.7,2.9,goats,19,---,10.4235678 7.2205279 0.0 20.0,yes,b1c1586d-25dc-46f5-a0f5-c9ac8d9a13a2,2026-01-26 00:05:00,2026-01-26,tester_06,2026-01-26 00:05:11,https://www.commcarehq.org/form/6c2f48a4-8926-4192-93a1-473dc9ff84e3,tester_06,True,26,5.0,10.4235678,7.2205279
984,fd63facb-0a3d-44c3-87d0-6496b399dec6,community_03,Esther,Bello,male,1997-09-28,41517771538.0,8048189260,https://www.commcarehq.org/photos/farmer_984.jpg,7,mixed_farming,3,family_land,6,rain-fed,---,groundnuts rice,2.0,---,2.5,---,---,---,10.4819264 7.2120781 0.0 20.0,yes,b0187664-60ab-49ef-b70a-2ec91ab1e0c7,2026-06-08 00:08:00,2026-06-08,tester_03,2026-06-08 00:08:20,https://www.commcarehq.org/form/fd63facb-0a3d-44c3-87d0-6496b399dec6,tester_03,True,28,8.0,10.4819264,7.2120781
985,4288db0a-196f-42f4-bbb1-3e3cde1a671c,community_06,Musa,Ali,female,1989-03-29,,8068079094,https://www.commcarehq.org/photos/farmer_985.jpg,3,mixed_farming,11,owned,2,rain-fed,---,rice,---,---,1.2,rabbits,---,32,10.2822376 7.5588068 0.0 20.0,yes,90b9eccb-3c90-4ea4-9292-e308dd751cbb,2026-05-29 00:02:00,2026-05-29,tester_06,2026-05-29 00:02:06,https://www.commcarehq.org/form/4288db0a-196f-42f4-bbb1-3e3cde1a671c,tester_06,True,37,2.0,10.2822376,7.5588068
986,550e7c77-73b7-46db-9288-c8fbde70942c,community_04,Suleiman,Yusuf,male,1997-10-27,,8036224711,https://www.commcarehq.org/photos/farmer_986.jpg,8,crop_farming,8,family_land,3,dam_reservoir,---,rice groundnuts maize,1.3,3.3,1.3,goats rabbits,4,18,10.4152115 7.3327255 0.0 20.0,yes,2b3923cc-f280-4f7a-ab3b-b9540764fba1,2026-04-18 00:05:00,2026-04-18,tester_04,2026-04-18 00:05:08,https://www.commcarehq.org/form/550e7c77-73b7-46db-9288-c8fbde70942c,tester_04,True,28,5.0,10.4152115,7.3327255
987,64044eee-a55a-46a1-85c0-5f2008fb8c16,community_07,Joseph,Johnson,female,1978-06-09,90617390004.0,8081456536,https://www.commcarehq.org/photos/farmer_987.jpg,5,crop_farming,29,owned,3,rain-fed,---,maize rice groundnuts,1.0,4.8,0.7,---,---,---,10.5596805 7.2812807 0.0 20.0,yes,c1dbfd9f-4e13-4448-9f92-64df784eb248,2026-04-05 00:06:00,2026-04-05,tester_07,2026-04-05 00:06:17,https://www.commcarehq.org/form/64044eee-a55a-46a1-85c0-5f2008fb8c16,tester_07,True,48,6.0,10.5596805,7.2812807
988,eee23d2f-35a3-4f57-ad93-3da5201272e1,community_07,Amina,Ibrahim,female,1987-03-03,26524435176.0,8023072730,https://www.commcarehq.org/photos/farmer_988.jpg,4,crop_farming,14,owned,1,other,Community Well,rice,---,---,1.9,rabbits,---,37,10.401321 7.5593502 0.0 20.0,yes,2eb697fa-a9f0-4810-a5b6-b7bf97a51a71,2026-03-20 00:03:00,2026-03-20,tester_07,2026-03-20 00:03:19,https://www.commcarehq.org/form/eee23d2f-35a3-4f57-ad93-3da5201272e1,tester_07,True,39,3.0,10.401321,7.5593502
989,5926aede-369e-47c5-a96a-9af2f3c79a3a,community_07,Suleiman,Mohammed,male,1978-09-22,,8058376568,https://www.commcarehq.org/photos/farmer_989.jpg,6,livestock_farming,15,family_land,2,river_stream,---,rice groundnuts maize,2.8,6.0,3.4,goats,20,---,10.2571501 7.4590238 0.0 20.0,yes,1e639620-f452-4bbf-99ec-9db24945fb24,2026-04-21 00:07:00,2026-04-21,tester_07,2026-04-21 00:07:20,https://www.commcarehq.org/form/5926aede-369e-47c5-a96a-9af2f3c79a3a,tester_07,True,47,7.0,10.2571501,7.4590238
990,19842447-d193-4571-9722-517c729d6a3e,community_03,Mercy,Johnson,male,1994-11-08,44445726179.0,8009390220,https://www.commcarehq.org/photos/farmer_990.jpg,8,crop_farming,8,family_land,1,other,Community Well,rice maize groundnuts,1.6,1.8,3.9,goats rabbits,11,31,10.2629137 7.48828 0.0 20.0,yes,1586cab5-7a24-4b51-aeca-b74a801591f7,2026-06-26 00:04:00,2026-06-26,tester_03,2026-06-26 00:04:11,https://www.commcarehq.org/form/19842447-d193-4571-9722-517c729d6a3e,tester_03,True,31,4.0,10.2629137,7.48828
991,12eb6099-3e0b-41f1-a253-d751b6599079,community_04,Binta,James,male,1968-12-24,35188304475.0,8084132069,https://www.commcarehq.org/photos/farmer_991.jpg,2,crop_farming,31,owned,5,rain-fed,---,rice groundnuts,3.0,---,0.7,goats rabbits,21,8,10.328109 7.5182157 0.0 20.0,yes,dbecff4c-ffc0-4b9b-a7b4-f5b321a13748,2026-06-19 00:08:00,2026-06-19,tester_04,2026-06-19 00:08:10,https://www.commcarehq.org/form/12eb6099-3e0b-41f1-a253-d751b6599079,tester_04,True,57,8.0,10.328109,7.5182157
992,01b8e436-ebe3-4aca-be5d-2693401ac9f5,community_03,Fatima,Garba,male,1979-03-20,27759973513.0,8076873492,https://www.commcarehq.org/photos/farmer_992.jpg,3,crop_farming,6,family_land,5,other,Community Well,maize,---,1.8,---,goats,18,---,10.5653951 7.3865447 0.0 20.0,yes,2c7b0153-bf29-42b8-8f07-616c87c1dd5e,2026-04-04 00:06:00,2026-04-04,tester_03,2026-04-04 00:06:07,https://www.commcarehq.org/form/01b8e436-ebe3-4aca-be5d-2693401ac9f5,tester_03,True,47,6.0,10.5653951,7.3865447
993,998d730a-6bc4-49b9-ac9b-af0931bf3b0d,community_02,Esther,Musa,female,1994-05-11,85821282096.0,8033811149,https://www.commcarehq.org/photos/farmer_993.jpg,5,crop_farming,3,family_land,5,rain-fed,---,maize groundnuts,0.8,1.6,---,---,---,---,10.5349484 7.5869263 0.0 20.0,yes,e66d01f5-18a6-4a01-b617-e84e5cefabf7,2026-04-22 00:07:00,2026-04-22,tester_02,2026-04-22 00:07:10,https://www.commcarehq.org/form/998d730a-6bc4-49b9-ac9b-af0931bf3b0d,tester_02,True,32,7.0,10.5349484,7.5869263
994,b5d34607-7d14-4c79-a5a4-eff1c4cac09d,community_07,Ibrahim,Sani,male,2002-03-03,14402150978.0,8031600898,https://www.commcarehq.org/photos/farmer_994.jpg,6,livestock_farming,2,owned,3,rain-fed,---,groundnuts,1.6,---,---,goats,10,---,10.3336923 7.4585463 0.0 20.0,yes,794d102c-f453-4bdd-b3af-645c9c96841d,2026-06-09 00:05:00,2026-06-09,tester_07,2026-06-09 00:05:18,https://www.commcarehq.org/form/b5d34607-7d14-4c79-a5a4-eff1c4cac09d,tester_07,True,24,5.0,10.3336923,7.4585463
995,e7ccf13a-a6c5-493f-80c1-875db74a0778,community_05,Mary,Daniel,female,1994-12-18,20207878890.0,8039843118,https://www.commcarehq.org/photos/farmer_995.jpg,5,crop_farming,11,owned,6,borehole,---,rice,---,---,3.0,goats,19,---,10.2174241 7.5360284 0.0 20.0,yes,116f38e4-aa0e-4902-a5f7-81f7c8565873,2026-06-18 00:04:00,2026-06-18,tester_05,2026-06-18 00:04:12,https://www.commcarehq.org/form/e7ccf13a-a6c5-493f-80c1-875db74a0778,tester_05,True,31,4.0,10.2174241,7.5360284
996,84d7e662-dc9c-496c-9854-e0e27a276055,community_03,Paul,Ahmed,male,1975-05-06,,8054927505,https://www.commcarehq.org/photos/farmer_996.jpg,9,mixed_farming,18,owned,1,river_stream,---,groundnuts rice,2.2,---,3.6,goats,24,---,10.5828785 7.4072853 0.0 20.0,yes,91ae0ff9-a447-4b71-8a7a-3ac346bf079a,2026-04-21 00:08:00,2026-04-21,tester_03,2026-04-21 00:08:06,https://www.commcarehq.org/form/84d7e662-dc9c-496c-9854-e0e27a276055,tester_03,True,51,8.0,10.5828785,7.4072853
997,723f502f-4a2f-4a0b-9db1-5c3a36cbad2a,community_05,Mary,Lawal,male,2001-07-13,67137928593.0,8001619244,https://www.commcarehq.org/photos/farmer_997.jpg,6,crop_farming,6,family_land,3,rain-fed,---,maize,---,5.2,---,goats,10,---,10.5294338 7.5133685 0.0 20.0,yes,ee990b8a-dc4e-4286-b666-ae9aaf4d9085,2026-06-26 00:07:00,2026-06-26,tester_05,2026-06-26 00:07:15,https://www.commcarehq.org/form/723f502f-4a2f-4a0b-9db1-5c3a36cbad2a,tester_05,True,25,7.0,10.5294338,7.5133685
998,321dfba2-d8a7-40cc-91d6-0189386d0329,community_04,Deborah,Isa,male,1974-07-14,47982237621.0,8073937873,https://www.commcarehq.org/photos/farmer_998.jpg,6,mixed_farming,14,owned,3,river_stream,---,groundnuts maize,1.2,1.1,---,goats,3,---,10.2576672 7.489644 0.0 20.0,yes,ec68cea4-62cf-47dc-be80-73f7356a5eff,2026-03-24 00:03:00,2026-03-24,tester_04,2026-03-24 00:03:09,https://www.commcarehq.org/form/321dfba2-d8a7-40cc-91d6-0189386d0329,tester_04,True,52,3.0,10.2576672,7.489644
999,e08f07c0-97cb-4808-a13f-fad179f631d1,community_06,Deborah,Garba,male,1957-10-09,,8030102838,https://www.commcarehq.org/photos/farmer_999.jpg,5,crop_farming,33,family_land,3,rain-fed,---,groundnuts maize rice,1.8,2.7,2.7,---,---,---,10.4701316 7.3895304 0.0 20.0,yes,30bdd7b9-60a4-41dd-a8e7-d23b93d7353b,2026-05-25 00:06:00,2026-05-25,tester_06,2026-05-25 00:06:08,https://www.commcarehq.org/form/e08f07c0-97cb-4808-a13f-fad179f631d1,tester_06,True,68,6.0,10.4701316,7.3895304
1000,880617cd-ce89-4177-8769-b7bd5be6961b,community_04,Amina,Usman,female,1987-04-02,68402545267.0,8089412501,https://www.commcarehq.org/photos/farmer_1000.jpg,5,mixed_farming,20,family_land,3,rain-fed,---,rice maize,---,5.5,3.4,rabbits,---,10,10.5576068 7.2070992 0.0 20.0,yes,550e6c90-05ef-43c6-a330-975e5d7729f0,2026-05-08 00:02:00,2026-05-08,tester_04,2026-05-08 00:02:05,https://www.commcarehq.org/form/880617cd-ce89-4177-8769-b7bd5be6961b,tester_04,True,39,2.0,10.5576068,7.2070992
