number,formid,form.distribution_date,form.distribution_location,form.input_type,form.quantity_of_inputs_distributed.maize_seed_kg,form.quantity_of_inputs_distributed.rice_seed_kg,form.quantity_of_inputs_distributed.groundnut_seed_kg,form.quantity_of_inputs_distributed.fertilizer_kg,form.quantity_of_inputs_distributed.goats_count,form.quantity_of_inputs_distributed.rabbits_count,form.recipient_signature,form.case.@case_id,completed_time,started_time,username,received_on,form_link,hq_user,distribution_duration_minutes
0,1fe3638f-09d9-4959-9e16-fc4fa26399a5,2026-03-23,Extension Office,groundnut_seed fertilizer,,,8.0,73.6,,,https://www.commcarehq.org/a/commcare-learn-ahmad/api/form_attachment/v1/1fe3638f-09d9-4959-9e16-fc4fa26399a5/signature.png,b444a62e-13c0-4ccd-8ec2-838bb2dfe5bd,2026-03-23 13:27:00,2026-03-23 13:19:00,tester_05,2026-03-23 13:27:05,https://www.commcarehq.org/a/commcare-learn-ahmad/reports/form_data/1fe3638f-09d9-4959-9e16-fc4fa26399a5/,tester_05,8.0
1,1fc17411-f823-4850-aa61-c7eefd84027d,2026-04-06,Primary School,fertilizer,,,,90.2,,,https://www.commcarehq.org/a/commcare-learn-ahmad/api/form_attachment/v1/1fc17411-f823-4850-aa61-c7eefd84027d/signature.png,12f1f5af-5256-4e18-96cf-f7a1dac16e7d,2026-04-06 14:28:00,2026-04-06 14:25:00,tester_04,2026-04-06 14:28:08,https://www.commcarehq.org/a/commcare-learn-ahmad/reports/form_data/1fc17411-f823-4850-aa61-c7eefd84027d/,tester_04,3.0
2,eb65cb9f-d00e-4b79-b8a6-dfe5cd9b53c8,2026-02-14,Primary School,rice_seed,,2.3,,,,,https://www.commcarehq.org/a/commcare-learn-ahmad/api/form_attachment/v1/eb65cb9f-d00e-4b79-b8a6-dfe5cd9b53c8/signature.png,0b061fab-6c5b-44bb-90cf-6f440d76f65d,2026-02-14 11:33:00,2026-02-14 11:30:00,tester_03,2026-02-14 11:33:11,https://www.commcarehq.org/a/commcare-learn-ahmad/reports/form_data/eb65cb9f-d00e-4b79-b8a6-dfe5cd9b53c8/,tester_03,3.0
3,44f69c19-b8ff-42ec-acb7-cd2ffbbdd6dc,2026-04-22,Primary School,groundnut_seed,,,5.2,,,,https://www.commcarehq.org/a/commcare-learn-ahmad/api/form_attachment/v1/44f69c19-b8ff-42ec-acb7-cd2ffbbdd6dc/signature.png,e0bd8266-2f5c-49e1-bcce-1dc843a1c529,2026-04-22 14:53:00,2026-04-22 14:46:00,tester_05,2026-04-22 14:53:10,https://www.commcarehq.org/a/commcare-learn-ahmad/reports/form_data/44f69c19-b8ff-42ec-acb7-cd2ffbbdd6dc/,tester_05,7.0
4,99ca4e4a-7097-451b-bc14-e85fb669b480,2026-07-02,Farmer Cooperative Centre,maize_seed groundnut_seed rice_seed,8.3,8.5,7.6,,,,https://www.commcarehq.org/a/commcare-learn-ahmad/api/form_attachment/v1/99ca4e4a-7097-451b-bc14-e85fb669b480/signature.png,f6d3f342-1621-49ae-826b-6d3a9cfcec86,2026-07-02 14:09:00,2026-07-02 14:04:00,tester_06,2026-07-02 14:09:13,https://www.commcarehq.org/a/commcare-learn-ahmad/reports/form_data/99ca4e4a-7097-451b-bc14-e85fb669b480/,tester_06,5.0
5,16281cd7-bd13-4ef5-925d-6908d55c0714,2026-04-06,Farmer Cooperative Centre,groundnut_seed maize_seed fertilizer goats,9.6,,7.6,26.3,1,,https://www.commcarehq.org/a/commcare-learn-ahmad/api/form_attachment/v1/16281cd7-bd13-4ef5-925d-6908d55c0714/signature.png,499e45bb-5c7e-4b03-ab4e-9329bdd4ebaa,2026-04-06 10:59:00,2026-04-06 10:57:00,tester_02,2026-04-06 10:59:17,https://www.commcarehq.org/a/commcare-learn-ahmad/reports/form_data/16281cd7-bd13-4ef5-925d-6908d55c0714/,tester_02,2.0
6,4266a44b-b614-4fd4-9e19-e48d0e965fc9,2026-04-22,Primary School,groundnut_seed rice_seed fertilizer,,6.1,7.1,77.4,,,https://www.commcarehq.org/a/commcare-learn-ahmad/api/form_attachment/v1/4266a44b-b614-4fd4-9e19-e48d0e965fc9/signature.png,57ce2989-ae55-4b5e-a1ca-99ea4908e4ca,2026-04-22 10:30:00,2026-04-22 10:23:00,tester_07,2026-04-22 10:30:18,https://www.commcarehq.org/a/commcare-learn-ahmad/reports/form_data/4266a44b-b614-4fd4-9e19-e48d0e965fc9/,tester_07,7.0
7,912ebaf1-1343-444b-ac8f-be884c870841,2026-09-13,Village Square,rice_seed goats groundnut_seed,,6.8,3.4,,1,,https://www.commcarehq.org/a/commcare-learn-ahmad/api/form_attachment/v1/912ebaf1-1343-444b-ac8f-be884c870841/signature.png,fa171e98-9225-46a9-96bd-76f3bd5f1d6a,2026-09-13 15:03:00,2026-09-13 15:00:00,tester_05,2026-09-13 15:03:18,https://www.commcarehq.org/a/commcare-learn-ahmad/reports/form_data/912ebaf1-1343-444b-ac8f-be884c870841/,tester_05,3.0
8,a42a78ac-3df6-4359-bf3b-f72f07b1a523,2026-05-17,Extension Office,fertilizer,,,,28.3,,,https://www.commcarehq.org/a/commcare-learn-ahmad/api/form_attachment/v1/a42a78ac-3df6-4359-bf3b-f72f07b1a523/signature.png,8c583a1e-23ce-48b3-8790-b17385953104,2026-05-17 13:25:00,2026-05-17 13:18:00,tester_07,2026-05-17 13:25:07,https://www.commcarehq.org/a/commcare-learn-ahmad/reports/form_data/a42a78ac-3df6-4359-bf3b-f72f07b1a523/,tester_07,7.0
9,cb61bbfb-5959-4f76-a940-e4c4bac31195,2026-08-28,Extension Office,fertilizer,,,,80.7,,,https://www.commcarehq.org/a/commcare-learn-ahmad/api/form_attachment/v1/cb61bbfb-5959-4f76-a940-e4c4bac31195/signature.png,162b756a-c139-4998-8e1c-291d6843d9ca,2026-08-28 15:44:00,2026-08-28 15:39:00,tester_03,2026-08-28 15:44:10,https://www.commcarehq.org/a/commcare-learn-ahmad/reports/form_data/cb61bbfb-5959-4f76-a940-e4c4bac31195/,tester_03,5.0
10,2e44ef5a-185f-436a-abd6-7cf1f48dad2d,2026-03-24,Village Square,fertilizer rice_seed,,2.7,,39.3,,,https://www.commcarehq.org/a/commcare-learn-ahmad/api/form_attachment/v1/2e44ef5a-185f-436a-abd6-7cf1f48dad2d/signature.png,e5a4c95b-1dff-4387-9603-5ac9e3bcd70e,2026-03-24 12:03:00,2026-03-24 12:01:00,tester_03,2026-03-24 12:03:08,https://www.commcarehq.org/a/commcare-learn-ahmad/reports/form_data/2e44ef5a-185f-436a-abd6-7cf1f48dad2d/,tester_03,2.0
11,f1ca09e2-e168-454d-bea7-59326873ab4d,2026-09-24,Primary School,fertilizer,,,,97.6,,,https://www.commcarehq.org/a/commcare-learn-ahmad/api/form_attachment/v1/f1ca09e2-e168-454d-bea7-59326873ab4d/signature.png,50d85b3b-3805-4718-acfb-b7700a5c2f86,2026-09-24 15:40:00,2026-09-24 15:35:00,tester_02,2026-09-24 15:40:18,https://www.commcarehq.org/a/commcare-learn-ahmad/reports/form_data/f1ca09e2-e168-454d-bea7-59326873ab4d/,tester_02,5.0
12,94f4120d-fe36-47ee-ae8d-4a23ff5a09ca,2026-07-15,Farmer Cooperative Centre,rice_seed,,6.0,,,,,https://www.commcarehq.org/a/commcare-learn-ahmad/api/form_attachment/v1/94f4120d-fe36-47ee-ae8d-4a23ff5a09ca/signature.png,17024584-c2ed-451f-bcce-f584f6f7e7e7,2026-07-15 12:37:00,2026-07-15 12:34:00,tester_06,2026-07-15 12:37:07,https://www.commcarehq.org/a/commcare-learn-ahmad/reports/form_data/94f4120d-fe36-47ee-ae8d-4a23ff5a09ca/,tester_06,3.0
13,4fb9acfb-4213-407d-a903-566459795166,2026-05-02,Primary School,maize_seed groundnut_seed rice_seed,6.0,9.8,2.5,,,,https://www.commcarehq.org/a/commcare-learn-ahmad/api/form_attachment/v1/4fb9acfb-4213-407d-a903-566459795166/signature.png,0a326799-435b-476a-abfc-ed6ba0d8395f,2026-05-02 13:04:00,2026-05-02 13:02:00,tester_03,2026-05-02 13:04:19,https://www.commcarehq.org/a/commcare-learn-ahmad/reports/form_data/4fb9acfb-4213-407d-a903-566459795166/,tester_03,2.0
14,f1f1ee8b-a759-488d-b9a5-b40ce09c2dbe,2026-02-21,Community Hall,maize_seed,4.2,,,,,,https://www.commcarehq.org/a/commcare-learn-ahmad/api/form_attachment/v1/f1f1ee8b-a759-488d-b9a5-b40ce09c2dbe/signature.png,c82f5468-cb66-4289-b22b-8b7a72a0a54b,2026-02-21 14:31:00,2026-02-21 14:24:00,tester_03,2026-02-21 14:31:05,https://www.commcarehq.org/a/commcare-learn-ahmad/reports/form_data/f1f1ee8b-a759-488d-b9a5-b40ce09c2dbe/,tester_03,7.0
15,78de9dd2-8549-439b-be48-a98b825d56a0,2026-07-12,Primary School,rice_seed maize_seed fertilizer,2.7,6.2,,98.4,,,https://www.commcarehq.org/a/commcare-learn-ahmad/api/form_attachment/v1/78de9dd2-8549-439b-be48-a98b825d56a0/signature.png,4f71ef13-3dd3-41bf-a73b-47229b955f9d,2026-07-12 13:36:00,2026-07-12 13:32:00,tester_03,2026-07-12 13:36:16,https://www.commcarehq.org/a/commcare-learn-ahmad/reports/form_data/78de9dd2-8549-439b-be48-a98b825d56a0/,tester_03,4.0
16,eb1b43b5-d608-46ed-bbb8-8ebc506a78ce,2026-05-04,Primary School,groundnut_seed goats rice_seed fertilizer maize_seed,4.3,6.9,7.3,81.7,3,,https://www.commcarehq.org/a/commcare-learn-ahmad/api/form_attachment/v1/eb1b43b5-d608-46ed-bbb8-8ebc506a78ce/signature.png,1013332a-613c-4337-a8e6-b1a215ae7f79,2026-05-04 13:46:00,2026-05-04 13:40:00,tester_02,2026-05-04 13:46:19,https://www.commcarehq.org/a/commcare-learn-ahmad/reports/form_data/eb1b43b5-d608-46ed-bbb8-8ebc506a78ce/,tester_02,6.0
17,5973bb57-6c13-49e9-ad76-784aca50c5a5,2026-08-04,Village Square,rice_seed,,6.9,,,,,https://www.commcarehq.org/a/commcare-learn-ahmad/api/form_attachment/v1/5973bb57-6c13-49e9-ad76-784aca50c5a5/signature.png,174ac534-5424-4f95-b1dc-5ead465fa5e4,2026-08-04 08:38:00,2026-08-04 08:30:00,tester_01,2026-08-04 08:38:06,https://www.commcarehq.org/a/commcare-learn-ahmad/reports/form_data/5973bb57-6c13-49e9-ad76-784aca50c5a5/,tester_01,8.0
18,8483e535-dd67-4ef6-bafa-49dc7b1d404e,2026-07-17,Community Hall,fertilizer,,,,87.9,,,https://www.commcarehq.org/a/commcare-learn-ahmad/api/form_attachment/v1/8483e535-dd67-4ef6-bafa-49dc7b1d404e/signature.png,22026480-160d-44b7-b828-a30c66199a84,2026-07-17 14:48:00,2026-07-17 14:43:00,tester_05,2026-07-17 14:48:15,https://www.commcarehq.org/a/commcare-learn-ahmad/reports/form_data/8483e535-dd67-4ef6-bafa-49dc7b1d404e/,tester_05,5.0
19,4521cee6-3987-4142-a2ac-4a319166968e,2026-05-26,Primary School,rice_seed groundnut_seed maize_seed,3.1,8.5,7.7,,,,https://www.commcarehq.org/a/commcare-learn-ahmad/api/form_attachment/v1/4521cee6-3987-4142-a2ac-4a319166968e/signature.png,b44b3301-065a-43fc-858a-56b7bff8a739,2026-05-26 11:32:00,2026-05-26 11:27:00,tester_04,2026-05-26 11:32:20,https://www.commcarehq.org/a/commcare-learn-ahmad/reports/form_data/4521cee6-3987-4142-a2ac-4a319166968e/,tester_04,5.0
20,5968792c-23e4-4657-91f5-d9cf60f240cc,2026-06-15,Village Square,groundnut_seed fertilizer,,,2.5,72.9,,,https://www.commcarehq.org/a/commcare-learn-ahmad/api/form_attachment/v1/5968792c-23e4-4657-91f5-d9cf60f240cc/signature.png,271d4428-b412-466b-bc8b-36a1aa7fd656,2026-06-15 11:19:00,2026-06-15 11:13:00,tester_07,2026-06-15 11:19:17,https://www.commcarehq.org/a/commcare-learn-ahmad/reports/form_data/5968792c-23e4-4657-91f5-d9cf60f240cc/,tester_07,6.0
21,0667cc77-c1d5-4049-8876-e808cb9de9e6,2026-06-29,Primary School,groundnut_seed rice_seed maize_seed fertilizer,3.3,4.5,4.6,42.0,,,https://www.commcarehq.org/a/commcare-learn-ahmad/api/form_attachment/v1/0667cc77-c1d5-4049-8876-e808cb9de9e6/signature.png,8ac8882e-5497-40d9-8cf9-9a66131b9724,2026-06-29 11:47:00,2026-06-29 11:43:00,tester_06,2026-06-29 11:47:15,https://www.commcarehq.org/a/commcare-learn-ahmad/reports/form_data/0667cc77-c1d5-4049-8876-e808cb9de9e6/,tester_06,4.0
22,955f117d-9459-4b2b-a5f3-e3b1527cfc2a,2026-07-11,Village Square,maize_seed groundnut_seed fertilizer goats,8.8,,6.1,33.8,3,,https://www.commcarehq.org/a/commcare-learn-ahmad/api/form_attachment/v1/955f117d-9459-4b2b-a5f3-e3b1527cfc2a/signature.png,f76e166e-3ac0-4bd2-81a5-21c0369334be,2026-07-11 15:14:00,2026-07-11 15:08:00,tester_01,2026-07-11 15:14:08,https://www.commcarehq.org/a/commcare-learn-ahmad/reports/form_data/955f117d-9459-4b2b-a5f3-e3b1527cfc2a/,tester_01,6.0
23,173ca7b1-076e-4437-8306-a1f2bc85af83,2026-07-04,Extension Office,rice_seed goats fertilizer,,3.3,,42.7,1,,https://www.commcarehq.org/a/commcare-learn-ahmad/api/form_attachment/v1/173ca7b1-076e-4437-8306-a1f2bc85af83/signature.png,eeda2206-36f7-4732-923d-23c8e68132ed,2026-07-04 13:37:00,2026-07-04 13:31:00,tester_07,2026-07-04 13:37:09,https://www.commcarehq.org/a/commcare-learn-ahmad/reports/form_data/173ca7b1-076e-4437-8306-a1f2bc85af83/,tester_07,6.0
24,8148a1d9-c702-4ebc-9d91-cfbf39caadf9,2026-07-06,Community Hall,groundnut_seed rice_seed fertilizer,,3.2,4.3,91.7,,,https://www.commcarehq.org/a/commcare-learn-ahmad/api/form_attachment/v1/8148a1d9-c702-4ebc-9d91-cfbf39caadf9/signature.png,5c050ca4-6a0d-4371-a71f-00cffe5ef21c,2026-07-06 12:47:00,2026-07-06 12:39:00,tester_03,2026-07-06 12:47:18,https://www.commcarehq.org/a/commcare-learn-ahmad/reports/form_data/8148a1d9-c702-4ebc-9d91-cfbf39caadf9/,tester_03,8.0
25,afe8d88f-8d2a-45e4-995b-a73dc8fe1152,2026-07-19,Extension Office,maize_seed,5.7,,,,,,https://www.commcarehq.org/a/commcare-learn-ahmad/api/form_attachment/v1/afe8d88f-8d2a-45e4-995b-a73dc8fe1152/signature.png,b990a12f-41f4-47d9-bebb-09947ef84d81,2026-07-19 11:51:00,2026-07-19 11:47:00,tester_05,2026-07-19 11:51:14,https://www.commcarehq.org/a/commcare-learn-ahmad/reports/form_data/afe8d88f-8d2a-45e4-995b-a73dc8fe1152/,tester_05,4.0
26,453b3e2c-8f13-4fff-97ce-14aab44ecca3,2026-03-20,Village Square,fertilizer,,,,84.4,,,https://www.commcarehq.org/a/commcare-learn-ahmad/api/form_attachment/v1/453b3e2c-8f13-4fff-97ce-14aab44ecca3/signature.png,c0b82cfc-acdf-45b2-bff9-cf5abf6f13a9,2026-03-20 11:00:00,2026-03-20 10:57:00,tester_01,2026-03-20 11:00:20,https://www.commcarehq.org/a/commcare-learn-ahmad/reports/form_data/453b3e2c-8f13-4fff-97ce-14aab44ecca3/,tester_01,3.0
27,624ee08d-b6b2-4429-8705-c72e2a93b04f,2026-05-25,Extension Office,maize_seed rice_seed groundnut_seed,8.4,4.9,7.6,,,,https://www.commcarehq.org/a/commcare-learn-ahmad/api/form_attachment/v1/624ee08d-b6b2-4429-8705-c72e2a93b04f/signature.png,b32ab574-55ec-4db5-a794-26d627fe1750,2026-05-25 14:33:00,2026-05-25 14:27:00,tester_02,2026-05-25 14:33:17,https://www.commcarehq.org/a/commcare-learn-ahmad/reports/form_data/624ee08d-b6b2-4429-8705-c72e2a93b04f/,tester_02,6.0
28,07b437c1-5cee-422e-a702-4a545e16fadd,2026-01-16,Primary School,fertilizer groundnut_seed maize_seed rice_seed,9.6,4.7,6.6,81.0,,,https://www.commcarehq.org/a/commcare-learn-ahmad/api/form_attachment/v1/07b437c1-5cee-422e-a702-4a545e16fadd/signature.png,f14fc6cd-cfcf-475e-bbed-5ffeac8224e9,2026-01-16 13:34:00,2026-01-16 13:29:00,tester_05,2026-01-16 13:34:09,https://www.commcarehq.org/a/commcare-learn-ahmad/reports/form_data/07b437c1-5cee-422e-a702-4a545e16fadd/,tester_05,5.0
29,546d8b00-b340-41ad-965d-3da6e8a0abc1,2026-04-26,Community Hall,fertilizer maize_seed,8.3,,,79.8,,,https://www.commcarehq.org/a/commcare-learn-ahmad/api/form_attachment/v1/546d8b00-b340-41ad-965d-3da6e8a0abc1/signature.png,561b16b5-944f-4dca-9c52-d7c96e95ba73,2026-04-26 15:19:00,2026-04-26 15:11:00,tester_06,2026-04-26 15:19:10,https://www.commcarehq.org/a/commcare-learn-ahmad/reports/form_data/546d8b00-b340-41ad-965d-3da6e8a0abc1/,tester_06,8.0
30,1c88b85c-8785-4b1b-b716-ebf61f2f2d21,2026-06-22,Community Hall,groundnut_seed rice_seed,,3.0,5.9,,,,https://www.commcarehq.org/a/commcare-learn-ahmad/api/form_attachment/v1/1c88b85c-8785-4b1b-b716-ebf61f2f2d21/signature.png,a0e1f86a-8b28-4482-9861-208969437698,2026-06-22 14:06:00,2026-06-22 14:01:00,tester_02,2026-06-22 14:06:12,https://www.commcarehq.org/a/commcare-learn-ahmad/reports/form_data/1c88b85c-8785-4b1b-b716-ebf61f2f2d21/,tester_02,5.0
31,b550e169-0ca2-41af-af88-42eee0ed4aa6,2026-09-04,Farmer Cooperative Centre,maize_seed groundnut_seed goats fertilizer,5.2,,6.9,33.8,3,,https://www.commcarehq.org/a/commcare-learn-ahmad/api/form_attachment/v1/b550e169-0ca2-41af-af88-42eee0ed4aa6/signature.png,55bc0f98-1461-45b5-9732-c6f3f186e685,2026-09-04 11:44:00,2026-09-04 11:38:00,tester_05,2026-09-04 11:44:09,https://www.commcarehq.org/a/commcare-learn-ahmad/reports/form_data/b550e169-0ca2-41af-af88-42eee0ed4aa6/,tester_05,6.0
32,cd92c8d6-850d-4190-a83a-7152cda67b22,2026-02-25,Farmer Cooperative Centre,fertilizer,,,,36.2,,,https://www.commcarehq.org/a/commcare-learn-ahmad/api/form_attachment/v1/cd92c8d6-850d-4190-a83a-7152cda67b22/signature.png,9d6ee19f-8000-4921-83dd-1ec3e934191d,2026-02-25 11:37:00,2026-02-25 11:30:00,tester_01,2026-02-25 11:37:07,https://www.commcarehq.org/a/commcare-learn-ahmad/reports/form_data/cd92c8d6-850d-4190-a83a-7152cda67b22/,tester_01,7.0
33,90f61265-60dd-40ea-84ef-f0179fb9190c,2026-05-12,Farmer Cooperative Centre,maize_seed goats,7.2,,,,1,,https://www.commcarehq.org/a/commcare-learn-ahmad/api/form_attachment/v1/90f61265-60dd-40ea-84ef-f0179fb9190c/signature.png,401ca8a6-d0e9-4f53-a6b0-16041e59c9e5,2026-05-12 13:00:00,2026-05-12 12:57:00,tester_05,2026-05-12 13:00:06,https://www.commcarehq.org/a/commcare-learn-ahmad/reports/form_data/90f61265-60dd-40ea-84ef-f0179fb9190c/,tester_05,3.0
34,bd60b352-5bd8-4d75-ab20-3150befcd523,2026-07-20,Extension Office,maize_seed goats fertilizer,8.2,,,55.1,3,,https://www.commcarehq.org/a/commcare-learn-ahmad/api/form_attachment/v1/bd60b352-5bd8-4d75-ab20-3150befcd523/signature.png,1f999fff-5472-45c0-93c6-ddf4324029ea,2026-07-20 13:51:00,2026-07-20 13:47:00,tester_04,2026-07-20 13:51:18,https://www.commcarehq.org/a/commcare-learn-ahmad/reports/form_data/bd60b352-5bd8-4d75-ab20-3150befcd523/,tester_04,4.0
35,b9a32fbe-8c20-4562-bd6d-05cbfeaebab5,2026-03-13,Community Hall,fertilizer groundnut_seed goats rice_seed maize_seed,3.1,6.8,5.2,37.3,2,,https://www.commcarehq.org/a/commcare-learn-ahmad/api/form_attachment/v1/b9a32fbe-8c20-4562-bd6d-05cbfeaebab5/signature.png,263a50b5-a00d-49db-9035-65bb6d1a30a6,2026-03-13 08:58:00,2026-03-13 08:53:00,tester_06,2026-03-13 08:58:18,https://www.commcarehq.org/a/commcare-learn-ahmad/reports/form_data/b9a32fbe-8c20-4562-bd6d-05cbfeaebab5/,tester_06,5.0
36,bef906ec-9f00-4dcb-bf9d-6c5a0c3d4900,2026-07-05,Farmer Cooperative Centre,fertilizer,,,,29.4,,,https://www.commcarehq.org/a/commcare-learn-ahmad/api/form_attachment/v1/bef906ec-9f00-4dcb-bf9d-6c5a0c3d4900/signature.png,0cb01918-4651-4592-87f9-3c35be8ab5c1,2026-07-05 10:44:00,2026-07-05 10:41:00,tester_05,2026-07-05 10:44:17,https://www.commcarehq.org/a/commcare-learn-ahmad/reports/form_data/bef906ec-9f00-4dcb-bf9d-6c5a0c3d4900/,tester_05,3.0
37,b9df4eb1-05f7-42d5-bf68-37988b58b9e6,2026-04-23,Primary School,rice_seed fertilizer,,9.0,,73.7,,,https://www.commcarehq.org/a/commcare-learn-ahmad/api/form_attachment/v1/b9df4eb1-05f7-42d5-bf68-37988b58b9e6/signature.png,23612624-345b-43ed-9921-7fe7ed27d37e,2026-04-23 10:09:00,2026-04-23 10:02:00,tester_03,2026-04-23 10:09:16,https://www.commcarehq.org/a/commcare-learn-ahmad/reports/form_data/b9df4eb1-05f7-42d5-bf68-37988b58b9e6/,tester_03,7.0
38,18ad5341-9973-450a-9641-7ecd57137263,2026-08-15,Farmer Cooperative Centre,maize_seed rice_seed fertilizer,4.8,7.6,,64.4,,,https://www.commcarehq.org/a/commcare-learn-ahmad/api/form_attachment/v1/18ad5341-9973-450a-9641-7ecd57137263/signature.png,706c0066-9554-4932-9a10-c4fb63698b9a,2026-08-15 14:35:00,2026-08-15 14:28:00,tester_04,2026-08-15 14:35:11,https://www.commcarehq.org/a/commcare-learn-ahmad/reports/form_data/18ad5341-9973-450a-9641-7ecd57137263/,tester_04,7.0
39,849a9084-ea98-4472-9108-5432769497f0,2026-08-20,Village Square,groundnut_seed maize_seed fertilizer,2.9,,4.7,57.7,,,https://www.commcarehq.org/a/commcare-learn-ahmad/api/form_attachment/v1/849a9084-ea98-4472-9108-5432769497f0/signature.png,33721e47-1417-4c1a-81cd-601c95de9135,2026-08-20 12:13:00,2026-08-20 12:09:00,tester_01,2026-08-20 12:13:05,https://www.commcarehq.org/a/commcare-learn-ahmad/reports/form_data/849a9084-ea98-4472-9108-5432769497f0/,tester_01,4.0
40,5c7eb463-0098-41af-8a28-cb4200422d01,2026-06-10,Primary School,fertilizer groundnut_seed maize_seed rice_seed goats,4.8,8.0,3.3,95.3,2,,https://www.commcarehq.org/a/commcare-learn-ahmad/api/form_attachment/v1/5c7eb463-0098-41af-8a28-cb4200422d01/signature.png,19eb00b3-16e6-419c-8de9-8fd834c9d3e8,2026-06-10 14:30:00,2026-06-10 14:23:00,tester_01,2026-06-10 14:30:11,https://www.commcarehq.org/a/commcare-learn-ahmad/reports/form_data/5c7eb463-0098-41af-8a28-cb4200422d01/,tester_01,7.0
41,b48719d6-8eac-4405-b220-531ddeb9e629,2026-05-14,Community Hall,rice_seed fertilizer maize_seed,2.0,9.4,,45.1,,,https://www.commcarehq.org/a/commcare-learn-ahmad/api/form_attachment/v1/b48719d6-8eac-4405-b220-531ddeb9e629/signature.png,5881455e-bbb4-4498-b33b-778bb5574ff8,2026-05-14 14:58:00,2026-05-14 14:56:00,tester_03,2026-05-14 14:58:19,https://www.commcarehq.org/a/commcare-learn-ahmad/reports/form_data/b48719d6-8eac-4405-b220-531ddeb9e629/,tester_03,2.0
42,e9a536a1-b9e0-43cc-b931-85a9ca5a4396,2026-07-25,Village Square,groundnut_seed fertilizer rice_seed maize_seed,7.8,9.8,7.6,63.7,,,https://www.commcarehq.org/a/commcare-learn-ahmad/api/form_attachment/v1/e9a536a1-b9e0-43cc-b931-85a9ca5a4396/signature.png,78c92222-e08f-4f6e-b617-63e2f3894e9b,2026-07-25 10:20:00,2026-07-25 10:14:00,tester_05,2026-07-25 10:20:19,https://www.commcarehq.org/a/commcare-learn-ahmad/reports/form_data/e9a536a1-b9e0-43cc-b931-85a9ca5a4396/,tester_05,6.0
43,cc4e82e5-63b4-4613-8575-79c6e80a62e0,2026-06-27,Village Square,groundnut_seed,,,3.1,,,,https://www.commcarehq.org/a/commcare-learn-ahmad/api/form_attachment/v1/cc4e82e5-63b4-4613-8575-79c6e80a62e0/signature.png,84cd577b-f293-4d06-b8c3-116679fec908,2026-06-27 13:29:00,2026-06-27 13:22:00,tester_03,2026-06-27 13:29:08,https://www.commcarehq.org/a/commcare-learn-ahmad/reports/form_data/cc4e82e5-63b4-4613-8575-79c6e80a62e0/,tester_03,7.0
44,c07d6ddc-8723-4970-8040-251f74749d7a,2026-08-05,Community Hall,goats groundnut_seed fertilizer rice_seed,,3.6,4.8,37.6,1,,https://www.commcarehq.org/a/commcare-learn-ahmad/api/form_attachment/v1/c07d6ddc-8723-4970-8040-251f74749d7a/signature.png,70edf763-b1b5-4bd0-afd3-87145141b27d,2026-08-05 08:23:00,2026-08-05 08:19:00,tester_06,2026-08-05 08:23:10,https://www.commcarehq.org/a/commcare-learn-ahmad/reports/form_data/c07d6ddc-8723-4970-8040-251f74749d7a/,tester_06,4.0
45,cdca63ee-033f-466d-bc03-91b8a59a3975,2026-05-03,Community Hall,groundnut_seed,,,3.3,,,,https://www.commcarehq.org/a/commcare-learn-ahmad/api/form_attachment/v1/cdca63ee-033f-466d-bc03-91b8a59a3975/signature.png,3ab61424-093f-4bb2-9a21-d58f4e2572bf,2026-05-03 12:42:00,2026-05-03 12:38:00,tester_02,2026-05-03 12:42:09,https://www.commcarehq.org/a/commcare-learn-ahmad/reports/form_data/cdca63ee-033f-466d-bc03-91b8a59a3975/,tester_02,4.0
46,e4d9d3b5-9146-471a-9c32-54c876767f1b,2026-08-11,Primary School,fertilizer goats,,,,61.3,1,,https://www.commcarehq.org/a/commcare-learn-ahmad/api/form_attachment/v1/e4d9d3b5-9146-471a-9c32-54c876767f1b/signature.png,3ba8077e-b23a-443e-8949-cccbbc05fd4a,2026-08-11 11:09:00,2026-08-11 11:06:00,tester_01,2026-08-11 11:09:20,https://www.commcarehq.org/a/commcare-learn-ahmad/reports/form_data/e4d9d3b5-9146-471a-9c32-54c876767f1b/,tester_01,3.0
47,7cdac036-780f-4aa0-a87d-75bf031ea20c,2026-04-06,Primary School,rice_seed fertilizer maize_seed,2.6,5.4,,76.5,,,https://www.commcarehq.org/a/commcare-learn-ahmad/api/form_attachment/v1/7cdac036-780f-4aa0-a87d-75bf031ea20c/signature.png,23108630-574a-482f-ac3e-0a598fed1ca5,2026-04-06 08:27:00,2026-04-06 08:22:00,tester_06,2026-04-06 08:27:09,https://www.commcarehq.org/a/commcare-learn-ahmad/reports/form_data/7cdac036-780f-4aa0-a87d-75bf031ea20c/,tester_06,5.0
48,3eb59c7a-2604-45a0-a4a6-6e2325aadabd,2026-07-23,Extension Office,groundnut_seed rice_seed goats fertilizer maize_seed,4.7,4.8,6.2,32.8,2,,https://www.commcarehq.org/a/commcare-learn-ahmad/api/form_attachment/v1/3eb59c7a-2604-45a0-a4a6-6e2325aadabd/signature.png,36e2f17b-b0de-45a6-87b3-6d01ddb4366c,2026-07-23 12:19:00,2026-07-23 12:17:00,tester_06,2026-07-23 12:19:16,https://www.commcarehq.org/a/commcare-learn-ahmad/reports/form_data/3eb59c7a-2604-45a0-a4a6-6e2325aadabd/,tester_06,2.0
49,0bf05dd6-35c9-40e6-8fb0-182b0815530e,2026-05-24,Primary School,fertilizer rice_seed groundnut_seed maize_seed,7.1,9.5,4.4,81.1,,,https://www.commcarehq.org/a/commcare-learn-ahmad/api/form_attachment/v1/0bf05dd6-35c9-40e6-8fb0-182b0815530e/signature.png,5b37c7f0-3183-4326-aea6-0d9385048f0c,2026-05-24 13:06:00,2026-05-24 12:59:00,tester_07,2026-05-24 13:06:12,https://www.commcarehq.org/a/commcare-learn-ahmad/reports/form_data/0bf05dd6-35c9-40e6-8fb0-182b0815530e/,tester_07,7.0
50,fa5b259b-0cd2-4501-a6a1-960222068517,2026-05-18,Extension Office,maize_seed goats,5.0,,,,3,,https://www.commcarehq.org/a/commcare-learn-ahmad/api/form_attachment/v1/fa5b259b-0cd2-4501-a6a1-960222068517/signature.png,44bb4203-2e1e-441d-b1f9-b3f69daf9351,2026-05-18 14:26:00,2026-05-18 14:22:00,tester_04,2026-05-18 14:26:06,https://www.commcarehq.org/a/commcare-learn-ahmad/reports/form_data/fa5b259b-0cd2-4501-a6a1-960222068517/,tester_04,4.0
51,5bfe107b-51fb-43e1-a320-3fc6d2095ba9,2026-07-28,Farmer Cooperative Centre,fertilizer rice_seed rabbits,,5.4,,77.0,,2,https://www.commcarehq.org/a/commcare-learn-ahmad/api/form_attachment/v1/5bfe107b-51fb-43e1-a320-3fc6d2095ba9/signature.png,bfa43db2-3a27-4586-83af-6023f0fcf020,2026-07-28 15:14:00,2026-07-28 15:09:00,tester_05,2026-07-28 15:14:20,https://www.commcarehq.org/a/commcare-learn-ahmad/reports/form_data/5bfe107b-51fb-43e1-a320-3fc6d2095ba9/,tester_05,5.0
52,24e04f63-a4bc-406d-aa2f-8b93d2f67ec5,2026-09-06,Farmer Cooperative Centre,fertilizer goats maize_seed rice_seed,3.4,9.8,,63.4,2,,https://www.commcarehq.org/a/commcare-learn-ahmad/api/form_attachment/v1/24e04f63-a4bc-406d-aa2f-8b93d2f67ec5/signature.png,558787c5-c654-4248-9e6a-ed35ee3062db,2026-09-06 12:37:00,2026-09-06 12:35:00,tester_02,2026-09-06 12:37:20,https://www.commcarehq.org/a/commcare-learn-ahmad/reports/form_data/24e04f63-a4bc-406d-aa2f-8b93d2f67ec5/,tester_02,2.0
53,cf8af111-2756-4fd0-b57d-7e55f374c030,2026-01-28,Primary School,rabbits,,,,,,1,https://www.commcarehq.org/a/commcare-learn-ahmad/api/form_attachment/v1/cf8af111-2756-4fd0-b57d-7e55f374c030/signature.png,2268b757-ad90-4edf-baf4-c88b5293b9e9,2026-01-28 11:42:00,2026-01-28 11:38:00,tester_05,2026-01-28 11:42:06,https://www.commcarehq.org/a/commcare-learn-ahmad/reports/form_data/cf8af111-2756-4fd0-b57d-7e55f374c030/,tester_05,4.0
54,ed78a89b-4756-4898-b945-22dc68092164,2026-04-06,Extension Office,fertilizer rice_seed,,6.3,,35.5,,,https://www.commcarehq.org/a/commcare-learn-ahmad/api/form_attachment/v1/ed78a89b-4756-4898-b945-22dc68092164/signature.png,e102f4fd-69af-4d1c-98c8-c1cbe8b4b15a,2026-04-06 12:15:00,2026-04-06 12:13:00,tester_07,2026-04-06 12:15:13,https://www.commcarehq.org/a/commcare-learn-ahmad/reports/form_data/ed78a89b-4756-4898-b945-22dc68092164/,tester_07,2.0
55,bddae0be-aa1f-4d52-90f8-a1e91a0c5e46,2026-07-05,Extension Office,rabbits rice_seed fertilizer,,2.2,,48.6,,4,https://www.commcarehq.org/a/commcare-learn-ahmad/api/form_attachment/v1/bddae0be-aa1f-4d52-90f8-a1e91a0c5e46/signature.png,fac3dda9-012d-456a-880d-df40d54b2085,2026-07-05 12:12:00,2026-07-05 12:07:00,tester_05,2026-07-05 12:12:16,https://www.commcarehq.org/a/commcare-learn-ahmad/reports/form_data/bddae0be-aa1f-4d52-90f8-a1e91a0c5e46/,tester_05,5.0
56,f2e08db0-a1aa-4dee-984f-209d20ebc32d,2026-03-31,Primary School,fertilizer goats,,,,57.2,3,,https://www.commcarehq.org/a/commcare-learn-ahmad/api/form_attachment/v1/f2e08db0-a1aa-4dee-984f-209d20ebc32d/signature.png,098ff77d-91b6-44d0-822c-357d2dcd0b38,2026-03-31 11:39:00,2026-03-31 11:37:00,tester_04,2026-03-31 11:39:19,https://www.commcarehq.org/a/commcare-learn-ahmad/reports/form_data/f2e08db0-a1aa-4dee-984f-209d20ebc32d/,tester_04,2.0
57,87c887db-aed2-4cc9-9ac2-c82671348c0d,2026-03-05,Primary School,groundnut_seed fertilizer,,,5.6,37.3,,,https://www.commcarehq.org/a/commcare-learn-ahmad/api/form_attachment/v1/87c887db-aed2-4cc9-9ac2-c82671348c0d/signature.png,7e1458e2-d441-4e18-9d78-13d06fcd4649,2026-03-05 10:40:00,2026-03-05 10:37:00,tester_03,2026-03-05 10:40:12,https://www.commcarehq.org/a/commcare-learn-ahmad/reports/form_data/87c887db-aed2-4cc9-9ac2-c82671348c0d/,tester_03,3.0
58,8c26b3db-9e85-405d-a7d1-11c542e5bb0f,2026-04-28,Village Square,goats rice_seed groundnut_seed fertilizer,,9.7,6.3,46.4,1,,https://www.commcarehq.org/a/commcare-learn-ahmad/api/form_attachment/v1/8c26b3db-9e85-405d-a7d1-11c542e5bb0f/signature.png,8620c092-8826-4dd1-ac0f-929b07b42753,2026-04-28 09:44:00,2026-04-28 09:38:00,tester_05,2026-04-28 09:44:15,https://www.commcarehq.org/a/commcare-learn-ahmad/reports/form_data/8c26b3db-9e85-405d-a7d1-11c542e5bb0f/,tester_05,6.0
59,0b812b5d-9b92-4a2c-a0ed-ebc812df7d5e,2026-07-09,Extension Office,rice_seed fertilizer,,9.3,,73.6,,,https://www.commcarehq.org/a/commcare-learn-ahmad/api/form_attachment/v1/0b812b5d-9b92-4a2c-a0ed-ebc812df7d5e/signature.png,d1a82f65-11e9-4b99-b105-ed9deeb26982,2026-07-09 11:50:00,2026-07-09 11:44:00,tester_01,2026-07-09 11:50:18,https://www.commcarehq.org/a/commcare-learn-ahmad/reports/form_data/0b812b5d-9b92-4a2c-a0ed-ebc812df7d5e/,tester_01,6.0
60,20986ef8-e236-4215-8920-47e9d8521e32,2026-06-14,Extension Office,goats fertilizer groundnut_seed,,,4.4,86.9,3,,https://www.commcarehq.org/a/commcare-learn-ahmad/api/form_attachment/v1/20986ef8-e236-4215-8920-47e9d8521e32/signature.png,bfeeffd2-18ee-414e-bae7-cdd039a68111,2026-06-14 12:45:00,2026-06-14 12:37:00,tester_03,2026-06-14 12:45:08,https://www.commcarehq.org/a/commcare-learn-ahmad/reports/form_data/20986ef8-e236-4215-8920-47e9d8521e32/,tester_03,8.0
61,2cba300f-e4b7-4c40-aebd-87e9af642a43,2026-05-10,Community Hall,maize_seed rice_seed goats,2.0,3.2,,,3,,https://www.commcarehq.org/a/commcare-learn-ahmad/api/form_attachment/v1/2cba300f-e4b7-4c40-aebd-87e9af642a43/signature.png,b6c0b8cb-a3a6-4371-8d56-021e9da50032,2026-05-10 16:00:00,2026-05-10 15:55:00,tester_02,2026-05-10 16:00:17,https://www.commcarehq.org/a/commcare-learn-ahmad/reports/form_data/2cba300f-e4b7-4c40-aebd-87e9af642a43/,tester_02,5.0
62,7e69bde2-6528-48a8-a35a-90bf97649fb8,2026-04-22,Primary School,groundnut_seed fertilizer,,,7.1,43.8,,,https://www.commcarehq.org/a/commcare-learn-ahmad/api/form_attachment/v1/7e69bde2-6528-48a8-a35a-90bf97649fb8/signature.png,58d125fe-1c60-4699-8310-8e9bba5f6734,2026-04-22 13:48:00,2026-04-22 13:40:00,tester_03,2026-04-22 13:48:18,https://www.commcarehq.org/a/commcare-learn-ahmad/reports/form_data/7e69bde2-6528-48a8-a35a-90bf97649fb8/,tester_03,8.0
63,b3b22c22-fca8-46c1-ae45-919c9582ed69,2026-05-13,Extension Office,maize_seed,7.9,,,,,,https://www.commcarehq.org/a/commcare-learn-ahmad/api/form_attachment/v1/b3b22c22-fca8-46c1-ae45-919c9582ed69/signature.png,9fe9e16d-7718-430c-ae24-3e59d5dbadd5,2026-05-13 15:18:00,2026-05-13 15:11:00,tester_05,2026-05-13 15:18:08,https://www.commcarehq.org/a/commcare-learn-ahmad/reports/form_data/b3b22c22-fca8-46c1-ae45-919c9582ed69/,tester_05,7.0
64,9db1e36b-4bc7-44f5-bc47-aacad8869847,2026-05-03,Farmer Cooperative Centre,fertilizer rice_seed,,5.8,,85.0,,,https://www.commcarehq.org/a/commcare-learn-ahmad/api/form_attachment/v1/9db1e36b-4bc7-44f5-bc47-aacad8869847/signature.png,19f02339-2f77-43b5-91fd-52b3c9adb61e,2026-05-03 13:43:00,2026-05-03 13:36:00,tester_04,2026-05-03 13:43:10,https://www.commcarehq.org/a/commcare-learn-ahmad/reports/form_data/9db1e36b-4bc7-44f5-bc47-aacad8869847/,tester_04,7.0
65,1e57d8cb-28db-4f5a-ae7e-e0288d18df24,2026-05-16,Extension Office,fertilizer groundnut_seed,,,3.9,68.0,,,https://www.commcarehq.org/a/commcare-learn-ahmad/api/form_attachment/v1/1e57d8cb-28db-4f5a-ae7e-e0288d18df24/signature.png,cc6adc80-7def-40b1-8004-fdbb3a3206a2,2026-05-16 14:05:00,2026-05-16 13:57:00,tester_04,2026-05-16 14:05:09,https://www.commcarehq.org/a/commcare-learn-ahmad/reports/form_data/1e57d8cb-28db-4f5a-ae7e-e0288d18df24/,tester_04,8.0
66,34dcd892-a5d6-4ddf-981b-cd552a4380cc,2026-06-16,Farmer Cooperative Centre,rabbits maize_seed fertilizer,4.5,,,93.2,,4,https://www.commcarehq.org/a/commcare-learn-ahmad/api/form_attachment/v1/34dcd892-a5d6-4ddf-981b-cd552a4380cc/signature.png,5c9e0864-51c7-46e9-bcc6-f04aed9b6304,2026-06-16 13:57:00,2026-06-16 13:53:00,tester_07,2026-06-16 13:57:05,https://www.commcarehq.org/a/commcare-learn-ahmad/reports/form_data/34dcd892-a5d6-4ddf-981b-cd552a4380cc/,tester_07,4.0
67,3a289c87-3913-45ec-beea-7413570f824c,2026-07-26,Community Hall,rice_seed fertilizer,,3.7,,56.9,,,https://www.commcarehq.org/a/commcare-learn-ahmad/api/form_attachment/v1/3a289c87-3913-45ec-beea-7413570f824c/signature.png,d0fb8af4-3f6c-4923-a8c3-c54b4308a68b,2026-07-26 15:27:00,2026-07-26 15:19:00,tester_03,2026-07-26 15:27:12,https://www.commcarehq.org/a/commcare-learn-ahmad/reports/form_data/3a289c87-3913-45ec-beea-7413570f824c/,tester_03,8.0
68,bb9f9e43-6050-468b-a6ff-89536bec9baa,2026-02-18,Community Hall,fertilizer,,,,45.4,,,https://www.commcarehq.org/a/commcare-learn-ahmad/api/form_attachment/v1/bb9f9e43-6050-468b-a6ff-89536bec9baa/signature.png,441276d4-a87e-402b-89d8-048f1f31d9bc,2026-02-18 09:11:00,2026-02-18 09:03:00,tester_01,2026-02-18 09:11:14,https://www.commcarehq.org/a/commcare-learn-ahmad/reports/form_data/bb9f9e43-6050-468b-a6ff-89536bec9baa/,tester_01,8.0
69,2ad24344-3c5b-4425-a5ec-14dfbb7f5abf,2026-01-27,Community Hall,groundnut_seed fertilizer,,,4.2,64.5,,,https://www.commcarehq.org/a/commcare-learn-ahmad/api/form_attachment/v1/2ad24344-3c5b-4425-a5ec-14dfbb7f5abf/signature.png,e7187207-f504-441d-816d-3bd6c56ba4ca,2026-01-27 13:39:00,2026-01-27 13:35:00,tester_06,2026-01-27 13:39:11,https://www.commcarehq.org/a/commcare-learn-ahmad/reports/form_data/2ad24344-3c5b-4425-a5ec-14dfbb7f5abf/,tester_06,4.0
70,3932fac6-360d-4b44-be59-c70b880dd8d8,2026-05-08,Farmer Cooperative Centre,rabbits maize_seed,6.0,,,,,2,https://www.commcarehq.org/a/commcare-learn-ahmad/api/form_attachment/v1/3932fac6-360d-4b44-be59-c70b880dd8d8/signature.png,cddde652-cc48-4184-a388-83d5733e4255,2026-05-08 09:06:00,2026-05-08 09:02:00,tester_07,2026-05-08 09:06:10,https://www.commcarehq.org/a/commcare-learn-ahmad/reports/form_data/3932fac6-360d-4b44-be59-c70b880dd8d8/,tester_07,4.0
71,94492ad1-c44f-46b7-86e5-18d15e8be7d1,2026-07-30,Farmer Cooperative Centre,rice_seed,,8.8,,,,,https://www.commcarehq.org/a/commcare-learn-ahmad/api/form_attachment/v1/94492ad1-c44f-46b7-86e5-18d15e8be7d1/signature.png,df15a028-1602-4592-8cd4-a4ed31aeb278,2026-07-30 13:22:00,2026-07-30 13:14:00,tester_02,2026-07-30 13:22:10,https://www.commcarehq.org/a/commcare-learn-ahmad/reports/form_data/94492ad1-c44f-46b7-86e5-18d15e8be7d1/,tester_02,8.0
72,98c71c4f-e101-430e-bcee-79341a922262,2026-08-20,Community Hall,groundnut_seed goats fertilizer,,,3.9,77.9,1,,https://www.commcarehq.org/a/commcare-learn-ahmad/api/form_attachment/v1/98c71c4f-e101-430e-bcee-79341a922262/signature.png,ade896a8-edc7-43ad-bb15-ae4fdc81c650,2026-08-20 12:46:00,2026-08-20 12:44:00,tester_04,2026-08-20 12:46:20,https://www.commcarehq.org/a/commcare-learn-ahmad/reports/form_data/98c71c4f-e101-430e-bcee-79341a922262/,tester_04,2.0
73,8411ebd2-1ece-403d-b965-fe80fb1eee9c,2026-06-27,Primary School,rice_seed,,3.1,,,,,https://www.commcarehq.org/a/commcare-learn-ahmad/api/form_attachment/v1/8411ebd2-1ece-403d-b965-fe80fb1eee9c/signature.png,a9218157-3c09-40b2-9c50-c97606c1f4ff,2026-06-27 15:07:00,2026-06-27 14:59:00,tester_01,2026-06-27 15:07:10,https://www.commcarehq.org/a/commcare-learn-ahmad/reports/form_data/8411ebd2-1ece-403d-b965-fe80fb1eee9c/,tester_01,8.0
74,3a292f02-9ce6-432d-ad06-10e312037387,2026-07-18,Primary School,goats rice_seed fertilizer maize_seed,2.2,4.5,,84.3,2,,https://www.commcarehq.org/a/commcare-learn-ahmad/api/form_attachment/v1/3a292f02-9ce6-432d-ad06-10e312037387/signature.png,0288577f-8c20-44b2-b4fe-24066185fea6,2026-07-18 12:16:00,2026-07-18 12:13:00,tester_04,2026-07-18 12:16:10,https://www.commcarehq.org/a/commcare-learn-ahmad/reports/form_data/3a292f02-9ce6-432d-ad06-10e312037387/,tester_04,3.0
75,436e58b0-228e-4540-a51d-a5887dcdd8c3,2026-08-17,Primary School,goats groundnut_seed,,,4.6,,3,,https://www.commcarehq.org/a/commcare-learn-ahmad/api/form_attachment/v1/436e58b0-228e-4540-a51d-a5887dcdd8c3/signature.png,b0021fd2-b5c2-4571-8dc3-0b4b46312e0f,2026-08-17 11:50:00,2026-08-17 11:46:00,tester_03,2026-08-17 11:50:05,https://www.commcarehq.org/a/commcare-learn-ahmad/reports/form_data/436e58b0-228e-4540-a51d-a5887dcdd8c3/,tester_03,4.0
76,6b38074b-e169-4e70-b547-1ee30b9319cd,2026-10-18,Village Square,rice_seed fertilizer,,7.8,,89.2,,,https://www.commcarehq.org/a/commcare-learn-ahmad/api/form_attachment/v1/6b38074b-e169-4e70-b547-1ee30b9319cd/signature.png,179df7a1-9476-43ac-81f2-e01dbd89e862,2026-10-18 11:28:00,2026-10-18 11:20:00,tester_04,2026-10-18 11:28:09,https://www.commcarehq.org/a/commcare-learn-ahmad/reports/form_data/6b38074b-e169-4e70-b547-1ee30b9319cd/,tester_04,8.0
77,89cddc0c-ba91-4e7f-9d76-2199edcb24f6,2026-02-03,Extension Office,groundnut_seed,,,6.4,,,,https://www.commcarehq.org/a/commcare-learn-ahmad/api/form_attachment/v1/89cddc0c-ba91-4e7f-9d76-2199edcb24f6/signature.png,9c57a6ab-0781-4274-a821-75971f271db1,2026-02-03 11:11:00,2026-02-03 11:05:00,tester_03,2026-02-03 11:11:07,https://www.commcarehq.org/a/commcare-learn-ahmad/reports/form_data/89cddc0c-ba91-4e7f-9d76-2199edcb24f6/,tester_03,6.0
78,25b7ca83-9589-4dca-97cf-3ac3617cb110,2026-09-07,Community Hall,rabbits fertilizer groundnut_seed,,,3.2,93.1,,4,https://www.commcarehq.org/a/commcare-learn-ahmad/api/form_attachment/v1/25b7ca83-9589-4dca-97cf-3ac3617cb110/signature.png,4138cedb-fbad-4504-a9d5-ac5bae53bb35,2026-09-07 15:32:00,2026-09-07 15:30:00,tester_05,2026-09-07 15:32:10,https://www.commcarehq.org/a/commcare-learn-ahmad/reports/form_data/25b7ca83-9589-4dca-97cf-3ac3617cb110/,tester_05,2.0
79,9d413f08-995b-43a1-9fd5-39cd2af91062,2026-06-21,Village Square,rice_seed groundnut_seed,,3.2,7.9,,,,https://www.commcarehq.org/a/commcare-learn-ahmad/api/form_attachment/v1/9d413f08-995b-43a1-9fd5-39cd2af91062/signature.png,74c83c0d-6a15-4b01-9a09-bbf3d0f12a1f,2026-06-21 12:20:00,2026-06-21 12:15:00,tester_04,2026-06-21 12:20:05,https://www.commcarehq.org/a/commcare-learn-ahmad/reports/form_data/9d413f08-995b-43a1-9fd5-39cd2af91062/,tester_04,5.0
80,6cc2ee6d-7550-4cc2-a052-3162afcb8cf5,2026-07-19,Village Square,groundnut_seed goats,,,7.0,,1,,https://www.commcarehq.org/a/commcare-learn-ahmad/api/form_attachment/v1/6cc2ee6d-7550-4cc2-a052-3162afcb8cf5/signature.png,58b8f08c-4922-4e78-9973-6b10e07dd27e,2026-07-19 11:39:00,2026-07-19 11:33:00,tester_02,2026-07-19 11:39:07,https://www.commcarehq.org/a/commcare-learn-ahmad/reports/form_data/6cc2ee6d-7550-4cc2-a052-3162afcb8cf5/,tester_02,6.0
81,e48a8c45-4e5b-489f-9158-b3b5a919e4a1,2026-07-06,Primary School,rice_seed fertilizer groundnut_seed rabbits,,6.0,5.8,98.8,,5,https://www.commcarehq.org/a/commcare-learn-ahmad/api/form_attachment/v1/e48a8c45-4e5b-489f-9158-b3b5a919e4a1/signature.png,d96bdf8c-d534-469b-8671-e1f4d14fa725,2026-07-06 08:45:00,2026-07-06 08:43:00,tester_07,2026-07-06 08:45:14,https://www.commcarehq.org/a/commcare-learn-ahmad/reports/form_data/e48a8c45-4e5b-489f-9158-b3b5a919e4a1/,tester_07,2.0
82,4aacaeae-5bf9-49a1-9ce2-2c93b3d506a6,2026-01-25,Community Hall,rice_seed,,9.5,,,,,https://www.commcarehq.org/a/commcare-learn-ahmad/api/form_attachment/v1/4aacaeae-5bf9-49a1-9ce2-2c93b3d506a6/signature.png,bcff89e9-f48b-40b2-88b3-1af6c68e588f,2026-01-25 12:36:00,2026-01-25 12:32:00,tester_07,2026-01-25 12:36:14,https://www.commcarehq.org/a/commcare-learn-ahmad/reports/form_data/4aacaeae-5bf9-49a1-9ce2-2c93b3d506a6/,tester_07,4.0
83,848af4ae-0e3c-4224-bfc7-975919195eb8,2026-08-13,Village Square,rabbits fertilizer,,,,51.0,,5,https://www.commcarehq.org/a/commcare-learn-ahmad/api/form_attachment/v1/848af4ae-0e3c-4224-bfc7-975919195eb8/signature.png,34df99e0-1d16-4203-a4c9-c37e11580578,2026-08-13 13:11:00,2026-08-13 13:07:00,tester_01,2026-08-13 13:11:19,https://www.commcarehq.org/a/commcare-learn-ahmad/reports/form_data/848af4ae-0e3c-4224-bfc7-975919195eb8/,tester_01,4.0
84,11485529-967e-443b-80eb-7bdd2ce381ef,2026-06-16,Extension Office,groundnut_seed fertilizer rice_seed,,4.3,3.3,57.9,,,https://www.commcarehq.org/a/commcare-learn-ahmad/api/form_attachment/v1/11485529-967e-443b-80eb-7bdd2ce381ef/signature.png,fb4d9b3d-b80b-44f3-a202-1ad31d9c8320,2026-06-16 11:25:00,2026-06-16 11:18:00,tester_02,2026-06-16 11:25:12,https://www.commcarehq.org/a/commcare-learn-ahmad/reports/form_data/11485529-967e-443b-80eb-7bdd2ce381ef/,tester_02,7.0
85,74660d5d-ca1a-4a2d-b8eb-050c0cf86d33,2026-07-05,Village Square,goats maize_seed fertilizer rabbits,4.7,,,86.4,2,4,https://www.commcarehq.org/a/commcare-learn-ahmad/api/form_attachment/v1/74660d5d-ca1a-4a2d-b8eb-050c0cf86d33/signature.png,3f875489-8497-43f5-8d9b-c24f79659b2d,2026-07-05 13:53:00,2026-07-05 13:47:00,tester_04,2026-07-05 13:53:20,https://www.commcarehq.org/a/commcare-learn-ahmad/reports/form_data/74660d5d-ca1a-4a2d-b8eb-050c0cf86d33/,tester_04,6.0
86,65b0e026-b552-43ce-ab5e-b80134592ea6,2026-05-05,Primary School,maize_seed,5.6,,,,,,https://www.commcarehq.org/a/commcare-learn-ahmad/api/form_attachment/v1/65b0e026-b552-43ce-ab5e-b80134592ea6/signature.png,7fb8e487-db04-42fe-87c1-8e792c9788c9,2026-05-05 14:06:00,2026-05-05 14:03:00,tester_01,2026-05-05 14:06:20,https://www.commcarehq.org/a/commcare-learn-ahmad/reports/form_data/65b0e026-b552-43ce-ab5e-b80134592ea6/,tester_01,3.0
87,ba3930f8-fd26-4d4f-a82a-5ccf5abfed87,2026-07-21,Farmer Cooperative Centre,maize_seed,4.4,,,,,,https://www.commcarehq.org/a/commcare-learn-ahmad/api/form_attachment/v1/ba3930f8-fd26-4d4f-a82a-5ccf5abfed87/signature.png,69f2d90c-b8ed-442b-b535-ac71711379b4,2026-07-21 09:55:00,2026-07-21 09:48:00,tester_05,2026-07-21 09:55:20,https://www.commcarehq.org/a/commcare-learn-ahmad/reports/form_data/ba3930f8-fd26-4d4f-a82a-5ccf5abfed87/,tester_05,7.0
88,991d3af3-1355-4ce8-b5e3-8aec190a4cec,2026-05-28,Farmer Cooperative Centre,goats fertilizer rabbits,,,,90.8,1,3,https://www.commcarehq.org/a/commcare-learn-ahmad/api/form_attachment/v1/991d3af3-1355-4ce8-b5e3-8aec190a4cec/signature.png,b0f673a7-8683-4826-867a-5c76f8baf9b1,2026-05-28 11:12:00,2026-05-28 11:05:00,tester_03,2026-05-28 11:12:08,https://www.commcarehq.org/a/commcare-learn-ahmad/reports/form_data/991d3af3-1355-4ce8-b5e3-8aec190a4cec/,tester_03,7.0
89,0ef0fb08-77f4-4428-bcbf-884612832a26,2026-07-23,Primary School,fertilizer rice_seed groundnut_seed,,2.8,5.8,87.9,,,https://www.commcarehq.org/a/commcare-learn-ahmad/api/form_attachment/v1/0ef0fb08-77f4-4428-bcbf-884612832a26/signature.png,bb28f073-152a-43a0-b61e-30b0671c41b7,2026-07-23 11:40:00,2026-07-23 11:32:00,tester_02,2026-07-23 11:40:10,https://www.commcarehq.org/a/commcare-learn-ahmad/reports/form_data/0ef0fb08-77f4-4428-bcbf-884612832a26/,tester_02,8.0
90,31a2798e-15a5-4881-abb2-bb78fa0184ae,2026-02-05,Community Hall,groundnut_seed,,,5.6,,,,https://www.commcarehq.org/a/commcare-learn-ahmad/api/form_attachment/v1/31a2798e-15a5-4881-abb2-bb78fa0184ae/signature.png,c78d59b1-cbb7-4e9c-93c2-952ba7c38dab,2026-02-05 08:07:00,2026-02-05 08:04:00,tester_07,2026-02-05 08:07:10,https://www.commcarehq.org/a/commcare-learn-ahmad/reports/form_data/31a2798e-15a5-4881-abb2-bb78fa0184ae/,tester_07,3.0
91,834abd36-8c86-4c42-94fc-d2c72f492fc9,2026-05-19,Village Square,rabbits rice_seed,,4.8,,,,3,https://www.commcarehq.org/a/commcare-learn-ahmad/api/form_attachment/v1/834abd36-8c86-4c42-94fc-d2c72f492fc9/signature.png,1ceaf52f-3b1b-44ed-a166-462151a24617,2026-05-19 11:22:00,2026-05-19 11:14:00,tester_04,2026-05-19 11:22:08,https://www.commcarehq.org/a/commcare-learn-ahmad/reports/form_data/834abd36-8c86-4c42-94fc-d2c72f492fc9/,tester_04,8.0
92,050969d3-3b4e-4d78-b7d3-bb0e58535ea5,2026-04-14,Community Hall,groundnut_seed,,,7.0,,,,https://www.commcarehq.org/a/commcare-learn-ahmad/api/form_attachment/v1/050969d3-3b4e-4d78-b7d3-bb0e58535ea5/signature.png,2317a7b5-efb4-4625-a5e1-cc41b83359f5,2026-04-14 09:33:00,2026-04-14 09:29:00,tester_07,2026-04-14 09:33:10,https://www.commcarehq.org/a/commcare-learn-ahmad/reports/form_data/050969d3-3b4e-4d78-b7d3-bb0e58535ea5/,tester_07,4.0
93,952258a9-8519-40f1-93a1-de769286718a,2026-09-21,Village Square,groundnut_seed,,,3.3,,,,https://www.commcarehq.org/a/commcare-learn-ahmad/api/form_attachment/v1/952258a9-8519-40f1-93a1-de769286718a/signature.png,8705d1f8-2b65-456f-9d2f-7c43e029a6a4,2026-09-21 10:05:00,2026-09-21 09:58:00,tester_03,2026-09-21 10:05:05,https://www.commcarehq.org/a/commcare-learn-ahmad/reports/form_data/952258a9-8519-40f1-93a1-de769286718a/,tester_03,7.0
94,16280cb0-f8e0-4624-940b-cf61f2d336c5,2026-06-25,Extension Office,maize_seed,6.9,,,,,,https://www.commcarehq.org/a/commcare-learn-ahmad/api/form_attachment/v1/16280cb0-f8e0-4624-940b-cf61f2d336c5/signature.png,a01d3cff-7ab2-4679-b83e-5bf1d45dcf15,2026-06-25 15:26:00,2026-06-25 15:20:00,tester_03,2026-06-25 15:26:09,https://www.commcarehq.org/a/commcare-learn-ahmad/reports/form_data/16280cb0-f8e0-4624-940b-cf61f2d336c5/,tester_03,6.0
95,f83c4baf-0909-46be-a083-c25226b3013a,2026-05-14,Extension Office,fertilizer,,,,81.0,,,https://www.commcarehq.org/a/commcare-learn-ahmad/api/form_attachment/v1/f83c4baf-0909-46be-a083-c25226b3013a/signature.png,a27580f0-c58e-4a3c-b433-f26f9ee3e6c7,2026-05-14 08:41:00,2026-05-14 08:36:00,tester_06,2026-05-14 08:41:12,https://www.commcarehq.org/a/commcare-learn-ahmad/reports/form_data/f83c4baf-0909-46be-a083-c25226b3013a/,tester_06,5.0
96,762c14c6-cbcf-43b3-89df-6691883694a0,2026-05-26,Community Hall,fertilizer,,,,29.2,,,https://www.commcarehq.org/a/commcare-learn-ahmad/api/form_attachment/v1/762c14c6-cbcf-43b3-89df-6691883694a0/signature.png,c49a82cc-ab6f-4282-a2ce-6d4665d408bc,2026-05-26 09:32:00,2026-05-26 09:30:00,tester_02,2026-05-26 09:32:07,https://www.commcarehq.org/a/commcare-learn-ahmad/reports/form_data/762c14c6-cbcf-43b3-89df-6691883694a0/,tester_02,2.0
97,c047f24e-3b03-41ae-a520-9690c16f606e,2026-05-02,Village Square,maize_seed fertilizer rice_seed,8.6,2.6,,55.1,,,https://www.commcarehq.org/a/commcare-learn-ahmad/api/form_attachment/v1/c047f24e-3b03-41ae-a520-9690c16f606e/signature.png,b710bbfd-2ce4-419f-95cf-02d2ecc83c95,2026-05-02 12:58:00,2026-05-02 12:51:00,tester_04,2026-05-02 12:58:14,https://www.commcarehq.org/a/commcare-learn-ahmad/reports/form_data/c047f24e-3b03-41ae-a520-9690c16f606e/,tester_04,7.0
98,0ecde80c-8708-4ab8-bf55-10c09c51e9ea,2026-08-09,Extension Office,maize_seed,8.8,,,,,,https://www.commcarehq.org/a/commcare-learn-ahmad/api/form_attachment/v1/0ecde80c-8708-4ab8-bf55-10c09c51e9ea/signature.png,75da109f-c5ab-4782-951c-0bc366b9c350,2026-08-09 15:33:00,2026-08-09 15:26:00,tester_01,2026-08-09 15:33:20,https://www.commcarehq.org/a/commcare-learn-ahmad/reports/form_data/0ecde80c-8708-4ab8-bf55-10c09c51e9ea/,tester_01,7.0
99,74de5d21-73e9-49fd-8641-db40c96b5cda,2026-02-22,Community Hall,maize_seed,3.6,,,,,,https://www.commcarehq.org/a/commcare-learn-ahmad/api/form_attachment/v1/74de5d21-73e9-49fd-8641-db40c96b5cda/signature.png,73f96881-45b0-46c6-bce7-b3d1978c7237,2026-02-22 08:10:00,2026-02-22 08:05:00,tester_06,2026-02-22 08:10:17,https://www.commcarehq.org/a/commcare-learn-ahmad/reports/form_data/74de5d21-73e9-49fd-8641-db40c96b5cda/,tester_06,5.0
100,bf8843d6-9336-43e6-bb9e-7e2d135c1fb7,2026-04-25,Village Square,fertilizer groundnut_seed maize_seed rice_seed,8.8,5.1,7.9,25.5,,,https://www.commcarehq.org/a/commcare-learn-ahmad/api/form_attachment/v1/bf8843d6-9336-43e6-bb9e-7e2d135c1fb7/signature.png,b6dff166-6d68-410c-8456-dd785fabbe9f,2026-04-25 15:33:00,2026-04-25 15:28:00,tester_03,2026-04-25 15:33:12,https://www.commcarehq.org/a/commcare-learn-ahmad/reports/form_data/bf8843d6-9336-43e6-bb9e-7e2d135c1fb7/,tester_03,5.0
101,d7b2f38d-42d7-4d9e-99e4-ca8a2e8ff9a2,2026-07-22,Village Square,rice_seed maize_seed fertilizer,2.7,7.4,,82.8,,,https://www.commcarehq.org/a/commcare-learn-ahmad/api/form_attachment/v1/d7b2f38d-42d7-4d9e-99e4-ca8a2e8ff9a2/signature.png,41475ca0-f690-4608-ab45-8a2ee3719198,2026-07-22 14:25:00,2026-07-22 14:18:00,tester_04,2026-07-22 14:25:13,https://www.commcarehq.org/a/commcare-learn-ahmad/reports/form_data/d7b2f38d-42d7-4d9e-99e4-ca8a2e8ff9a2/,tester_04,7.0
102,9f2f7389-b357-4123-abd0-3206a3fc6d89,2026-05-12,Village Square,fertilizer rice_seed,,6.8,,56.2,,,https://www.commcarehq.org/a/commcare-learn-ahmad/api/form_attachment/v1/9f2f7389-b357-4123-abd0-3206a3fc6d89/signature.png,0c547d24-a58b-47e5-b02b-4027fb1997fc,2026-05-12 10:55:00,2026-05-12 10:53:00,tester_02,2026-05-12 10:55:18,https://www.commcarehq.org/a/commcare-learn-ahmad/reports/form_data/9f2f7389-b357-4123-abd0-3206a3fc6d89/,tester_02,2.0
103,3f36e440-5851-4df1-9a7e-a225df9ca26a,2026-03-20,Village Square,rabbits maize_seed,8.1,,,,,2,https://www.commcarehq.org/a/commcare-learn-ahmad/api/form_attachment/v1/3f36e440-5851-4df1-9a7e-a225df9ca26a/signature.png,46409c6d-1227-4ddf-a73f-c7ab4f66322e,2026-03-20 08:17:00,2026-03-20 08:09:00,tester_06,2026-03-20 08:17:17,https://www.commcarehq.org/a/commcare-learn-ahmad/reports/form_data/3f36e440-5851-4df1-9a7e-a225df9ca26a/,tester_06,8.0
104,fd66264e-3f59-4cc8-8704-e8ede9c67bb7,2026-07-20,Community Hall,goats rice_seed maize_seed groundnut_seed fertilizer,9.8,2.4,6.1,37.0,1,,https://www.commcarehq.org/a/commcare-learn-ahmad/api/form_attachment/v1/fd66264e-3f59-4cc8-8704-e8ede9c67bb7/signature.png,a37063c2-7ffd-4ca8-a3d7-67bd1416ea13,2026-07-20 14:13:00,2026-07-20 14:08:00,tester_06,2026-07-20 14:13:09,https://www.commcarehq.org/a/commcare-learn-ahmad/reports/form_data/fd66264e-3f59-4cc8-8704-e8ede9c67bb7/,tester_06,5.0
105,314d9a5f-9487-47ca-bf5c-b9fdfd332e2a,2026-09-06,Extension Office,groundnut_seed rice_seed,,8.3,4.9,,,,https://www.commcarehq.org/a/commcare-learn-ahmad/api/form_attachment/v1/314d9a5f-9487-47ca-bf5c-b9fdfd332e2a/signature.png,eb01897e-e714-4588-b015-e74456612f13,2026-09-06 09:09:00,2026-09-06 09:07:00,tester_01,2026-09-06 09:09:20,https://www.commcarehq.org/a/commcare-learn-ahmad/reports/form_data/314d9a5f-9487-47ca-bf5c-b9fdfd332e2a/,tester_01,2.0
106,14e92be4-26c0-43b5-9991-6f4dbd9a954c,2026-04-22,Extension Office,rice_seed fertilizer maize_seed,3.3,6.4,,39.2,,,https://www.commcarehq.org/a/commcare-learn-ahmad/api/form_attachment/v1/14e92be4-26c0-43b5-9991-6f4dbd9a954c/signature.png,c0712b02-fdf9-4915-9489-a4f4b059f4af,2026-04-22 11:05:00,2026-04-22 11:00:00,tester_02,2026-04-22 11:05:12,https://www.commcarehq.org/a/commcare-learn-ahmad/reports/form_data/14e92be4-26c0-43b5-9991-6f4dbd9a954c/,tester_02,5.0
107,0193509d-32ea-4a50-9676-486b69d23d16,2026-05-01,Primary School,goats rabbits,,,,,3,2,https://www.commcarehq.org/a/commcare-learn-ahmad/api/form_attachment/v1/0193509d-32ea-4a50-9676-486b69d23d16/signature.png,4939ef34-ee4a-4252-ac4a-bad8b8284ea4,2026-05-01 10:24:00,2026-05-01 10:16:00,tester_07,2026-05-01 10:24:15,https://www.commcarehq.org/a/commcare-learn-ahmad/reports/form_data/0193509d-32ea-4a50-9676-486b69d23d16/,tester_07,8.0
108,b4b60e33-0986-4b90-a60b-07d08e34b4c4,2026-08-27,Community Hall,maize_seed fertilizer goats,4.4,,,92.1,1,,https://www.commcarehq.org/a/commcare-learn-ahmad/api/form_attachment/v1/b4b60e33-0986-4b90-a60b-07d08e34b4c4/signature.png,3dd5b35f-9a39-4719-96ef-291a06fc2b9f,2026-08-27 12:37:00,2026-08-27 12:31:00,tester_01,2026-08-27 12:37:19,https://www.commcarehq.org/a/commcare-learn-ahmad/reports/form_data/b4b60e33-0986-4b90-a60b-07d08e34b4c4/,tester_01,6.0
109,f4974448-90e2-4237-ab3d-09b05f542532,2026-02-24,Extension Office,goats rice_seed fertilizer maize_seed groundnut_seed,4.6,4.3,2.8,97.1,2,,https://www.commcarehq.org/a/commcare-learn-ahmad/api/form_attachment/v1/f4974448-90e2-4237-ab3d-09b05f542532/signature.png,f48ad988-2212-4512-9751-7ddb7dc28c80,2026-02-24 13:46:00,2026-02-24 13:42:00,tester_06,2026-02-24 13:46:07,https://www.commcarehq.org/a/commcare-learn-ahmad/reports/form_data/f4974448-90e2-4237-ab3d-09b05f542532/,tester_06,4.0
110,a928efe3-c38f-4c2d-bcb4-c0aa3d710a22,2026-07-03,Community Hall,groundnut_seed,,,7.2,,,,https://www.commcarehq.org/a/commcare-learn-ahmad/api/form_attachment/v1/a928efe3-c38f-4c2d-bcb4-c0aa3d710a22/signature.png,29e134fd-1742-4a5f-bfbd-020e514628f2,2026-07-03 10:19:00,2026-07-03 10:12:00,tester_03,2026-07-03 10:19:11,https://www.commcarehq.org/a/commcare-learn-ahmad/reports/form_data/a928efe3-c38f-4c2d-bcb4-c0aa3d710a22/,tester_03,7.0
111,6e1feb64-3cd8-4e4c-b75e-d0634a33c0ea,2026-03-26,Farmer Cooperative Centre,goats,,,,,2,,https://www.commcarehq.org/a/commcare-learn-ahmad/api/form_attachment/v1/6e1feb64-3cd8-4e4c-b75e-d0634a33c0ea/signature.png,d90856e6-f6d3-4de0-a386-65c96e8186b5,2026-03-26 10:27:00,2026-03-26 10:23:00,tester_05,2026-03-26 10:27:10,https://www.commcarehq.org/a/commcare-learn-ahmad/reports/form_data/6e1feb64-3cd8-4e4c-b75e-d0634a33c0ea/,tester_05,4.0
112,df6b259b-88c2-4c96-aa42-a60940d6057e,2026-05-12,Extension Office,fertilizer,,,,75.7,,,https://www.commcarehq.org/a/commcare-learn-ahmad/api/form_attachment/v1/df6b259b-88c2-4c96-aa42-a60940d6057e/signature.png,8e892ae5-bb41-4eea-be68-3e302ea003f6,2026-05-12 10:35:00,2026-05-12 10:33:00,tester_06,2026-05-12 10:35:08,https://www.commcarehq.org/a/commcare-learn-ahmad/reports/form_data/df6b259b-88c2-4c96-aa42-a60940d6057e/,tester_06,2.0
113,8b1452c9-c25c-4e45-b5c7-5182d0e1e9a7,2026-07-22,Primary School,groundnut_seed,,,5.6,,,,https://www.commcarehq.org/a/commcare-learn-ahmad/api/form_attachment/v1/8b1452c9-c25c-4e45-b5c7-5182d0e1e9a7/signature.png,66c50107-ddc6-4725-aed3-75e0a11a08a3,2026-07-22 15:09:00,2026-07-22 15:06:00,tester_05,2026-07-22 15:09:06,https://www.commcarehq.org/a/commcare-learn-ahmad/reports/form_data/8b1452c9-c25c-4e45-b5c7-5182d0e1e9a7/,tester_05,3.0
114,7187bde8-2fb2-4dcf-ac23-9fba1f306bd8,2026-05-29,Farmer Cooperative Centre,rice_seed maize_seed fertilizer goats,7.7,8.0,,62.7,1,,https://www.commcarehq.org/a/commcare-learn-ahmad/api/form_attachment/v1/7187bde8-2fb2-4dcf-ac23-9fba1f306bd8/signature.png,9756c8d5-9080-4299-9b4f-bfa7858b5068,2026-05-29 11:19:00,2026-05-29 11:16:00,tester_01,2026-05-29 11:19:12,https://www.commcarehq.org/a/commcare-learn-ahmad/reports/form_data/7187bde8-2fb2-4dcf-ac23-9fba1f306bd8/,tester_01,3.0
115,4c9f5da6-a45a-4daf-84ca-6dc7766c5d9e,2026-09-07,Extension Office,rice_seed maize_seed fertilizer goats,5.0,5.8,,76.9,2,,https://www.commcarehq.org/a/commcare-learn-ahmad/api/form_attachment/v1/4c9f5da6-a45a-4daf-84ca-6dc7766c5d9e/signature.png,172c685f-402d-432d-8061-972be7807144,2026-09-07 14:28:00,2026-09-07 14:25:00,tester_05,2026-09-07 14:28:18,https://www.commcarehq.org/a/commcare-learn-ahmad/reports/form_data/4c9f5da6-a45a-4daf-84ca-6dc7766c5d9e/,tester_05,3.0
116,e9dbbf93-bae9-4c9b-868d-5b1fc190a902,2026-09-17,Farmer Cooperative Centre,maize_seed fertilizer rice_seed,5.2,3.8,,37.4,,,https://www.commcarehq.org/a/commcare-learn-ahmad/api/form_attachment/v1/e9dbbf93-bae9-4c9b-868d-5b1fc190a902/signature.png,e4c7ffa8-33c9-4b1e-ab92-f7045a80ec7b,2026-09-17 09:56:00,2026-09-17 09:49:00,tester_01,2026-09-17 09:56:09,https://www.commcarehq.org/a/commcare-learn-ahmad/reports/form_data/e9dbbf93-bae9-4c9b-868d-5b1fc190a902/,tester_01,7.0
117,18c56b1b-8f64-4e39-9e02-52cdc0bbfcb4,2026-08-03,Extension Office,fertilizer,,,,44.8,,,https://www.commcarehq.org/a/commcare-learn-ahmad/api/form_attachment/v1/18c56b1b-8f64-4e39-9e02-52cdc0bbfcb4/signature.png,a4d846f2-8896-4975-b31b-78e436d98d6f,2026-08-03 12:55:00,2026-08-03 12:48:00,tester_02,2026-08-03 12:55:20,https://www.commcarehq.org/a/commcare-learn-ahmad/reports/form_data/18c56b1b-8f64-4e39-9e02-52cdc0bbfcb4/,tester_02,7.0
118,169a549d-5d99-4916-93ce-96c627addf25,2026-06-16,Community Hall,maize_seed fertilizer,7.1,,,42.0,,,https://www.commcarehq.org/a/commcare-learn-ahmad/api/form_attachment/v1/169a549d-5d99-4916-93ce-96c627addf25/signature.png,6e3cae33-8808-4061-9742-37c39ae3397a,2026-06-16 13:28:00,2026-06-16 13:21:00,tester_03,2026-06-16 13:28:09,https://www.commcarehq.org/a/commcare-learn-ahmad/reports/form_data/169a549d-5d99-4916-93ce-96c627addf25/,tester_03,7.0
119,6a55ad70-a985-4dc7-a79b-2fb3f0f728f8,2026-05-05,Community Hall,rice_seed fertilizer groundnut_seed,,5.6,6.4,97.9,,,https://www.commcarehq.org/a/commcare-learn-ahmad/api/form_attachment/v1/6a55ad70-a985-4dc7-a79b-2fb3f0f728f8/signature.png,94ad5b5f-f6ee-48f8-8523-4c307d1e4ddb,2026-05-05 09:59:00,2026-05-05 09:55:00,tester_02,2026-05-05 09:59:17,https://www.commcarehq.org/a/commcare-learn-ahmad/reports/form_data/6a55ad70-a985-4dc7-a79b-2fb3f0f728f8/,tester_02,4.0
120,36e8cb91-8a33-4f7a-84d8-3add5a2fcac8,2026-06-17,Farmer Cooperative Centre,rice_seed goats,,8.7,,,3,,https://www.commcarehq.org/a/commcare-learn-ahmad/api/form_attachment/v1/36e8cb91-8a33-4f7a-84d8-3add5a2fcac8/signature.png,c384fc60-4373-48d0-b69a-3e77ccbf9893,2026-06-17 14:43:00,2026-06-17 14:38:00,tester_02,2026-06-17 14:43:05,https://www.commcarehq.org/a/commcare-learn-ahmad/reports/form_data/36e8cb91-8a33-4f7a-84d8-3add5a2fcac8/,tester_02,5.0
121,4b649472-64fe-4141-ac3f-c8f41110cbdc,2026-04-01,Village Square,fertilizer maize_seed rice_seed groundnut_seed,3.1,2.6,5.1,63.7,,,https://www.commcarehq.org/a/commcare-learn-ahmad/api/form_attachment/v1/4b649472-64fe-4141-ac3f-c8f41110cbdc/signature.png,9e13f133-52c0-4cc3-81cc-1b3c94314881,2026-04-01 11:52:00,2026-04-01 11:49:00,tester_01,2026-04-01 11:52:18,https://www.commcarehq.org/a/commcare-learn-ahmad/reports/form_data/4b649472-64fe-4141-ac3f-c8f41110cbdc/,tester_01,3.0
122,02814b12-35b7-4261-8854-d5c2139c191b,2026-03-29,Village Square,rice_seed,,9.8,,,,,https://www.commcarehq.org/a/commcare-learn-ahmad/api/form_attachment/v1/02814b12-35b7-4261-8854-d5c2139c191b/signature.png,fbcbc961-08d0-4402-a8f8-98bbe81e17fe,2026-03-29 11:54:00,2026-03-29 11:49:00,tester_05,2026-03-29 11:54:15,https://www.commcarehq.org/a/commcare-learn-ahmad/reports/form_data/02814b12-35b7-4261-8854-d5c2139c191b/,tester_05,5.0
123,1d2977ba-cd2a-4149-85f9-96c14c00ed32,2026-03-23,Primary School,fertilizer rice_seed groundnut_seed maize_seed,7.4,7.0,3.9,95.7,,,https://www.commcarehq.org/a/commcare-learn-ahmad/api/form_attachment/v1/1d2977ba-cd2a-4149-85f9-96c14c00ed32/signature.png,bccb5c8b-a6cc-4617-af63-4cc18ae6463f,2026-03-23 09:22:00,2026-03-23 09:20:00,tester_03,2026-03-23 09:22:15,https://www.commcarehq.org/a/commcare-learn-ahmad/reports/form_data/1d2977ba-cd2a-4149-85f9-96c14c00ed32/,tester_03,2.0
124,7d6191ca-6776-431a-9469-17a0a0e2bddc,2026-04-29,Village Square,rabbits rice_seed groundnut_seed fertilizer maize_seed,4.8,7.0,4.4,97.3,,1,https://www.commcarehq.org/a/commcare-learn-ahmad/api/form_attachment/v1/7d6191ca-6776-431a-9469-17a0a0e2bddc/signature.png,2431a1a4-e71a-4b6b-a2a7-fa9b56def07f,2026-04-29 08:33:00,2026-04-29 08:28:00,tester_05,2026-04-29 08:33:16,https://www.commcarehq.org/a/commcare-learn-ahmad/reports/form_data/7d6191ca-6776-431a-9469-17a0a0e2bddc/,tester_05,5.0
125,ecaed24e-899c-4982-b922-c4ec770c1cc3,2026-05-18,Primary School,goats groundnut_seed rice_seed,,3.5,7.1,,3,,https://www.commcarehq.org/a/commcare-learn-ahmad/api/form_attachment/v1/ecaed24e-899c-4982-b922-c4ec770c1cc3/signature.png,caafe3a0-6105-426e-a79b-981c587384bd,2026-05-18 11:23:00,2026-05-18 11:16:00,tester_05,2026-05-18 11:23:05,https://www.commcarehq.org/a/commcare-learn-ahmad/reports/form_data/ecaed24e-899c-4982-b922-c4ec770c1cc3/,tester_05,7.0
126,f18d91da-e431-4d47-ba36-a16c9264740b,2026-06-18,Farmer Cooperative Centre,maize_seed rice_seed fertilizer,8.9,6.6,,39.1,,,https://www.commcarehq.org/a/commcare-learn-ahmad/api/form_attachment/v1/f18d91da-e431-4d47-ba36-a16c9264740b/signature.png,34a4d373-6f68-4bd6-82c9-99e64fd8a152,2026-06-18 13:36:00,2026-06-18 13:29:00,tester_06,2026-06-18 13:36:18,https://www.commcarehq.org/a/commcare-learn-ahmad/reports/form_data/f18d91da-e431-4d47-ba36-a16c9264740b/,tester_06,7.0
127,4e4c1c2b-418f-4015-95b1-c1242da9e570,2026-03-30,Extension Office,fertilizer rice_seed groundnut_seed,,3.0,7.3,53.9,,,https://www.commcarehq.org/a/commcare-learn-ahmad/api/form_attachment/v1/4e4c1c2b-418f-4015-95b1-c1242da9e570/signature.png,4a4b668b-7702-4e46-a4ce-43ca1374e7ce,2026-03-30 10:47:00,2026-03-30 10:39:00,tester_03,2026-03-30 10:47:10,https://www.commcarehq.org/a/commcare-learn-ahmad/reports/form_data/4e4c1c2b-418f-4015-95b1-c1242da9e570/,tester_03,8.0
128,161be677-8f9d-4dd2-b30e-14f20f012577,2026-06-11,Farmer Cooperative Centre,goats groundnut_seed fertilizer,,,4.6,35.3,3,,https://www.commcarehq.org/a/commcare-learn-ahmad/api/form_attachment/v1/161be677-8f9d-4dd2-b30e-14f20f012577/signature.png,69c81743-fa25-4c3b-aa93-127ca4f93cb4,2026-06-11 13:09:00,2026-06-11 13:03:00,tester_03,2026-06-11 13:09:10,https://www.commcarehq.org/a/commcare-learn-ahmad/reports/form_data/161be677-8f9d-4dd2-b30e-14f20f012577/,tester_03,6.0
129,1a6058dc-78c8-4978-8419-e66ccab19ac6,2026-05-21,Community Hall,fertilizer goats rice_seed,,8.7,,50.1,2,,https://www.commcarehq.org/a/commcare-learn-ahmad/api/form_attachment/v1/1a6058dc-78c8-4978-8419-e66ccab19ac6/signature.png,384e22c5-1e99-429b-ba50-6dc7c8bf76e2,2026-05-21 14:34:00,2026-05-21 14:28:00,tester_06,2026-05-21 14:34:07,https://www.commcarehq.org/a/commcare-learn-ahmad/reports/form_data/1a6058dc-78c8-4978-8419-e66ccab19ac6/,tester_06,6.0
130,62d9f181-33e8-4324-acf0-a72266282ef1,2026-04-08,Community Hall,groundnut_seed fertilizer rabbits,,,6.8,30.2,,1,https://www.commcarehq.org/a/commcare-learn-ahmad/api/form_attachment/v1/62d9f181-33e8-4324-acf0-a72266282ef1/signature.png,268b8161-58d5-4e11-ae45-6cddb144d1ed,2026-04-08 12:56:00,2026-04-08 12:53:00,tester_05,2026-04-08 12:56:11,https://www.commcarehq.org/a/commcare-learn-ahmad/reports/form_data/62d9f181-33e8-4324-acf0-a72266282ef1/,tester_05,3.0
131,6055aa59-b546-40ca-bcac-66509037a484,2026-05-10,Extension Office,fertilizer rice_seed groundnut_seed,,2.3,5.8,74.9,,,https://www.commcarehq.org/a/commcare-learn-ahmad/api/form_attachment/v1/6055aa59-b546-40ca-bcac-66509037a484/signature.png,0f295226-d6d3-4229-9f38-51bb48fc8d23,2026-05-10 15:26:00,2026-05-10 15:19:00,tester_04,2026-05-10 15:26:20,https://www.commcarehq.org/a/commcare-learn-ahmad/reports/form_data/6055aa59-b546-40ca-bcac-66509037a484/,tester_04,7.0
132,68fd07e3-e807-41f5-be81-3f3abef54211,2026-05-06,Village Square,rice_seed fertilizer,,9.2,,88.0,,,https://www.commcarehq.org/a/commcare-learn-ahmad/api/form_attachment/v1/68fd07e3-e807-41f5-be81-3f3abef54211/signature.png,d3e822dd-d406-40b3-8027-ec106a3740b3,2026-05-06 14:33:00,2026-05-06 14:25:00,tester_03,2026-05-06 14:33:17,https://www.commcarehq.org/a/commcare-learn-ahmad/reports/form_data/68fd07e3-e807-41f5-be81-3f3abef54211/,tester_03,8.0
133,6adf9143-57cc-46aa-8c08-523e5c37506e,2026-03-27,Farmer Cooperative Centre,fertilizer maize_seed,7.7,,,35.1,,,https://www.commcarehq.org/a/commcare-learn-ahmad/api/form_attachment/v1/6adf9143-57cc-46aa-8c08-523e5c37506e/signature.png,6538c50d-0cef-4675-9fdf-bb94cf7212c9,2026-03-27 15:14:00,2026-03-27 15:07:00,tester_07,2026-03-27 15:14:19,https://www.commcarehq.org/a/commcare-learn-ahmad/reports/form_data/6adf9143-57cc-46aa-8c08-523e5c37506e/,tester_07,7.0
134,8f606419-7184-4dba-a96d-9744004609e7,2026-05-26,Primary School,fertilizer groundnut_seed rice_seed,,3.4,2.6,29.0,,,https://www.commcarehq.org/a/commcare-learn-ahmad/api/form_attachment/v1/8f606419-7184-4dba-a96d-9744004609e7/signature.png,d08436e6-74c4-4a27-8cd5-56a3a9615504,2026-05-26 12:01:00,2026-05-26 11:56:00,tester_05,2026-05-26 12:01:05,https://www.commcarehq.org/a/commcare-learn-ahmad/reports/form_data/8f606419-7184-4dba-a96d-9744004609e7/,tester_05,5.0
135,e2aa3060-d924-4cfe-8b35-081cbb35f1bb,2026-04-20,Village Square,maize_seed fertilizer rabbits,5.1,,,39.0,,5,https://www.commcarehq.org/a/commcare-learn-ahmad/api/form_attachment/v1/e2aa3060-d924-4cfe-8b35-081cbb35f1bb/signature.png,9bf1a2bd-f1a0-4bf6-a83a-c643473e2290,2026-04-20 14:10:00,2026-04-20 14:03:00,tester_03,2026-04-20 14:10:08,https://www.commcarehq.org/a/commcare-learn-ahmad/reports/form_data/e2aa3060-d924-4cfe-8b35-081cbb35f1bb/,tester_03,7.0
136,ae446483-ef8b-4079-87ba-6205ca1d536f,2026-09-19,Extension Office,goats,,,,,2,,https://www.commcarehq.org/a/commcare-learn-ahmad/api/form_attachment/v1/ae446483-ef8b-4079-87ba-6205ca1d536f/signature.png,528a2205-dc72-4574-9dc8-cd0b92808581,2026-09-19 09:31:00,2026-09-19 09:28:00,tester_04,2026-09-19 09:31:05,https://www.commcarehq.org/a/commcare-learn-ahmad/reports/form_data/ae446483-ef8b-4079-87ba-6205ca1d536f/,tester_04,3.0
137,cb0c4e86-03b4-476a-a269-a811d0dde15a,2026-03-22,Farmer Cooperative Centre,maize_seed goats rice_seed fertilizer,9.6,5.0,,78.0,1,,https://www.commcarehq.org/a/commcare-learn-ahmad/api/form_attachment/v1/cb0c4e86-03b4-476a-a269-a811d0dde15a/signature.png,56d2dad8-bc4a-4b72-9189-c61b95d7fd3f,2026-03-22 12:54:00,2026-03-22 12:48:00,tester_01,2026-03-22 12:54:13,https://www.commcarehq.org/a/commcare-learn-ahmad/reports/form_data/cb0c4e86-03b4-476a-a269-a811d0dde15a/,tester_01,6.0
138,145d0153-f385-41c7-8aa2-c87dad78c20a,2026-08-07,Primary School,fertilizer maize_seed groundnut_seed rice_seed,5.8,8.7,6.7,74.2,,,https://www.commcarehq.org/a/commcare-learn-ahmad/api/form_attachment/v1/145d0153-f385-41c7-8aa2-c87dad78c20a/signature.png,4c0409f9-4381-499e-ae05-c2088366f3a4,2026-08-07 15:38:00,2026-08-07 15:31:00,tester_06,2026-08-07 15:38:18,https://www.commcarehq.org/a/commcare-learn-ahmad/reports/form_data/145d0153-f385-41c7-8aa2-c87dad78c20a/,tester_06,7.0
139,c0e11572-2aae-4719-b468-bbfd23c854fe,2026-04-09,Extension Office,maize_seed fertilizer groundnut_seed,8.8,,7.5,54.5,,,https://www.commcarehq.org/a/commcare-learn-ahmad/api/form_attachment/v1/c0e11572-2aae-4719-b468-bbfd23c854fe/signature.png,5219eeb9-6596-41b6-ae86-e8e85f41e8b0,2026-04-09 09:27:00,2026-04-09 09:19:00,tester_01,2026-04-09 09:27:19,https://www.commcarehq.org/a/commcare-learn-ahmad/reports/form_data/c0e11572-2aae-4719-b468-bbfd23c854fe/,tester_01,8.0
140,f3a58a1f-7f5d-4849-bded-322a5ad6be6c,2026-06-12,Primary School,groundnut_seed goats,,,2.0,,3,,https://www.commcarehq.org/a/commcare-learn-ahmad/api/form_attachment/v1/f3a58a1f-7f5d-4849-bded-322a5ad6be6c/signature.png,5d1d3734-9606-45e7-a6ce-9d533881a18d,2026-06-12 09:50:00,2026-06-12 09:48:00,tester_03,2026-06-12 09:50:16,https://www.commcarehq.org/a/commcare-learn-ahmad/reports/form_data/f3a58a1f-7f5d-4849-bded-322a5ad6be6c/,tester_03,2.0
141,6552c78e-fe18-43f3-8a7d-cf8682466fce,2026-04-01,Community Hall,fertilizer rice_seed maize_seed groundnut_seed,5.8,8.0,4.4,29.9,,,https://www.commcarehq.org/a/commcare-learn-ahmad/api/form_attachment/v1/6552c78e-fe18-43f3-8a7d-cf8682466fce/signature.png,7c09c48e-58b3-471f-bb9b-c7b2644617de,2026-04-01 08:26:00,2026-04-01 08:21:00,tester_05,2026-04-01 08:26:14,https://www.commcarehq.org/a/commcare-learn-ahmad/reports/form_data/6552c78e-fe18-43f3-8a7d-cf8682466fce/,tester_05,5.0
142,d3368b1f-4ffa-4668-ba00-df43012022d2,2026-06-01,Extension Office,fertilizer groundnut_seed goats rice_seed maize_seed,4.6,5.5,4.7,54.2,3,,https://www.commcarehq.org/a/commcare-learn-ahmad/api/form_attachment/v1/d3368b1f-4ffa-4668-ba00-df43012022d2/signature.png,110fe6f2-4064-4505-84d3-c921c94d3df0,2026-06-01 13:51:00,2026-06-01 13:49:00,tester_03,2026-06-01 13:51:16,https://www.commcarehq.org/a/commcare-learn-ahmad/reports/form_data/d3368b1f-4ffa-4668-ba00-df43012022d2/,tester_03,2.0
143,86fa5b7b-6cbb-4982-9106-0536026986b6,2026-06-28,Primary School,groundnut_seed,,,2.4,,,,https://www.commcarehq.org/a/commcare-learn-ahmad/api/form_attachment/v1/86fa5b7b-6cbb-4982-9106-0536026986b6/signature.png,bbe921a0-6691-40fc-a4da-d817026e1a2a,2026-06-28 14:34:00,2026-06-28 14:29:00,tester_03,2026-06-28 14:34:14,https://www.commcarehq.org/a/commcare-learn-ahmad/reports/form_data/86fa5b7b-6cbb-4982-9106-0536026986b6/,tester_03,5.0
144,66a3e938-825c-453e-8af9-4011c977b28a,2026-08-24,Farmer Cooperative Centre,maize_seed,6.0,,,,,,https://www.commcarehq.org/a/commcare-learn-ahmad/api/form_attachment/v1/66a3e938-825c-453e-8af9-4011c977b28a/signature.png,84e1ea2c-028c-41fc-9cfe-bdda31158f45,2026-08-24 12:03:00,2026-08-24 11:58:00,tester_06,2026-08-24 12:03:07,https://www.commcarehq.org/a/commcare-learn-ahmad/reports/form_data/66a3e938-825c-453e-8af9-4011c977b28a/,tester_06,5.0
145,8e839015-be90-42aa-a451-b215da49a70b,2026-07-03,Primary School,maize_seed goats,4.3,,,,2,,https://www.commcarehq.org/a/commcare-learn-ahmad/api/form_attachment/v1/8e839015-be90-42aa-a451-b215da49a70b/signature.png,8b1b2f93-319f-4dd7-96b2-0e221a18e622,2026-07-03 10:21:00,2026-07-03 10:13:00,tester_04,2026-07-03 10:21:10,https://www.commcarehq.org/a/commcare-learn-ahmad/reports/form_data/8e839015-be90-42aa-a451-b215da49a70b/,tester_04,8.0
146,94d27dd0-8e6a-4070-b9e2-57000b0a837e,2026-04-04,Village Square,maize_seed groundnut_seed rice_seed,2.5,2.3,6.3,,,,https://www.commcarehq.org/a/commcare-learn-ahmad/api/form_attachment/v1/94d27dd0-8e6a-4070-b9e2-57000b0a837e/signature.png,b7d75d18-f22e-4775-82c3-97245a134fa0,2026-04-04 09:52:00,2026-04-04 09:45:00,tester_05,2026-04-04 09:52:08,https://www.commcarehq.org/a/commcare-learn-ahmad/reports/form_data/94d27dd0-8e6a-4070-b9e2-57000b0a837e/,tester_05,7.0
147,0a25bae1-b825-4c1d-963a-a2e807032030,2026-06-20,Extension Office,groundnut_seed maize_seed fertilizer rabbits rice_seed,6.1,5.0,5.0,88.2,,3,https://www.commcarehq.org/a/commcare-learn-ahmad/api/form_attachment/v1/0a25bae1-b825-4c1d-963a-a2e807032030/signature.png,76b89352-8fab-4e54-99cc-e97263ae87d1,2026-06-20 15:35:00,2026-06-20 15:27:00,tester_01,2026-06-20 15:35:19,https://www.commcarehq.org/a/commcare-learn-ahmad/reports/form_data/0a25bae1-b825-4c1d-963a-a2e807032030/,tester_01,8.0
148,aeb74177-9fdf-4051-b384-7c763863e3c1,2026-04-20,Village Square,goats rice_seed fertilizer maize_seed groundnut_seed,9.1,4.8,4.7,65.8,3,,https://www.commcarehq.org/a/commcare-learn-ahmad/api/form_attachment/v1/aeb74177-9fdf-4051-b384-7c763863e3c1/signature.png,f6940516-8168-41cf-950b-e5c4574f2f52,2026-04-20 08:21:00,2026-04-20 08:15:00,tester_01,2026-04-20 08:21:11,https://www.commcarehq.org/a/commcare-learn-ahmad/reports/form_data/aeb74177-9fdf-4051-b384-7c763863e3c1/,tester_01,6.0
149,89525835-43d7-46aa-836a-baaf751b1495,2026-07-23,Primary School,goats maize_seed groundnut_seed fertilizer,9.4,,6.5,56.8,3,,https://www.commcarehq.org/a/commcare-learn-ahmad/api/form_attachment/v1/89525835-43d7-46aa-836a-baaf751b1495/signature.png,6ef1e04a-9ed8-4a79-8947-c59a1c580d00,2026-07-23 12:41:00,2026-07-23 12:36:00,tester_01,2026-07-23 12:41:06,https://www.commcarehq.org/a/commcare-learn-ahmad/reports/form_data/89525835-43d7-46aa-836a-baaf751b1495/,tester_01,5.0
150,302e8e40-25bf-480a-9000-8b149b5bce4c,2026-10-10,Farmer Cooperative Centre,maize_seed,3.6,,,,,,https://www.commcarehq.org/a/commcare-learn-ahmad/api/form_attachment/v1/302e8e40-25bf-480a-9000-8b149b5bce4c/signature.png,bfd74d77-3af7-427d-9c55-1d89cdccca25,2026-10-10 15:41:00,2026-10-10 15:39:00,tester_05,2026-10-10 15:41:05,https://www.commcarehq.org/a/commcare-learn-ahmad/reports/form_data/302e8e40-25bf-480a-9000-8b149b5bce4c/,tester_05,2.0
151,052b0bc5-6863-43cb-a41b-6995794fc96e,2026-04-26,Primary School,rice_seed goats groundnut_seed maize_seed fertilizer,4.9,9.9,7.3,29.3,3,,https://www.commcarehq.org/a/commcare-learn-ahmad/api/form_attachment/v1/052b0bc5-6863-43cb-a41b-6995794fc96e/signature.png,b99b7827-4aea-45e6-83b9-1487c58a7e76,2026-04-26 10:55:00,2026-04-26 10:48:00,tester_05,2026-04-26 10:55:19,https://www.commcarehq.org/a/commcare-learn-ahmad/reports/form_data/052b0bc5-6863-43cb-a41b-6995794fc96e/,tester_05,7.0
152,42e73ba9-d380-4eba-b072-f72803b083e2,2026-06-22,Extension Office,fertilizer,,,,98.6,,,https://www.commcarehq.org/a/commcare-learn-ahmad/api/form_attachment/v1/42e73ba9-d380-4eba-b072-f72803b083e2/signature.png,eb893fe3-de48-4b2c-a9df-fc01d1ccc325,2026-06-22 12:16:00,2026-06-22 12:10:00,tester_07,2026-06-22 12:16:11,https://www.commcarehq.org/a/commcare-learn-ahmad/reports/form_data/42e73ba9-d380-4eba-b072-f72803b083e2/,tester_07,6.0
153,90d20ffc-3c89-4ee4-a58f-d6ef2ff02d7a,2026-03-04,Village Square,fertilizer,,,,54.8,,,https://www.commcarehq.org/a/commcare-learn-ahmad/api/form_attachment/v1/90d20ffc-3c89-4ee4-a58f-d6ef2ff02d7a/signature.png,eeed33ba-2d92-46b4-9957-ae5f70687fb7,2026-03-04 10:48:00,2026-03-04 10:40:00,tester_05,2026-03-04 10:48:14,https://www.commcarehq.org/a/commcare-learn-ahmad/reports/form_data/90d20ffc-3c89-4ee4-a58f-d6ef2ff02d7a/,tester_05,8.0
154,bb433470-e10e-4c93-b784-e3044a6e9a24,2026-06-29,Farmer Cooperative Centre,fertilizer rice_seed maize_seed,3.7,7.2,,39.1,,,https://www.commcarehq.org/a/commcare-learn-ahmad/api/form_attachment/v1/bb433470-e10e-4c93-b784-e3044a6e9a24/signature.png,5839f5a6-7b93-42bd-8e39-0772d04e3227,2026-06-29 12:11:00,2026-06-29 12:07:00,tester_03,2026-06-29 12:11:19,https://www.commcarehq.org/a/commcare-learn-ahmad/reports/form_data/bb433470-e10e-4c93-b784-e3044a6e9a24/,tester_03,4.0
155,9586392e-51de-465c-b5c6-758257c2f6dc,2026-09-26,Extension Office,fertilizer maize_seed goats,5.3,,,66.4,3,,https://www.commcarehq.org/a/commcare-learn-ahmad/api/form_attachment/v1/9586392e-51de-465c-b5c6-758257c2f6dc/signature.png,bf17a319-1e54-418a-a1b4-2f88f139f7c9,2026-09-26 15:29:00,2026-09-26 15:22:00,tester_05,2026-09-26 15:29:06,https://www.commcarehq.org/a/commcare-learn-ahmad/reports/form_data/9586392e-51de-465c-b5c6-758257c2f6dc/,tester_05,7.0
156,4680f6e1-01af-484d-9eaa-38516c49de42,2026-08-11,Extension Office,maize_seed fertilizer,4.8,,,49.7,,,https://www.commcarehq.org/a/commcare-learn-ahmad/api/form_attachment/v1/4680f6e1-01af-484d-9eaa-38516c49de42/signature.png,481b56a3-3b74-481e-a8dc-ef3b0083e789,2026-08-11 09:47:00,2026-08-11 09:39:00,tester_01,2026-08-11 09:47:18,https://www.commcarehq.org/a/commcare-learn-ahmad/reports/form_data/4680f6e1-01af-484d-9eaa-38516c49de42/,tester_01,8.0
157,94bc47f6-b5d2-460b-990b-cd308ef31e47,2026-02-15,Community Hall,fertilizer,,,,46.4,,,https://www.commcarehq.org/a/commcare-learn-ahmad/api/form_attachment/v1/94bc47f6-b5d2-460b-990b-cd308ef31e47/signature.png,491843a6-18dc-4a29-bf2b-580484d54631,2026-02-15 14:23:00,2026-02-15 14:21:00,tester_03,2026-02-15 14:23:14,https://www.commcarehq.org/a/commcare-learn-ahmad/reports/form_data/94bc47f6-b5d2-460b-990b-cd308ef31e47/,tester_03,2.0
158,df930bec-352f-4b1c-9bdd-995550bb5507,2026-10-20,Primary School,groundnut_seed fertilizer,,,7.3,38.7,,,https://www.commcarehq.org/a/commcare-learn-ahmad/api/form_attachment/v1/df930bec-352f-4b1c-9bdd-995550bb5507/signature.png,64cbefc1-be59-467d-92f2-0ff89892044b,2026-10-20 09:44:00,2026-10-20 09:42:00,tester_04,2026-10-20 09:44:18,https://www.commcarehq.org/a/commcare-learn-ahmad/reports/form_data/df930bec-352f-4b1c-9bdd-995550bb5507/,tester_04,2.0
159,9762e2e9-6ae1-4ba5-bc46-be34edf66cd1,2026-09-11,Primary School,rice_seed groundnut_seed fertilizer,,3.7,5.6,65.3,,,https://www.commcarehq.org/a/commcare-learn-ahmad/api/form_attachment/v1/9762e2e9-6ae1-4ba5-bc46-be34edf66cd1/signature.png,a7d318bb-d063-4053-961d-eb7c196497c7,2026-09-11 08:24:00,2026-09-11 08:20:00,tester_03,2026-09-11 08:24:14,https://www.commcarehq.org/a/commcare-learn-ahmad/reports/form_data/9762e2e9-6ae1-4ba5-bc46-be34edf66cd1/,tester_03,4.0
160,bf24e316-4aa3-4d02-a4fc-9bd62441457c,2026-10-07,Farmer Cooperative Centre,fertilizer maize_seed rice_seed,2.1,5.0,,32.3,,,https://www.commcarehq.org/a/commcare-learn-ahmad/api/form_attachment/v1/bf24e316-4aa3-4d02-a4fc-9bd62441457c/signature.png,ac4e379d-4587-441b-9499-32bb4975d12f,2026-10-07 11:49:00,2026-10-07 11:45:00,tester_04,2026-10-07 11:49:08,https://www.commcarehq.org/a/commcare-learn-ahmad/reports/form_data/bf24e316-4aa3-4d02-a4fc-9bd62441457c/,tester_04,4.0
161,92117bad-e3ee-4b8e-b460-cb58734f0d0c,2026-05-24,Community Hall,fertilizer goats groundnut_seed,,,7.4,29.0,2,,https://www.commcarehq.org/a/commcare-learn-ahmad/api/form_attachment/v1/92117bad-e3ee-4b8e-b460-cb58734f0d0c/signature.png,ee536f03-af9a-49dd-bef0-4b82dcc0af54,2026-05-24 08:21:00,2026-05-24 08:14:00,tester_01,2026-05-24 08:21:06,https://www.commcarehq.org/a/commcare-learn-ahmad/reports/form_data/92117bad-e3ee-4b8e-b460-cb58734f0d0c/,tester_01,7.0
162,0589f53b-f8f5-40f3-a54f-d35b859216e5,2026-04-21,Primary School,goats fertilizer,,,,48.8,3,,https://www.commcarehq.org/a/commcare-learn-ahmad/api/form_attachment/v1/0589f53b-f8f5-40f3-a54f-d35b859216e5/signature.png,d662f067-7388-4efc-8fd1-079f8244c6bb,2026-04-21 08:20:00,2026-04-21 08:13:00,tester_06,2026-04-21 08:20:20,https://www.commcarehq.org/a/commcare-learn-ahmad/reports/form_data/0589f53b-f8f5-40f3-a54f-d35b859216e5/,tester_06,7.0
163,a8a60bd2-a151-4722-8925-5126729f272f,2026-02-21,Community Hall,fertilizer groundnut_seed,,,3.5,47.1,,,https://www.commcarehq.org/a/commcare-learn-ahmad/api/form_attachment/v1/a8a60bd2-a151-4722-8925-5126729f272f/signature.png,44281c67-bc07-4320-b9b6-168853d5ac84,2026-02-21 13:10:00,2026-02-21 13:04:00,tester_06,2026-02-21 13:10:16,https://www.commcarehq.org/a/commcare-learn-ahmad/reports/form_data/a8a60bd2-a151-4722-8925-5126729f272f/,tester_06,6.0
164,e9a4260b-a900-42ab-bb1a-ba2b0296e63b,2026-04-17,Farmer Cooperative Centre,rice_seed groundnut_seed fertilizer,,4.3,7.1,83.2,,,https://www.commcarehq.org/a/commcare-learn-ahmad/api/form_attachment/v1/e9a4260b-a900-42ab-bb1a-ba2b0296e63b/signature.png,acb99023-b22a-4b04-bdd6-cc2d4a1800d6,2026-04-17 13:27:00,2026-04-17 13:20:00,tester_07,2026-04-17 13:27:11,https://www.commcarehq.org/a/commcare-learn-ahmad/reports/form_data/e9a4260b-a900-42ab-bb1a-ba2b0296e63b/,tester_07,7.0
165,226e63af-7ecc-422e-a1f8-b8e3f71684d1,2026-05-08,Primary School,fertilizer groundnut_seed,,,3.7,68.5,,,https://www.commcarehq.org/a/commcare-learn-ahmad/api/form_attachment/v1/226e63af-7ecc-422e-a1f8-b8e3f71684d1/signature.png,d0bfc479-375f-40a2-b5b0-3e10ff9071e2,2026-05-08 14:02:00,2026-05-08 13:59:00,tester_04,2026-05-08 14:02:11,https://www.commcarehq.org/a/commcare-learn-ahmad/reports/form_data/226e63af-7ecc-422e-a1f8-b8e3f71684d1/,tester_04,3.0
166,e158b7d5-aa91-4322-b349-52423361d6c5,2026-05-19,Farmer Cooperative Centre,fertilizer rice_seed maize_seed,3.6,9.8,,44.0,,,https://www.commcarehq.org/a/commcare-learn-ahmad/api/form_attachment/v1/e158b7d5-aa91-4322-b349-52423361d6c5/signature.png,fd7dd9db-5dbf-4bc0-a6db-c48e8e4b505e,2026-05-19 10:26:00,2026-05-19 10:22:00,tester_06,2026-05-19 10:26:19,https://www.commcarehq.org/a/commcare-learn-ahmad/reports/form_data/e158b7d5-aa91-4322-b349-52423361d6c5/,tester_06,4.0
167,45d49732-8b0f-41e8-ba8e-0cc052449cdb,2026-03-13,Primary School,goats maize_seed fertilizer,4.4,,,29.8,2,,https://www.commcarehq.org/a/commcare-learn-ahmad/api/form_attachment/v1/45d49732-8b0f-41e8-ba8e-0cc052449cdb/signature.png,9e753c31-3dc0-40ef-bde5-13a19a7cc57d,2026-03-13 08:51:00,2026-03-13 08:47:00,tester_01,2026-03-13 08:51:19,https://www.commcarehq.org/a/commcare-learn-ahmad/reports/form_data/45d49732-8b0f-41e8-ba8e-0cc052449cdb/,tester_01,4.0
168,e8d2a2fc-741a-4ad7-8bcb-427010008360,2026-03-31,Community Hall,maize_seed fertilizer,4.4,,,70.3,,,https://www.commcarehq.org/a/commcare-learn-ahmad/api/form_attachment/v1/e8d2a2fc-741a-4ad7-8bcb-427010008360/signature.png,aa3de7b3-67d9-4cc6-97f5-819e54d29275,2026-03-31 15:11:00,2026-03-31 15:07:00,tester_06,2026-03-31 15:11:18,https://www.commcarehq.org/a/commcare-learn-ahmad/reports/form_data/e8d2a2fc-741a-4ad7-8bcb-427010008360/,tester_06,4.0
169,3f0ac652-bd0e-4219-8ff7-e1e78b073acd,2026-05-10,Extension Office,fertilizer groundnut_seed,,,4.6,37.0,,,https://www.commcarehq.org/a/commcare-learn-ahmad/api/form_attachment/v1/3f0ac652-bd0e-4219-8ff7-e1e78b073acd/signature.png,440c73f1-5a71-4ea3-9f19-c5afb1b5d7ff,2026-05-10 08:23:00,2026-05-10 08:19:00,tester_05,2026-05-10 08:23:20,https://www.commcarehq.org/a/commcare-learn-ahmad/reports/form_data/3f0ac652-bd0e-4219-8ff7-e1e78b073acd/,tester_05,4.0
170,ce40accd-2797-4967-802c-423c74768996,2026-04-18,Village Square,fertilizer rice_seed maize_seed,3.1,4.9,,97.6,,,https://www.commcarehq.org/a/commcare-learn-ahmad/api/form_attachment/v1/ce40accd-2797-4967-802c-423c74768996/signature.png,8be01457-9e45-4dd1-bdbe-4af190e8b01e,2026-04-18 15:18:00,2026-04-18 15:12:00,tester_06,2026-04-18 15:18:19,https://www.commcarehq.org/a/commcare-learn-ahmad/reports/form_data/ce40accd-2797-4967-802c-423c74768996/,tester_06,6.0
171,17bf1944-2045-4165-bf01-343d75b1be81,2026-08-18,Community Hall,fertilizer rice_seed maize_seed groundnut_seed goats,5.6,3.8,2.3,69.3,1,,https://www.commcarehq.org/a/commcare-learn-ahmad/api/form_attachment/v1/17bf1944-2045-4165-bf01-343d75b1be81/signature.png,ad170789-5579-4448-898a-82f7e9fdd99b,2026-08-18 11:58:00,2026-08-18 11:51:00,tester_02,2026-08-18 11:58:13,https://www.commcarehq.org/a/commcare-learn-ahmad/reports/form_data/17bf1944-2045-4165-bf01-343d75b1be81/,tester_02,7.0
172,8af1039e-44b2-4c6d-9bf8-63e596339b1a,2026-05-18,Extension Office,groundnut_seed maize_seed rabbits,3.2,,3.3,,,2,https://www.commcarehq.org/a/commcare-learn-ahmad/api/form_attachment/v1/8af1039e-44b2-4c6d-9bf8-63e596339b1a/signature.png,9f641f0a-9df0-47f5-916d-1d1146fb4913,2026-05-18 13:41:00,2026-05-18 13:39:00,tester_01,2026-05-18 13:41:16,https://www.commcarehq.org/a/commcare-learn-ahmad/reports/form_data/8af1039e-44b2-4c6d-9bf8-63e596339b1a/,tester_01,2.0
173,b54331d4-3071-41d7-953f-ceab8d3e1eb1,2026-04-18,Farmer Cooperative Centre,rice_seed maize_seed fertilizer,4.5,7.6,,63.6,,,https://www.commcarehq.org/a/commcare-learn-ahmad/api/form_attachment/v1/b54331d4-3071-41d7-953f-ceab8d3e1eb1/signature.png,675e8db1-1fd4-4871-97f4-64745d66e6bb,2026-04-18 10:43:00,2026-04-18 10:37:00,tester_01,2026-04-18 10:43:13,https://www.commcarehq.org/a/commcare-learn-ahmad/reports/form_data/b54331d4-3071-41d7-953f-ceab8d3e1eb1/,tester_01,6.0
174,e345095f-700d-435a-894e-c3e674b241d2,2026-06-04,Farmer Cooperative Centre,fertilizer,,,,61.2,,,https://www.commcarehq.org/a/commcare-learn-ahmad/api/form_attachment/v1/e345095f-700d-435a-894e-c3e674b241d2/signature.png,9c1b1094-a830-47af-8369-2d4154fe2eba,2026-06-04 14:52:00,2026-06-04 14:45:00,tester_07,2026-06-04 14:52:05,https://www.commcarehq.org/a/commcare-learn-ahmad/reports/form_data/e345095f-700d-435a-894e-c3e674b241d2/,tester_07,7.0
175,429cb3a8-6183-4bfd-b499-f648ff3852e4,2026-01-26,Village Square,groundnut_seed,,,5.5,,,,https://www.commcarehq.org/a/commcare-learn-ahmad/api/form_attachment/v1/429cb3a8-6183-4bfd-b499-f648ff3852e4/signature.png,39a20438-eb08-47c2-bae9-5a706ebbc890,2026-01-26 08:49:00,2026-01-26 08:41:00,tester_07,2026-01-26 08:49:17,https://www.commcarehq.org/a/commcare-learn-ahmad/reports/form_data/429cb3a8-6183-4bfd-b499-f648ff3852e4/,tester_07,8.0
176,1d75574a-c78c-4ca0-9b7c-9170f4e0c34f,2026-04-24,Primary School,goats groundnut_seed rabbits rice_seed,,8.3,6.3,,3,5,https://www.commcarehq.org/a/commcare-learn-ahmad/api/form_attachment/v1/1d75574a-c78c-4ca0-9b7c-9170f4e0c34f/signature.png,6c3559b8-817d-4da7-882f-42d45d0fad38,2026-04-24 09:49:00,2026-04-24 09:45:00,tester_01,2026-04-24 09:49:17,https://www.commcarehq.org/a/commcare-learn-ahmad/reports/form_data/1d75574a-c78c-4ca0-9b7c-9170f4e0c34f/,tester_01,4.0
177,5d01472b-aa4a-4d1e-aab1-44f643871b0e,2026-06-03,Farmer Cooperative Centre,groundnut_seed rice_seed maize_seed fertilizer,6.4,7.1,4.2,84.7,,,https://www.commcarehq.org/a/commcare-learn-ahmad/api/form_attachment/v1/5d01472b-aa4a-4d1e-aab1-44f643871b0e/signature.png,eb8b57c5-a0cb-4b0e-9da3-414ef519309a,2026-06-03 12:37:00,2026-06-03 12:31:00,tester_05,2026-06-03 12:37:12,https://www.commcarehq.org/a/commcare-learn-ahmad/reports/form_data/5d01472b-aa4a-4d1e-aab1-44f643871b0e/,tester_05,6.0
178,12f287af-b2ad-49bd-864f-d678fb74d4d3,2026-04-21,Community Hall,rice_seed fertilizer maize_seed rabbits,7.1,7.5,,79.9,,2,https://www.commcarehq.org/a/commcare-learn-ahmad/api/form_attachment/v1/12f287af-b2ad-49bd-864f-d678fb74d4d3/signature.png,9efb0996-cc12-450a-aea0-3a2c1599f468,2026-04-21 09:16:00,2026-04-21 09:08:00,tester_07,2026-04-21 09:16:20,https://www.commcarehq.org/a/commcare-learn-ahmad/reports/form_data/12f287af-b2ad-49bd-864f-d678fb74d4d3/,tester_07,8.0
179,c8ea9435-044a-45cb-886f-f0296c683620,2026-06-20,Village Square,groundnut_seed fertilizer,,,6.4,92.6,,,https://www.commcarehq.org/a/commcare-learn-ahmad/api/form_attachment/v1/c8ea9435-044a-45cb-886f-f0296c683620/signature.png,e0e9d966-a6f2-48d6-93bc-03e5a21a94b4,2026-06-20 13:09:00,2026-06-20 13:03:00,tester_01,2026-06-20 13:09:08,https://www.commcarehq.org/a/commcare-learn-ahmad/reports/form_data/c8ea9435-044a-45cb-886f-f0296c683620/,tester_01,6.0
180,cc08b4e5-b9ac-4250-b56e-d2ac47821c66,2026-05-09,Extension Office,groundnut_seed goats maize_seed,4.9,,2.9,,1,,https://www.commcarehq.org/a/commcare-learn-ahmad/api/form_attachment/v1/cc08b4e5-b9ac-4250-b56e-d2ac47821c66/signature.png,969860b1-0029-42a7-9d4d-46cb80a677f1,2026-05-09 11:29:00,2026-05-09 11:22:00,tester_02,2026-05-09 11:29:14,https://www.commcarehq.org/a/commcare-learn-ahmad/reports/form_data/cc08b4e5-b9ac-4250-b56e-d2ac47821c66/,tester_02,7.0
181,e0a3afaa-e6ef-4e3b-82bc-45faeb6e2280,2026-04-05,Community Hall,groundnut_seed fertilizer goats maize_seed rice_seed,3.8,2.0,4.5,88.5,3,,https://www.commcarehq.org/a/commcare-learn-ahmad/api/form_attachment/v1/e0a3afaa-e6ef-4e3b-82bc-45faeb6e2280/signature.png,95c8fae5-aab6-4562-b866-e2680f4c3b1e,2026-04-05 15:35:00,2026-04-05 15:31:00,tester_03,2026-04-05 15:35:17,https://www.commcarehq.org/a/commcare-learn-ahmad/reports/form_data/e0a3afaa-e6ef-4e3b-82bc-45faeb6e2280/,tester_03,4.0
182,0f7b35ac-cd96-4c15-84f9-405193db28cf,2026-04-28,Primary School,groundnut_seed fertilizer rice_seed goats,,6.2,7.7,84.7,2,,https://www.commcarehq.org/a/commcare-learn-ahmad/api/form_attachment/v1/0f7b35ac-cd96-4c15-84f9-405193db28cf/signature.png,ff252775-d7bf-4d71-ac36-bde731dadb97,2026-04-28 11:22:00,2026-04-28 11:15:00,tester_02,2026-04-28 11:22:15,https://www.commcarehq.org/a/commcare-learn-ahmad/reports/form_data/0f7b35ac-cd96-4c15-84f9-405193db28cf/,tester_02,7.0
183,2c262592-52e5-4fc3-a79e-2d32625c229c,2026-07-28,Community Hall,fertilizer maize_seed goats,9.3,,,27.3,1,,https://www.commcarehq.org/a/commcare-learn-ahmad/api/form_attachment/v1/2c262592-52e5-4fc3-a79e-2d32625c229c/signature.png,4dda61e4-27ec-4218-9647-c601a5d8ce72,2026-07-28 14:34:00,2026-07-28 14:31:00,tester_01,2026-07-28 14:34:07,https://www.commcarehq.org/a/commcare-learn-ahmad/reports/form_data/2c262592-52e5-4fc3-a79e-2d32625c229c/,tester_01,3.0
184,4c697d50-2a4b-41cf-8158-4348eb0566af,2026-06-13,Farmer Cooperative Centre,goats rice_seed,,5.1,,,1,,https://www.commcarehq.org/a/commcare-learn-ahmad/api/form_attachment/v1/4c697d50-2a4b-41cf-8158-4348eb0566af/signature.png,4a28edd3-75b3-4ee7-b799-d01bac2971df,2026-06-13 15:41:00,2026-06-13 15:37:00,tester_02,2026-06-13 15:41:20,https://www.commcarehq.org/a/commcare-learn-ahmad/reports/form_data/4c697d50-2a4b-41cf-8158-4348eb0566af/,tester_02,4.0
185,564b4899-f406-45ed-8808-28c9d9567cf9,2026-06-24,Community Hall,groundnut_seed rabbits fertilizer,,,7.1,51.8,,4,https://www.commcarehq.org/a/commcare-learn-ahmad/api/form_attachment/v1/564b4899-f406-45ed-8808-28c9d9567cf9/signature.png,ca044cdb-559a-4ff7-b57a-21211f656c7c,2026-06-24 11:26:00,2026-06-24 11:19:00,tester_05,2026-06-24 11:26:17,https://www.commcarehq.org/a/commcare-learn-ahmad/reports/form_data/564b4899-f406-45ed-8808-28c9d9567cf9/,tester_05,7.0
186,09043615-8ce0-4088-b3ba-92303430373c,2026-08-25,Farmer Cooperative Centre,fertilizer groundnut_seed rice_seed,,2.2,2.3,86.5,,,https://www.commcarehq.org/a/commcare-learn-ahmad/api/form_attachment/v1/09043615-8ce0-4088-b3ba-92303430373c/signature.png,4688c008-0de9-4bec-8ad0-e9cc76b6c36a,2026-08-25 11:45:00,2026-08-25 11:37:00,tester_02,2026-08-25 11:45:12,https://www.commcarehq.org/a/commcare-learn-ahmad/reports/form_data/09043615-8ce0-4088-b3ba-92303430373c/,tester_02,8.0
187,37a4ac90-a701-4dcf-99c3-fdf4d0b70f4c,2026-06-27,Primary School,maize_seed fertilizer rice_seed,8.2,7.8,,88.3,,,https://www.commcarehq.org/a/commcare-learn-ahmad/api/form_attachment/v1/37a4ac90-a701-4dcf-99c3-fdf4d0b70f4c/signature.png,3d6ffc3a-d0fb-4c0d-9544-cf4bc9eb3977,2026-06-27 09:49:00,2026-06-27 09:41:00,tester_06,2026-06-27 09:49:20,https://www.commcarehq.org/a/commcare-learn-ahmad/reports/form_data/37a4ac90-a701-4dcf-99c3-fdf4d0b70f4c/,tester_06,8.0
188,b933492e-0bee-4e8e-af22-cd3ffe019d69,2026-06-18,Farmer Cooperative Centre,fertilizer rabbits,,,,75.6,,1,https://www.commcarehq.org/a/commcare-learn-ahmad/api/form_attachment/v1/b933492e-0bee-4e8e-af22-cd3ffe019d69/signature.png,9bf5849e-37bd-4927-a794-afe669e8340c,2026-06-18 12:58:00,2026-06-18 12:55:00,tester_07,2026-06-18 12:58:05,https://www.commcarehq.org/a/commcare-learn-ahmad/reports/form_data/b933492e-0bee-4e8e-af22-cd3ffe019d69/,tester_07,3.0
189,c4d43c75-b429-4b32-9655-5bf9322e8c64,2026-08-26,Community Hall,maize_seed rice_seed,5.2,4.8,,,,,https://www.commcarehq.org/a/commcare-learn-ahmad/api/form_attachment/v1/c4d43c75-b429-4b32-9655-5bf9322e8c64/signature.png,0f81b1f2-ffbc-4d64-be29-92add0c32144,2026-08-26 09:10:00,2026-08-26 09:08:00,tester_02,2026-08-26 09:10:09,https://www.commcarehq.org/a/commcare-learn-ahmad/reports/form_data/c4d43c75-b429-4b32-9655-5bf9322e8c64/,tester_02,2.0
190,c837f065-cbd6-485b-8cae-390e37b08434,2026-05-08,Extension Office,goats rice_seed maize_seed,5.6,5.9,,,2,,https://www.commcarehq.org/a/commcare-learn-ahmad/api/form_attachment/v1/c837f065-cbd6-485b-8cae-390e37b08434/signature.png,a4ff69d9-a2db-4bea-90ff-7daa87b58c87,2026-05-08 12:57:00,2026-05-08 12:50:00,tester_01,2026-05-08 12:57:19,https://www.commcarehq.org/a/commcare-learn-ahmad/reports/form_data/c837f065-cbd6-485b-8cae-390e37b08434/,tester_01,7.0
191,c63bb7a8-4e41-4a51-bebf-bd0d3782e40c,2026-06-27,Farmer Cooperative Centre,fertilizer groundnut_seed,,,3.8,55.2,,,https://www.commcarehq.org/a/commcare-learn-ahmad/api/form_attachment/v1/c63bb7a8-4e41-4a51-bebf-bd0d3782e40c/signature.png,d7a551a3-e2b1-4a7f-b56b-40083573fd3a,2026-06-27 12:57:00,2026-06-27 12:55:00,tester_05,2026-06-27 12:57:20,https://www.commcarehq.org/a/commcare-learn-ahmad/reports/form_data/c63bb7a8-4e41-4a51-bebf-bd0d3782e40c/,tester_05,2.0
192,742aba62-9d90-4023-b2c0-fecb6983c61c,2026-07-06,Primary School,groundnut_seed maize_seed rice_seed goats,7.9,5.6,5.8,,2,,https://www.commcarehq.org/a/commcare-learn-ahmad/api/form_attachment/v1/742aba62-9d90-4023-b2c0-fecb6983c61c/signature.png,7c791106-7b9a-4fa9-950b-f16885cc8fe6,2026-07-06 10:41:00,2026-07-06 10:36:00,tester_02,2026-07-06 10:41:06,https://www.commcarehq.org/a/commcare-learn-ahmad/reports/form_data/742aba62-9d90-4023-b2c0-fecb6983c61c/,tester_02,5.0
193,79c6ba73-0574-4d4f-8d8d-db73efc4abfa,2026-03-07,Community Hall,maize_seed groundnut_seed rice_seed,3.9,7.1,7.4,,,,https://www.commcarehq.org/a/commcare-learn-ahmad/api/form_attachment/v1/79c6ba73-0574-4d4f-8d8d-db73efc4abfa/signature.png,23e3b549-9dca-4cfa-883a-3e1e0d43832a,2026-03-07 12:10:00,2026-03-07 12:03:00,tester_01,2026-03-07 12:10:08,https://www.commcarehq.org/a/commcare-learn-ahmad/reports/form_data/79c6ba73-0574-4d4f-8d8d-db73efc4abfa/,tester_01,7.0
194,09544a14-b8a7-4f38-b537-6614038e4752,2026-03-16,Farmer Cooperative Centre,maize_seed,5.2,,,,,,https://www.commcarehq.org/a/commcare-learn-ahmad/api/form_attachment/v1/09544a14-b8a7-4f38-b537-6614038e4752/signature.png,915c2996-a7ac-4383-a5dd-0a2233e827d1,2026-03-16 15:04:00,2026-03-16 15:00:00,tester_06,2026-03-16 15:04:15,https://www.commcarehq.org/a/commcare-learn-ahmad/reports/form_data/09544a14-b8a7-4f38-b537-6614038e4752/,tester_06,4.0
195,06fba185-5cdb-46eb-a6a2-ffb6d972f126,2026-04-14,Farmer Cooperative Centre,fertilizer maize_seed,2.3,,,64.7,,,https://www.commcarehq.org/a/commcare-learn-ahmad/api/form_attachment/v1/06fba185-5cdb-46eb-a6a2-ffb6d972f126/signature.png,596ffd86-ddab-4c2a-a8a6-81006c2256e8,2026-04-14 15:09:00,2026-04-14 15:02:00,tester_06,2026-04-14 15:09:13,https://www.commcarehq.org/a/commcare-learn-ahmad/reports/form_data/06fba185-5cdb-46eb-a6a2-ffb6d972f126/,tester_06,7.0
196,f0f2d101-de33-40fe-813e-750a1b4dae70,2026-06-29,Extension Office,fertilizer groundnut_seed,,,5.5,68.8,,,https://www.commcarehq.org/a/commcare-learn-ahmad/api/form_attachment/v1/f0f2d101-de33-40fe-813e-750a1b4dae70/signature.png,c77b4744-3e29-470d-83c0-909cf9a951d7,2026-06-29 09:02:00,2026-06-29 09:00:00,tester_02,2026-06-29 09:02:17,https://www.commcarehq.org/a/commcare-learn-ahmad/reports/form_data/f0f2d101-de33-40fe-813e-750a1b4dae70/,tester_02,2.0
197,6f291264-8ae6-4c7f-b4d1-d13d5288d32e,2026-03-17,Community Hall,maize_seed groundnut_seed,6.1,,4.4,,,,https://www.commcarehq.org/a/commcare-learn-ahmad/api/form_attachment/v1/6f291264-8ae6-4c7f-b4d1-d13d5288d32e/signature.png,64e8d481-1835-4014-b17d-f5081911b831,2026-03-17 08:28:00,2026-03-17 08:21:00,tester_02,2026-03-17 08:28:08,https://www.commcarehq.org/a/commcare-learn-ahmad/reports/form_data/6f291264-8ae6-4c7f-b4d1-d13d5288d32e/,tester_02,7.0
198,bd029e4a-4cea-4718-8b34-81d0d41c8a46,2026-08-18,Extension Office,goats,,,,,3,,https://www.commcarehq.org/a/commcare-learn-ahmad/api/form_attachment/v1/bd029e4a-4cea-4718-8b34-81d0d41c8a46/signature.png,083d4844-5fb3-46e2-b4e2-dd9a7dcf3693,2026-08-18 14:12:00,2026-08-18 14:04:00,tester_01,2026-08-18 14:12:10,https://www.commcarehq.org/a/commcare-learn-ahmad/reports/form_data/bd029e4a-4cea-4718-8b34-81d0d41c8a46/,tester_01,8.0
199,cfaa703f-90a1-422f-894c-4046d2dde1ab,2026-07-09,Primary School,maize_seed fertilizer,5.2,,,30.4,,,https://www.commcarehq.org/a/commcare-learn-ahmad/api/form_attachment/v1/cfaa703f-90a1-422f-894c-4046d2dde1ab/signature.png,87881dea-4d90-4c10-91f0-1a1756e94ca8,2026-07-09 12:34:00,2026-07-09 12:28:00,tester_05,2026-07-09 12:34:09,https://www.commcarehq.org/a/commcare-learn-ahmad/reports/form_data/cfaa703f-90a1-422f-894c-4046d2dde1ab/,tester_05,6.0
200,d29b39b9-e2d5-4b06-9ab0-2d1898f95a7a,2026-03-08,Community Hall,fertilizer rice_seed,,6.4,,86.7,,,https://www.commcarehq.org/a/commcare-learn-ahmad/api/form_attachment/v1/d29b39b9-e2d5-4b06-9ab0-2d1898f95a7a/signature.png,84258e16-abb5-4924-982c-42c394bcefb2,2026-03-08 11:46:00,2026-03-08 11:40:00,tester_02,2026-03-08 11:46:20,https://www.commcarehq.org/a/commcare-learn-ahmad/reports/form_data/d29b39b9-e2d5-4b06-9ab0-2d1898f95a7a/,tester_02,6.0
201,736d4006-8866-4cf9-a1af-ce89987d49fd,2026-06-27,Village Square,rice_seed goats fertilizer,,3.4,,42.2,3,,https://www.commcarehq.org/a/commcare-learn-ahmad/api/form_attachment/v1/736d4006-8866-4cf9-a1af-ce89987d49fd/signature.png,637f864e-cb7a-4f24-842f-0d546ccb206f,2026-06-27 11:02:00,2026-06-27 10:57:00,tester_01,2026-06-27 11:02:15,https://www.commcarehq.org/a/commcare-learn-ahmad/reports/form_data/736d4006-8866-4cf9-a1af-ce89987d49fd/,tester_01,5.0
202,d55a429c-e9c0-45a0-a6b1-302c3eb65903,2026-02-23,Extension Office,fertilizer maize_seed,7.2,,,66.5,,,https://www.commcarehq.org/a/commcare-learn-ahmad/api/form_attachment/v1/d55a429c-e9c0-45a0-a6b1-302c3eb65903/signature.png,f4bad5d4-1e73-4372-bb92-acd0cf31ef27,2026-02-23 11:18:00,2026-02-23 11:11:00,tester_01,2026-02-23 11:18:09,https://www.commcarehq.org/a/commcare-learn-ahmad/reports/form_data/d55a429c-e9c0-45a0-a6b1-302c3eb65903/,tester_01,7.0
203,8f4e3808-0b03-4654-9b4d-a92789ef60c2,2026-03-31,Community Hall,maize_seed,7.0,,,,,,https://www.commcarehq.org/a/commcare-learn-ahmad/api/form_attachment/v1/8f4e3808-0b03-4654-9b4d-a92789ef60c2/signature.png,e74c77f3-9a6f-4ddc-8f23-b95e09c1b630,2026-03-31 14:33:00,2026-03-31 14:26:00,tester_04,2026-03-31 14:33:16,https://www.commcarehq.org/a/commcare-learn-ahmad/reports/form_data/8f4e3808-0b03-4654-9b4d-a92789ef60c2/,tester_04,7.0
204,18ea9c6a-a77f-4da4-ac6f-53d933e8a0cc,2026-07-24,Primary School,rice_seed,,3.9,,,,,https://www.commcarehq.org/a/commcare-learn-ahmad/api/form_attachment/v1/18ea9c6a-a77f-4da4-ac6f-53d933e8a0cc/signature.png,83e1487a-1e9c-452f-bf6d-a3953224db17,2026-07-24 09:33:00,2026-07-24 09:25:00,tester_05,2026-07-24 09:33:19,https://www.commcarehq.org/a/commcare-learn-ahmad/reports/form_data/18ea9c6a-a77f-4da4-ac6f-53d933e8a0cc/,tester_05,8.0
205,b2891386-4eb6-49ea-a2c0-78442d2992fe,2026-07-06,Farmer Cooperative Centre,maize_seed fertilizer,8.8,,,75.2,,,https://www.commcarehq.org/a/commcare-learn-ahmad/api/form_attachment/v1/b2891386-4eb6-49ea-a2c0-78442d2992fe/signature.png,c9040906-e970-452c-8360-2aa6f5489cff,2026-07-06 12:43:00,2026-07-06 12:36:00,tester_06,2026-07-06 12:43:17,https://www.commcarehq.org/a/commcare-learn-ahmad/reports/form_data/b2891386-4eb6-49ea-a2c0-78442d2992fe/,tester_06,7.0
206,63df516b-0f87-42a2-8316-001ef786c355,2026-06-09,Extension Office,rabbits fertilizer groundnut_seed goats,,,6.4,26.2,1,2,https://www.commcarehq.org/a/commcare-learn-ahmad/api/form_attachment/v1/63df516b-0f87-42a2-8316-001ef786c355/signature.png,8cdc25e3-44a9-42d1-9ae9-d4229bf4cd95,2026-06-09 13:15:00,2026-06-09 13:12:00,tester_03,2026-06-09 13:15:07,https://www.commcarehq.org/a/commcare-learn-ahmad/reports/form_data/63df516b-0f87-42a2-8316-001ef786c355/,tester_03,3.0
207,a9f62e02-5dd6-495b-9ece-1dcfe88c741a,2026-02-02,Village Square,rice_seed groundnut_seed,,4.9,7.1,,,,https://www.commcarehq.org/a/commcare-learn-ahmad/api/form_attachment/v1/a9f62e02-5dd6-495b-9ece-1dcfe88c741a/signature.png,9ec8b814-acfe-49e8-b4fe-0267035d56e5,2026-02-02 15:23:00,2026-02-02 15:16:00,tester_01,2026-02-02 15:23:16,https://www.commcarehq.org/a/commcare-learn-ahmad/reports/form_data/a9f62e02-5dd6-495b-9ece-1dcfe88c741a/,tester_01,7.0
208,e0873ce2-25f7-4798-97e5-cd562f1c4f17,2026-07-10,Community Hall,groundnut_seed,,,3.3,,,,https://www.commcarehq.org/a/commcare-learn-ahmad/api/form_attachment/v1/e0873ce2-25f7-4798-97e5-cd562f1c4f17/signature.png,7ed389a3-7330-45ad-93d9-b731c9a6b5c2,2026-07-10 11:46:00,2026-07-10 11:43:00,tester_01,2026-07-10 11:46:08,https://www.commcarehq.org/a/commcare-learn-ahmad/reports/form_data/e0873ce2-25f7-4798-97e5-cd562f1c4f17/,tester_01,3.0
209,cacbd5cb-9255-4143-8456-b4927b9b6f0d,2026-06-10,Community Hall,fertilizer,,,,79.5,,,https://www.commcarehq.org/a/commcare-learn-ahmad/api/form_attachment/v1/cacbd5cb-9255-4143-8456-b4927b9b6f0d/signature.png,892c1f00-f4c8-4fb7-86a9-593ef2d15ceb,2026-06-10 11:39:00,2026-06-10 11:32:00,tester_02,2026-06-10 11:39:06,https://www.commcarehq.org/a/commcare-learn-ahmad/reports/form_data/cacbd5cb-9255-4143-8456-b4927b9b6f0d/,tester_02,7.0
210,039d953b-c271-44d6-8da6-8c1e70aac949,2026-07-31,Extension Office,rice_seed fertilizer goats rabbits,,2.8,,71.0,3,3,https://www.commcarehq.org/a/commcare-learn-ahmad/api/form_attachment/v1/039d953b-c271-44d6-8da6-8c1e70aac949/signature.png,27413b0e-0407-499d-926e-d3fff1f139a8,2026-07-31 16:02:00,2026-07-31 15:55:00,tester_04,2026-07-31 16:02:15,https://www.commcarehq.org/a/commcare-learn-ahmad/reports/form_data/039d953b-c271-44d6-8da6-8c1e70aac949/,tester_04,7.0
211,9596ccf2-c3f1-449e-a8aa-323d2bef7b4a,2026-09-22,Farmer Cooperative Centre,rice_seed fertilizer groundnut_seed,,4.6,3.4,62.7,,,https://www.commcarehq.org/a/commcare-learn-ahmad/api/form_attachment/v1/9596ccf2-c3f1-449e-a8aa-323d2bef7b4a/signature.png,d51802d4-f7dd-4a54-b1cb-de8afc690732,2026-09-22 10:11:00,2026-09-22 10:04:00,tester_06,2026-09-22 10:11:10,https://www.commcarehq.org/a/commcare-learn-ahmad/reports/form_data/9596ccf2-c3f1-449e-a8aa-323d2bef7b4a/,tester_06,7.0
212,3a37aa54-3c3f-4294-9861-45b2aee78037,2026-06-21,Community Hall,fertilizer maize_seed,9.1,,,59.1,,,https://www.commcarehq.org/a/commcare-learn-ahmad/api/form_attachment/v1/3a37aa54-3c3f-4294-9861-45b2aee78037/signature.png,e1162f79-39fc-4efc-94fc-7a39a06cff16,2026-06-21 10:10:00,2026-06-21 10:06:00,tester_03,2026-06-21 10:10:08,https://www.commcarehq.org/a/commcare-learn-ahmad/reports/form_data/3a37aa54-3c3f-4294-9861-45b2aee78037/,tester_03,4.0
213,9b7d885c-021f-4e5d-9470-49b3baf2413a,2026-05-18,Community Hall,groundnut_seed fertilizer,,,4.6,68.5,,,https://www.commcarehq.org/a/commcare-learn-ahmad/api/form_attachment/v1/9b7d885c-021f-4e5d-9470-49b3baf2413a/signature.png,db527553-711e-478a-8f8c-f16c55d97a4f,2026-05-18 15:52:00,2026-05-18 15:50:00,tester_04,2026-05-18 15:52:16,https://www.commcarehq.org/a/commcare-learn-ahmad/reports/form_data/9b7d885c-021f-4e5d-9470-49b3baf2413a/,tester_04,2.0
214,2f0a31ab-73b8-471d-9e59-4a77ecdf57e6,2026-07-15,Farmer Cooperative Centre,goats fertilizer,,,,76.5,2,,https://www.commcarehq.org/a/commcare-learn-ahmad/api/form_attachment/v1/2f0a31ab-73b8-471d-9e59-4a77ecdf57e6/signature.png,47136812-e48f-4252-a1cd-e6434b904324,2026-07-15 11:12:00,2026-07-15 11:08:00,tester_02,2026-07-15 11:12:19,https://www.commcarehq.org/a/commcare-learn-ahmad/reports/form_data/2f0a31ab-73b8-471d-9e59-4a77ecdf57e6/,tester_02,4.0
215,a2021cc7-6774-4075-9c85-7fbf34cf705c,2026-06-09,Farmer Cooperative Centre,maize_seed goats,9.7,,,,2,,https://www.commcarehq.org/a/commcare-learn-ahmad/api/form_attachment/v1/a2021cc7-6774-4075-9c85-7fbf34cf705c/signature.png,f9e730d9-f525-468e-b64a-c68537911a50,2026-06-09 13:28:00,2026-06-09 13:24:00,tester_06,2026-06-09 13:28:16,https://www.commcarehq.org/a/commcare-learn-ahmad/reports/form_data/a2021cc7-6774-4075-9c85-7fbf34cf705c/,tester_06,4.0
216,e005a64b-e488-4dce-b624-c919224b514e,2026-07-06,Primary School,rice_seed fertilizer,,5.9,,93.8,,,https://www.commcarehq.org/a/commcare-learn-ahmad/api/form_attachment/v1/e005a64b-e488-4dce-b624-c919224b514e/signature.png,745cf354-9ccb-424e-9643-8f96d11a30dc,2026-07-06 12:28:00,2026-07-06 12:21:00,tester_07,2026-07-06 12:28:17,https://www.commcarehq.org/a/commcare-learn-ahmad/reports/form_data/e005a64b-e488-4dce-b624-c919224b514e/,tester_07,7.0
217,261be2ae-0da1-401e-a8dd-6200e3bff715,2026-04-15,Extension Office,fertilizer groundnut_seed rice_seed,,7.4,5.6,50.1,,,https://www.commcarehq.org/a/commcare-learn-ahmad/api/form_attachment/v1/261be2ae-0da1-401e-a8dd-6200e3bff715/signature.png,4f2d9b7f-28a5-446b-8bea-2584ec5c7dd9,2026-04-15 09:32:00,2026-04-15 09:28:00,tester_01,2026-04-15 09:32:05,https://www.commcarehq.org/a/commcare-learn-ahmad/reports/form_data/261be2ae-0da1-401e-a8dd-6200e3bff715/,tester_01,4.0
218,36d6a2ab-8d60-4c46-8b2b-9b4bb4cd92df,2026-02-28,Farmer Cooperative Centre,maize_seed groundnut_seed fertilizer,9.8,,3.5,84.6,,,https://www.commcarehq.org/a/commcare-learn-ahmad/api/form_attachment/v1/36d6a2ab-8d60-4c46-8b2b-9b4bb4cd92df/signature.png,560c0652-7f99-4846-9002-976357498496,2026-02-28 11:34:00,2026-02-28 11:27:00,tester_05,2026-02-28 11:34:20,https://www.commcarehq.org/a/commcare-learn-ahmad/reports/form_data/36d6a2ab-8d60-4c46-8b2b-9b4bb4cd92df/,tester_05,7.0
219,d442b12f-2cdf-41e4-b56d-c15291e9cf91,2026-07-15,Community Hall,rice_seed fertilizer,,6.2,,62.3,,,https://www.commcarehq.org/a/commcare-learn-ahmad/api/form_attachment/v1/d442b12f-2cdf-41e4-b56d-c15291e9cf91/signature.png,b15a7815-d62c-4e7b-8ef7-c294526090e7,2026-07-15 11:33:00,2026-07-15 11:27:00,tester_02,2026-07-15 11:33:08,https://www.commcarehq.org/a/commcare-learn-ahmad/reports/form_data/d442b12f-2cdf-41e4-b56d-c15291e9cf91/,tester_02,6.0
220,68177019-fbaf-4f5e-a26c-7477a509b371,2026-04-28,Village Square,rice_seed goats rabbits fertilizer,,6.2,,52.3,2,2,https://www.commcarehq.org/a/commcare-learn-ahmad/api/form_attachment/v1/68177019-fbaf-4f5e-a26c-7477a509b371/signature.png,f343a82c-0a7f-43a7-b3b4-d37e26adfe8c,2026-04-28 15:59:00,2026-04-28 15:55:00,tester_03,2026-04-28 15:59:10,https://www.commcarehq.org/a/commcare-learn-ahmad/reports/form_data/68177019-fbaf-4f5e-a26c-7477a509b371/,tester_03,4.0
221,e90a95b7-7fdc-4a5b-94d6-8eecd9b7595c,2026-05-26,Farmer Cooperative Centre,fertilizer maize_seed goats rice_seed,7.6,6.6,,99.2,1,,https://www.commcarehq.org/a/commcare-learn-ahmad/api/form_attachment/v1/e90a95b7-7fdc-4a5b-94d6-8eecd9b7595c/signature.png,39ba01b9-674d-4364-a559-7b1aba9440df,2026-05-26 12:30:00,2026-05-26 12:23:00,tester_04,2026-05-26 12:30:10,https://www.commcarehq.org/a/commcare-learn-ahmad/reports/form_data/e90a95b7-7fdc-4a5b-94d6-8eecd9b7595c/,tester_04,7.0
222,fd6f8859-6cba-4e51-8e21-0771f9f04313,2026-04-30,Community Hall,groundnut_seed,,,6.3,,,,https://www.commcarehq.org/a/commcare-learn-ahmad/api/form_attachment/v1/fd6f8859-6cba-4e51-8e21-0771f9f04313/signature.png,7f85942d-c0f3-4f7d-ad08-01fd94204180,2026-04-30 08:52:00,2026-04-30 08:48:00,tester_02,2026-04-30 08:52:12,https://www.commcarehq.org/a/commcare-learn-ahmad/reports/form_data/fd6f8859-6cba-4e51-8e21-0771f9f04313/,tester_02,4.0
223,ad03d4f0-06e7-45a0-8d61-08c7b8841b29,2026-04-14,Primary School,fertilizer,,,,94.0,,,https://www.commcarehq.org/a/commcare-learn-ahmad/api/form_attachment/v1/ad03d4f0-06e7-45a0-8d61-08c7b8841b29/signature.png,0b24a988-159f-48ab-8cdc-570d863ec9ef,2026-04-14 15:28:00,2026-04-14 15:20:00,tester_07,2026-04-14 15:28:07,https://www.commcarehq.org/a/commcare-learn-ahmad/reports/form_data/ad03d4f0-06e7-45a0-8d61-08c7b8841b29/,tester_07,8.0
224,810835ee-2cdf-4be8-9664-9ab819b51327,2026-02-09,Village Square,groundnut_seed,,,5.5,,,,https://www.commcarehq.org/a/commcare-learn-ahmad/api/form_attachment/v1/810835ee-2cdf-4be8-9664-9ab819b51327/signature.png,8b4e6ac1-4d38-44b1-a948-005220bdf7d8,2026-02-09 11:52:00,2026-02-09 11:48:00,tester_05,2026-02-09 11:52:10,https://www.commcarehq.org/a/commcare-learn-ahmad/reports/form_data/810835ee-2cdf-4be8-9664-9ab819b51327/,tester_05,4.0
225,4d6f56a7-111d-4f64-a4a3-200b02f02641,2026-07-17,Primary School,maize_seed rabbits fertilizer,3.6,,,51.0,,2,https://www.commcarehq.org/a/commcare-learn-ahmad/api/form_attachment/v1/4d6f56a7-111d-4f64-a4a3-200b02f02641/signature.png,95bdd2c3-7a29-4648-be3c-6cb5bb8390a4,2026-07-17 10:30:00,2026-07-17 10:22:00,tester_07,2026-07-17 10:30:17,https://www.commcarehq.org/a/commcare-learn-ahmad/reports/form_data/4d6f56a7-111d-4f64-a4a3-200b02f02641/,tester_07,8.0
226,1f919120-316e-49dd-89c1-6b9b8fa45df7,2026-02-18,Farmer Cooperative Centre,rice_seed,,3.4,,,,,https://www.commcarehq.org/a/commcare-learn-ahmad/api/form_attachment/v1/1f919120-316e-49dd-89c1-6b9b8fa45df7/signature.png,e6a4214f-31c2-49b0-899a-c743c7b0af08,2026-02-18 16:00:00,2026-02-18 15:58:00,tester_01,2026-02-18 16:00:13,https://www.commcarehq.org/a/commcare-learn-ahmad/reports/form_data/1f919120-316e-49dd-89c1-6b9b8fa45df7/,tester_01,2.0
227,ce0bc31f-2b5d-4c16-aa84-8e13988ec031,2026-02-20,Extension Office,fertilizer rice_seed,,9.2,,65.5,,,https://www.commcarehq.org/a/commcare-learn-ahmad/api/form_attachment/v1/ce0bc31f-2b5d-4c16-aa84-8e13988ec031/signature.png,67621e83-7e04-41a4-8c6a-893969ba340d,2026-02-20 14:34:00,2026-02-20 14:28:00,tester_06,2026-02-20 14:34:20,https://www.commcarehq.org/a/commcare-learn-ahmad/reports/form_data/ce0bc31f-2b5d-4c16-aa84-8e13988ec031/,tester_06,6.0
228,00725736-d41e-4fbe-83d9-14817092efc9,2026-07-21,Village Square,rice_seed maize_seed fertilizer,8.8,6.2,,82.9,,,https://www.commcarehq.org/a/commcare-learn-ahmad/api/form_attachment/v1/00725736-d41e-4fbe-83d9-14817092efc9/signature.png,760b363e-5d54-4525-8991-d2885f19cfc9,2026-07-21 14:24:00,2026-07-21 14:19:00,tester_01,2026-07-21 14:24:13,https://www.commcarehq.org/a/commcare-learn-ahmad/reports/form_data/00725736-d41e-4fbe-83d9-14817092efc9/,tester_01,5.0
229,85fef060-7161-45f0-ad03-1118fb4c863b,2026-02-28,Village Square,fertilizer,,,,60.8,,,https://www.commcarehq.org/a/commcare-learn-ahmad/api/form_attachment/v1/85fef060-7161-45f0-ad03-1118fb4c863b/signature.png,c6f3516e-97ea-40f6-98e0-3b79105ff1b7,2026-02-28 12:27:00,2026-02-28 12:22:00,tester_06,2026-02-28 12:27:10,https://www.commcarehq.org/a/commcare-learn-ahmad/reports/form_data/85fef060-7161-45f0-ad03-1118fb4c863b/,tester_06,5.0
230,ed5512a2-7fa8-40f5-9442-3aabe5e7019c,2026-06-19,Community Hall,goats maize_seed,7.1,,,,1,,https://www.commcarehq.org/a/commcare-learn-ahmad/api/form_attachment/v1/ed5512a2-7fa8-40f5-9442-3aabe5e7019c/signature.png,1338f223-8adf-49c9-889b-43c120dff15f,2026-06-19 10:26:00,2026-06-19 10:23:00,tester_07,2026-06-19 10:26:20,https://www.commcarehq.org/a/commcare-learn-ahmad/reports/form_data/ed5512a2-7fa8-40f5-9442-3aabe5e7019c/,tester_07,3.0
231,913bef42-70a7-4593-b745-1364210d23bd,2026-06-11,Village Square,maize_seed fertilizer,3.0,,,28.4,,,https://www.commcarehq.org/a/commcare-learn-ahmad/api/form_attachment/v1/913bef42-70a7-4593-b745-1364210d23bd/signature.png,6dafc8ba-c85a-4847-8474-026e5b94e848,2026-06-11 08:30:00,2026-06-11 08:28:00,tester_04,2026-06-11 08:30:10,https://www.commcarehq.org/a/commcare-learn-ahmad/reports/form_data/913bef42-70a7-4593-b745-1364210d23bd/,tester_04,2.0
232,017a6811-229a-4ced-8b06-a7bf5ec2cc7f,2026-05-03,Extension Office,rice_seed rabbits,,4.7,,,,4,https://www.commcarehq.org/a/commcare-learn-ahmad/api/form_attachment/v1/017a6811-229a-4ced-8b06-a7bf5ec2cc7f/signature.png,89371a83-d71a-4745-8937-2a24bd8138ae,2026-05-03 11:49:00,2026-05-03 11:45:00,tester_04,2026-05-03 11:49:11,https://www.commcarehq.org/a/commcare-learn-ahmad/reports/form_data/017a6811-229a-4ced-8b06-a7bf5ec2cc7f/,tester_04,4.0
233,9235f29a-df91-41be-bfe3-58070e4899cf,2026-04-18,Primary School,maize_seed fertilizer rice_seed groundnut_seed,9.0,6.0,5.0,88.8,,,https://www.commcarehq.org/a/commcare-learn-ahmad/api/form_attachment/v1/9235f29a-df91-41be-bfe3-58070e4899cf/signature.png,2aa9a51b-ed7c-49f2-a230-0e2c3b7ae196,2026-04-18 11:56:00,2026-04-18 11:54:00,tester_03,2026-04-18 11:56:17,https://www.commcarehq.org/a/commcare-learn-ahmad/reports/form_data/9235f29a-df91-41be-bfe3-58070e4899cf/,tester_03,2.0
234,d9026d72-a18b-4302-8edd-cc7f9713b138,2026-04-21,Farmer Cooperative Centre,fertilizer groundnut_seed maize_seed,8.5,,4.0,37.4,,,https://www.commcarehq.org/a/commcare-learn-ahmad/api/form_attachment/v1/d9026d72-a18b-4302-8edd-cc7f9713b138/signature.png,fc37918d-cbb1-4b41-9191-e55412f3b837,2026-04-21 13:28:00,2026-04-21 13:25:00,tester_01,2026-04-21 13:28:15,https://www.commcarehq.org/a/commcare-learn-ahmad/reports/form_data/d9026d72-a18b-4302-8edd-cc7f9713b138/,tester_01,3.0
235,24db1566-ebad-4d74-b29b-fae9db4f833e,2026-04-03,Community Hall,rice_seed,,9.9,,,,,https://www.commcarehq.org/a/commcare-learn-ahmad/api/form_attachment/v1/24db1566-ebad-4d74-b29b-fae9db4f833e/signature.png,55e5781a-f5a2-4340-98cb-bd69a3d46f1c,2026-04-03 15:34:00,2026-04-03 15:30:00,tester_06,2026-04-03 15:34:15,https://www.commcarehq.org/a/commcare-learn-ahmad/reports/form_data/24db1566-ebad-4d74-b29b-fae9db4f833e/,tester_06,4.0
236,f920f7c6-66fc-4397-bcb1-d377d9d92802,2026-06-17,Community Hall,goats rice_seed fertilizer,,3.3,,87.2,1,,https://www.commcarehq.org/a/commcare-learn-ahmad/api/form_attachment/v1/f920f7c6-66fc-4397-bcb1-d377d9d92802/signature.png,da500100-54f1-4457-99b8-20530ccbf477,2026-06-17 13:57:00,2026-06-17 13:49:00,tester_04,2026-06-17 13:57:15,https://www.commcarehq.org/a/commcare-learn-ahmad/reports/form_data/f920f7c6-66fc-4397-bcb1-d377d9d92802/,tester_04,8.0
237,a9044173-424e-4d51-8be0-cb16478bd8fe,2026-05-04,Extension Office,groundnut_seed goats rice_seed fertilizer maize_seed,9.2,3.7,7.5,51.2,3,,https://www.commcarehq.org/a/commcare-learn-ahmad/api/form_attachment/v1/a9044173-424e-4d51-8be0-cb16478bd8fe/signature.png,ded56cce-2ea8-4929-8509-00fd6c1a7200,2026-05-04 09:52:00,2026-05-04 09:44:00,tester_02,2026-05-04 09:52:20,https://www.commcarehq.org/a/commcare-learn-ahmad/reports/form_data/a9044173-424e-4d51-8be0-cb16478bd8fe/,tester_02,8.0
238,76abaa58-6dca-4ec9-ba8a-231a4ffef552,2026-06-15,Village Square,fertilizer,,,,94.1,,,https://www.commcarehq.org/a/commcare-learn-ahmad/api/form_attachment/v1/76abaa58-6dca-4ec9-ba8a-231a4ffef552/signature.png,65f68fe6-f376-40a6-a5b0-8d061949eb73,2026-06-15 10:34:00,2026-06-15 10:32:00,tester_05,2026-06-15 10:34:05,https://www.commcarehq.org/a/commcare-learn-ahmad/reports/form_data/76abaa58-6dca-4ec9-ba8a-231a4ffef552/,tester_05,2.0
239,dd39561f-ea14-42f8-9784-036155bd83fc,2026-04-28,Farmer Cooperative Centre,goats fertilizer groundnut_seed,,,3.6,25.5,1,,https://www.commcarehq.org/a/commcare-learn-ahmad/api/form_attachment/v1/dd39561f-ea14-42f8-9784-036155bd83fc/signature.png,570b80b4-3cd8-4892-a89f-cbdc0e08e55f,2026-04-28 15:03:00,2026-04-28 15:00:00,tester_04,2026-04-28 15:03:18,https://www.commcarehq.org/a/commcare-learn-ahmad/reports/form_data/dd39561f-ea14-42f8-9784-036155bd83fc/,tester_04,3.0
240,cfc6ee7b-dc29-4c79-8abb-18293b657ba2,2026-06-26,Community Hall,fertilizer rice_seed groundnut_seed,,9.0,2.2,98.5,,,https://www.commcarehq.org/a/commcare-learn-ahmad/api/form_attachment/v1/cfc6ee7b-dc29-4c79-8abb-18293b657ba2/signature.png,3a9be1f9-971d-4a1e-a2ef-2fbd1ec19ab3,2026-06-26 10:06:00,2026-06-26 10:01:00,tester_03,2026-06-26 10:06:07,https://www.commcarehq.org/a/commcare-learn-ahmad/reports/form_data/cfc6ee7b-dc29-4c79-8abb-18293b657ba2/,tester_03,5.0
241,ceb048d4-865e-4a1a-982a-8fcd67403d0f,2026-07-30,Farmer Cooperative Centre,groundnut_seed fertilizer maize_seed,5.6,,7.4,66.7,,,https://www.commcarehq.org/a/commcare-learn-ahmad/api/form_attachment/v1/ceb048d4-865e-4a1a-982a-8fcd67403d0f/signature.png,4f02ea2f-e16d-4d64-b246-b3aa4a8de56f,2026-07-30 12:39:00,2026-07-30 12:35:00,tester_03,2026-07-30 12:39:08,https://www.commcarehq.org/a/commcare-learn-ahmad/reports/form_data/ceb048d4-865e-4a1a-982a-8fcd67403d0f/,tester_03,4.0
242,fba206cd-fd6d-4c71-8d8d-ba8820663808,2026-04-04,Community Hall,goats fertilizer rice_seed,,7.8,,91.7,2,,https://www.commcarehq.org/a/commcare-learn-ahmad/api/form_attachment/v1/fba206cd-fd6d-4c71-8d8d-ba8820663808/signature.png,e54ac605-7376-4ff9-a588-0308e9499752,2026-04-04 13:52:00,2026-04-04 13:44:00,tester_06,2026-04-04 13:52:16,https://www.commcarehq.org/a/commcare-learn-ahmad/reports/form_data/fba206cd-fd6d-4c71-8d8d-ba8820663808/,tester_06,8.0
243,f07c54f9-09ef-46eb-9f33-3b6038426b36,2026-05-21,Farmer Cooperative Centre,fertilizer groundnut_seed goats,,,3.7,76.5,3,,https://www.commcarehq.org/a/commcare-learn-ahmad/api/form_attachment/v1/f07c54f9-09ef-46eb-9f33-3b6038426b36/signature.png,258bedf2-df51-46d1-8fa0-894182f8842f,2026-05-21 11:13:00,2026-05-21 11:11:00,tester_02,2026-05-21 11:13:10,https://www.commcarehq.org/a/commcare-learn-ahmad/reports/form_data/f07c54f9-09ef-46eb-9f33-3b6038426b36/,tester_02,2.0
244,ea7fdf2d-814b-4480-89d9-853990f65d4b,2026-07-02,Village Square,fertilizer groundnut_seed,,,7.2,73.4,,,https://www.commcarehq.org/a/commcare-learn-ahmad/api/form_attachment/v1/ea7fdf2d-814b-4480-89d9-853990f65d4b/signature.png,a55e1090-3e69-429b-92e5-120ab5fb7797,2026-07-02 10:53:00,2026-07-02 10:51:00,tester_07,2026-07-02 10:53:20,https://www.commcarehq.org/a/commcare-learn-ahmad/reports/form_data/ea7fdf2d-814b-4480-89d9-853990f65d4b/,tester_07,2.0
245,7cdd4fff-fd6f-465a-a3bd-7d063afb8965,2026-06-29,Extension Office,fertilizer rice_seed goats maize_seed,3.0,10.0,,89.8,2,,https://www.commcarehq.org/a/commcare-learn-ahmad/api/form_attachment/v1/7cdd4fff-fd6f-465a-a3bd-7d063afb8965/signature.png,6755915a-df3e-4645-beba-7d3c81d2ca3e,2026-06-29 08:53:00,2026-06-29 08:51:00,tester_05,2026-06-29 08:53:12,https://www.commcarehq.org/a/commcare-learn-ahmad/reports/form_data/7cdd4fff-fd6f-465a-a3bd-7d063afb8965/,tester_05,2.0
246,8e946507-f5b0-4cd4-b345-31d098fc84a0,2026-09-08,Farmer Cooperative Centre,fertilizer maize_seed rice_seed groundnut_seed,4.3,3.0,6.5,49.2,,,https://www.commcarehq.org/a/commcare-learn-ahmad/api/form_attachment/v1/8e946507-f5b0-4cd4-b345-31d098fc84a0/signature.png,1e7487a9-9b99-432c-addc-fcba683ab703,2026-09-08 09:44:00,2026-09-08 09:38:00,tester_07,2026-09-08 09:44:06,https://www.commcarehq.org/a/commcare-learn-ahmad/reports/form_data/8e946507-f5b0-4cd4-b345-31d098fc84a0/,tester_07,6.0
247,ba817bc9-2fcd-4044-8a24-c0613192447c,2026-04-28,Village Square,rice_seed fertilizer,,9.8,,91.5,,,https://www.commcarehq.org/a/commcare-learn-ahmad/api/form_attachment/v1/ba817bc9-2fcd-4044-8a24-c0613192447c/signature.png,773e97f1-c81c-4a83-a9f1-4b01ddafa9cc,2026-04-28 11:42:00,2026-04-28 11:39:00,tester_06,2026-04-28 11:42:09,https://www.commcarehq.org/a/commcare-learn-ahmad/reports/form_data/ba817bc9-2fcd-4044-8a24-c0613192447c/,tester_06,3.0
248,6018d32c-9dab-4f4a-8d02-ad7b7ba4d5c4,2026-06-25,Primary School,maize_seed,9.7,,,,,,https://www.commcarehq.org/a/commcare-learn-ahmad/api/form_attachment/v1/6018d32c-9dab-4f4a-8d02-ad7b7ba4d5c4/signature.png,916767bf-59c9-49f9-bc62-e675c7b31c4d,2026-06-25 15:03:00,2026-06-25 14:56:00,tester_03,2026-06-25 15:03:09,https://www.commcarehq.org/a/commcare-learn-ahmad/reports/form_data/6018d32c-9dab-4f4a-8d02-ad7b7ba4d5c4/,tester_03,7.0
249,a3a2d04b-7a26-47ab-a535-118545449142,2026-09-18,Village Square,maize_seed goats fertilizer,2.8,,,37.4,1,,https://www.commcarehq.org/a/commcare-learn-ahmad/api/form_attachment/v1/a3a2d04b-7a26-47ab-a535-118545449142/signature.png,00615db3-f925-431d-84c2-2eb3dd8757fb,2026-09-18 15:33:00,2026-09-18 15:29:00,tester_03,2026-09-18 15:33:10,https://www.commcarehq.org/a/commcare-learn-ahmad/reports/form_data/a3a2d04b-7a26-47ab-a535-118545449142/,tester_03,4.0
250,30d59232-fd87-462e-8c33-980954421981,2026-04-08,Farmer Cooperative Centre,maize_seed fertilizer rice_seed,2.1,7.8,,43.8,,,https://www.commcarehq.org/a/commcare-learn-ahmad/api/form_attachment/v1/30d59232-fd87-462e-8c33-980954421981/signature.png,41dbf9f0-d9dc-4302-a7a8-7cd171365ba2,2026-04-08 08:31:00,2026-04-08 08:23:00,tester_03,2026-04-08 08:31:18,https://www.commcarehq.org/a/commcare-learn-ahmad/reports/form_data/30d59232-fd87-462e-8c33-980954421981/,tester_03,8.0
251,0bbd2803-a882-49d5-89fb-ba9dec16b851,2026-02-10,Primary School,fertilizer maize_seed,9.5,,,61.0,,,https://www.commcarehq.org/a/commcare-learn-ahmad/api/form_attachment/v1/0bbd2803-a882-49d5-89fb-ba9dec16b851/signature.png,66d93e61-e97c-453f-80b7-716fac82d8df,2026-02-10 13:32:00,2026-02-10 13:24:00,tester_02,2026-02-10 13:32:07,https://www.commcarehq.org/a/commcare-learn-ahmad/reports/form_data/0bbd2803-a882-49d5-89fb-ba9dec16b851/,tester_02,8.0
252,afb19c4c-6b58-4611-bd98-2eacbed06e3b,2026-06-13,Primary School,maize_seed rice_seed,5.1,3.8,,,,,https://www.commcarehq.org/a/commcare-learn-ahmad/api/form_attachment/v1/afb19c4c-6b58-4611-bd98-2eacbed06e3b/signature.png,2e821303-28fb-4818-905b-0d76334169bf,2026-06-13 11:33:00,2026-06-13 11:26:00,tester_01,2026-06-13 11:33:08,https://www.commcarehq.org/a/commcare-learn-ahmad/reports/form_data/afb19c4c-6b58-4611-bd98-2eacbed06e3b/,tester_01,7.0
253,41483128-34b7-4735-b894-fb6b75be9a7f,2026-03-25,Community Hall,groundnut_seed,,,4.8,,,,https://www.commcarehq.org/a/commcare-learn-ahmad/api/form_attachment/v1/41483128-34b7-4735-b894-fb6b75be9a7f/signature.png,c332425c-0376-4a3f-a43f-1099dc70ac7a,2026-03-25 15:20:00,2026-03-25 15:18:00,tester_03,2026-03-25 15:20:14,https://www.commcarehq.org/a/commcare-learn-ahmad/reports/form_data/41483128-34b7-4735-b894-fb6b75be9a7f/,tester_03,2.0
254,f1f6c785-c2ab-44c9-b5c7-9c4b9d9e1f2e,2026-04-27,Primary School,fertilizer,,,,42.3,,,https://www.commcarehq.org/a/commcare-learn-ahmad/api/form_attachment/v1/f1f6c785-c2ab-44c9-b5c7-9c4b9d9e1f2e/signature.png,1e920555-d366-456b-94d9-a86e5c7773cb,2026-04-27 08:08:00,2026-04-27 08:06:00,tester_06,2026-04-27 08:08:07,https://www.commcarehq.org/a/commcare-learn-ahmad/reports/form_data/f1f6c785-c2ab-44c9-b5c7-9c4b9d9e1f2e/,tester_06,2.0
255,9665fa28-c823-4c99-a36c-499c5a6fc328,2026-08-21,Primary School,fertilizer rabbits groundnut_seed,,,3.9,52.3,,4,https://www.commcarehq.org/a/commcare-learn-ahmad/api/form_attachment/v1/9665fa28-c823-4c99-a36c-499c5a6fc328/signature.png,0b5e6a12-0f11-4da4-9e59-78b479c739d3,2026-08-21 09:11:00,2026-08-21 09:09:00,tester_03,2026-08-21 09:11:16,https://www.commcarehq.org/a/commcare-learn-ahmad/reports/form_data/9665fa28-c823-4c99-a36c-499c5a6fc328/,tester_03,2.0
256,3adf416f-c6bb-4f5c-b075-f2fb1a92a7f6,2026-05-22,Primary School,fertilizer groundnut_seed rice_seed,,3.4,5.7,62.7,,,https://www.commcarehq.org/a/commcare-learn-ahmad/api/form_attachment/v1/3adf416f-c6bb-4f5c-b075-f2fb1a92a7f6/signature.png,bd670d30-1b44-4be4-b17d-ee539e3bd8a1,2026-05-22 14:10:00,2026-05-22 14:03:00,tester_07,2026-05-22 14:10:14,https://www.commcarehq.org/a/commcare-learn-ahmad/reports/form_data/3adf416f-c6bb-4f5c-b075-f2fb1a92a7f6/,tester_07,7.0
257,5517ce08-11ba-465d-b3d4-a67d9f244d8e,2026-05-05,Extension Office,rice_seed goats,,3.5,,,2,,https://www.commcarehq.org/a/commcare-learn-ahmad/api/form_attachment/v1/5517ce08-11ba-465d-b3d4-a67d9f244d8e/signature.png,097578f8-5828-4847-a58d-81527355ed47,2026-05-05 11:28:00,2026-05-05 11:24:00,tester_01,2026-05-05 11:28:17,https://www.commcarehq.org/a/commcare-learn-ahmad/reports/form_data/5517ce08-11ba-465d-b3d4-a67d9f244d8e/,tester_01,4.0
258,974d1c26-d0d4-4b8f-bacf-3fcb6a2fe26f,2026-04-25,Community Hall,groundnut_seed maize_seed fertilizer,8.2,,6.8,77.1,,,https://www.commcarehq.org/a/commcare-learn-ahmad/api/form_attachment/v1/974d1c26-d0d4-4b8f-bacf-3fcb6a2fe26f/signature.png,517dba64-04df-4b7b-8d60-dc79fd4441d5,2026-04-25 08:47:00,2026-04-25 08:39:00,tester_06,2026-04-25 08:47:13,https://www.commcarehq.org/a/commcare-learn-ahmad/reports/form_data/974d1c26-d0d4-4b8f-bacf-3fcb6a2fe26f/,tester_06,8.0
259,b624d671-6358-48f5-8e83-d03fb89dd364,2026-02-26,Extension Office,groundnut_seed fertilizer rice_seed,,5.2,4.7,85.0,,,https://www.commcarehq.org/a/commcare-learn-ahmad/api/form_attachment/v1/b624d671-6358-48f5-8e83-d03fb89dd364/signature.png,78fbdca2-79c0-4773-8bae-6db2fa1f8d62,2026-02-26 12:17:00,2026-02-26 12:12:00,tester_03,2026-02-26 12:17:10,https://www.commcarehq.org/a/commcare-learn-ahmad/reports/form_data/b624d671-6358-48f5-8e83-d03fb89dd364/,tester_03,5.0
260,20605851-7489-4070-8012-553cb3934db6,2026-05-05,Primary School,maize_seed fertilizer rabbits,8.6,,,45.5,,1,https://www.commcarehq.org/a/commcare-learn-ahmad/api/form_attachment/v1/20605851-7489-4070-8012-553cb3934db6/signature.png,7d89acda-3338-4085-9c6a-23e5c63e60b8,2026-05-05 10:58:00,2026-05-05 10:56:00,tester_05,2026-05-05 10:58:19,https://www.commcarehq.org/a/commcare-learn-ahmad/reports/form_data/20605851-7489-4070-8012-553cb3934db6/,tester_05,2.0
261,74640afe-84fe-4984-89f8-880788280e99,2026-09-30,Community Hall,fertilizer rice_seed maize_seed,5.8,9.5,,32.5,,,https://www.commcarehq.org/a/commcare-learn-ahmad/api/form_attachment/v1/74640afe-84fe-4984-89f8-880788280e99/signature.png,c684ccd0-8050-46e9-bc4d-975d673e00ed,2026-09-30 11:01:00,2026-09-30 10:56:00,tester_02,2026-09-30 11:01:12,https://www.commcarehq.org/a/commcare-learn-ahmad/reports/form_data/74640afe-84fe-4984-89f8-880788280e99/,tester_02,5.0
262,ab58e29b-30e4-47c0-a180-bc4736aaf8c7,2026-09-05,Farmer Cooperative Centre,maize_seed groundnut_seed fertilizer,9.6,,7.7,80.4,,,https://www.commcarehq.org/a/commcare-learn-ahmad/api/form_attachment/v1/ab58e29b-30e4-47c0-a180-bc4736aaf8c7/signature.png,17f56476-8285-4921-ba41-6471683bf3a7,2026-09-05 15:33:00,2026-09-05 15:28:00,tester_05,2026-09-05 15:33:08,https://www.commcarehq.org/a/commcare-learn-ahmad/reports/form_data/ab58e29b-30e4-47c0-a180-bc4736aaf8c7/,tester_05,5.0
263,c393b806-d523-422a-892e-fab499cd174c,2026-04-26,Farmer Cooperative Centre,maize_seed fertilizer rice_seed groundnut_seed,5.2,8.7,3.3,70.2,,,https://www.commcarehq.org/a/commcare-learn-ahmad/api/form_attachment/v1/c393b806-d523-422a-892e-fab499cd174c/signature.png,73bb3600-23dd-46a8-a365-aa96ed12e775,2026-04-26 09:35:00,2026-04-26 09:28:00,tester_06,2026-04-26 09:35:17,https://www.commcarehq.org/a/commcare-learn-ahmad/reports/form_data/c393b806-d523-422a-892e-fab499cd174c/,tester_06,7.0
264,56f6c26e-07e7-414a-bf0a-cde4359848a8,2026-05-25,Village Square,fertilizer,,,,40.0,,,https://www.commcarehq.org/a/commcare-learn-ahmad/api/form_attachment/v1/56f6c26e-07e7-414a-bf0a-cde4359848a8/signature.png,fcbb5168-5d37-4f5f-ad3b-8f4c07fbe7ee,2026-05-25 10:07:00,2026-05-25 10:03:00,tester_05,2026-05-25 10:07:08,https://www.commcarehq.org/a/commcare-learn-ahmad/reports/form_data/56f6c26e-07e7-414a-bf0a-cde4359848a8/,tester_05,4.0
265,75b2cb14-4741-40f5-b8e0-55ec68090671,2026-07-05,Community Hall,groundnut_seed rice_seed maize_seed,8.4,4.0,3.8,,,,https://www.commcarehq.org/a/commcare-learn-ahmad/api/form_attachment/v1/75b2cb14-4741-40f5-b8e0-55ec68090671/signature.png,45a3ec77-e978-4ae4-a2bb-85e6b7d261b5,2026-07-05 11:57:00,2026-07-05 11:54:00,tester_01,2026-07-05 11:57:11,https://www.commcarehq.org/a/commcare-learn-ahmad/reports/form_data/75b2cb14-4741-40f5-b8e0-55ec68090671/,tester_01,3.0
266,536c9d4b-64c8-4265-bc9f-ff614d329b52,2026-03-17,Village Square,fertilizer groundnut_seed rice_seed,,9.6,4.6,91.3,,,https://www.commcarehq.org/a/commcare-learn-ahmad/api/form_attachment/v1/536c9d4b-64c8-4265-bc9f-ff614d329b52/signature.png,cb9517ba-7030-4996-8bb1-e26aca098e96,2026-03-17 08:54:00,2026-03-17 08:50:00,tester_01,2026-03-17 08:54:05,https://www.commcarehq.org/a/commcare-learn-ahmad/reports/form_data/536c9d4b-64c8-4265-bc9f-ff614d329b52/,tester_01,4.0
267,970df20a-1284-42b9-ad20-55ce0168d031,2026-06-04,Farmer Cooperative Centre,groundnut_seed maize_seed fertilizer,2.4,,6.0,56.5,,,https://www.commcarehq.org/a/commcare-learn-ahmad/api/form_attachment/v1/970df20a-1284-42b9-ad20-55ce0168d031/signature.png,0627c940-6e90-4501-aa1a-1b1718aa355d,2026-06-04 11:32:00,2026-06-04 11:29:00,tester_04,2026-06-04 11:32:12,https://www.commcarehq.org/a/commcare-learn-ahmad/reports/form_data/970df20a-1284-42b9-ad20-55ce0168d031/,tester_04,3.0
268,4fd029f8-fb8d-4aff-870b-95055a612fa7,2026-04-01,Extension Office,fertilizer,,,,41.4,,,https://www.commcarehq.org/a/commcare-learn-ahmad/api/form_attachment/v1/4fd029f8-fb8d-4aff-870b-95055a612fa7/signature.png,2001da8c-83d0-4b6d-8006-be9b19019b8e,2026-04-01 13:31:00,2026-04-01 13:24:00,tester_06,2026-04-01 13:31:19,https://www.commcarehq.org/a/commcare-learn-ahmad/reports/form_data/4fd029f8-fb8d-4aff-870b-95055a612fa7/,tester_06,7.0
269,b5706a5c-8828-4c0d-953a-929a4788de21,2026-06-26,Village Square,rice_seed fertilizer,,3.5,,55.9,,,https://www.commcarehq.org/a/commcare-learn-ahmad/api/form_attachment/v1/b5706a5c-8828-4c0d-953a-929a4788de21/signature.png,16ef6832-4d01-4446-b453-27eaa1ad8818,2026-06-26 12:35:00,2026-06-26 12:33:00,tester_01,2026-06-26 12:35:08,https://www.commcarehq.org/a/commcare-learn-ahmad/reports/form_data/b5706a5c-8828-4c0d-953a-929a4788de21/,tester_01,2.0
270,4e73d95e-4ea2-4022-8df0-fbc40d2de83c,2026-07-06,Extension Office,rice_seed maize_seed fertilizer goats,3.4,3.9,,97.6,2,,https://www.commcarehq.org/a/commcare-learn-ahmad/api/form_attachment/v1/4e73d95e-4ea2-4022-8df0-fbc40d2de83c/signature.png,a17076c5-fc01-4c68-b2e5-b9741fc22ac8,2026-07-06 09:46:00,2026-07-06 09:42:00,tester_02,2026-07-06 09:46:18,https://www.commcarehq.org/a/commcare-learn-ahmad/reports/form_data/4e73d95e-4ea2-4022-8df0-fbc40d2de83c/,tester_02,4.0
271,b5120bc8-5bc2-450b-93dc-bd3c4d3c0ae4,2026-08-24,Extension Office,rice_seed maize_seed groundnut_seed fertilizer,8.3,7.1,6.9,40.2,,,https://www.commcarehq.org/a/commcare-learn-ahmad/api/form_attachment/v1/b5120bc8-5bc2-450b-93dc-bd3c4d3c0ae4/signature.png,0943a45e-8296-4bb6-a574-5b1c3177aea5,2026-08-24 13:21:00,2026-08-24 13:19:00,tester_04,2026-08-24 13:21:16,https://www.commcarehq.org/a/commcare-learn-ahmad/reports/form_data/b5120bc8-5bc2-450b-93dc-bd3c4d3c0ae4/,tester_04,2.0
272,848c2a64-5fc8-4817-a8bb-82436666a4ab,2026-07-29,Community Hall,maize_seed,4.1,,,,,,https://www.commcarehq.org/a/commcare-learn-ahmad/api/form_attachment/v1/848c2a64-5fc8-4817-a8bb-82436666a4ab/signature.png,20812ba8-a149-4b0d-a695-d6ae4ffe5d99,2026-07-29 11:41:00,2026-07-29 11:37:00,tester_02,2026-07-29 11:41:18,https://www.commcarehq.org/a/commcare-learn-ahmad/reports/form_data/848c2a64-5fc8-4817-a8bb-82436666a4ab/,tester_02,4.0
273,ad8d4ff3-ede1-4f91-8054-4e73ca294d06,2026-05-23,Village Square,fertilizer,,,,65.6,,,https://www.commcarehq.org/a/commcare-learn-ahmad/api/form_attachment/v1/ad8d4ff3-ede1-4f91-8054-4e73ca294d06/signature.png,9940c27f-d5a6-4348-9a44-c9776c72f109,2026-05-23 08:31:00,2026-05-23 08:26:00,tester_06,2026-05-23 08:31:13,https://www.commcarehq.org/a/commcare-learn-ahmad/reports/form_data/ad8d4ff3-ede1-4f91-8054-4e73ca294d06/,tester_06,5.0
274,01851cc2-a300-41fd-8d81-be20e1bb0269,2026-05-18,Farmer Cooperative Centre,goats groundnut_seed,,,4.6,,2,,https://www.commcarehq.org/a/commcare-learn-ahmad/api/form_attachment/v1/01851cc2-a300-41fd-8d81-be20e1bb0269/signature.png,38c25b4b-a775-429d-9b11-b5638d8953a4,2026-05-18 15:15:00,2026-05-18 15:11:00,tester_04,2026-05-18 15:15:13,https://www.commcarehq.org/a/commcare-learn-ahmad/reports/form_data/01851cc2-a300-41fd-8d81-be20e1bb0269/,tester_04,4.0
275,a719c411-f61f-4a95-a1ea-a0f868d10b43,2026-07-21,Primary School,rice_seed,,9.4,,,,,https://www.commcarehq.org/a/commcare-learn-ahmad/api/form_attachment/v1/a719c411-f61f-4a95-a1ea-a0f868d10b43/signature.png,609176ca-0917-476b-a9ab-66c5c83de719,2026-07-21 13:12:00,2026-07-21 13:08:00,tester_07,2026-07-21 13:12:17,https://www.commcarehq.org/a/commcare-learn-ahmad/reports/form_data/a719c411-f61f-4a95-a1ea-a0f868d10b43/,tester_07,4.0
276,71d7614f-b701-41c0-b47e-c8c46df63222,2026-06-05,Community Hall,fertilizer,,,,43.2,,,https://www.commcarehq.org/a/commcare-learn-ahmad/api/form_attachment/v1/71d7614f-b701-41c0-b47e-c8c46df63222/signature.png,ca7bc036-238c-46f0-a02d-febf3e6cd312,2026-06-05 12:54:00,2026-06-05 12:49:00,tester_01,2026-06-05 12:54:09,https://www.commcarehq.org/a/commcare-learn-ahmad/reports/form_data/71d7614f-b701-41c0-b47e-c8c46df63222/,tester_01,5.0
277,88e1d0ad-f73f-42da-96a0-b0473e6eb25a,2026-06-05,Primary School,rice_seed fertilizer,,2.3,,46.0,,,https://www.commcarehq.org/a/commcare-learn-ahmad/api/form_attachment/v1/88e1d0ad-f73f-42da-96a0-b0473e6eb25a/signature.png,dae56849-96e6-4a2c-9040-c3dc5d23e48c,2026-06-05 10:41:00,2026-06-05 10:38:00,tester_05,2026-06-05 10:41:10,https://www.commcarehq.org/a/commcare-learn-ahmad/reports/form_data/88e1d0ad-f73f-42da-96a0-b0473e6eb25a/,tester_05,3.0
278,a7b2694a-7b35-4a36-95b0-768d2c7d9316,2026-05-22,Extension Office,rice_seed maize_seed,4.8,9.4,,,,,https://www.commcarehq.org/a/commcare-learn-ahmad/api/form_attachment/v1/a7b2694a-7b35-4a36-95b0-768d2c7d9316/signature.png,4af927e4-c4ad-436b-9101-22e0f0e9e8a3,2026-05-22 10:35:00,2026-05-22 10:29:00,tester_05,2026-05-22 10:35:17,https://www.commcarehq.org/a/commcare-learn-ahmad/reports/form_data/a7b2694a-7b35-4a36-95b0-768d2c7d9316/,tester_05,6.0
279,bba106d8-5ea7-461b-9c25-0a4f587687cb,2026-05-29,Village Square,goats rice_seed fertilizer,,5.3,,42.1,2,,https://www.commcarehq.org/a/commcare-learn-ahmad/api/form_attachment/v1/bba106d8-5ea7-461b-9c25-0a4f587687cb/signature.png,5e1a7c78-75eb-4da0-90ce-0ec9c08ed519,2026-05-29 13:07:00,2026-05-29 12:59:00,tester_03,2026-05-29 13:07:18,https://www.commcarehq.org/a/commcare-learn-ahmad/reports/form_data/bba106d8-5ea7-461b-9c25-0a4f587687cb/,tester_03,8.0
280,c43ec260-c5b2-48a5-ab75-a29cd1c4573b,2026-07-26,Village Square,groundnut_seed fertilizer,,,7.8,88.0,,,https://www.commcarehq.org/a/commcare-learn-ahmad/api/form_attachment/v1/c43ec260-c5b2-48a5-ab75-a29cd1c4573b/signature.png,1d5bbfa7-9109-4b93-b838-5e0985b5aac3,2026-07-26 14:48:00,2026-07-26 14:45:00,tester_02,2026-07-26 14:48:13,https://www.commcarehq.org/a/commcare-learn-ahmad/reports/form_data/c43ec260-c5b2-48a5-ab75-a29cd1c4573b/,tester_02,3.0
281,3c00db1a-0272-4171-bd12-43ca2aaab709,2026-05-15,Extension Office,rabbits rice_seed fertilizer,,6.4,,95.1,,5,https://www.commcarehq.org/a/commcare-learn-ahmad/api/form_attachment/v1/3c00db1a-0272-4171-bd12-43ca2aaab709/signature.png,5d0507e2-2b7a-4bba-acc5-4b9137987d10,2026-05-15 14:32:00,2026-05-15 14:27:00,tester_07,2026-05-15 14:32:14,https://www.commcarehq.org/a/commcare-learn-ahmad/reports/form_data/3c00db1a-0272-4171-bd12-43ca2aaab709/,tester_07,5.0
282,28fb968c-238b-4475-84f6-db9eece49446,2026-05-10,Village Square,fertilizer groundnut_seed maize_seed,4.1,,3.7,91.6,,,https://www.commcarehq.org/a/commcare-learn-ahmad/api/form_attachment/v1/28fb968c-238b-4475-84f6-db9eece49446/signature.png,dacac187-8c0c-4e6b-95ed-5447327c0c0f,2026-05-10 15:56:00,2026-05-10 15:51:00,tester_01,2026-05-10 15:56:18,https://www.commcarehq.org/a/commcare-learn-ahmad/reports/form_data/28fb968c-238b-4475-84f6-db9eece49446/,tester_01,5.0
283,ea5f2efe-c3c1-456a-9053-903ad897cd40,2026-04-16,Community Hall,groundnut_seed rice_seed fertilizer,,8.6,4.5,93.2,,,https://www.commcarehq.org/a/commcare-learn-ahmad/api/form_attachment/v1/ea5f2efe-c3c1-456a-9053-903ad897cd40/signature.png,96ae238f-0504-4db4-ac12-dd07edd1abd6,2026-04-16 14:04:00,2026-04-16 13:56:00,tester_01,2026-04-16 14:04:15,https://www.commcarehq.org/a/commcare-learn-ahmad/reports/form_data/ea5f2efe-c3c1-456a-9053-903ad897cd40/,tester_01,8.0
284,9362c89f-8ed2-4dc7-a135-68897d52e4b0,2026-03-20,Extension Office,goats fertilizer rice_seed,,7.8,,75.6,1,,https://www.commcarehq.org/a/commcare-learn-ahmad/api/form_attachment/v1/9362c89f-8ed2-4dc7-a135-68897d52e4b0/signature.png,bdc76bec-658a-4e1f-9e7f-a21240067685,2026-03-20 08:32:00,2026-03-20 08:29:00,tester_02,2026-03-20 08:32:12,https://www.commcarehq.org/a/commcare-learn-ahmad/reports/form_data/9362c89f-8ed2-4dc7-a135-68897d52e4b0/,tester_02,3.0
285,86a33a2b-9fd2-4dfb-9bad-e913d402f86f,2026-05-16,Primary School,fertilizer maize_seed rice_seed,7.9,9.7,,86.4,,,https://www.commcarehq.org/a/commcare-learn-ahmad/api/form_attachment/v1/86a33a2b-9fd2-4dfb-9bad-e913d402f86f/signature.png,6ebd9d19-3128-4478-a27c-820197df7bb4,2026-05-16 13:31:00,2026-05-16 13:23:00,tester_05,2026-05-16 13:31:17,https://www.commcarehq.org/a/commcare-learn-ahmad/reports/form_data/86a33a2b-9fd2-4dfb-9bad-e913d402f86f/,tester_05,8.0
286,f0170093-8931-4d16-be3e-246159091715,2026-05-22,Village Square,groundnut_seed maize_seed,8.3,,3.5,,,,https://www.commcarehq.org/a/commcare-learn-ahmad/api/form_attachment/v1/f0170093-8931-4d16-be3e-246159091715/signature.png,e7af8496-a80e-4148-bf86-399245cb2578,2026-05-22 11:57:00,2026-05-22 11:52:00,tester_02,2026-05-22 11:57:10,https://www.commcarehq.org/a/commcare-learn-ahmad/reports/form_data/f0170093-8931-4d16-be3e-246159091715/,tester_02,5.0
287,1c331a82-6343-47c5-b0e4-9327b0b24cc6,2026-04-10,Primary School,goats maize_seed fertilizer,2.4,,,88.4,1,,https://www.commcarehq.org/a/commcare-learn-ahmad/api/form_attachment/v1/1c331a82-6343-47c5-b0e4-9327b0b24cc6/signature.png,091e8bf5-8ada-44d9-a65b-b7eed6fb0d17,2026-04-10 08:40:00,2026-04-10 08:38:00,tester_01,2026-04-10 08:40:09,https://www.commcarehq.org/a/commcare-learn-ahmad/reports/form_data/1c331a82-6343-47c5-b0e4-9327b0b24cc6/,tester_01,2.0
288,dd4c150c-a930-450e-b213-36f367fc48ff,2026-05-30,Community Hall,goats fertilizer maize_seed rice_seed,2.3,5.6,,28.5,1,,https://www.commcarehq.org/a/commcare-learn-ahmad/api/form_attachment/v1/dd4c150c-a930-450e-b213-36f367fc48ff/signature.png,87116884-4456-426e-94f7-4a177d377b48,2026-05-30 09:01:00,2026-05-30 08:55:00,tester_03,2026-05-30 09:01:10,https://www.commcarehq.org/a/commcare-learn-ahmad/reports/form_data/dd4c150c-a930-450e-b213-36f367fc48ff/,tester_03,6.0
289,db3cfe8a-668f-444a-9e70-a6384fe1a7f7,2026-07-11,Village Square,fertilizer maize_seed,9.8,,,95.8,,,https://www.commcarehq.org/a/commcare-learn-ahmad/api/form_attachment/v1/db3cfe8a-668f-444a-9e70-a6384fe1a7f7/signature.png,eaab6946-ea29-44a4-bc41-3ea24086dbef,2026-07-11 14:28:00,2026-07-11 14:21:00,tester_03,2026-07-11 14:28:10,https://www.commcarehq.org/a/commcare-learn-ahmad/reports/form_data/db3cfe8a-668f-444a-9e70-a6384fe1a7f7/,tester_03,7.0
290,ae40ff3c-488d-4cc8-b600-ab02ebcd7e50,2026-07-15,Village Square,goats rice_seed,,7.9,,,1,,https://www.commcarehq.org/a/commcare-learn-ahmad/api/form_attachment/v1/ae40ff3c-488d-4cc8-b600-ab02ebcd7e50/signature.png,b44ced7f-5e63-4321-be45-046685aafe0c,2026-07-15 14:44:00,2026-07-15 14:40:00,tester_04,2026-07-15 14:44:13,https://www.commcarehq.org/a/commcare-learn-ahmad/reports/form_data/ae40ff3c-488d-4cc8-b600-ab02ebcd7e50/,tester_04,4.0
291,86862a07-22e9-43ba-8296-8ee67fa29d15,2026-04-13,Farmer Cooperative Centre,groundnut_seed goats fertilizer,,,4.8,59.1,1,,https://www.commcarehq.org/a/commcare-learn-ahmad/api/form_attachment/v1/86862a07-22e9-43ba-8296-8ee67fa29d15/signature.png,3633ad2c-4219-4c20-a6af-281a8ec4a237,2026-04-13 08:42:00,2026-04-13 08:38:00,tester_01,2026-04-13 08:42:17,https://www.commcarehq.org/a/commcare-learn-ahmad/reports/form_data/86862a07-22e9-43ba-8296-8ee67fa29d15/,tester_01,4.0
292,9cfc8a95-44a1-44a9-bc8f-ffabe26e6f8c,2026-05-18,Extension Office,fertilizer maize_seed groundnut_seed,8.7,,4.9,84.8,,,https://www.commcarehq.org/a/commcare-learn-ahmad/api/form_attachment/v1/9cfc8a95-44a1-44a9-bc8f-ffabe26e6f8c/signature.png,57a22c2e-edcf-4e57-b9c8-6db9afef0c59,2026-05-18 12:54:00,2026-05-18 12:50:00,tester_02,2026-05-18 12:54:06,https://www.commcarehq.org/a/commcare-learn-ahmad/reports/form_data/9cfc8a95-44a1-44a9-bc8f-ffabe26e6f8c/,tester_02,4.0
293,c020aa31-45e9-402a-afce-a6236166ea80,2026-03-07,Primary School,fertilizer groundnut_seed,,,3.0,64.5,,,https://www.commcarehq.org/a/commcare-learn-ahmad/api/form_attachment/v1/c020aa31-45e9-402a-afce-a6236166ea80/signature.png,bbaf2616-bf96-47a2-b41f-ea1b90b4fa08,2026-03-07 10:02:00,2026-03-07 09:54:00,tester_01,2026-03-07 10:02:13,https://www.commcarehq.org/a/commcare-learn-ahmad/reports/form_data/c020aa31-45e9-402a-afce-a6236166ea80/,tester_01,8.0
294,f26c34d2-6e14-4ea5-8e11-e5c2740af12a,2026-04-21,Farmer Cooperative Centre,groundnut_seed goats rice_seed maize_seed fertilizer,8.4,6.0,7.1,76.5,1,,https://www.commcarehq.org/a/commcare-learn-ahmad/api/form_attachment/v1/f26c34d2-6e14-4ea5-8e11-e5c2740af12a/signature.png,1378551d-6f1a-406b-98b4-d3f2af5424b2,2026-04-21 15:24:00,2026-04-21 15:17:00,tester_03,2026-04-21 15:24:11,https://www.commcarehq.org/a/commcare-learn-ahmad/reports/form_data/f26c34d2-6e14-4ea5-8e11-e5c2740af12a/,tester_03,7.0
295,5c90f76a-24af-4091-9c91-0555cde2f08f,2026-05-15,Village Square,fertilizer maize_seed,9.8,,,56.8,,,https://www.commcarehq.org/a/commcare-learn-ahmad/api/form_attachment/v1/5c90f76a-24af-4091-9c91-0555cde2f08f/signature.png,d338d15d-a364-433a-8cc8-2f65a27267e3,2026-05-15 09:56:00,2026-05-15 09:53:00,tester_02,2026-05-15 09:56:13,https://www.commcarehq.org/a/commcare-learn-ahmad/reports/form_data/5c90f76a-24af-4091-9c91-0555cde2f08f/,tester_02,3.0
296,58fba18a-009d-406b-be45-553d4c74c145,2026-05-27,Farmer Cooperative Centre,maize_seed rice_seed fertilizer groundnut_seed,3.7,3.0,5.9,54.7,,,https://www.commcarehq.org/a/commcare-learn-ahmad/api/form_attachment/v1/58fba18a-009d-406b-be45-553d4c74c145/signature.png,19201d2c-a943-42cd-a2c8-2a7658d64ad1,2026-05-27 10:06:00,2026-05-27 10:02:00,tester_04,2026-05-27 10:06:19,https://www.commcarehq.org/a/commcare-learn-ahmad/reports/form_data/58fba18a-009d-406b-be45-553d4c74c145/,tester_04,4.0
297,9c13e498-fcac-410a-908c-2ff6f36a7406,2026-05-19,Extension Office,groundnut_seed,,,4.8,,,,https://www.commcarehq.org/a/commcare-learn-ahmad/api/form_attachment/v1/9c13e498-fcac-410a-908c-2ff6f36a7406/signature.png,eb2fc6bd-2d94-402e-8de6-3b30ae7ae44c,2026-05-19 14:02:00,2026-05-19 13:56:00,tester_07,2026-05-19 14:02:06,https://www.commcarehq.org/a/commcare-learn-ahmad/reports/form_data/9c13e498-fcac-410a-908c-2ff6f36a7406/,tester_07,6.0
298,fd478815-4f5f-40c1-8682-21a8b25b31f5,2026-07-14,Farmer Cooperative Centre,groundnut_seed,,,7.4,,,,https://www.commcarehq.org/a/commcare-learn-ahmad/api/form_attachment/v1/fd478815-4f5f-40c1-8682-21a8b25b31f5/signature.png,2b224158-5834-4f6f-a92f-d0df2bff1d95,2026-07-14 09:15:00,2026-07-14 09:11:00,tester_02,2026-07-14 09:15:09,https://www.commcarehq.org/a/commcare-learn-ahmad/reports/form_data/fd478815-4f5f-40c1-8682-21a8b25b31f5/,tester_02,4.0
299,8c48165c-eaaf-4bf6-8749-f69d7a56ccb4,2026-09-12,Primary School,groundnut_seed fertilizer,,,2.4,88.4,,,https://www.commcarehq.org/a/commcare-learn-ahmad/api/form_attachment/v1/8c48165c-eaaf-4bf6-8749-f69d7a56ccb4/signature.png,2480661b-904c-4e2a-94d6-06aa417611a3,2026-09-12 14:25:00,2026-09-12 14:17:00,tester_07,2026-09-12 14:25:14,https://www.commcarehq.org/a/commcare-learn-ahmad/reports/form_data/8c48165c-eaaf-4bf6-8749-f69d7a56ccb4/,tester_07,8.0
300,76b8da0b-978c-462b-8cdd-567933d06b53,2026-05-11,Extension Office,groundnut_seed fertilizer,,,4.4,42.5,,,https://www.commcarehq.org/a/commcare-learn-ahmad/api/form_attachment/v1/76b8da0b-978c-462b-8cdd-567933d06b53/signature.png,dab64c91-cbf9-40b3-bfc3-1d973f41aa9c,2026-05-11 13:27:00,2026-05-11 13:24:00,tester_01,2026-05-11 13:27:20,https://www.commcarehq.org/a/commcare-learn-ahmad/reports/form_data/76b8da0b-978c-462b-8cdd-567933d06b53/,tester_01,3.0
301,b8cc7bda-c536-4278-a26a-2c689a5603e8,2026-07-19,Community Hall,fertilizer,,,,33.2,,,https://www.commcarehq.org/a/commcare-learn-ahmad/api/form_attachment/v1/b8cc7bda-c536-4278-a26a-2c689a5603e8/signature.png,1d0612f1-1410-4ae0-a696-770717cadb6a,2026-07-19 11:06:00,2026-07-19 11:02:00,tester_07,2026-07-19 11:06:09,https://www.commcarehq.org/a/commcare-learn-ahmad/reports/form_data/b8cc7bda-c536-4278-a26a-2c689a5603e8/,tester_07,4.0
302,3e46db79-4db1-4d52-bd44-31353c31846a,2026-05-11,Primary School,rabbits,,,,,,1,https://www.commcarehq.org/a/commcare-learn-ahmad/api/form_attachment/v1/3e46db79-4db1-4d52-bd44-31353c31846a/signature.png,456bd7c1-0c90-470f-a431-2e90bbacb485,2026-05-11 12:54:00,2026-05-11 12:48:00,tester_02,2026-05-11 12:54:19,https://www.commcarehq.org/a/commcare-learn-ahmad/reports/form_data/3e46db79-4db1-4d52-bd44-31353c31846a/,tester_02,6.0
303,26248d17-34e7-41a0-94a9-f44cbee50332,2026-07-12,Farmer Cooperative Centre,goats,,,,,2,,https://www.commcarehq.org/a/commcare-learn-ahmad/api/form_attachment/v1/26248d17-34e7-41a0-94a9-f44cbee50332/signature.png,5a7acf94-cfcf-4dc9-a2a9-a336870d9ca0,2026-07-12 10:21:00,2026-07-12 10:17:00,tester_06,2026-07-12 10:21:09,https://www.commcarehq.org/a/commcare-learn-ahmad/reports/form_data/26248d17-34e7-41a0-94a9-f44cbee50332/,tester_06,4.0
304,e818a270-c155-49ba-8c60-032a3b8d61a0,2026-04-22,Village Square,rice_seed fertilizer,,6.1,,95.8,,,https://www.commcarehq.org/a/commcare-learn-ahmad/api/form_attachment/v1/e818a270-c155-49ba-8c60-032a3b8d61a0/signature.png,b093faa4-ed52-4669-9f88-eb95bd62a33b,2026-04-22 09:49:00,2026-04-22 09:41:00,tester_02,2026-04-22 09:49:18,https://www.commcarehq.org/a/commcare-learn-ahmad/reports/form_data/e818a270-c155-49ba-8c60-032a3b8d61a0/,tester_02,8.0
305,0bf8b600-ba46-40ce-abb5-bb3abf0a8ea7,2026-03-21,Village Square,groundnut_seed maize_seed fertilizer,4.7,,4.8,41.3,,,https://www.commcarehq.org/a/commcare-learn-ahmad/api/form_attachment/v1/0bf8b600-ba46-40ce-abb5-bb3abf0a8ea7/signature.png,644ff535-12a4-45b8-8a5d-52aa205bdef1,2026-03-21 12:16:00,2026-03-21 12:08:00,tester_06,2026-03-21 12:16:11,https://www.commcarehq.org/a/commcare-learn-ahmad/reports/form_data/0bf8b600-ba46-40ce-abb5-bb3abf0a8ea7/,tester_06,8.0
306,152441c3-0ff1-459d-b0be-76fec5df673c,2026-06-26,Primary School,fertilizer goats,,,,89.2,3,,https://www.commcarehq.org/a/commcare-learn-ahmad/api/form_attachment/v1/152441c3-0ff1-459d-b0be-76fec5df673c/signature.png,86c4d6eb-e211-43b8-bafc-24913a3efe7c,2026-06-26 15:41:00,2026-06-26 15:34:00,tester_05,2026-06-26 15:41:05,https://www.commcarehq.org/a/commcare-learn-ahmad/reports/form_data/152441c3-0ff1-459d-b0be-76fec5df673c/,tester_05,7.0
307,7e896c11-8ea4-412d-b6c0-c235909920ad,2026-05-24,Primary School,fertilizer,,,,26.6,,,https://www.commcarehq.org/a/commcare-learn-ahmad/api/form_attachment/v1/7e896c11-8ea4-412d-b6c0-c235909920ad/signature.png,88ebe950-c7a9-4078-a126-a49c2fe0886b,2026-05-24 10:12:00,2026-05-24 10:05:00,tester_01,2026-05-24 10:12:12,https://www.commcarehq.org/a/commcare-learn-ahmad/reports/form_data/7e896c11-8ea4-412d-b6c0-c235909920ad/,tester_01,7.0
308,4b1039d3-e7ce-4655-8298-708d18fe6b5d,2026-07-10,Farmer Cooperative Centre,fertilizer,,,,76.1,,,https://www.commcarehq.org/a/commcare-learn-ahmad/api/form_attachment/v1/4b1039d3-e7ce-4655-8298-708d18fe6b5d/signature.png,104e84dc-96fc-44b7-a30e-72b428321f44,2026-07-10 12:42:00,2026-07-10 12:36:00,tester_02,2026-07-10 12:42:08,https://www.commcarehq.org/a/commcare-learn-ahmad/reports/form_data/4b1039d3-e7ce-4655-8298-708d18fe6b5d/,tester_02,6.0
309,1e003fbd-a21c-4d67-a635-af0545488141,2026-01-21,Village Square,fertilizer maize_seed,6.7,,,94.1,,,https://www.commcarehq.org/a/commcare-learn-ahmad/api/form_attachment/v1/1e003fbd-a21c-4d67-a635-af0545488141/signature.png,f4477bc9-3b83-490b-a228-ea06d66caeab,2026-01-21 13:53:00,2026-01-21 13:50:00,tester_06,2026-01-21 13:53:08,https://www.commcarehq.org/a/commcare-learn-ahmad/reports/form_data/1e003fbd-a21c-4d67-a635-af0545488141/,tester_06,3.0
310,ac819bb2-4bd7-4629-be03-f17963851c52,2026-07-12,Farmer Cooperative Centre,rice_seed fertilizer maize_seed goats,6.4,2.5,,68.2,2,,https://www.commcarehq.org/a/commcare-learn-ahmad/api/form_attachment/v1/ac819bb2-4bd7-4629-be03-f17963851c52/signature.png,26caf038-07fa-478b-bf61-0b07c1c8c73a,2026-07-12 14:54:00,2026-07-12 14:48:00,tester_02,2026-07-12 14:54:16,https://www.commcarehq.org/a/commcare-learn-ahmad/reports/form_data/ac819bb2-4bd7-4629-be03-f17963851c52/,tester_02,6.0
311,465f703d-38f6-49ec-a3cc-920c38daa511,2026-06-28,Village Square,maize_seed,3.3,,,,,,https://www.commcarehq.org/a/commcare-learn-ahmad/api/form_attachment/v1/465f703d-38f6-49ec-a3cc-920c38daa511/signature.png,05d8ea56-3715-4243-8dfd-029adc504b97,2026-06-28 14:14:00,2026-06-28 14:12:00,tester_04,2026-06-28 14:14:15,https://www.commcarehq.org/a/commcare-learn-ahmad/reports/form_data/465f703d-38f6-49ec-a3cc-920c38daa511/,tester_04,2.0
312,4fdb7d9c-a5fb-4f96-82e6-0a79592068e7,2026-03-29,Primary School,maize_seed fertilizer,4.0,,,75.7,,,https://www.commcarehq.org/a/commcare-learn-ahmad/api/form_attachment/v1/4fdb7d9c-a5fb-4f96-82e6-0a79592068e7/signature.png,9dd2be2d-f23d-4a85-afa3-d262fada7f7c,2026-03-29 11:43:00,2026-03-29 11:35:00,tester_07,2026-03-29 11:43:05,https://www.commcarehq.org/a/commcare-learn-ahmad/reports/form_data/4fdb7d9c-a5fb-4f96-82e6-0a79592068e7/,tester_07,8.0
313,e4aaf536-47e5-4255-ae33-8931ce83cfcb,2026-07-02,Farmer Cooperative Centre,fertilizer groundnut_seed,,,4.2,43.9,,,https://www.commcarehq.org/a/commcare-learn-ahmad/api/form_attachment/v1/e4aaf536-47e5-4255-ae33-8931ce83cfcb/signature.png,16ef1c10-b107-46dd-b951-d84ce091e45e,2026-07-02 13:40:00,2026-07-02 13:38:00,tester_03,2026-07-02 13:40:06,https://www.commcarehq.org/a/commcare-learn-ahmad/reports/form_data/e4aaf536-47e5-4255-ae33-8931ce83cfcb/,tester_03,2.0
314,2a078216-5c60-44ec-9a23-b3410bc7514c,2026-07-04,Extension Office,rabbits rice_seed,,8.5,,,,2,https://www.commcarehq.org/a/commcare-learn-ahmad/api/form_attachment/v1/2a078216-5c60-44ec-9a23-b3410bc7514c/signature.png,92f878ca-09d6-490a-b952-cabd1fe33be2,2026-07-04 13:34:00,2026-07-04 13:27:00,tester_01,2026-07-04 13:34:07,https://www.commcarehq.org/a/commcare-learn-ahmad/reports/form_data/2a078216-5c60-44ec-9a23-b3410bc7514c/,tester_01,7.0
315,74622c58-d7cf-4601-8643-cb2754c1a473,2026-05-08,Farmer Cooperative Centre,fertilizer,,,,98.1,,,https://www.commcarehq.org/a/commcare-learn-ahmad/api/form_attachment/v1/74622c58-d7cf-4601-8643-cb2754c1a473/signature.png,ebee57e4-446e-465d-8a84-76461c3c68dd,2026-05-08 09:00:00,2026-05-08 08:54:00,tester_05,2026-05-08 09:00:12,https://www.commcarehq.org/a/commcare-learn-ahmad/reports/form_data/74622c58-d7cf-4601-8643-cb2754c1a473/,tester_05,6.0
316,61127613-bab7-4844-bac4-f7a61068d6b6,2026-04-24,Village Square,fertilizer goats maize_seed rice_seed,2.8,2.0,,84.5,3,,https://www.commcarehq.org/a/commcare-learn-ahmad/api/form_attachment/v1/61127613-bab7-4844-bac4-f7a61068d6b6/signature.png,ffd684e3-e30f-4a2c-ba12-c7e58abc7ff9,2026-04-24 10:37:00,2026-04-24 10:29:00,tester_05,2026-04-24 10:37:19,https://www.commcarehq.org/a/commcare-learn-ahmad/reports/form_data/61127613-bab7-4844-bac4-f7a61068d6b6/,tester_05,8.0
317,1c557dbf-7d07-44d7-9e33-f2f41d74877b,2026-05-04,Community Hall,fertilizer groundnut_seed,,,7.0,57.8,,,https://www.commcarehq.org/a/commcare-learn-ahmad/api/form_attachment/v1/1c557dbf-7d07-44d7-9e33-f2f41d74877b/signature.png,4e9b1d23-d6c3-4194-8bf3-0cac1d75de6b,2026-05-04 13:40:00,2026-05-04 13:37:00,tester_07,2026-05-04 13:40:20,https://www.commcarehq.org/a/commcare-learn-ahmad/reports/form_data/1c557dbf-7d07-44d7-9e33-f2f41d74877b/,tester_07,3.0
318,ba522fc6-af51-45d9-ae50-b2bc026b9f30,2026-06-10,Community Hall,rice_seed maize_seed,3.2,5.4,,,,,https://www.commcarehq.org/a/commcare-learn-ahmad/api/form_attachment/v1/ba522fc6-af51-45d9-ae50-b2bc026b9f30/signature.png,13d9314b-5135-48ab-8af3-c0d80856c606,2026-06-10 09:21:00,2026-06-10 09:16:00,tester_05,2026-06-10 09:21:14,https://www.commcarehq.org/a/commcare-learn-ahmad/reports/form_data/ba522fc6-af51-45d9-ae50-b2bc026b9f30/,tester_05,5.0
319,58eb8e93-a46c-4e4f-80b8-d97d2ab7914f,2026-05-04,Community Hall,rice_seed fertilizer,,5.4,,78.1,,,https://www.commcarehq.org/a/commcare-learn-ahmad/api/form_attachment/v1/58eb8e93-a46c-4e4f-80b8-d97d2ab7914f/signature.png,d5fb06db-f3eb-47f7-9888-83e3424fac8c,2026-05-04 08:44:00,2026-05-04 08:41:00,tester_07,2026-05-04 08:44:14,https://www.commcarehq.org/a/commcare-learn-ahmad/reports/form_data/58eb8e93-a46c-4e4f-80b8-d97d2ab7914f/,tester_07,3.0
320,1e3b8913-0fc5-4056-a1c8-f0e17012a7e9,2026-04-23,Extension Office,fertilizer,,,,94.4,,,https://www.commcarehq.org/a/commcare-learn-ahmad/api/form_attachment/v1/1e3b8913-0fc5-4056-a1c8-f0e17012a7e9/signature.png,4f02dc2f-6c9b-44f1-9d55-9dedd71f269e,2026-04-23 15:14:00,2026-04-23 15:10:00,tester_01,2026-04-23 15:14:17,https://www.commcarehq.org/a/commcare-learn-ahmad/reports/form_data/1e3b8913-0fc5-4056-a1c8-f0e17012a7e9/,tester_01,4.0
321,330b924d-e636-4058-9966-b0bd6b7e8de6,2026-09-16,Farmer Cooperative Centre,fertilizer groundnut_seed,,,6.3,80.8,,,https://www.commcarehq.org/a/commcare-learn-ahmad/api/form_attachment/v1/330b924d-e636-4058-9966-b0bd6b7e8de6/signature.png,4395ee19-c11a-4122-881d-c11ef562bb93,2026-09-16 11:08:00,2026-09-16 11:05:00,tester_05,2026-09-16 11:08:05,https://www.commcarehq.org/a/commcare-learn-ahmad/reports/form_data/330b924d-e636-4058-9966-b0bd6b7e8de6/,tester_05,3.0
322,7af444d9-e673-4bf3-a330-6c6811e32b77,2026-09-08,Primary School,rabbits fertilizer maize_seed groundnut_seed,6.9,,5.7,91.9,,2,https://www.commcarehq.org/a/commcare-learn-ahmad/api/form_attachment/v1/7af444d9-e673-4bf3-a330-6c6811e32b77/signature.png,c98b937d-d407-4bbc-97e0-e8b5114aaafa,2026-09-08 08:50:00,2026-09-08 08:46:00,tester_06,2026-09-08 08:50:08,https://www.commcarehq.org/a/commcare-learn-ahmad/reports/form_data/7af444d9-e673-4bf3-a330-6c6811e32b77/,tester_06,4.0
323,dc303dea-119c-4e53-98e8-a0e57d28fb10,2026-02-03,Primary School,rice_seed fertilizer maize_seed groundnut_seed,7.2,4.7,3.5,70.9,,,https://www.commcarehq.org/a/commcare-learn-ahmad/api/form_attachment/v1/dc303dea-119c-4e53-98e8-a0e57d28fb10/signature.png,5db70225-5b39-4b6f-a0dc-5b58fc736a8d,2026-02-03 08:15:00,2026-02-03 08:10:00,tester_07,2026-02-03 08:15:15,https://www.commcarehq.org/a/commcare-learn-ahmad/reports/form_data/dc303dea-119c-4e53-98e8-a0e57d28fb10/,tester_07,5.0
324,68edc17d-9c64-4072-b611-59cd2fb077bd,2026-04-09,Extension Office,goats rabbits,,,,,1,1,https://www.commcarehq.org/a/commcare-learn-ahmad/api/form_attachment/v1/68edc17d-9c64-4072-b611-59cd2fb077bd/signature.png,6820f1e1-cde1-41c0-825f-6917390a8f63,2026-04-09 08:27:00,2026-04-09 08:24:00,tester_05,2026-04-09 08:27:15,https://www.commcarehq.org/a/commcare-learn-ahmad/reports/form_data/68edc17d-9c64-4072-b611-59cd2fb077bd/,tester_05,3.0
325,c068414a-a5dc-428a-95c5-c191f8a9dec3,2026-03-29,Extension Office,rice_seed fertilizer,,9.5,,98.9,,,https://www.commcarehq.org/a/commcare-learn-ahmad/api/form_attachment/v1/c068414a-a5dc-428a-95c5-c191f8a9dec3/signature.png,9db8a360-0915-4f4f-a855-08fb2e808be2,2026-03-29 14:40:00,2026-03-29 14:37:00,tester_02,2026-03-29 14:40:18,https://www.commcarehq.org/a/commcare-learn-ahmad/reports/form_data/c068414a-a5dc-428a-95c5-c191f8a9dec3/,tester_02,3.0
326,4b035c1e-d25c-4c36-a950-6a56ba463985,2026-07-23,Village Square,maize_seed rice_seed groundnut_seed goats fertilizer,4.9,3.1,4.0,39.6,2,,https://www.commcarehq.org/a/commcare-learn-ahmad/api/form_attachment/v1/4b035c1e-d25c-4c36-a950-6a56ba463985/signature.png,fd3f97d1-cdff-4bff-abc0-255af4bfc037,2026-07-23 09:52:00,2026-07-23 09:50:00,tester_06,2026-07-23 09:52:07,https://www.commcarehq.org/a/commcare-learn-ahmad/reports/form_data/4b035c1e-d25c-4c36-a950-6a56ba463985/,tester_06,2.0
327,1ff7ab8d-e524-457c-af0e-2d7d82a11b8b,2026-01-29,Farmer Cooperative Centre,fertilizer rice_seed,,9.7,,44.7,,,https://www.commcarehq.org/a/commcare-learn-ahmad/api/form_attachment/v1/1ff7ab8d-e524-457c-af0e-2d7d82a11b8b/signature.png,1d6010fe-de23-4d38-b3e1-c00891c1db53,2026-01-29 08:34:00,2026-01-29 08:28:00,tester_05,2026-01-29 08:34:14,https://www.commcarehq.org/a/commcare-learn-ahmad/reports/form_data/1ff7ab8d-e524-457c-af0e-2d7d82a11b8b/,tester_05,6.0
328,c6d0cd05-ed05-4b5b-af2b-6dd8e37aa2f5,2026-06-13,Extension Office,rice_seed fertilizer,,9.3,,75.5,,,https://www.commcarehq.org/a/commcare-learn-ahmad/api/form_attachment/v1/c6d0cd05-ed05-4b5b-af2b-6dd8e37aa2f5/signature.png,c0e76334-0111-40de-8459-c35c7a9e5e4f,2026-06-13 13:06:00,2026-06-13 13:01:00,tester_01,2026-06-13 13:06:17,https://www.commcarehq.org/a/commcare-learn-ahmad/reports/form_data/c6d0cd05-ed05-4b5b-af2b-6dd8e37aa2f5/,tester_01,5.0
329,86003783-fe55-451c-bbd7-1209080f4abd,2026-05-02,Community Hall,fertilizer,,,,84.2,,,https://www.commcarehq.org/a/commcare-learn-ahmad/api/form_attachment/v1/86003783-fe55-451c-bbd7-1209080f4abd/signature.png,02cf7ee2-1250-42a2-b9a5-60835faeec55,2026-05-02 14:51:00,2026-05-02 14:43:00,tester_04,2026-05-02 14:51:13,https://www.commcarehq.org/a/commcare-learn-ahmad/reports/form_data/86003783-fe55-451c-bbd7-1209080f4abd/,tester_04,8.0
330,17ed0ba7-beb2-4373-bfb9-6423defbf7a3,2026-06-09,Community Hall,rice_seed fertilizer groundnut_seed,,8.1,7.9,54.8,,,https://www.commcarehq.org/a/commcare-learn-ahmad/api/form_attachment/v1/17ed0ba7-beb2-4373-bfb9-6423defbf7a3/signature.png,c7c1fae1-8a00-4ee0-9f22-6423dbe40075,2026-06-09 15:45:00,2026-06-09 15:43:00,tester_02,2026-06-09 15:45:20,https://www.commcarehq.org/a/commcare-learn-ahmad/reports/form_data/17ed0ba7-beb2-4373-bfb9-6423defbf7a3/,tester_02,2.0
331,3034ddde-eb7b-4bcc-97e4-2a2ea6b9e317,2026-03-07,Extension Office,fertilizer maize_seed rabbits rice_seed,7.7,7.9,,50.3,,2,https://www.commcarehq.org/a/commcare-learn-ahmad/api/form_attachment/v1/3034ddde-eb7b-4bcc-97e4-2a2ea6b9e317/signature.png,86fd3e4a-fad5-4a5e-90c4-fd000888c945,2026-03-07 13:29:00,2026-03-07 13:25:00,tester_01,2026-03-07 13:29:16,https://www.commcarehq.org/a/commcare-learn-ahmad/reports/form_data/3034ddde-eb7b-4bcc-97e4-2a2ea6b9e317/,tester_01,4.0
332,ce94c204-e54e-47fd-968f-dfcd43553ce1,2026-03-12,Village Square,groundnut_seed,,,2.4,,,,https://www.commcarehq.org/a/commcare-learn-ahmad/api/form_attachment/v1/ce94c204-e54e-47fd-968f-dfcd43553ce1/signature.png,b735f447-57e3-4318-ad95-638b04d28cdd,2026-03-12 14:04:00,2026-03-12 13:56:00,tester_04,2026-03-12 14:04:12,https://www.commcarehq.org/a/commcare-learn-ahmad/reports/form_data/ce94c204-e54e-47fd-968f-dfcd43553ce1/,tester_04,8.0
333,9e505b08-0b4c-45fb-834b-28b983ad116f,2026-06-26,Extension Office,fertilizer maize_seed groundnut_seed,3.9,,2.9,54.3,,,https://www.commcarehq.org/a/commcare-learn-ahmad/api/form_attachment/v1/9e505b08-0b4c-45fb-834b-28b983ad116f/signature.png,3d2de349-8e50-4212-9dac-07e6fd7679e2,2026-06-26 10:50:00,2026-06-26 10:45:00,tester_07,2026-06-26 10:50:15,https://www.commcarehq.org/a/commcare-learn-ahmad/reports/form_data/9e505b08-0b4c-45fb-834b-28b983ad116f/,tester_07,5.0
334,6ad7cc2f-60fb-4700-beaf-7ef8726caf23,2026-05-15,Village Square,groundnut_seed fertilizer rice_seed,,4.8,4.3,29.5,,,https://www.commcarehq.org/a/commcare-learn-ahmad/api/form_attachment/v1/6ad7cc2f-60fb-4700-beaf-7ef8726caf23/signature.png,a9f77d8d-4f62-4d22-bed5-d70e6d3bbe5d,2026-05-15 11:48:00,2026-05-15 11:44:00,tester_05,2026-05-15 11:48:20,https://www.commcarehq.org/a/commcare-learn-ahmad/reports/form_data/6ad7cc2f-60fb-4700-beaf-7ef8726caf23/,tester_05,4.0
335,dfb345e6-3e97-482b-b41d-04b2e98aaf74,2026-04-13,Extension Office,maize_seed,2.3,,,,,,https://www.commcarehq.org/a/commcare-learn-ahmad/api/form_attachment/v1/dfb345e6-3e97-482b-b41d-04b2e98aaf74/signature.png,58c49705-d500-45f9-8e7d-d648a72b29ec,2026-04-13 15:07:00,2026-04-13 15:02:00,tester_07,2026-04-13 15:07:20,https://www.commcarehq.org/a/commcare-learn-ahmad/reports/form_data/dfb345e6-3e97-482b-b41d-04b2e98aaf74/,tester_07,5.0
336,83a6da2b-71b0-4dec-b657-a14e91623757,2026-08-25,Extension Office,rabbits groundnut_seed,,,2.8,,,2,https://www.commcarehq.org/a/commcare-learn-ahmad/api/form_attachment/v1/83a6da2b-71b0-4dec-b657-a14e91623757/signature.png,74163c87-148d-4827-a3a9-ef77024cc7fa,2026-08-25 14:02:00,2026-08-25 13:57:00,tester_03,2026-08-25 14:02:09,https://www.commcarehq.org/a/commcare-learn-ahmad/reports/form_data/83a6da2b-71b0-4dec-b657-a14e91623757/,tester_03,5.0
337,04cf6a31-4364-4667-bedb-3dc9ebcbf7a9,2026-09-09,Primary School,groundnut_seed,,,4.8,,,,https://www.commcarehq.org/a/commcare-learn-ahmad/api/form_attachment/v1/04cf6a31-4364-4667-bedb-3dc9ebcbf7a9/signature.png,6dd7a00d-8c75-459b-b12a-09e9b653fe6f,2026-09-09 09:51:00,2026-09-09 09:45:00,tester_04,2026-09-09 09:51:07,https://www.commcarehq.org/a/commcare-learn-ahmad/reports/form_data/04cf6a31-4364-4667-bedb-3dc9ebcbf7a9/,tester_04,6.0
338,94b03079-86f1-49f1-b873-47fd5fd88074,2026-07-24,Primary School,maize_seed,9.4,,,,,,https://www.commcarehq.org/a/commcare-learn-ahmad/api/form_attachment/v1/94b03079-86f1-49f1-b873-47fd5fd88074/signature.png,db755426-de9c-444e-bc1e-b94675a63ed8,2026-07-24 09:37:00,2026-07-24 09:31:00,tester_05,2026-07-24 09:37:14,https://www.commcarehq.org/a/commcare-learn-ahmad/reports/form_data/94b03079-86f1-49f1-b873-47fd5fd88074/,tester_05,6.0
339,b188a425-85ad-4ca7-b7e8-2a8229e79bba,2026-09-10,Extension Office,groundnut_seed goats fertilizer rice_seed,,3.8,7.6,39.3,2,,https://www.commcarehq.org/a/commcare-learn-ahmad/api/form_attachment/v1/b188a425-85ad-4ca7-b7e8-2a8229e79bba/signature.png,1899d0ef-da11-44bf-942a-127d8bf37794,2026-09-10 09:28:00,2026-09-10 09:21:00,tester_02,2026-09-10 09:28:16,https://www.commcarehq.org/a/commcare-learn-ahmad/reports/form_data/b188a425-85ad-4ca7-b7e8-2a8229e79bba/,tester_02,7.0
340,13b7e02c-a962-4a71-8c44-8f1b52751a50,2026-06-18,Farmer Cooperative Centre,groundnut_seed maize_seed rice_seed fertilizer,6.7,7.7,4.2,89.4,,,https://www.commcarehq.org/a/commcare-learn-ahmad/api/form_attachment/v1/13b7e02c-a962-4a71-8c44-8f1b52751a50/signature.png,ff365f73-b00f-4051-b4bf-872a52c62834,2026-06-18 08:06:00,2026-06-18 08:00:00,tester_06,2026-06-18 08:06:17,https://www.commcarehq.org/a/commcare-learn-ahmad/reports/form_data/13b7e02c-a962-4a71-8c44-8f1b52751a50/,tester_06,6.0
341,bf5d0378-ccd0-4432-b99c-dc4a4d834c7b,2026-05-16,Village Square,groundnut_seed,,,3.5,,,,https://www.commcarehq.org/a/commcare-learn-ahmad/api/form_attachment/v1/bf5d0378-ccd0-4432-b99c-dc4a4d834c7b/signature.png,384b6a94-b09f-466c-b032-4ea36682f106,2026-05-16 12:34:00,2026-05-16 12:32:00,tester_04,2026-05-16 12:34:09,https://www.commcarehq.org/a/commcare-learn-ahmad/reports/form_data/bf5d0378-ccd0-4432-b99c-dc4a4d834c7b/,tester_04,2.0
342,34f9aa86-a856-4b69-847b-dbb83c0b9831,2026-08-20,Farmer Cooperative Centre,fertilizer maize_seed,7.3,,,34.8,,,https://www.commcarehq.org/a/commcare-learn-ahmad/api/form_attachment/v1/34f9aa86-a856-4b69-847b-dbb83c0b9831/signature.png,6eb7a871-0591-449b-9fff-898cf015303d,2026-08-20 08:33:00,2026-08-20 08:25:00,tester_02,2026-08-20 08:33:07,https://www.commcarehq.org/a/commcare-learn-ahmad/reports/form_data/34f9aa86-a856-4b69-847b-dbb83c0b9831/,tester_02,8.0
343,11632fcc-d047-49cb-b101-9949a9758daa,2026-07-15,Community Hall,groundnut_seed fertilizer goats maize_seed,8.8,,3.4,90.6,3,,https://www.commcarehq.org/a/commcare-learn-ahmad/api/form_attachment/v1/11632fcc-d047-49cb-b101-9949a9758daa/signature.png,ed1ae3f7-f500-4361-a0cc-cc2e72fedf13,2026-07-15 09:41:00,2026-07-15 09:38:00,tester_01,2026-07-15 09:41:14,https://www.commcarehq.org/a/commcare-learn-ahmad/reports/form_data/11632fcc-d047-49cb-b101-9949a9758daa/,tester_01,3.0
344,9d9ca05a-7168-4e57-9b2a-f31b3c9e1da3,2026-06-08,Extension Office,fertilizer,,,,74.2,,,https://www.commcarehq.org/a/commcare-learn-ahmad/api/form_attachment/v1/9d9ca05a-7168-4e57-9b2a-f31b3c9e1da3/signature.png,fe542e6d-1cba-4ad9-90ad-3a8ddec6c702,2026-06-08 15:00:00,2026-06-08 14:57:00,tester_05,2026-06-08 15:00:17,https://www.commcarehq.org/a/commcare-learn-ahmad/reports/form_data/9d9ca05a-7168-4e57-9b2a-f31b3c9e1da3/,tester_05,3.0
345,ba43a2c2-d0f4-47c9-ae8f-9b4e7f13ae23,2026-01-21,Primary School,groundnut_seed maize_seed fertilizer,8.1,,6.4,99.8,,,https://www.commcarehq.org/a/commcare-learn-ahmad/api/form_attachment/v1/ba43a2c2-d0f4-47c9-ae8f-9b4e7f13ae23/signature.png,f0398b5b-91cb-4a19-bbee-7a677e020f13,2026-01-21 13:55:00,2026-01-21 13:52:00,tester_02,2026-01-21 13:55:12,https://www.commcarehq.org/a/commcare-learn-ahmad/reports/form_data/ba43a2c2-d0f4-47c9-ae8f-9b4e7f13ae23/,tester_02,3.0
346,69f2e843-167d-4d7e-b8cb-c492c7d44791,2026-08-17,Extension Office,fertilizer rice_seed,,9.2,,46.1,,,https://www.commcarehq.org/a/commcare-learn-ahmad/api/form_attachment/v1/69f2e843-167d-4d7e-b8cb-c492c7d44791/signature.png,2cbc87b7-06bd-4408-affb-5feaff10f4ca,2026-08-17 13:09:00,2026-08-17 13:02:00,tester_05,2026-08-17 13:09:14,https://www.commcarehq.org/a/commcare-learn-ahmad/reports/form_data/69f2e843-167d-4d7e-b8cb-c492c7d44791/,tester_05,7.0
347,9d2c38b0-7e83-4a18-958c-052f1c7928d6,2026-07-26,Village Square,maize_seed,5.6,,,,,,https://www.commcarehq.org/a/commcare-learn-ahmad/api/form_attachment/v1/9d2c38b0-7e83-4a18-958c-052f1c7928d6/signature.png,146c75ea-312b-4bc9-94c0-f275d2b62a43,2026-07-26 12:03:00,2026-07-26 12:00:00,tester_06,2026-07-26 12:03:09,https://www.commcarehq.org/a/commcare-learn-ahmad/reports/form_data/9d2c38b0-7e83-4a18-958c-052f1c7928d6/,tester_06,3.0
348,a1d510ec-9ee0-4b00-852b-3289fae3cbc2,2026-07-20,Community Hall,maize_seed,8.7,,,,,,https://www.commcarehq.org/a/commcare-learn-ahmad/api/form_attachment/v1/a1d510ec-9ee0-4b00-852b-3289fae3cbc2/signature.png,01b2e98a-38e1-4fec-92bc-02682f7e4b53,2026-07-20 11:16:00,2026-07-20 11:08:00,tester_01,2026-07-20 11:16:16,https://www.commcarehq.org/a/commcare-learn-ahmad/reports/form_data/a1d510ec-9ee0-4b00-852b-3289fae3cbc2/,tester_01,8.0
349,4c8fec12-3fc0-472c-a2de-e994f4ab10b1,2026-06-20,Extension Office,fertilizer,,,,76.3,,,https://www.commcarehq.org/a/commcare-learn-ahmad/api/form_attachment/v1/4c8fec12-3fc0-472c-a2de-e994f4ab10b1/signature.png,33c0b232-7416-42cb-95af-2b5e4f9937a5,2026-06-20 10:07:00,2026-06-20 10:02:00,tester_07,2026-06-20 10:07:15,https://www.commcarehq.org/a/commcare-learn-ahmad/reports/form_data/4c8fec12-3fc0-472c-a2de-e994f4ab10b1/,tester_07,5.0
350,b7fd19b5-0da7-4b28-a999-a3dd8fe6fbbc,2026-06-24,Primary School,fertilizer,,,,49.3,,,https://www.commcarehq.org/a/commcare-learn-ahmad/api/form_attachment/v1/b7fd19b5-0da7-4b28-a999-a3dd8fe6fbbc/signature.png,a76571bb-72c7-4bcd-8e94-bba155ca2bfc,2026-06-24 11:19:00,2026-06-24 11:15:00,tester_01,2026-06-24 11:19:05,https://www.commcarehq.org/a/commcare-learn-ahmad/reports/form_data/b7fd19b5-0da7-4b28-a999-a3dd8fe6fbbc/,tester_01,4.0
351,1323a817-a416-4531-a28c-b176a92278ad,2026-06-08,Community Hall,groundnut_seed fertilizer maize_seed,2.1,,4.4,66.6,,,https://www.commcarehq.org/a/commcare-learn-ahmad/api/form_attachment/v1/1323a817-a416-4531-a28c-b176a92278ad/signature.png,b598f2a6-e26e-4a29-87f5-99625721c195,2026-06-08 09:37:00,2026-06-08 09:34:00,tester_02,2026-06-08 09:37:08,https://www.commcarehq.org/a/commcare-learn-ahmad/reports/form_data/1323a817-a416-4531-a28c-b176a92278ad/,tester_02,3.0
352,f75253e7-efa2-45a0-8295-b6b95ad1bbda,2026-09-02,Farmer Cooperative Centre,groundnut_seed,,,6.3,,,,https://www.commcarehq.org/a/commcare-learn-ahmad/api/form_attachment/v1/f75253e7-efa2-45a0-8295-b6b95ad1bbda/signature.png,28d1977d-a543-42ae-b9d9-7e0910b68ee9,2026-09-02 09:50:00,2026-09-02 09:45:00,tester_05,2026-09-02 09:50:11,https://www.commcarehq.org/a/commcare-learn-ahmad/reports/form_data/f75253e7-efa2-45a0-8295-b6b95ad1bbda/,tester_05,5.0
353,4e443a46-1b23-4ae7-8f6e-82f2daf135d7,2026-03-29,Community Hall,goats,,,,,3,,https://www.commcarehq.org/a/commcare-learn-ahmad/api/form_attachment/v1/4e443a46-1b23-4ae7-8f6e-82f2daf135d7/signature.png,90760d1e-8729-498a-bba9-3ca4abe76095,2026-03-29 15:04:00,2026-03-29 14:58:00,tester_06,2026-03-29 15:04:08,https://www.commcarehq.org/a/commcare-learn-ahmad/reports/form_data/4e443a46-1b23-4ae7-8f6e-82f2daf135d7/,tester_06,6.0
354,730e1bf7-2346-4b09-9c60-24d356038ad5,2026-06-30,Village Square,groundnut_seed fertilizer goats maize_seed,3.8,,2.5,51.8,2,,https://www.commcarehq.org/a/commcare-learn-ahmad/api/form_attachment/v1/730e1bf7-2346-4b09-9c60-24d356038ad5/signature.png,4f99f879-3a36-4727-ab6b-38a8bc65790d,2026-06-30 11:28:00,2026-06-30 11:21:00,tester_04,2026-06-30 11:28:10,https://www.commcarehq.org/a/commcare-learn-ahmad/reports/form_data/730e1bf7-2346-4b09-9c60-24d356038ad5/,tester_04,7.0
355,aa103050-c218-4caf-b7cb-06a81a2b866b,2026-02-15,Community Hall,goats fertilizer,,,,51.7,3,,https://www.commcarehq.org/a/commcare-learn-ahmad/api/form_attachment/v1/aa103050-c218-4caf-b7cb-06a81a2b866b/signature.png,4e9b6333-a3a3-4e91-8b4d-0110d1bac53f,2026-02-15 13:07:00,2026-02-15 13:02:00,tester_01,2026-02-15 13:07:06,https://www.commcarehq.org/a/commcare-learn-ahmad/reports/form_data/aa103050-c218-4caf-b7cb-06a81a2b866b/,tester_01,5.0
356,6d414a09-48c7-4e78-8199-63f5906a864d,2026-04-11,Extension Office,groundnut_seed fertilizer rice_seed,,2.9,3.1,75.3,,,https://www.commcarehq.org/a/commcare-learn-ahmad/api/form_attachment/v1/6d414a09-48c7-4e78-8199-63f5906a864d/signature.png,122fe482-1d2e-4a5d-bc2a-c93afd0975c8,2026-04-11 09:24:00,2026-04-11 09:22:00,tester_06,2026-04-11 09:24:16,https://www.commcarehq.org/a/commcare-learn-ahmad/reports/form_data/6d414a09-48c7-4e78-8199-63f5906a864d/,tester_06,2.0
357,fe248249-2c0a-40bd-a244-30b7d3390887,2026-05-12,Primary School,goats,,,,,3,,https://www.commcarehq.org/a/commcare-learn-ahmad/api/form_attachment/v1/fe248249-2c0a-40bd-a244-30b7d3390887/signature.png,591b9381-61e2-4ac3-a65f-73ba2b93f91e,2026-05-12 10:30:00,2026-05-12 10:23:00,tester_03,2026-05-12 10:30:12,https://www.commcarehq.org/a/commcare-learn-ahmad/reports/form_data/fe248249-2c0a-40bd-a244-30b7d3390887/,tester_03,7.0
358,c11e41bc-77b0-4e1a-90fb-d0388c6764dc,2026-09-09,Extension Office,rice_seed groundnut_seed fertilizer,,3.7,3.2,76.8,,,https://www.commcarehq.org/a/commcare-learn-ahmad/api/form_attachment/v1/c11e41bc-77b0-4e1a-90fb-d0388c6764dc/signature.png,ad32c356-b9a6-4119-a81b-44b7802ee731,2026-09-09 12:28:00,2026-09-09 12:20:00,tester_03,2026-09-09 12:28:14,https://www.commcarehq.org/a/commcare-learn-ahmad/reports/form_data/c11e41bc-77b0-4e1a-90fb-d0388c6764dc/,tester_03,8.0
359,928fb663-4e22-4548-8611-808d6e5be7d8,2026-03-04,Primary School,fertilizer rabbits,,,,47.5,,3,https://www.commcarehq.org/a/commcare-learn-ahmad/api/form_attachment/v1/928fb663-4e22-4548-8611-808d6e5be7d8/signature.png,801d53bc-d5d2-4ee0-a33d-4178bd6fe2c0,2026-03-04 13:27:00,2026-03-04 13:19:00,tester_05,2026-03-04 13:27:14,https://www.commcarehq.org/a/commcare-learn-ahmad/reports/form_data/928fb663-4e22-4548-8611-808d6e5be7d8/,tester_05,8.0
360,1530841c-8920-4fe3-902d-3a810583a512,2026-09-28,Extension Office,groundnut_seed fertilizer,,,6.1,71.0,,,https://www.commcarehq.org/a/commcare-learn-ahmad/api/form_attachment/v1/1530841c-8920-4fe3-902d-3a810583a512/signature.png,79fc7ac4-1fbe-4366-a390-1a29f75fbd35,2026-09-28 09:49:00,2026-09-28 09:44:00,tester_03,2026-09-28 09:49:15,https://www.commcarehq.org/a/commcare-learn-ahmad/reports/form_data/1530841c-8920-4fe3-902d-3a810583a512/,tester_03,5.0
361,a20d4f07-76be-4fb0-ba0e-9da95b46d97d,2026-08-07,Extension Office,groundnut_seed goats,,,7.9,,3,,https://www.commcarehq.org/a/commcare-learn-ahmad/api/form_attachment/v1/a20d4f07-76be-4fb0-ba0e-9da95b46d97d/signature.png,00349811-9ac5-43b6-affa-48ce9dcc00fc,2026-08-07 15:26:00,2026-08-07 15:23:00,tester_07,2026-08-07 15:26:20,https://www.commcarehq.org/a/commcare-learn-ahmad/reports/form_data/a20d4f07-76be-4fb0-ba0e-9da95b46d97d/,tester_07,3.0
362,b4878f6a-1c20-4207-b07d-4cb7107032c1,2026-05-31,Extension Office,fertilizer rice_seed groundnut_seed goats,,9.8,4.5,51.9,1,,https://www.commcarehq.org/a/commcare-learn-ahmad/api/form_attachment/v1/b4878f6a-1c20-4207-b07d-4cb7107032c1/signature.png,8599c5dc-6e6d-413c-83f1-31849bc77929,2026-05-31 09:00:00,2026-05-31 08:53:00,tester_04,2026-05-31 09:00:09,https://www.commcarehq.org/a/commcare-learn-ahmad/reports/form_data/b4878f6a-1c20-4207-b07d-4cb7107032c1/,tester_04,7.0
363,c1e8430f-af30-4eef-b460-d88dd1fc76bf,2026-03-30,Extension Office,maize_seed fertilizer rabbits,3.2,,,94.7,,3,https://www.commcarehq.org/a/commcare-learn-ahmad/api/form_attachment/v1/c1e8430f-af30-4eef-b460-d88dd1fc76bf/signature.png,056fe9c9-59b9-4ef8-b039-3ac6a03e6749,2026-03-30 09:14:00,2026-03-30 09:06:00,tester_04,2026-03-30 09:14:08,https://www.commcarehq.org/a/commcare-learn-ahmad/reports/form_data/c1e8430f-af30-4eef-b460-d88dd1fc76bf/,tester_04,8.0
364,1761b22e-0231-4fa9-bf7c-84efd7f61a94,2026-04-21,Farmer Cooperative Centre,fertilizer maize_seed rabbits,6.1,,,61.6,,4,https://www.commcarehq.org/a/commcare-learn-ahmad/api/form_attachment/v1/1761b22e-0231-4fa9-bf7c-84efd7f61a94/signature.png,f2fbf9d5-acd0-4ed5-8a73-e94bd0697b74,2026-04-21 15:03:00,2026-04-21 14:57:00,tester_01,2026-04-21 15:03:18,https://www.commcarehq.org/a/commcare-learn-ahmad/reports/form_data/1761b22e-0231-4fa9-bf7c-84efd7f61a94/,tester_01,6.0
365,0700c5a5-c64c-487c-8d52-dcb62af04eb6,2026-03-20,Community Hall,maize_seed fertilizer,6.4,,,59.5,,,https://www.commcarehq.org/a/commcare-learn-ahmad/api/form_attachment/v1/0700c5a5-c64c-487c-8d52-dcb62af04eb6/signature.png,5ffbdffe-a304-4c9c-87c4-9d6d2659fcd2,2026-03-20 13:24:00,2026-03-20 13:21:00,tester_06,2026-03-20 13:24:12,https://www.commcarehq.org/a/commcare-learn-ahmad/reports/form_data/0700c5a5-c64c-487c-8d52-dcb62af04eb6/,tester_06,3.0
366,e66df670-f79a-4fb2-8d10-c85364ae5d10,2026-06-11,Primary School,groundnut_seed,,,6.6,,,,https://www.commcarehq.org/a/commcare-learn-ahmad/api/form_attachment/v1/e66df670-f79a-4fb2-8d10-c85364ae5d10/signature.png,e33775bc-a416-4241-9b14-557bdbc36e30,2026-06-11 15:27:00,2026-06-11 15:23:00,tester_07,2026-06-11 15:27:16,https://www.commcarehq.org/a/commcare-learn-ahmad/reports/form_data/e66df670-f79a-4fb2-8d10-c85364ae5d10/,tester_07,4.0
367,ae9bc503-8a28-4029-ad79-30eb144e140c,2026-06-09,Community Hall,maize_seed,6.2,,,,,,https://www.commcarehq.org/a/commcare-learn-ahmad/api/form_attachment/v1/ae9bc503-8a28-4029-ad79-30eb144e140c/signature.png,5311402e-4750-408c-bc29-47daaf5b7b8b,2026-06-09 13:05:00,2026-06-09 12:58:00,tester_02,2026-06-09 13:05:07,https://www.commcarehq.org/a/commcare-learn-ahmad/reports/form_data/ae9bc503-8a28-4029-ad79-30eb144e140c/,tester_02,7.0
368,84e70713-46df-4c7d-adba-ae8690b81d61,2026-05-06,Community Hall,rice_seed rabbits,,2.3,,,,4,https://www.commcarehq.org/a/commcare-learn-ahmad/api/form_attachment/v1/84e70713-46df-4c7d-adba-ae8690b81d61/signature.png,67b4880b-9824-450c-ac1a-4e138657b5fc,2026-05-06 08:41:00,2026-05-06 08:39:00,tester_02,2026-05-06 08:41:19,https://www.commcarehq.org/a/commcare-learn-ahmad/reports/form_data/84e70713-46df-4c7d-adba-ae8690b81d61/,tester_02,2.0
369,d0a7aaf1-f9f3-41fa-953f-9f7cf2f061c6,2026-05-16,Village Square,rice_seed,,7.6,,,,,https://www.commcarehq.org/a/commcare-learn-ahmad/api/form_attachment/v1/d0a7aaf1-f9f3-41fa-953f-9f7cf2f061c6/signature.png,7decea21-ae94-4a02-b38b-168e3b2d2457,2026-05-16 09:08:00,2026-05-16 09:00:00,tester_01,2026-05-16 09:08:06,https://www.commcarehq.org/a/commcare-learn-ahmad/reports/form_data/d0a7aaf1-f9f3-41fa-953f-9f7cf2f061c6/,tester_01,8.0
370,e9d455ba-40fd-43df-88da-0e4ae2b50561,2026-02-12,Village Square,fertilizer,,,,93.5,,,https://www.commcarehq.org/a/commcare-learn-ahmad/api/form_attachment/v1/e9d455ba-40fd-43df-88da-0e4ae2b50561/signature.png,4f4ac3da-28c6-45f4-bea3-185e78d069a5,2026-02-12 13:31:00,2026-02-12 13:24:00,tester_05,2026-02-12 13:31:20,https://www.commcarehq.org/a/commcare-learn-ahmad/reports/form_data/e9d455ba-40fd-43df-88da-0e4ae2b50561/,tester_05,7.0
371,ee4ffaba-3a7e-405d-92e9-5bd2ec2444df,2026-08-20,Farmer Cooperative Centre,goats fertilizer rice_seed,,8.2,,64.5,3,,https://www.commcarehq.org/a/commcare-learn-ahmad/api/form_attachment/v1/ee4ffaba-3a7e-405d-92e9-5bd2ec2444df/signature.png,886bdf85-b68c-45dc-aebc-d55b0d4fc18e,2026-08-20 11:14:00,2026-08-20 11:09:00,tester_04,2026-08-20 11:14:07,https://www.commcarehq.org/a/commcare-learn-ahmad/reports/form_data/ee4ffaba-3a7e-405d-92e9-5bd2ec2444df/,tester_04,5.0
372,16ca7df4-168e-407f-883b-b12d3060fd81,2026-08-24,Extension Office,fertilizer groundnut_seed,,,3.9,46.7,,,https://www.commcarehq.org/a/commcare-learn-ahmad/api/form_attachment/v1/16ca7df4-168e-407f-883b-b12d3060fd81/signature.png,105da0a3-800f-4e42-b973-d651504c737a,2026-08-24 08:41:00,2026-08-24 08:38:00,tester_02,2026-08-24 08:41:15,https://www.commcarehq.org/a/commcare-learn-ahmad/reports/form_data/16ca7df4-168e-407f-883b-b12d3060fd81/,tester_02,3.0
373,86289bb6-7deb-4b01-a14c-bdb46b6621a6,2026-08-28,Farmer Cooperative Centre,fertilizer groundnut_seed,,,6.4,82.9,,,https://www.commcarehq.org/a/commcare-learn-ahmad/api/form_attachment/v1/86289bb6-7deb-4b01-a14c-bdb46b6621a6/signature.png,5db9f9ea-2c1c-4184-a70d-6b78e0571a5a,2026-08-28 09:43:00,2026-08-28 09:36:00,tester_06,2026-08-28 09:43:10,https://www.commcarehq.org/a/commcare-learn-ahmad/reports/form_data/86289bb6-7deb-4b01-a14c-bdb46b6621a6/,tester_06,7.0
374,55c89f3c-03df-432e-bc50-8ee7bef6b77e,2026-07-03,Primary School,rabbits goats fertilizer rice_seed,,5.8,,59.6,2,1,https://www.commcarehq.org/a/commcare-learn-ahmad/api/form_attachment/v1/55c89f3c-03df-432e-bc50-8ee7bef6b77e/signature.png,6d5db3bc-f391-46b2-895d-63f962c9d401,2026-07-03 14:04:00,2026-07-03 13:57:00,tester_04,2026-07-03 14:04:18,https://www.commcarehq.org/a/commcare-learn-ahmad/reports/form_data/55c89f3c-03df-432e-bc50-8ee7bef6b77e/,tester_04,7.0
375,a38d1174-0739-4352-8ffb-62b34a6b1a76,2026-08-19,Farmer Cooperative Centre,fertilizer rabbits groundnut_seed rice_seed,,3.7,4.1,33.9,,3,https://www.commcarehq.org/a/commcare-learn-ahmad/api/form_attachment/v1/a38d1174-0739-4352-8ffb-62b34a6b1a76/signature.png,e4ccd126-ba41-4044-92ce-16c18649b768,2026-08-19 10:44:00,2026-08-19 10:39:00,tester_03,2026-08-19 10:44:12,https://www.commcarehq.org/a/commcare-learn-ahmad/reports/form_data/a38d1174-0739-4352-8ffb-62b34a6b1a76/,tester_03,5.0
376,545a9429-e570-43a1-8392-7174602011b6,2026-05-01,Community Hall,fertilizer rice_seed,,3.3,,36.0,,,https://www.commcarehq.org/a/commcare-learn-ahmad/api/form_attachment/v1/545a9429-e570-43a1-8392-7174602011b6/signature.png,f3a407b3-bf2e-4b54-9c4c-0f0e4f250250,2026-05-01 10:17:00,2026-05-01 10:11:00,tester_05,2026-05-01 10:17:14,https://www.commcarehq.org/a/commcare-learn-ahmad/reports/form_data/545a9429-e570-43a1-8392-7174602011b6/,tester_05,6.0
377,cee22731-f8c6-4c85-8f86-026ec5408a35,2026-07-05,Farmer Cooperative Centre,fertilizer rice_seed,,4.2,,88.7,,,https://www.commcarehq.org/a/commcare-learn-ahmad/api/form_attachment/v1/cee22731-f8c6-4c85-8f86-026ec5408a35/signature.png,7e9e9a96-8ffe-4dc9-a40b-81cff5208e7b,2026-07-05 09:20:00,2026-07-05 09:17:00,tester_02,2026-07-05 09:20:12,https://www.commcarehq.org/a/commcare-learn-ahmad/reports/form_data/cee22731-f8c6-4c85-8f86-026ec5408a35/,tester_02,3.0
378,a88628e8-82e0-4584-b7fc-665274e5dcda,2026-08-08,Primary School,rabbits groundnut_seed goats fertilizer,,,6.3,35.3,2,2,https://www.commcarehq.org/a/commcare-learn-ahmad/api/form_attachment/v1/a88628e8-82e0-4584-b7fc-665274e5dcda/signature.png,e772e576-d793-4185-b700-56c02e07e659,2026-08-08 08:23:00,2026-08-08 08:20:00,tester_01,2026-08-08 08:23:20,https://www.commcarehq.org/a/commcare-learn-ahmad/reports/form_data/a88628e8-82e0-4584-b7fc-665274e5dcda/,tester_01,3.0
379,a8934262-eb0f-475e-885e-bcec0530ac43,2026-10-05,Farmer Cooperative Centre,groundnut_seed rabbits rice_seed maize_seed fertilizer,7.8,8.6,3.4,40.3,,2,https://www.commcarehq.org/a/commcare-learn-ahmad/api/form_attachment/v1/a8934262-eb0f-475e-885e-bcec0530ac43/signature.png,5696aabb-a2ea-44bf-8f51-9449780b8368,2026-10-05 10:35:00,2026-10-05 10:31:00,tester_03,2026-10-05 10:35:13,https://www.commcarehq.org/a/commcare-learn-ahmad/reports/form_data/a8934262-eb0f-475e-885e-bcec0530ac43/,tester_03,4.0
380,f641623a-6bf1-4ab2-b858-94d6da13b708,2026-10-01,Extension Office,goats maize_seed,2.3,,,,1,,https://www.commcarehq.org/a/commcare-learn-ahmad/api/form_attachment/v1/f641623a-6bf1-4ab2-b858-94d6da13b708/signature.png,669b945c-3e76-412d-be8a-f747a999c1f7,2026-10-01 13:37:00,2026-10-01 13:33:00,tester_01,2026-10-01 13:37:14,https://www.commcarehq.org/a/commcare-learn-ahmad/reports/form_data/f641623a-6bf1-4ab2-b858-94d6da13b708/,tester_01,4.0
381,5f55843d-ba78-4194-bbfc-2068e7d6b59b,2026-10-05,Community Hall,rice_seed groundnut_seed fertilizer goats maize_seed,3.1,4.2,3.3,60.2,2,,https://www.commcarehq.org/a/commcare-learn-ahmad/api/form_attachment/v1/5f55843d-ba78-4194-bbfc-2068e7d6b59b/signature.png,3806d335-021b-4d79-b6d7-4a5c42dc29f6,2026-10-05 12:20:00,2026-10-05 12:14:00,tester_06,2026-10-05 12:20:15,https://www.commcarehq.org/a/commcare-learn-ahmad/reports/form_data/5f55843d-ba78-4194-bbfc-2068e7d6b59b/,tester_06,6.0
382,37471b2d-413d-41e0-9dbb-b8b640a4028f,2026-04-23,Primary School,rabbits maize_seed groundnut_seed,8.9,,2.0,,,4,https://www.commcarehq.org/a/commcare-learn-ahmad/api/form_attachment/v1/37471b2d-413d-41e0-9dbb-b8b640a4028f/signature.png,d1f5ab65-7417-4c61-9862-9fdf6a902e36,2026-04-23 11:47:00,2026-04-23 11:39:00,tester_03,2026-04-23 11:47:19,https://www.commcarehq.org/a/commcare-learn-ahmad/reports/form_data/37471b2d-413d-41e0-9dbb-b8b640a4028f/,tester_03,8.0
383,d1ff19b6-c568-4471-aca2-8df89551da47,2026-06-29,Community Hall,maize_seed,4.9,,,,,,https://www.commcarehq.org/a/commcare-learn-ahmad/api/form_attachment/v1/d1ff19b6-c568-4471-aca2-8df89551da47/signature.png,e8ce0ad4-6062-4a2b-8320-df437191377a,2026-06-29 09:59:00,2026-06-29 09:52:00,tester_01,2026-06-29 09:59:17,https://www.commcarehq.org/a/commcare-learn-ahmad/reports/form_data/d1ff19b6-c568-4471-aca2-8df89551da47/,tester_01,7.0
384,99fec5c0-6a2a-4231-a097-206c042c4200,2026-08-04,Village Square,maize_seed fertilizer groundnut_seed,7.9,,2.2,58.6,,,https://www.commcarehq.org/a/commcare-learn-ahmad/api/form_attachment/v1/99fec5c0-6a2a-4231-a097-206c042c4200/signature.png,abc37b8c-c6f4-428e-af44-da8a5dd21285,2026-08-04 08:17:00,2026-08-04 08:09:00,tester_06,2026-08-04 08:17:15,https://www.commcarehq.org/a/commcare-learn-ahmad/reports/form_data/99fec5c0-6a2a-4231-a097-206c042c4200/,tester_06,8.0
385,2c29ddf7-5f67-4e01-b3bb-62dfe828e012,2026-05-12,Farmer Cooperative Centre,groundnut_seed maize_seed fertilizer,9.7,,6.8,71.0,,,https://www.commcarehq.org/a/commcare-learn-ahmad/api/form_attachment/v1/2c29ddf7-5f67-4e01-b3bb-62dfe828e012/signature.png,188fd638-2211-498d-8147-04c8f359250f,2026-05-12 08:09:00,2026-05-12 08:01:00,tester_04,2026-05-12 08:09:06,https://www.commcarehq.org/a/commcare-learn-ahmad/reports/form_data/2c29ddf7-5f67-4e01-b3bb-62dfe828e012/,tester_04,8.0
386,f34093f0-ba14-4d4d-971c-2019107c4edd,2026-08-09,Farmer Cooperative Centre,rice_seed fertilizer goats,,5.4,,92.8,3,,https://www.commcarehq.org/a/commcare-learn-ahmad/api/form_attachment/v1/f34093f0-ba14-4d4d-971c-2019107c4edd/signature.png,69bf6f6a-a761-48b0-9061-f35528ffea7f,2026-08-09 14:25:00,2026-08-09 14:22:00,tester_07,2026-08-09 14:25:17,https://www.commcarehq.org/a/commcare-learn-ahmad/reports/form_data/f34093f0-ba14-4d4d-971c-2019107c4edd/,tester_07,3.0
387,ec9bf42f-8538-4b4a-847e-98c4101f3d68,2026-04-26,Farmer Cooperative Centre,groundnut_seed fertilizer,,,6.9,84.9,,,https://www.commcarehq.org/a/commcare-learn-ahmad/api/form_attachment/v1/ec9bf42f-8538-4b4a-847e-98c4101f3d68/signature.png,13d5e23d-5846-416b-bb61-a7c4256bf631,2026-04-26 13:01:00,2026-04-26 12:53:00,tester_01,2026-04-26 13:01:05,https://www.commcarehq.org/a/commcare-learn-ahmad/reports/form_data/ec9bf42f-8538-4b4a-847e-98c4101f3d68/,tester_01,8.0
388,a06ee382-b202-4b48-a7d5-e9295fbb386d,2026-06-24,Village Square,goats,,,,,1,,https://www.commcarehq.org/a/commcare-learn-ahmad/api/form_attachment/v1/a06ee382-b202-4b48-a7d5-e9295fbb386d/signature.png,4999f204-9657-492b-a6ba-0e6f9ba0e99e,2026-06-24 10:17:00,2026-06-24 10:13:00,tester_06,2026-06-24 10:17:07,https://www.commcarehq.org/a/commcare-learn-ahmad/reports/form_data/a06ee382-b202-4b48-a7d5-e9295fbb386d/,tester_06,4.0
389,90d4f395-b04b-4a48-b8c4-05db2a53bc24,2026-08-07,Primary School,fertilizer,,,,52.7,,,https://www.commcarehq.org/a/commcare-learn-ahmad/api/form_attachment/v1/90d4f395-b04b-4a48-b8c4-05db2a53bc24/signature.png,948eac7d-b451-44cf-845c-1e4756f824b7,2026-08-07 13:21:00,2026-08-07 13:16:00,tester_05,2026-08-07 13:21:13,https://www.commcarehq.org/a/commcare-learn-ahmad/reports/form_data/90d4f395-b04b-4a48-b8c4-05db2a53bc24/,tester_05,5.0
390,ec792577-e2dd-4282-bb36-bd03ae834de1,2026-06-17,Farmer Cooperative Centre,maize_seed rice_seed goats groundnut_seed fertilizer,6.9,3.7,6.8,79.9,2,,https://www.commcarehq.org/a/commcare-learn-ahmad/api/form_attachment/v1/ec792577-e2dd-4282-bb36-bd03ae834de1/signature.png,b01a0d96-cceb-43bf-a118-ed612089ab47,2026-06-17 12:16:00,2026-06-17 12:09:00,tester_07,2026-06-17 12:16:15,https://www.commcarehq.org/a/commcare-learn-ahmad/reports/form_data/ec792577-e2dd-4282-bb36-bd03ae834de1/,tester_07,7.0
391,2c2a4498-b1b0-4edc-a85a-868006a4ec1c,2026-05-08,Village Square,maize_seed fertilizer goats,3.2,,,43.2,1,,https://www.commcarehq.org/a/commcare-learn-ahmad/api/form_attachment/v1/2c2a4498-b1b0-4edc-a85a-868006a4ec1c/signature.png,82817afc-ecbd-43ad-aa19-871723c75f63,2026-05-08 14:27:00,2026-05-08 14:21:00,tester_01,2026-05-08 14:27:09,https://www.commcarehq.org/a/commcare-learn-ahmad/reports/form_data/2c2a4498-b1b0-4edc-a85a-868006a4ec1c/,tester_01,6.0
392,becef53f-0911-49e8-bb7e-2a8ba1466a8e,2026-05-11,Farmer Cooperative Centre,fertilizer rice_seed groundnut_seed,,2.7,7.4,30.5,,,https://www.commcarehq.org/a/commcare-learn-ahmad/api/form_attachment/v1/becef53f-0911-49e8-bb7e-2a8ba1466a8e/signature.png,cea91cbf-563b-4da4-8751-e11faad70e22,2026-05-11 13:28:00,2026-05-11 13:23:00,tester_03,2026-05-11 13:28:16,https://www.commcarehq.org/a/commcare-learn-ahmad/reports/form_data/becef53f-0911-49e8-bb7e-2a8ba1466a8e/,tester_03,5.0
393,788a776f-12da-4a31-8f88-204c2187c216,2026-03-10,Village Square,groundnut_seed fertilizer maize_seed rice_seed,8.1,7.5,7.4,41.3,,,https://www.commcarehq.org/a/commcare-learn-ahmad/api/form_attachment/v1/788a776f-12da-4a31-8f88-204c2187c216/signature.png,8ba5dc02-a5a8-4ae9-be2c-1663cd0d6db3,2026-03-10 09:03:00,2026-03-10 08:59:00,tester_06,2026-03-10 09:03:19,https://www.commcarehq.org/a/commcare-learn-ahmad/reports/form_data/788a776f-12da-4a31-8f88-204c2187c216/,tester_06,4.0
394,1a701f9d-85d5-41a5-9469-909386d9df40,2026-07-26,Farmer Cooperative Centre,maize_seed rice_seed,9.8,2.3,,,,,https://www.commcarehq.org/a/commcare-learn-ahmad/api/form_attachment/v1/1a701f9d-85d5-41a5-9469-909386d9df40/signature.png,7f8641fb-eb9d-42e9-81d9-e3ce62e5c259,2026-07-26 14:20:00,2026-07-26 14:14:00,tester_04,2026-07-26 14:20:09,https://www.commcarehq.org/a/commcare-learn-ahmad/reports/form_data/1a701f9d-85d5-41a5-9469-909386d9df40/,tester_04,6.0
395,c2879b6e-93ba-4c6a-8516-057f8ea028ac,2026-03-07,Primary School,maize_seed fertilizer,8.8,,,98.9,,,https://www.commcarehq.org/a/commcare-learn-ahmad/api/form_attachment/v1/c2879b6e-93ba-4c6a-8516-057f8ea028ac/signature.png,3ef45f93-b196-400e-af74-844bdcd17c96,2026-03-07 08:41:00,2026-03-07 08:38:00,tester_05,2026-03-07 08:41:06,https://www.commcarehq.org/a/commcare-learn-ahmad/reports/form_data/c2879b6e-93ba-4c6a-8516-057f8ea028ac/,tester_05,3.0
396,ce7c4261-f6bf-45ec-8551-c0adfcebcdc9,2026-06-27,Primary School,rabbits groundnut_seed rice_seed fertilizer maize_seed,9.1,9.0,3.6,28.1,,3,https://www.commcarehq.org/a/commcare-learn-ahmad/api/form_attachment/v1/ce7c4261-f6bf-45ec-8551-c0adfcebcdc9/signature.png,16660ec7-8b76-4a3c-a6b7-c38ffb904e79,2026-06-27 08:37:00,2026-06-27 08:35:00,tester_02,2026-06-27 08:37:13,https://www.commcarehq.org/a/commcare-learn-ahmad/reports/form_data/ce7c4261-f6bf-45ec-8551-c0adfcebcdc9/,tester_02,2.0
397,96808206-763e-48da-8b4a-2cc2d1dbd9a0,2026-05-25,Community Hall,groundnut_seed,,,6.6,,,,https://www.commcarehq.org/a/commcare-learn-ahmad/api/form_attachment/v1/96808206-763e-48da-8b4a-2cc2d1dbd9a0/signature.png,ed9a7082-32c4-49b9-8c52-5fea3e325804,2026-05-25 13:24:00,2026-05-25 13:21:00,tester_01,2026-05-25 13:24:12,https://www.commcarehq.org/a/commcare-learn-ahmad/reports/form_data/96808206-763e-48da-8b4a-2cc2d1dbd9a0/,tester_01,3.0
398,9929d9a1-50af-45f9-a561-7f72505fea01,2026-06-24,Village Square,rabbits groundnut_seed maize_seed rice_seed,5.5,9.8,6.1,,,3,https://www.commcarehq.org/a/commcare-learn-ahmad/api/form_attachment/v1/9929d9a1-50af-45f9-a561-7f72505fea01/signature.png,0942fb79-0d49-4cf7-8bbd-ab5b1fc75b06,2026-06-24 13:20:00,2026-06-24 13:16:00,tester_02,2026-06-24 13:20:12,https://www.commcarehq.org/a/commcare-learn-ahmad/reports/form_data/9929d9a1-50af-45f9-a561-7f72505fea01/,tester_02,4.0
399,aac85d08-de93-4021-b8e1-70b17e09b63c,2026-09-19,Village Square,rice_seed,,5.8,,,,,https://www.commcarehq.org/a/commcare-learn-ahmad/api/form_attachment/v1/aac85d08-de93-4021-b8e1-70b17e09b63c/signature.png,188d685a-98ff-4763-bb4d-231700ca4cfe,2026-09-19 09:40:00,2026-09-19 09:35:00,tester_07,2026-09-19 09:40:11,https://www.commcarehq.org/a/commcare-learn-ahmad/reports/form_data/aac85d08-de93-4021-b8e1-70b17e09b63c/,tester_07,5.0
400,a4f4ab1a-d44c-4899-b983-3b77980777ee,2026-03-20,Village Square,goats fertilizer,,,,41.0,2,,https://www.commcarehq.org/a/commcare-learn-ahmad/api/form_attachment/v1/a4f4ab1a-d44c-4899-b983-3b77980777ee/signature.png,789bc76b-64ea-426f-9b91-372552dfba5b,2026-03-20 13:53:00,2026-03-20 13:46:00,tester_03,2026-03-20 13:53:09,https://www.commcarehq.org/a/commcare-learn-ahmad/reports/form_data/a4f4ab1a-d44c-4899-b983-3b77980777ee/,tester_03,7.0
401,5e09b444-519a-496c-8ecc-90cbe31605f5,2026-05-25,Primary School,groundnut_seed fertilizer maize_seed rice_seed,6.9,5.8,5.9,56.3,,,https://www.commcarehq.org/a/commcare-learn-ahmad/api/form_attachment/v1/5e09b444-519a-496c-8ecc-90cbe31605f5/signature.png,5b31eb88-b70f-4ed3-859d-09c6f4354d4a,2026-05-25 13:22:00,2026-05-25 13:14:00,tester_06,2026-05-25 13:22:05,https://www.commcarehq.org/a/commcare-learn-ahmad/reports/form_data/5e09b444-519a-496c-8ecc-90cbe31605f5/,tester_06,8.0
402,04292f0d-8485-4a3d-8921-ad40f4212ffc,2026-02-08,Primary School,rice_seed maize_seed,5.2,9.9,,,,,https://www.commcarehq.org/a/commcare-learn-ahmad/api/form_attachment/v1/04292f0d-8485-4a3d-8921-ad40f4212ffc/signature.png,c34861bb-702f-4fe9-9ac4-a5e36d649789,2026-02-08 08:28:00,2026-02-08 08:26:00,tester_01,2026-02-08 08:28:16,https://www.commcarehq.org/a/commcare-learn-ahmad/reports/form_data/04292f0d-8485-4a3d-8921-ad40f4212ffc/,tester_01,2.0
403,c511afae-4ee6-43a9-85f0-4fb940b45998,2026-07-16,Farmer Cooperative Centre,groundnut_seed rice_seed goats fertilizer,,7.5,3.2,26.2,2,,https://www.commcarehq.org/a/commcare-learn-ahmad/api/form_attachment/v1/c511afae-4ee6-43a9-85f0-4fb940b45998/signature.png,5208cb7e-4932-42b7-9839-8e9ca990dc84,2026-07-16 10:41:00,2026-07-16 10:39:00,tester_07,2026-07-16 10:41:20,https://www.commcarehq.org/a/commcare-learn-ahmad/reports/form_data/c511afae-4ee6-43a9-85f0-4fb940b45998/,tester_07,2.0
404,11c32e9a-ccc3-454e-ae2d-a62eef1b9264,2026-02-22,Farmer Cooperative Centre,fertilizer rice_seed,,10.0,,54.9,,,https://www.commcarehq.org/a/commcare-learn-ahmad/api/form_attachment/v1/11c32e9a-ccc3-454e-ae2d-a62eef1b9264/signature.png,e3c65777-c4a2-405e-a159-a2c71b9c5b81,2026-02-22 10:24:00,2026-02-22 10:21:00,tester_04,2026-02-22 10:24:13,https://www.commcarehq.org/a/commcare-learn-ahmad/reports/form_data/11c32e9a-ccc3-454e-ae2d-a62eef1b9264/,tester_04,3.0
405,9a5306e7-e0f1-40af-b8dc-cd9f77fd96ef,2026-06-16,Community Hall,maize_seed rice_seed,7.7,2.2,,,,,https://www.commcarehq.org/a/commcare-learn-ahmad/api/form_attachment/v1/9a5306e7-e0f1-40af-b8dc-cd9f77fd96ef/signature.png,e52efae5-61ce-4a1b-86a3-1736a0963a7b,2026-06-16 09:29:00,2026-06-16 09:23:00,tester_07,2026-06-16 09:29:19,https://www.commcarehq.org/a/commcare-learn-ahmad/reports/form_data/9a5306e7-e0f1-40af-b8dc-cd9f77fd96ef/,tester_07,6.0
406,ea3cb08f-f093-49a4-a38f-c0abde37033d,2026-09-05,Primary School,fertilizer maize_seed,4.5,,,58.5,,,https://www.commcarehq.org/a/commcare-learn-ahmad/api/form_attachment/v1/ea3cb08f-f093-49a4-a38f-c0abde37033d/signature.png,e664db03-da40-4cce-bdd2-a95a95e9da50,2026-09-05 14:09:00,2026-09-05 14:04:00,tester_02,2026-09-05 14:09:05,https://www.commcarehq.org/a/commcare-learn-ahmad/reports/form_data/ea3cb08f-f093-49a4-a38f-c0abde37033d/,tester_02,5.0
407,7dbbf4e4-892f-4e8d-8431-8be975ffdbbf,2026-08-10,Community Hall,rice_seed maize_seed fertilizer,2.1,7.0,,100.0,,,https://www.commcarehq.org/a/commcare-learn-ahmad/api/form_attachment/v1/7dbbf4e4-892f-4e8d-8431-8be975ffdbbf/signature.png,7154c84b-4294-480b-8101-6a7c83a30c59,2026-08-10 15:09:00,2026-08-10 15:01:00,tester_07,2026-08-10 15:09:19,https://www.commcarehq.org/a/commcare-learn-ahmad/reports/form_data/7dbbf4e4-892f-4e8d-8431-8be975ffdbbf/,tester_07,8.0
408,6e11d3f5-f6cb-45e7-a10e-625b748338b1,2026-05-17,Community Hall,fertilizer rice_seed,,5.2,,83.2,,,https://www.commcarehq.org/a/commcare-learn-ahmad/api/form_attachment/v1/6e11d3f5-f6cb-45e7-a10e-625b748338b1/signature.png,ad5e549e-5f2c-48bb-91de-ab608e95a710,2026-05-17 13:57:00,2026-05-17 13:49:00,tester_02,2026-05-17 13:57:18,https://www.commcarehq.org/a/commcare-learn-ahmad/reports/form_data/6e11d3f5-f6cb-45e7-a10e-625b748338b1/,tester_02,8.0
409,6b7478c7-0d63-4d54-97f4-c39307c4ac8f,2026-06-13,Farmer Cooperative Centre,rabbits,,,,,,2,https://www.commcarehq.org/a/commcare-learn-ahmad/api/form_attachment/v1/6b7478c7-0d63-4d54-97f4-c39307c4ac8f/signature.png,bfebc4a1-b2b9-4013-9fb4-16784dfb5a94,2026-06-13 11:04:00,2026-06-13 10:58:00,tester_03,2026-06-13 11:04:17,https://www.commcarehq.org/a/commcare-learn-ahmad/reports/form_data/6b7478c7-0d63-4d54-97f4-c39307c4ac8f/,tester_03,6.0
410,e5f034c9-7f59-4707-bc28-e1e6ef5e6db7,2026-05-05,Extension Office,fertilizer rice_seed groundnut_seed,,5.4,3.7,71.7,,,https://www.commcarehq.org/a/commcare-learn-ahmad/api/form_attachment/v1/e5f034c9-7f59-4707-bc28-e1e6ef5e6db7/signature.png,1b204786-516b-4a10-9ac1-8fe4bc6387a8,2026-05-05 08:51:00,2026-05-05 08:43:00,tester_03,2026-05-05 08:51:07,https://www.commcarehq.org/a/commcare-learn-ahmad/reports/form_data/e5f034c9-7f59-4707-bc28-e1e6ef5e6db7/,tester_03,8.0
411,dd46937e-a216-4ca9-9100-a786c7a563f7,2026-02-28,Primary School,fertilizer groundnut_seed,,,3.6,25.2,,,https://www.commcarehq.org/a/commcare-learn-ahmad/api/form_attachment/v1/dd46937e-a216-4ca9-9100-a786c7a563f7/signature.png,6e3ea913-b623-4425-8dc3-c9fad97df9fa,2026-02-28 14:16:00,2026-02-28 14:12:00,tester_02,2026-02-28 14:16:07,https://www.commcarehq.org/a/commcare-learn-ahmad/reports/form_data/dd46937e-a216-4ca9-9100-a786c7a563f7/,tester_02,4.0
412,7c57ef3c-c239-4511-a2d9-65305133b2bc,2026-04-27,Farmer Cooperative Centre,fertilizer,,,,87.3,,,https://www.commcarehq.org/a/commcare-learn-ahmad/api/form_attachment/v1/7c57ef3c-c239-4511-a2d9-65305133b2bc/signature.png,84984422-e0bb-45d9-848b-b90593c29670,2026-04-27 08:21:00,2026-04-27 08:14:00,tester_06,2026-04-27 08:21:09,https://www.commcarehq.org/a/commcare-learn-ahmad/reports/form_data/7c57ef3c-c239-4511-a2d9-65305133b2bc/,tester_06,7.0
413,bc4d1241-8540-4ae3-ac2d-9a4caee23680,2026-08-05,Farmer Cooperative Centre,groundnut_seed rabbits fertilizer,,,7.3,78.1,,4,https://www.commcarehq.org/a/commcare-learn-ahmad/api/form_attachment/v1/bc4d1241-8540-4ae3-ac2d-9a4caee23680/signature.png,a9001559-6926-4f90-8abf-467163c12704,2026-08-05 14:37:00,2026-08-05 14:30:00,tester_05,2026-08-05 14:37:08,https://www.commcarehq.org/a/commcare-learn-ahmad/reports/form_data/bc4d1241-8540-4ae3-ac2d-9a4caee23680/,tester_05,7.0
414,71146f08-5fe3-4eb4-be06-932483388cd1,2026-05-01,Primary School,rice_seed,,8.5,,,,,https://www.commcarehq.org/a/commcare-learn-ahmad/api/form_attachment/v1/71146f08-5fe3-4eb4-be06-932483388cd1/signature.png,24903993-aab8-4151-8c8d-0ed5061459d8,2026-05-01 09:32:00,2026-05-01 09:29:00,tester_04,2026-05-01 09:32:15,https://www.commcarehq.org/a/commcare-learn-ahmad/reports/form_data/71146f08-5fe3-4eb4-be06-932483388cd1/,tester_04,3.0
415,23d07032-40b2-458e-b765-e6d10f56da77,2026-05-10,Extension Office,fertilizer,,,,65.1,,,https://www.commcarehq.org/a/commcare-learn-ahmad/api/form_attachment/v1/23d07032-40b2-458e-b765-e6d10f56da77/signature.png,01bb8783-1874-4473-a09e-1a40d88c0f32,2026-05-10 15:36:00,2026-05-10 15:29:00,tester_02,2026-05-10 15:36:19,https://www.commcarehq.org/a/commcare-learn-ahmad/reports/form_data/23d07032-40b2-458e-b765-e6d10f56da77/,tester_02,7.0
416,4ce6cf0c-ecbd-425e-b4bd-9efb877a2c80,2026-08-25,Primary School,goats fertilizer,,,,90.0,3,,https://www.commcarehq.org/a/commcare-learn-ahmad/api/form_attachment/v1/4ce6cf0c-ecbd-425e-b4bd-9efb877a2c80/signature.png,487b5217-4b4f-4d73-b0d9-ad08e08de814,2026-08-25 11:56:00,2026-08-25 11:51:00,tester_05,2026-08-25 11:56:05,https://www.commcarehq.org/a/commcare-learn-ahmad/reports/form_data/4ce6cf0c-ecbd-425e-b4bd-9efb877a2c80/,tester_05,5.0
417,d1197128-6cb4-41c4-98ee-c930014269f7,2026-03-27,Primary School,fertilizer rabbits rice_seed maize_seed,5.6,8.8,,47.8,,2,https://www.commcarehq.org/a/commcare-learn-ahmad/api/form_attachment/v1/d1197128-6cb4-41c4-98ee-c930014269f7/signature.png,14df2903-6396-4998-9e2e-bb81b6e566ee,2026-03-27 15:50:00,2026-03-27 15:47:00,tester_06,2026-03-27 15:50:17,https://www.commcarehq.org/a/commcare-learn-ahmad/reports/form_data/d1197128-6cb4-41c4-98ee-c930014269f7/,tester_06,3.0
418,ea4dbf95-b34d-4081-aa1d-69474c1829e2,2026-08-16,Extension Office,maize_seed groundnut_seed,3.4,,7.7,,,,https://www.commcarehq.org/a/commcare-learn-ahmad/api/form_attachment/v1/ea4dbf95-b34d-4081-aa1d-69474c1829e2/signature.png,fb5e7eea-4b27-43aa-9738-91e0383d8313,2026-08-16 15:29:00,2026-08-16 15:26:00,tester_01,2026-08-16 15:29:07,https://www.commcarehq.org/a/commcare-learn-ahmad/reports/form_data/ea4dbf95-b34d-4081-aa1d-69474c1829e2/,tester_01,3.0
419,c2dedd3a-06b0-4409-8d87-8cf3b90a5eec,2026-06-17,Farmer Cooperative Centre,groundnut_seed goats fertilizer,,,3.3,38.9,3,,https://www.commcarehq.org/a/commcare-learn-ahmad/api/form_attachment/v1/c2dedd3a-06b0-4409-8d87-8cf3b90a5eec/signature.png,fa63c508-5721-4a20-b5aa-753fa4ab6009,2026-06-17 13:48:00,2026-06-17 13:45:00,tester_01,2026-06-17 13:48:09,https://www.commcarehq.org/a/commcare-learn-ahmad/reports/form_data/c2dedd3a-06b0-4409-8d87-8cf3b90a5eec/,tester_01,3.0
420,d1822b20-d471-4076-ba85-1ac082fbbae4,2026-02-14,Village Square,rice_seed groundnut_seed goats maize_seed,5.6,6.5,7.2,,2,,https://www.commcarehq.org/a/commcare-learn-ahmad/api/form_attachment/v1/d1822b20-d471-4076-ba85-1ac082fbbae4/signature.png,c1f12be4-b1a8-4e8b-a8db-e89be4f027bb,2026-02-14 14:36:00,2026-02-14 14:33:00,tester_02,2026-02-14 14:36:06,https://www.commcarehq.org/a/commcare-learn-ahmad/reports/form_data/d1822b20-d471-4076-ba85-1ac082fbbae4/,tester_02,3.0
421,9f670b35-6443-495f-80fc-2f6767303739,2026-04-09,Primary School,rabbits rice_seed groundnut_seed fertilizer maize_seed,6.8,9.4,7.4,78.2,,1,https://www.commcarehq.org/a/commcare-learn-ahmad/api/form_attachment/v1/9f670b35-6443-495f-80fc-2f6767303739/signature.png,460cf71b-a280-41a4-a1fd-cf66ff7b042b,2026-04-09 08:34:00,2026-04-09 08:27:00,tester_02,2026-04-09 08:34:13,https://www.commcarehq.org/a/commcare-learn-ahmad/reports/form_data/9f670b35-6443-495f-80fc-2f6767303739/,tester_02,7.0
422,df816397-f9fe-4533-bc87-6f31be787f88,2026-05-28,Community Hall,maize_seed,9.1,,,,,,https://www.commcarehq.org/a/commcare-learn-ahmad/api/form_attachment/v1/df816397-f9fe-4533-bc87-6f31be787f88/signature.png,00b1a5f3-303e-4453-a936-71cce2486c4e,2026-05-28 16:03:00,2026-05-28 15:56:00,tester_03,2026-05-28 16:03:14,https://www.commcarehq.org/a/commcare-learn-ahmad/reports/form_data/df816397-f9fe-4533-bc87-6f31be787f88/,tester_03,7.0
423,6493c802-ed43-41c2-99d8-35afce149a5c,2026-07-08,Farmer Cooperative Centre,rabbits rice_seed fertilizer,,3.6,,31.1,,5,https://www.commcarehq.org/a/commcare-learn-ahmad/api/form_attachment/v1/6493c802-ed43-41c2-99d8-35afce149a5c/signature.png,84e0f6ac-7950-4ed5-a54e-f1f30442268d,2026-07-08 11:36:00,2026-07-08 11:33:00,tester_05,2026-07-08 11:36:09,https://www.commcarehq.org/a/commcare-learn-ahmad/reports/form_data/6493c802-ed43-41c2-99d8-35afce149a5c/,tester_05,3.0
424,7020fb36-0a60-47b9-97a6-5efe8655f20b,2026-07-09,Community Hall,fertilizer maize_seed groundnut_seed,6.4,,3.5,60.1,,,https://www.commcarehq.org/a/commcare-learn-ahmad/api/form_attachment/v1/7020fb36-0a60-47b9-97a6-5efe8655f20b/signature.png,0f0496d9-bc05-42b3-a7b5-9187f32ba924,2026-07-09 10:06:00,2026-07-09 10:03:00,tester_01,2026-07-09 10:06:10,https://www.commcarehq.org/a/commcare-learn-ahmad/reports/form_data/7020fb36-0a60-47b9-97a6-5efe8655f20b/,tester_01,3.0
425,5ea53e10-5ce1-435a-b1ad-6e920bbcf9c1,2026-06-17,Village Square,fertilizer rice_seed maize_seed groundnut_seed,9.9,4.2,5.6,32.4,,,https://www.commcarehq.org/a/commcare-learn-ahmad/api/form_attachment/v1/5ea53e10-5ce1-435a-b1ad-6e920bbcf9c1/signature.png,e050dce8-52ea-4ea7-8777-c10fd7cc3bb6,2026-06-17 09:34:00,2026-06-17 09:30:00,tester_02,2026-06-17 09:34:19,https://www.commcarehq.org/a/commcare-learn-ahmad/reports/form_data/5ea53e10-5ce1-435a-b1ad-6e920bbcf9c1/,tester_02,4.0
426,fb431b70-d480-48fd-b544-3f6d156416cd,2026-05-15,Village Square,groundnut_seed,,,5.6,,,,https://www.commcarehq.org/a/commcare-learn-ahmad/api/form_attachment/v1/fb431b70-d480-48fd-b544-3f6d156416cd/signature.png,516e9e36-bc48-45dc-a509-91b24dac5d5f,2026-05-15 12:03:00,2026-05-15 11:58:00,tester_03,2026-05-15 12:03:10,https://www.commcarehq.org/a/commcare-learn-ahmad/reports/form_data/fb431b70-d480-48fd-b544-3f6d156416cd/,tester_03,5.0
427,50e04d43-2351-47ef-b7a7-22d6037fbeb2,2026-07-07,Village Square,fertilizer,,,,47.6,,,https://www.commcarehq.org/a/commcare-learn-ahmad/api/form_attachment/v1/50e04d43-2351-47ef-b7a7-22d6037fbeb2/signature.png,97ef859c-8e6f-49c2-a0f9-413d8646ed42,2026-07-07 10:46:00,2026-07-07 10:38:00,tester_06,2026-07-07 10:46:06,https://www.commcarehq.org/a/commcare-learn-ahmad/reports/form_data/50e04d43-2351-47ef-b7a7-22d6037fbeb2/,tester_06,8.0
428,e6afb5ec-64d7-4265-9010-cc5c3a3e0264,2026-07-15,Extension Office,maize_seed groundnut_seed goats,9.0,,2.6,,3,,https://www.commcarehq.org/a/commcare-learn-ahmad/api/form_attachment/v1/e6afb5ec-64d7-4265-9010-cc5c3a3e0264/signature.png,18b6dfc7-06e8-4a42-9202-fcabb0c1e471,2026-07-15 15:07:00,2026-07-15 15:02:00,tester_02,2026-07-15 15:07:11,https://www.commcarehq.org/a/commcare-learn-ahmad/reports/form_data/e6afb5ec-64d7-4265-9010-cc5c3a3e0264/,tester_02,5.0
429,641751f6-39f4-4583-93f3-f12c8cfc9678,2026-06-07,Village Square,groundnut_seed rice_seed goats maize_seed fertilizer,5.8,7.8,2.1,37.8,3,,https://www.commcarehq.org/a/commcare-learn-ahmad/api/form_attachment/v1/641751f6-39f4-4583-93f3-f12c8cfc9678/signature.png,7f1c7eec-09b2-4431-afbd-2c65499700ff,2026-06-07 15:42:00,2026-06-07 15:39:00,tester_06,2026-06-07 15:42:11,https://www.commcarehq.org/a/commcare-learn-ahmad/reports/form_data/641751f6-39f4-4583-93f3-f12c8cfc9678/,tester_06,3.0
430,67103bdf-40dd-4576-bd60-c52afd3864f0,2026-04-06,Extension Office,maize_seed fertilizer rice_seed,6.6,7.6,,96.7,,,https://www.commcarehq.org/a/commcare-learn-ahmad/api/form_attachment/v1/67103bdf-40dd-4576-bd60-c52afd3864f0/signature.png,f480ec6b-1fe4-4233-982e-906128e21251,2026-04-06 12:06:00,2026-04-06 12:02:00,tester_04,2026-04-06 12:06:08,https://www.commcarehq.org/a/commcare-learn-ahmad/reports/form_data/67103bdf-40dd-4576-bd60-c52afd3864f0/,tester_04,4.0
431,c31357ba-9c89-4d7f-aab9-61895502d155,2026-02-25,Community Hall,fertilizer rice_seed goats,,5.7,,31.0,3,,https://www.commcarehq.org/a/commcare-learn-ahmad/api/form_attachment/v1/c31357ba-9c89-4d7f-aab9-61895502d155/signature.png,bc5317dc-2304-4a25-86bf-bf30e9db50d5,2026-02-25 15:29:00,2026-02-25 15:22:00,tester_01,2026-02-25 15:29:14,https://www.commcarehq.org/a/commcare-learn-ahmad/reports/form_data/c31357ba-9c89-4d7f-aab9-61895502d155/,tester_01,7.0
432,2c4aa2fc-4dd5-4ec2-9810-4a383b94e5fd,2026-08-19,Village Square,maize_seed fertilizer,2.2,,,41.9,,,https://www.commcarehq.org/a/commcare-learn-ahmad/api/form_attachment/v1/2c4aa2fc-4dd5-4ec2-9810-4a383b94e5fd/signature.png,a4523f16-4116-48ff-8f47-29e1d4681b64,2026-08-19 08:46:00,2026-08-19 08:44:00,tester_05,2026-08-19 08:46:07,https://www.commcarehq.org/a/commcare-learn-ahmad/reports/form_data/2c4aa2fc-4dd5-4ec2-9810-4a383b94e5fd/,tester_05,2.0
433,970d6a02-9edf-4774-ae77-e14e0025b556,2026-02-12,Village Square,fertilizer groundnut_seed maize_seed,9.6,,4.6,36.8,,,https://www.commcarehq.org/a/commcare-learn-ahmad/api/form_attachment/v1/970d6a02-9edf-4774-ae77-e14e0025b556/signature.png,80263800-ca43-42e0-8db9-f5a9aa9be87d,2026-02-12 10:37:00,2026-02-12 10:32:00,tester_03,2026-02-12 10:37:15,https://www.commcarehq.org/a/commcare-learn-ahmad/reports/form_data/970d6a02-9edf-4774-ae77-e14e0025b556/,tester_03,5.0
434,47c915c5-f033-419e-887b-203376ac50f3,2026-06-24,Village Square,fertilizer,,,,65.8,,,https://www.commcarehq.org/a/commcare-learn-ahmad/api/form_attachment/v1/47c915c5-f033-419e-887b-203376ac50f3/signature.png,6a83c84a-e2ee-4e03-beb6-5070a70fe638,2026-06-24 09:19:00,2026-06-24 09:17:00,tester_04,2026-06-24 09:19:07,https://www.commcarehq.org/a/commcare-learn-ahmad/reports/form_data/47c915c5-f033-419e-887b-203376ac50f3/,tester_04,2.0
435,a4bc9dce-b5b0-4e52-b241-870e0171d89e,2026-02-14,Primary School,goats groundnut_seed rice_seed fertilizer,,2.9,2.4,58.2,3,,https://www.commcarehq.org/a/commcare-learn-ahmad/api/form_attachment/v1/a4bc9dce-b5b0-4e52-b241-870e0171d89e/signature.png,841d54a6-4f40-4eb5-85ef-c6adae5c9c33,2026-02-14 09:53:00,2026-02-14 09:49:00,tester_03,2026-02-14 09:53:05,https://www.commcarehq.org/a/commcare-learn-ahmad/reports/form_data/a4bc9dce-b5b0-4e52-b241-870e0171d89e/,tester_03,4.0
436,90913fc6-2f56-4cf1-98bf-7ab103cc2cea,2026-07-26,Community Hall,fertilizer groundnut_seed,,,4.8,33.5,,,https://www.commcarehq.org/a/commcare-learn-ahmad/api/form_attachment/v1/90913fc6-2f56-4cf1-98bf-7ab103cc2cea/signature.png,3bbd3dd4-1cb5-43ea-a9e0-71e35228958b,2026-07-26 15:53:00,2026-07-26 15:49:00,tester_06,2026-07-26 15:53:07,https://www.commcarehq.org/a/commcare-learn-ahmad/reports/form_data/90913fc6-2f56-4cf1-98bf-7ab103cc2cea/,tester_06,4.0
437,4c556dbd-85e9-4b4f-9d70-56ee3d5a2a41,2026-05-31,Community Hall,fertilizer groundnut_seed,,,5.4,84.4,,,https://www.commcarehq.org/a/commcare-learn-ahmad/api/form_attachment/v1/4c556dbd-85e9-4b4f-9d70-56ee3d5a2a41/signature.png,a899af9a-2a26-455d-b180-89c08d635337,2026-05-31 09:58:00,2026-05-31 09:53:00,tester_02,2026-05-31 09:58:07,https://www.commcarehq.org/a/commcare-learn-ahmad/reports/form_data/4c556dbd-85e9-4b4f-9d70-56ee3d5a2a41/,tester_02,5.0
438,7037209e-ab0d-4b2e-8948-24d5ddb2cf74,2026-05-18,Extension Office,maize_seed rabbits goats rice_seed,6.2,7.4,,,1,2,https://www.commcarehq.org/a/commcare-learn-ahmad/api/form_attachment/v1/7037209e-ab0d-4b2e-8948-24d5ddb2cf74/signature.png,8253f5f2-854a-406e-af7c-ef80086c477d,2026-05-18 09:38:00,2026-05-18 09:30:00,tester_01,2026-05-18 09:38:19,https://www.commcarehq.org/a/commcare-learn-ahmad/reports/form_data/7037209e-ab0d-4b2e-8948-24d5ddb2cf74/,tester_01,8.0
439,31544e7b-bfdb-4ce9-a3f6-52547f09bcba,2026-04-19,Extension Office,fertilizer maize_seed goats,6.5,,,90.7,1,,https://www.commcarehq.org/a/commcare-learn-ahmad/api/form_attachment/v1/31544e7b-bfdb-4ce9-a3f6-52547f09bcba/signature.png,ed3ba2f0-a2b6-4af3-848f-be4218fa4157,2026-04-19 14:33:00,2026-04-19 14:29:00,tester_06,2026-04-19 14:33:09,https://www.commcarehq.org/a/commcare-learn-ahmad/reports/form_data/31544e7b-bfdb-4ce9-a3f6-52547f09bcba/,tester_06,4.0
440,c02bbadc-e0d0-4a65-88b7-12d8ff059e5f,2026-08-04,Extension Office,rice_seed maize_seed groundnut_seed fertilizer,8.2,6.3,7.8,63.8,,,https://www.commcarehq.org/a/commcare-learn-ahmad/api/form_attachment/v1/c02bbadc-e0d0-4a65-88b7-12d8ff059e5f/signature.png,ad14b4de-f08b-4855-8126-ce392e76f209,2026-08-04 11:44:00,2026-08-04 11:39:00,tester_05,2026-08-04 11:44:06,https://www.commcarehq.org/a/commcare-learn-ahmad/reports/form_data/c02bbadc-e0d0-4a65-88b7-12d8ff059e5f/,tester_05,5.0
441,859e1ae3-06ed-4a77-91d6-fdb4fe9bc6f4,2026-07-20,Village Square,groundnut_seed rice_seed fertilizer maize_seed rabbits,9.5,2.1,5.4,28.7,,3,https://www.commcarehq.org/a/commcare-learn-ahmad/api/form_attachment/v1/859e1ae3-06ed-4a77-91d6-fdb4fe9bc6f4/signature.png,e5f65ff4-55b9-4d7f-94ce-daa2f19d50cf,2026-07-20 13:32:00,2026-07-20 13:25:00,tester_01,2026-07-20 13:32:19,https://www.commcarehq.org/a/commcare-learn-ahmad/reports/form_data/859e1ae3-06ed-4a77-91d6-fdb4fe9bc6f4/,tester_01,7.0
442,94ebdf0f-0f74-483d-9276-84b4ecc8f684,2026-07-20,Farmer Cooperative Centre,groundnut_seed fertilizer rice_seed,,2.7,3.7,43.4,,,https://www.commcarehq.org/a/commcare-learn-ahmad/api/form_attachment/v1/94ebdf0f-0f74-483d-9276-84b4ecc8f684/signature.png,74afbf08-7d58-4159-bfa9-5bd8c23b5fe0,2026-07-20 10:41:00,2026-07-20 10:34:00,tester_02,2026-07-20 10:41:07,https://www.commcarehq.org/a/commcare-learn-ahmad/reports/form_data/94ebdf0f-0f74-483d-9276-84b4ecc8f684/,tester_02,7.0
443,cb5067d1-07e7-4db3-8ee4-a5d728e8cd3d,2026-05-19,Extension Office,goats groundnut_seed,,,2.3,,3,,https://www.commcarehq.org/a/commcare-learn-ahmad/api/form_attachment/v1/cb5067d1-07e7-4db3-8ee4-a5d728e8cd3d/signature.png,1ea13640-bebc-49a8-a206-1ba03450b27b,2026-05-19 08:44:00,2026-05-19 08:40:00,tester_07,2026-05-19 08:44:20,https://www.commcarehq.org/a/commcare-learn-ahmad/reports/form_data/cb5067d1-07e7-4db3-8ee4-a5d728e8cd3d/,tester_07,4.0
444,2049d392-5af4-4894-94f4-8b03d31e2bbd,2026-04-07,Extension Office,rabbits goats fertilizer groundnut_seed,,,7.7,42.2,3,4,https://www.commcarehq.org/a/commcare-learn-ahmad/api/form_attachment/v1/2049d392-5af4-4894-94f4-8b03d31e2bbd/signature.png,f5fbfed1-95d2-4ea3-9949-5e6b27ab3929,2026-04-07 08:13:00,2026-04-07 08:09:00,tester_04,2026-04-07 08:13:09,https://www.commcarehq.org/a/commcare-learn-ahmad/reports/form_data/2049d392-5af4-4894-94f4-8b03d31e2bbd/,tester_04,4.0
445,1b8e1d88-fec0-48c8-b34b-a8f49b596bfd,2026-05-07,Village Square,fertilizer groundnut_seed,,,4.7,65.9,,,https://www.commcarehq.org/a/commcare-learn-ahmad/api/form_attachment/v1/1b8e1d88-fec0-48c8-b34b-a8f49b596bfd/signature.png,2a09bd02-f740-43f1-a7d2-a9afff3da5d4,2026-05-07 09:00:00,2026-05-07 08:56:00,tester_04,2026-05-07 09:00:12,https://www.commcarehq.org/a/commcare-learn-ahmad/reports/form_data/1b8e1d88-fec0-48c8-b34b-a8f49b596bfd/,tester_04,4.0
446,33103303-7a06-4d6c-a02c-8de5759746c5,2026-05-05,Extension Office,fertilizer,,,,49.9,,,https://www.commcarehq.org/a/commcare-learn-ahmad/api/form_attachment/v1/33103303-7a06-4d6c-a02c-8de5759746c5/signature.png,c18ba0fb-f95b-4a5e-9c44-3d466b06fc1b,2026-05-05 11:21:00,2026-05-05 11:17:00,tester_01,2026-05-05 11:21:10,https://www.commcarehq.org/a/commcare-learn-ahmad/reports/form_data/33103303-7a06-4d6c-a02c-8de5759746c5/,tester_01,4.0
447,2bc13259-81bc-41e7-811f-1c7d3d27b264,2026-07-22,Extension Office,fertilizer rice_seed goats,,8.0,,93.0,3,,https://www.commcarehq.org/a/commcare-learn-ahmad/api/form_attachment/v1/2bc13259-81bc-41e7-811f-1c7d3d27b264/signature.png,717b7321-fb20-461c-951e-84b111e15e0b,2026-07-22 12:15:00,2026-07-22 12:12:00,tester_04,2026-07-22 12:15:13,https://www.commcarehq.org/a/commcare-learn-ahmad/reports/form_data/2bc13259-81bc-41e7-811f-1c7d3d27b264/,tester_04,3.0
448,deaec809-d977-4725-8065-4fb49cb4b7e8,2026-06-05,Community Hall,goats fertilizer groundnut_seed,,,2.3,86.0,2,,https://www.commcarehq.org/a/commcare-learn-ahmad/api/form_attachment/v1/deaec809-d977-4725-8065-4fb49cb4b7e8/signature.png,0681b43b-b56f-42b1-81ac-53d27a784c75,2026-06-05 15:13:00,2026-06-05 15:08:00,tester_07,2026-06-05 15:13:20,https://www.commcarehq.org/a/commcare-learn-ahmad/reports/form_data/deaec809-d977-4725-8065-4fb49cb4b7e8/,tester_07,5.0
449,23eebe51-c083-407b-b6f6-5f6b566fd691,2026-05-06,Village Square,groundnut_seed fertilizer rice_seed goats,,3.8,6.0,98.5,3,,https://www.commcarehq.org/a/commcare-learn-ahmad/api/form_attachment/v1/23eebe51-c083-407b-b6f6-5f6b566fd691/signature.png,271ca93b-6a63-4d1f-8c3c-d1a10f01021f,2026-05-06 13:37:00,2026-05-06 13:33:00,tester_02,2026-05-06 13:37:13,https://www.commcarehq.org/a/commcare-learn-ahmad/reports/form_data/23eebe51-c083-407b-b6f6-5f6b566fd691/,tester_02,4.0
450,0d223a1c-1ec4-483a-a92b-38a22c242178,2026-06-02,Community Hall,rice_seed fertilizer maize_seed goats,9.9,6.7,,43.9,2,,https://www.commcarehq.org/a/commcare-learn-ahmad/api/form_attachment/v1/0d223a1c-1ec4-483a-a92b-38a22c242178/signature.png,c2aa3e3b-08df-43fb-a3ff-c95a0097cb96,2026-06-02 14:19:00,2026-06-02 14:15:00,tester_05,2026-06-02 14:19:11,https://www.commcarehq.org/a/commcare-learn-ahmad/reports/form_data/0d223a1c-1ec4-483a-a92b-38a22c242178/,tester_05,4.0
451,81cdbe33-33d6-4219-83a3-1f0fe8554963,2026-10-16,Village Square,maize_seed goats groundnut_seed rice_seed,7.1,5.9,5.0,,1,,https://www.commcarehq.org/a/commcare-learn-ahmad/api/form_attachment/v1/81cdbe33-33d6-4219-83a3-1f0fe8554963/signature.png,71cdf6c0-5edb-48e7-b23f-661b1cef2072,2026-10-16 08:54:00,2026-10-16 08:51:00,tester_07,2026-10-16 08:54:19,https://www.commcarehq.org/a/commcare-learn-ahmad/reports/form_data/81cdbe33-33d6-4219-83a3-1f0fe8554963/,tester_07,3.0
452,dc8e192f-9a92-4149-9c97-d1dd1dbdddc3,2026-06-19,Community Hall,groundnut_seed rice_seed,,5.4,2.1,,,,https://www.commcarehq.org/a/commcare-learn-ahmad/api/form_attachment/v1/dc8e192f-9a92-4149-9c97-d1dd1dbdddc3/signature.png,58b17cb4-b245-44af-a7e5-4b24277a5cd1,2026-06-19 10:45:00,2026-06-19 10:42:00,tester_01,2026-06-19 10:45:06,https://www.commcarehq.org/a/commcare-learn-ahmad/reports/form_data/dc8e192f-9a92-4149-9c97-d1dd1dbdddc3/,tester_01,3.0
453,ccc6a3f9-53f8-48a7-b9c4-6db71be10992,2026-02-26,Primary School,groundnut_seed,,,4.4,,,,https://www.commcarehq.org/a/commcare-learn-ahmad/api/form_attachment/v1/ccc6a3f9-53f8-48a7-b9c4-6db71be10992/signature.png,ffb1481b-2bda-4c66-9303-8e366a7e469a,2026-02-26 15:32:00,2026-02-26 15:29:00,tester_07,2026-02-26 15:32:09,https://www.commcarehq.org/a/commcare-learn-ahmad/reports/form_data/ccc6a3f9-53f8-48a7-b9c4-6db71be10992/,tester_07,3.0
454,63888541-24e7-4719-9700-f82c3fa5c83e,2026-03-30,Community Hall,rice_seed fertilizer groundnut_seed goats,,4.9,7.8,75.3,1,,https://www.commcarehq.org/a/commcare-learn-ahmad/api/form_attachment/v1/63888541-24e7-4719-9700-f82c3fa5c83e/signature.png,fc8e4f3c-c7ee-4fc8-ad31-d13dab7347c1,2026-03-30 08:47:00,2026-03-30 08:40:00,tester_07,2026-03-30 08:47:11,https://www.commcarehq.org/a/commcare-learn-ahmad/reports/form_data/63888541-24e7-4719-9700-f82c3fa5c83e/,tester_07,7.0
455,c8a302cd-c123-445c-94a6-4c9624691c6a,2026-06-15,Village Square,rice_seed fertilizer,,9.1,,97.4,,,https://www.commcarehq.org/a/commcare-learn-ahmad/api/form_attachment/v1/c8a302cd-c123-445c-94a6-4c9624691c6a/signature.png,653a4652-edfb-4839-9a8a-70fe335323a8,2026-06-15 08:15:00,2026-06-15 08:10:00,tester_06,2026-06-15 08:15:20,https://www.commcarehq.org/a/commcare-learn-ahmad/reports/form_data/c8a302cd-c123-445c-94a6-4c9624691c6a/,tester_06,5.0
456,fde72bb7-d98a-4e88-916f-9cddab9178dc,2026-09-11,Farmer Cooperative Centre,fertilizer maize_seed,8.8,,,25.2,,,https://www.commcarehq.org/a/commcare-learn-ahmad/api/form_attachment/v1/fde72bb7-d98a-4e88-916f-9cddab9178dc/signature.png,d1d36498-5ecc-4d4b-b79b-ab66c4ab7d58,2026-09-11 14:54:00,2026-09-11 14:52:00,tester_01,2026-09-11 14:54:10,https://www.commcarehq.org/a/commcare-learn-ahmad/reports/form_data/fde72bb7-d98a-4e88-916f-9cddab9178dc/,tester_01,2.0
457,7484a343-6a83-48d7-b0cd-a4843f66ee82,2026-06-22,Primary School,rabbits fertilizer groundnut_seed,,,2.8,99.2,,1,https://www.commcarehq.org/a/commcare-learn-ahmad/api/form_attachment/v1/7484a343-6a83-48d7-b0cd-a4843f66ee82/signature.png,8777e7a7-2ba0-4cc8-93a8-92a9a7c1145b,2026-06-22 13:08:00,2026-06-22 13:05:00,tester_02,2026-06-22 13:08:20,https://www.commcarehq.org/a/commcare-learn-ahmad/reports/form_data/7484a343-6a83-48d7-b0cd-a4843f66ee82/,tester_02,3.0
458,f992037a-4118-4ab6-b435-5f05c35b0815,2026-05-09,Community Hall,goats rice_seed fertilizer groundnut_seed,,2.2,6.7,72.9,2,,https://www.commcarehq.org/a/commcare-learn-ahmad/api/form_attachment/v1/f992037a-4118-4ab6-b435-5f05c35b0815/signature.png,77bebaca-f130-4fc7-aaf0-a137b8812c66,2026-05-09 10:06:00,2026-05-09 10:03:00,tester_04,2026-05-09 10:06:10,https://www.commcarehq.org/a/commcare-learn-ahmad/reports/form_data/f992037a-4118-4ab6-b435-5f05c35b0815/,tester_04,3.0
459,e6bab85f-be3e-435d-9f4a-66d83bf7de9b,2026-07-18,Farmer Cooperative Centre,maize_seed rice_seed fertilizer groundnut_seed,4.5,8.3,6.0,88.7,,,https://www.commcarehq.org/a/commcare-learn-ahmad/api/form_attachment/v1/e6bab85f-be3e-435d-9f4a-66d83bf7de9b/signature.png,e7d9b955-37a0-4d27-a289-d2f7310c17d7,2026-07-18 08:50:00,2026-07-18 08:44:00,tester_05,2026-07-18 08:50:13,https://www.commcarehq.org/a/commcare-learn-ahmad/reports/form_data/e6bab85f-be3e-435d-9f4a-66d83bf7de9b/,tester_05,6.0
460,2005736d-8176-4060-a473-c55885c3239e,2026-04-22,Community Hall,fertilizer maize_seed,8.8,,,98.9,,,https://www.commcarehq.org/a/commcare-learn-ahmad/api/form_attachment/v1/2005736d-8176-4060-a473-c55885c3239e/signature.png,2802401d-456a-4304-9786-f11ab178923c,2026-04-22 13:18:00,2026-04-22 13:16:00,tester_06,2026-04-22 13:18:09,https://www.commcarehq.org/a/commcare-learn-ahmad/reports/form_data/2005736d-8176-4060-a473-c55885c3239e/,tester_06,2.0
461,826674ab-1a69-4ea0-82c9-1beac640e7aa,2026-03-15,Farmer Cooperative Centre,rice_seed goats fertilizer groundnut_seed,,4.1,2.5,54.9,2,,https://www.commcarehq.org/a/commcare-learn-ahmad/api/form_attachment/v1/826674ab-1a69-4ea0-82c9-1beac640e7aa/signature.png,263d8a72-f684-4d78-8db8-8f730ebbd35a,2026-03-15 15:50:00,2026-03-15 15:42:00,tester_02,2026-03-15 15:50:11,https://www.commcarehq.org/a/commcare-learn-ahmad/reports/form_data/826674ab-1a69-4ea0-82c9-1beac640e7aa/,tester_02,8.0
462,a976b686-4044-4ba4-bcd0-e8bcdf47be06,2026-09-19,Village Square,fertilizer,,,,84.1,,,https://www.commcarehq.org/a/commcare-learn-ahmad/api/form_attachment/v1/a976b686-4044-4ba4-bcd0-e8bcdf47be06/signature.png,7e09f943-cd8e-436c-bc1a-aa550330f117,2026-09-19 13:50:00,2026-09-19 13:47:00,tester_01,2026-09-19 13:50:10,https://www.commcarehq.org/a/commcare-learn-ahmad/reports/form_data/a976b686-4044-4ba4-bcd0-e8bcdf47be06/,tester_01,3.0
463,5f28e778-ace2-4e68-a4bc-7e07b556b59e,2026-07-25,Extension Office,maize_seed groundnut_seed,2.4,,4.5,,,,https://www.commcarehq.org/a/commcare-learn-ahmad/api/form_attachment/v1/5f28e778-ace2-4e68-a4bc-7e07b556b59e/signature.png,d7adbcc5-d402-4113-b82c-9747609b7ee6,2026-07-25 12:45:00,2026-07-25 12:38:00,tester_06,2026-07-25 12:45:16,https://www.commcarehq.org/a/commcare-learn-ahmad/reports/form_data/5f28e778-ace2-4e68-a4bc-7e07b556b59e/,tester_06,7.0
464,a203d3a3-821a-4da2-aa30-147666c33a07,2026-08-16,Primary School,groundnut_seed,,,7.0,,,,https://www.commcarehq.org/a/commcare-learn-ahmad/api/form_attachment/v1/a203d3a3-821a-4da2-aa30-147666c33a07/signature.png,ede37dc3-905a-47a0-b89e-b6190a166e42,2026-08-16 08:48:00,2026-08-16 08:45:00,tester_02,2026-08-16 08:48:20,https://www.commcarehq.org/a/commcare-learn-ahmad/reports/form_data/a203d3a3-821a-4da2-aa30-147666c33a07/,tester_02,3.0
465,add1cad7-d6f7-4991-bf38-fef0d35bafa1,2026-03-23,Primary School,groundnut_seed fertilizer,,,5.3,77.0,,,https://www.commcarehq.org/a/commcare-learn-ahmad/api/form_attachment/v1/add1cad7-d6f7-4991-bf38-fef0d35bafa1/signature.png,e7e1631c-b63f-4c42-993e-ee555d9f61c1,2026-03-23 15:05:00,2026-03-23 14:59:00,tester_03,2026-03-23 15:05:05,https://www.commcarehq.org/a/commcare-learn-ahmad/reports/form_data/add1cad7-d6f7-4991-bf38-fef0d35bafa1/,tester_03,6.0
466,6ab34f2c-3d44-4438-9c52-f664204a191f,2026-01-24,Extension Office,maize_seed,3.0,,,,,,https://www.commcarehq.org/a/commcare-learn-ahmad/api/form_attachment/v1/6ab34f2c-3d44-4438-9c52-f664204a191f/signature.png,37513b47-9435-474b-ace8-b9eaaa4b2ae2,2026-01-24 08:41:00,2026-01-24 08:38:00,tester_02,2026-01-24 08:41:06,https://www.commcarehq.org/a/commcare-learn-ahmad/reports/form_data/6ab34f2c-3d44-4438-9c52-f664204a191f/,tester_02,3.0
467,87200548-502b-41ff-97c1-866a12a05b15,2026-05-07,Extension Office,groundnut_seed fertilizer maize_seed,2.1,,7.9,53.3,,,https://www.commcarehq.org/a/commcare-learn-ahmad/api/form_attachment/v1/87200548-502b-41ff-97c1-866a12a05b15/signature.png,7ba07048-94a6-436a-94d9-3d9ade0a10fb,2026-05-07 08:48:00,2026-05-07 08:46:00,tester_06,2026-05-07 08:48:15,https://www.commcarehq.org/a/commcare-learn-ahmad/reports/form_data/87200548-502b-41ff-97c1-866a12a05b15/,tester_06,2.0
468,45d2feb5-4840-415f-b928-9d497d9bbbce,2026-03-29,Primary School,fertilizer goats,,,,47.0,2,,https://www.commcarehq.org/a/commcare-learn-ahmad/api/form_attachment/v1/45d2feb5-4840-415f-b928-9d497d9bbbce/signature.png,aef52823-8c89-49f7-92a3-ec663bdb358f,2026-03-29 08:35:00,2026-03-29 08:31:00,tester_05,2026-03-29 08:35:05,https://www.commcarehq.org/a/commcare-learn-ahmad/reports/form_data/45d2feb5-4840-415f-b928-9d497d9bbbce/,tester_05,4.0
469,4a396713-a91f-41a0-b941-f04a1376ae53,2026-07-01,Primary School,groundnut_seed,,,5.9,,,,https://www.commcarehq.org/a/commcare-learn-ahmad/api/form_attachment/v1/4a396713-a91f-41a0-b941-f04a1376ae53/signature.png,9bdae151-f9ee-48d2-b545-3de176e2a7b8,2026-07-01 11:29:00,2026-07-01 11:21:00,tester_05,2026-07-01 11:29:16,https://www.commcarehq.org/a/commcare-learn-ahmad/reports/form_data/4a396713-a91f-41a0-b941-f04a1376ae53/,tester_05,8.0
470,b3edde06-fe95-4ab9-a18c-fd4e584c3ed8,2026-09-17,Community Hall,maize_seed goats fertilizer rice_seed,4.1,2.1,,41.0,2,,https://www.commcarehq.org/a/commcare-learn-ahmad/api/form_attachment/v1/b3edde06-fe95-4ab9-a18c-fd4e584c3ed8/signature.png,03e68dbb-dfe7-4c28-9353-6d138b12f775,2026-09-17 09:53:00,2026-09-17 09:46:00,tester_05,2026-09-17 09:53:12,https://www.commcarehq.org/a/commcare-learn-ahmad/reports/form_data/b3edde06-fe95-4ab9-a18c-fd4e584c3ed8/,tester_05,7.0
471,5cd3d723-15e2-4437-a468-91991509ece4,2026-07-12,Farmer Cooperative Centre,maize_seed goats groundnut_seed fertilizer,5.8,,7.1,95.9,1,,https://www.commcarehq.org/a/commcare-learn-ahmad/api/form_attachment/v1/5cd3d723-15e2-4437-a468-91991509ece4/signature.png,34e77cab-c3b6-4c9e-a7ed-e2f15266f0b0,2026-07-12 15:21:00,2026-07-12 15:15:00,tester_06,2026-07-12 15:21:11,https://www.commcarehq.org/a/commcare-learn-ahmad/reports/form_data/5cd3d723-15e2-4437-a468-91991509ece4/,tester_06,6.0
472,4e3d3f27-622a-43f9-b089-8c38d9962802,2026-04-11,Extension Office,maize_seed fertilizer rice_seed groundnut_seed,3.6,8.9,4.0,31.6,,,https://www.commcarehq.org/a/commcare-learn-ahmad/api/form_attachment/v1/4e3d3f27-622a-43f9-b089-8c38d9962802/signature.png,09e1a17f-8f49-45fa-bd3a-2f2e7205ea87,2026-04-11 13:05:00,2026-04-11 13:01:00,tester_01,2026-04-11 13:05:08,https://www.commcarehq.org/a/commcare-learn-ahmad/reports/form_data/4e3d3f27-622a-43f9-b089-8c38d9962802/,tester_01,4.0
473,c8c50e6a-d882-41c4-8e5b-d7c4d9506689,2026-05-18,Extension Office,goats,,,,,2,,https://www.commcarehq.org/a/commcare-learn-ahmad/api/form_attachment/v1/c8c50e6a-d882-41c4-8e5b-d7c4d9506689/signature.png,a9502524-44ea-4ef1-9e45-8c6ac5ddb003,2026-05-18 11:45:00,2026-05-18 11:37:00,tester_06,2026-05-18 11:45:09,https://www.commcarehq.org/a/commcare-learn-ahmad/reports/form_data/c8c50e6a-d882-41c4-8e5b-d7c4d9506689/,tester_06,8.0
474,14e1897e-5e53-43a2-b901-11e3d1ebd029,2026-06-06,Village Square,rice_seed,,4.8,,,,,https://www.commcarehq.org/a/commcare-learn-ahmad/api/form_attachment/v1/14e1897e-5e53-43a2-b901-11e3d1ebd029/signature.png,8d632e82-6fdf-4fc9-8503-2d084f49219b,2026-06-06 09:14:00,2026-06-06 09:06:00,tester_03,2026-06-06 09:14:14,https://www.commcarehq.org/a/commcare-learn-ahmad/reports/form_data/14e1897e-5e53-43a2-b901-11e3d1ebd029/,tester_03,8.0
475,e7cb70ce-022b-405e-aa49-092d2f7b31af,2026-06-03,Community Hall,fertilizer groundnut_seed,,,3.6,28.3,,,https://www.commcarehq.org/a/commcare-learn-ahmad/api/form_attachment/v1/e7cb70ce-022b-405e-aa49-092d2f7b31af/signature.png,5ae96a4c-6545-4249-8a81-a4ccdf6bad8e,2026-06-03 08:25:00,2026-06-03 08:18:00,tester_05,2026-06-03 08:25:15,https://www.commcarehq.org/a/commcare-learn-ahmad/reports/form_data/e7cb70ce-022b-405e-aa49-092d2f7b31af/,tester_05,7.0
476,e4adc7e1-0722-4d6f-832b-813197d2edbc,2026-03-05,Farmer Cooperative Centre,rice_seed groundnut_seed fertilizer maize_seed,6.4,7.2,2.6,58.5,,,https://www.commcarehq.org/a/commcare-learn-ahmad/api/form_attachment/v1/e4adc7e1-0722-4d6f-832b-813197d2edbc/signature.png,6a3afe29-731e-43cc-8173-55f402047925,2026-03-05 08:38:00,2026-03-05 08:34:00,tester_04,2026-03-05 08:38:18,https://www.commcarehq.org/a/commcare-learn-ahmad/reports/form_data/e4adc7e1-0722-4d6f-832b-813197d2edbc/,tester_04,4.0
477,dd2bb11f-4134-40e9-a47f-26bbba738629,2026-08-24,Community Hall,fertilizer rice_seed groundnut_seed maize_seed,9.7,10.0,4.3,29.1,,,https://www.commcarehq.org/a/commcare-learn-ahmad/api/form_attachment/v1/dd2bb11f-4134-40e9-a47f-26bbba738629/signature.png,8a23a0d1-fc05-4a48-a6c7-3ac81a3184f3,2026-08-24 15:35:00,2026-08-24 15:27:00,tester_05,2026-08-24 15:35:11,https://www.commcarehq.org/a/commcare-learn-ahmad/reports/form_data/dd2bb11f-4134-40e9-a47f-26bbba738629/,tester_05,8.0
478,3906fc83-d2ed-49cc-b793-a61832a77dda,2026-09-18,Extension Office,goats rice_seed,,6.7,,,3,,https://www.commcarehq.org/a/commcare-learn-ahmad/api/form_attachment/v1/3906fc83-d2ed-49cc-b793-a61832a77dda/signature.png,948edde7-ceae-4cd9-8ac9-e3517ef38e40,2026-09-18 08:32:00,2026-09-18 08:29:00,tester_02,2026-09-18 08:32:06,https://www.commcarehq.org/a/commcare-learn-ahmad/reports/form_data/3906fc83-d2ed-49cc-b793-a61832a77dda/,tester_02,3.0
479,01a55d0e-ad68-481a-a427-a43e44cab15c,2026-08-15,Primary School,maize_seed,8.0,,,,,,https://www.commcarehq.org/a/commcare-learn-ahmad/api/form_attachment/v1/01a55d0e-ad68-481a-a427-a43e44cab15c/signature.png,9b4ed987-1d7a-412d-8e30-be0bd46e9cc3,2026-08-15 13:08:00,2026-08-15 13:02:00,tester_04,2026-08-15 13:08:17,https://www.commcarehq.org/a/commcare-learn-ahmad/reports/form_data/01a55d0e-ad68-481a-a427-a43e44cab15c/,tester_04,6.0
480,e9952925-1430-4fff-b424-a77efed7c717,2026-06-18,Village Square,rice_seed groundnut_seed rabbits fertilizer goats maize_seed,7.7,7.5,2.7,35.1,3,3,https://www.commcarehq.org/a/commcare-learn-ahmad/api/form_attachment/v1/e9952925-1430-4fff-b424-a77efed7c717/signature.png,e818f3c9-1988-4380-bdac-3212ab7b7d3e,2026-06-18 12:02:00,2026-06-18 11:58:00,tester_05,2026-06-18 12:02:18,https://www.commcarehq.org/a/commcare-learn-ahmad/reports/form_data/e9952925-1430-4fff-b424-a77efed7c717/,tester_05,4.0
481,fc0efc56-72bf-498b-b668-988f2e424891,2026-07-23,Community Hall,groundnut_seed rabbits,,,7.4,,,5,https://www.commcarehq.org/a/commcare-learn-ahmad/api/form_attachment/v1/fc0efc56-72bf-498b-b668-988f2e424891/signature.png,20f20810-e794-4404-b972-f3df0212a9cd,2026-07-23 12:10:00,2026-07-23 12:04:00,tester_01,2026-07-23 12:10:10,https://www.commcarehq.org/a/commcare-learn-ahmad/reports/form_data/fc0efc56-72bf-498b-b668-988f2e424891/,tester_01,6.0
482,1c9a2bd3-6dbe-42e2-8ad3-bc5c0ff41bed,2026-10-05,Primary School,fertilizer,,,,44.7,,,https://www.commcarehq.org/a/commcare-learn-ahmad/api/form_attachment/v1/1c9a2bd3-6dbe-42e2-8ad3-bc5c0ff41bed/signature.png,eb81acda-7eed-4a2d-90a3-c8a676a56428,2026-10-05 09:45:00,2026-10-05 09:40:00,tester_01,2026-10-05 09:45:07,https://www.commcarehq.org/a/commcare-learn-ahmad/reports/form_data/1c9a2bd3-6dbe-42e2-8ad3-bc5c0ff41bed/,tester_01,5.0
483,d71b6b30-6f54-4f42-a9a5-ecf42cbc8b55,2026-06-17,Primary School,maize_seed,6.2,,,,,,https://www.commcarehq.org/a/commcare-learn-ahmad/api/form_attachment/v1/d71b6b30-6f54-4f42-a9a5-ecf42cbc8b55/signature.png,8b6e35da-3ff1-4a43-873b-a91ef5e141d7,2026-06-17 16:02:00,2026-06-17 16:00:00,tester_03,2026-06-17 16:02:05,https://www.commcarehq.org/a/commcare-learn-ahmad/reports/form_data/d71b6b30-6f54-4f42-a9a5-ecf42cbc8b55/,tester_03,2.0
484,222c4b66-82f2-41a6-a848-d37fca2a8ba7,2026-06-23,Community Hall,rabbits groundnut_seed rice_seed,,4.0,5.0,,,3,https://www.commcarehq.org/a/commcare-learn-ahmad/api/form_attachment/v1/222c4b66-82f2-41a6-a848-d37fca2a8ba7/signature.png,1a4a9004-e968-4b91-b5d5-e3acc5a8484e,2026-06-23 15:04:00,2026-06-23 15:01:00,tester_06,2026-06-23 15:04:12,https://www.commcarehq.org/a/commcare-learn-ahmad/reports/form_data/222c4b66-82f2-41a6-a848-d37fca2a8ba7/,tester_06,3.0
485,f6692363-22d6-4a31-a7c9-c2ba40ddee61,2026-04-03,Village Square,fertilizer groundnut_seed maize_seed,9.0,,7.2,65.4,,,https://www.commcarehq.org/a/commcare-learn-ahmad/api/form_attachment/v1/f6692363-22d6-4a31-a7c9-c2ba40ddee61/signature.png,3e81ff6d-5dbe-4b09-b614-8099ccab8bc5,2026-04-03 15:19:00,2026-04-03 15:11:00,tester_07,2026-04-03 15:19:14,https://www.commcarehq.org/a/commcare-learn-ahmad/reports/form_data/f6692363-22d6-4a31-a7c9-c2ba40ddee61/,tester_07,8.0
486,d6933d60-c450-43ef-8737-50ab60678989,2026-06-16,Extension Office,fertilizer rice_seed rabbits,,5.8,,45.7,,1,https://www.commcarehq.org/a/commcare-learn-ahmad/api/form_attachment/v1/d6933d60-c450-43ef-8737-50ab60678989/signature.png,93818333-b1a0-4748-b1ef-6e4c5fc9bbfc,2026-06-16 15:59:00,2026-06-16 15:51:00,tester_01,2026-06-16 15:59:06,https://www.commcarehq.org/a/commcare-learn-ahmad/reports/form_data/d6933d60-c450-43ef-8737-50ab60678989/,tester_01,8.0
487,79ebfa75-8672-4b20-84f2-f8fa17c2ea9a,2026-08-25,Community Hall,goats fertilizer,,,,55.5,1,,https://www.commcarehq.org/a/commcare-learn-ahmad/api/form_attachment/v1/79ebfa75-8672-4b20-84f2-f8fa17c2ea9a/signature.png,3e4f7a26-909d-46ec-8113-e7a154a1f4ac,2026-08-25 08:13:00,2026-08-25 08:06:00,tester_02,2026-08-25 08:13:11,https://www.commcarehq.org/a/commcare-learn-ahmad/reports/form_data/79ebfa75-8672-4b20-84f2-f8fa17c2ea9a/,tester_02,7.0
488,acd077f0-30ff-4659-b425-d6c126ee3fe4,2026-05-13,Village Square,fertilizer,,,,91.7,,,https://www.commcarehq.org/a/commcare-learn-ahmad/api/form_attachment/v1/acd077f0-30ff-4659-b425-d6c126ee3fe4/signature.png,683fe8b9-d44c-4b08-ba2b-9136be3755a1,2026-05-13 15:03:00,2026-05-13 14:55:00,tester_01,2026-05-13 15:03:14,https://www.commcarehq.org/a/commcare-learn-ahmad/reports/form_data/acd077f0-30ff-4659-b425-d6c126ee3fe4/,tester_01,8.0
489,5bb641e7-07f2-49b1-a9cc-a66166a07052,2026-03-04,Community Hall,fertilizer rice_seed groundnut_seed,,4.3,6.2,87.6,,,https://www.commcarehq.org/a/commcare-learn-ahmad/api/form_attachment/v1/5bb641e7-07f2-49b1-a9cc-a66166a07052/signature.png,a5772f40-cedc-47dc-a0fe-336c5b83e392,2026-03-04 09:07:00,2026-03-04 09:05:00,tester_02,2026-03-04 09:07:19,https://www.commcarehq.org/a/commcare-learn-ahmad/reports/form_data/5bb641e7-07f2-49b1-a9cc-a66166a07052/,tester_02,2.0
490,dd3bbb1f-f127-402d-ae03-405ab8ab9b58,2026-05-13,Community Hall,groundnut_seed fertilizer,,,4.0,79.4,,,https://www.commcarehq.org/a/commcare-learn-ahmad/api/form_attachment/v1/dd3bbb1f-f127-402d-ae03-405ab8ab9b58/signature.png,c4205c4a-8f62-41e1-8b2e-b209501b76d9,2026-05-13 09:11:00,2026-05-13 09:08:00,tester_01,2026-05-13 09:11:05,https://www.commcarehq.org/a/commcare-learn-ahmad/reports/form_data/dd3bbb1f-f127-402d-ae03-405ab8ab9b58/,tester_01,3.0
491,d1bf2059-7229-4bc7-b87b-49ac4d971627,2026-07-26,Primary School,fertilizer maize_seed,2.4,,,45.5,,,https://www.commcarehq.org/a/commcare-learn-ahmad/api/form_attachment/v1/d1bf2059-7229-4bc7-b87b-49ac4d971627/signature.png,6e5123e5-9f71-461c-9778-085633104d36,2026-07-26 12:31:00,2026-07-26 12:26:00,tester_07,2026-07-26 12:31:05,https://www.commcarehq.org/a/commcare-learn-ahmad/reports/form_data/d1bf2059-7229-4bc7-b87b-49ac4d971627/,tester_07,5.0
492,b11d8bbc-4509-4fb7-a7b8-1e6a1d9f5e0e,2026-09-06,Village Square,fertilizer,,,,98.2,,,https://www.commcarehq.org/a/commcare-learn-ahmad/api/form_attachment/v1/b11d8bbc-4509-4fb7-a7b8-1e6a1d9f5e0e/signature.png,54a88163-6751-4f69-80b8-4719f31e34f8,2026-09-06 12:20:00,2026-09-06 12:15:00,tester_01,2026-09-06 12:20:17,https://www.commcarehq.org/a/commcare-learn-ahmad/reports/form_data/b11d8bbc-4509-4fb7-a7b8-1e6a1d9f5e0e/,tester_01,5.0
493,07e83c93-bb7d-4ca6-9326-930122dcc0c6,2026-07-30,Village Square,groundnut_seed fertilizer rice_seed,,8.1,2.6,53.0,,,https://www.commcarehq.org/a/commcare-learn-ahmad/api/form_attachment/v1/07e83c93-bb7d-4ca6-9326-930122dcc0c6/signature.png,36e696f1-4e3a-43c4-9c78-8e9b13a37ffa,2026-07-30 14:16:00,2026-07-30 14:12:00,tester_03,2026-07-30 14:16:14,https://www.commcarehq.org/a/commcare-learn-ahmad/reports/form_data/07e83c93-bb7d-4ca6-9326-930122dcc0c6/,tester_03,4.0
494,e532f183-51af-47d9-98a3-6930511862be,2026-09-29,Extension Office,maize_seed,8.9,,,,,,https://www.commcarehq.org/a/commcare-learn-ahmad/api/form_attachment/v1/e532f183-51af-47d9-98a3-6930511862be/signature.png,98935c19-b8ac-4903-92b8-550791de35fb,2026-09-29 09:36:00,2026-09-29 09:32:00,tester_06,2026-09-29 09:36:15,https://www.commcarehq.org/a/commcare-learn-ahmad/reports/form_data/e532f183-51af-47d9-98a3-6930511862be/,tester_06,4.0
495,3a8b91f2-4bd0-4915-b77d-168dcb5c4b7b,2026-05-15,Village Square,goats fertilizer groundnut_seed rice_seed,,6.8,6.7,49.0,2,,https://www.commcarehq.org/a/commcare-learn-ahmad/api/form_attachment/v1/3a8b91f2-4bd0-4915-b77d-168dcb5c4b7b/signature.png,95f216eb-c885-421b-bc19-7cf3d24db393,2026-05-15 08:30:00,2026-05-15 08:28:00,tester_02,2026-05-15 08:30:15,https://www.commcarehq.org/a/commcare-learn-ahmad/reports/form_data/3a8b91f2-4bd0-4915-b77d-168dcb5c4b7b/,tester_02,2.0
496,a31747a2-31e9-4145-bd03-cd4a1b270ccf,2026-04-06,Primary School,maize_seed rice_seed,5.6,5.1,,,,,https://www.commcarehq.org/a/commcare-learn-ahmad/api/form_attachment/v1/a31747a2-31e9-4145-bd03-cd4a1b270ccf/signature.png,c35238e2-d499-4e83-8ff6-6022525fc7a5,2026-04-06 08:31:00,2026-04-06 08:26:00,tester_07,2026-04-06 08:31:16,https://www.commcarehq.org/a/commcare-learn-ahmad/reports/form_data/a31747a2-31e9-4145-bd03-cd4a1b270ccf/,tester_07,5.0
497,15c7f00f-5d7b-402b-9cf5-31c33c84ab0e,2026-02-14,Primary School,maize_seed fertilizer goats,2.7,,,61.7,2,,https://www.commcarehq.org/a/commcare-learn-ahmad/api/form_attachment/v1/15c7f00f-5d7b-402b-9cf5-31c33c84ab0e/signature.png,7e4ea69c-029e-4c8a-9bac-fbe04eb120fb,2026-02-14 14:40:00,2026-02-14 14:37:00,tester_01,2026-02-14 14:40:05,https://www.commcarehq.org/a/commcare-learn-ahmad/reports/form_data/15c7f00f-5d7b-402b-9cf5-31c33c84ab0e/,tester_01,3.0
498,d8a64d98-6cd0-4ddf-8a2b-3a8fa644b63f,2026-05-30,Extension Office,rice_seed fertilizer groundnut_seed maize_seed,6.1,8.5,6.5,63.4,,,https://www.commcarehq.org/a/commcare-learn-ahmad/api/form_attachment/v1/d8a64d98-6cd0-4ddf-8a2b-3a8fa644b63f/signature.png,500f19b4-1002-4b14-a62b-737aa9293aaa,2026-05-30 15:46:00,2026-05-30 15:42:00,tester_01,2026-05-30 15:46:17,https://www.commcarehq.org/a/commcare-learn-ahmad/reports/form_data/d8a64d98-6cd0-4ddf-8a2b-3a8fa644b63f/,tester_01,4.0
499,7148bab5-9185-49aa-9c63-026b1a61a626,2026-04-08,Village Square,maize_seed,8.8,,,,,,https://www.commcarehq.org/a/commcare-learn-ahmad/api/form_attachment/v1/7148bab5-9185-49aa-9c63-026b1a61a626/signature.png,7b0a4a95-030b-45bc-b020-fdc13e839689,2026-04-08 08:48:00,2026-04-08 08:43:00,tester_07,2026-04-08 08:48:07,https://www.commcarehq.org/a/commcare-learn-ahmad/reports/form_data/7148bab5-9185-49aa-9c63-026b1a61a626/,tester_07,5.0
500,ade8917c-efdd-4224-8d19-07a8d5ff7d1d,2026-06-26,Farmer Cooperative Centre,goats maize_seed fertilizer,6.1,,,75.0,2,,https://www.commcarehq.org/a/commcare-learn-ahmad/api/form_attachment/v1/ade8917c-efdd-4224-8d19-07a8d5ff7d1d/signature.png,15275a37-d93f-49d1-9d2c-19fffccd60dd,2026-06-26 14:10:00,2026-06-26 14:03:00,tester_03,2026-06-26 14:10:07,https://www.commcarehq.org/a/commcare-learn-ahmad/reports/form_data/ade8917c-efdd-4224-8d19-07a8d5ff7d1d/,tester_03,7.0
501,780bdca6-013e-44db-b9e2-cb4f232d66ab,2026-09-17,Community Hall,fertilizer groundnut_seed,,,4.4,34.0,,,https://www.commcarehq.org/a/commcare-learn-ahmad/api/form_attachment/v1/780bdca6-013e-44db-b9e2-cb4f232d66ab/signature.png,ea346fd5-b824-4402-92e8-089e65209ea9,2026-09-17 10:21:00,2026-09-17 10:15:00,tester_01,2026-09-17 10:21:12,https://www.commcarehq.org/a/commcare-learn-ahmad/reports/form_data/780bdca6-013e-44db-b9e2-cb4f232d66ab/,tester_01,6.0
502,fed85411-54b6-4db1-89df-26dbcd1f2838,2026-07-08,Farmer Cooperative Centre,groundnut_seed rice_seed,,7.7,3.4,,,,https://www.commcarehq.org/a/commcare-learn-ahmad/api/form_attachment/v1/fed85411-54b6-4db1-89df-26dbcd1f2838/signature.png,1e314c27-a400-485a-a6df-d7c08dc60d13,2026-07-08 09:55:00,2026-07-08 09:48:00,tester_05,2026-07-08 09:55:17,https://www.commcarehq.org/a/commcare-learn-ahmad/reports/form_data/fed85411-54b6-4db1-89df-26dbcd1f2838/,tester_05,7.0
503,241ff397-ae1a-418e-8b4c-5c1f8a21c07a,2026-03-21,Farmer Cooperative Centre,rice_seed fertilizer rabbits,,2.2,,70.7,,5,https://www.commcarehq.org/a/commcare-learn-ahmad/api/form_attachment/v1/241ff397-ae1a-418e-8b4c-5c1f8a21c07a/signature.png,848eb4b3-99a5-4a46-b5ae-5484194fb25d,2026-03-21 14:58:00,2026-03-21 14:56:00,tester_04,2026-03-21 14:58:11,https://www.commcarehq.org/a/commcare-learn-ahmad/reports/form_data/241ff397-ae1a-418e-8b4c-5c1f8a21c07a/,tester_04,2.0
504,be8b1d7a-fbd7-46d3-9311-a47d9032f7be,2026-06-18,Farmer Cooperative Centre,groundnut_seed goats,,,6.2,,1,,https://www.commcarehq.org/a/commcare-learn-ahmad/api/form_attachment/v1/be8b1d7a-fbd7-46d3-9311-a47d9032f7be/signature.png,89daf941-e34e-4295-9cc6-d2d3adc9eeac,2026-06-18 14:52:00,2026-06-18 14:48:00,tester_03,2026-06-18 14:52:17,https://www.commcarehq.org/a/commcare-learn-ahmad/reports/form_data/be8b1d7a-fbd7-46d3-9311-a47d9032f7be/,tester_03,4.0
505,0f1c5408-be09-4e0e-98a4-70f2c0565e79,2026-08-12,Primary School,groundnut_seed,,,3.3,,,,https://www.commcarehq.org/a/commcare-learn-ahmad/api/form_attachment/v1/0f1c5408-be09-4e0e-98a4-70f2c0565e79/signature.png,8a1413ca-6210-4a3a-9752-040b8fecb2e3,2026-08-12 13:04:00,2026-08-12 13:00:00,tester_07,2026-08-12 13:04:07,https://www.commcarehq.org/a/commcare-learn-ahmad/reports/form_data/0f1c5408-be09-4e0e-98a4-70f2c0565e79/,tester_07,4.0
506,0d8ef97a-e7d2-4f81-86b5-4a30bc990960,2026-06-08,Primary School,maize_seed groundnut_seed fertilizer,2.1,,2.2,73.1,,,https://www.commcarehq.org/a/commcare-learn-ahmad/api/form_attachment/v1/0d8ef97a-e7d2-4f81-86b5-4a30bc990960/signature.png,8db8a412-b6e8-4e8d-8114-46ac99cd98ae,2026-06-08 09:10:00,2026-06-08 09:03:00,tester_05,2026-06-08 09:10:20,https://www.commcarehq.org/a/commcare-learn-ahmad/reports/form_data/0d8ef97a-e7d2-4f81-86b5-4a30bc990960/,tester_05,7.0
507,59442638-ea65-431b-8642-a81095dbdfd3,2026-03-10,Extension Office,rice_seed,,6.7,,,,,https://www.commcarehq.org/a/commcare-learn-ahmad/api/form_attachment/v1/59442638-ea65-431b-8642-a81095dbdfd3/signature.png,8694eef0-8032-4da5-b395-2a383ef985e6,2026-03-10 15:05:00,2026-03-10 14:59:00,tester_05,2026-03-10 15:05:15,https://www.commcarehq.org/a/commcare-learn-ahmad/reports/form_data/59442638-ea65-431b-8642-a81095dbdfd3/,tester_05,6.0
508,acaa8b3d-3a00-413e-8e3c-ee5c82c6e29f,2026-09-03,Primary School,fertilizer,,,,54.6,,,https://www.commcarehq.org/a/commcare-learn-ahmad/api/form_attachment/v1/acaa8b3d-3a00-413e-8e3c-ee5c82c6e29f/signature.png,89907296-d7ee-42fe-ac5c-48aaa713d769,2026-09-03 16:04:00,2026-09-03 16:02:00,tester_04,2026-09-03 16:04:07,https://www.commcarehq.org/a/commcare-learn-ahmad/reports/form_data/acaa8b3d-3a00-413e-8e3c-ee5c82c6e29f/,tester_04,2.0
509,4e390d82-7da3-4eae-8e88-59aa61536c96,2026-08-15,Community Hall,fertilizer maize_seed rice_seed goats groundnut_seed,4.2,3.4,6.4,83.9,1,,https://www.commcarehq.org/a/commcare-learn-ahmad/api/form_attachment/v1/4e390d82-7da3-4eae-8e88-59aa61536c96/signature.png,bd1af306-4b4d-4a9e-8807-78a93c6930af,2026-08-15 08:18:00,2026-08-15 08:14:00,tester_03,2026-08-15 08:18:05,https://www.commcarehq.org/a/commcare-learn-ahmad/reports/form_data/4e390d82-7da3-4eae-8e88-59aa61536c96/,tester_03,4.0
510,161fb8e2-8b0b-4097-a2d6-1b6734031a8c,2026-04-01,Extension Office,rice_seed fertilizer goats,,5.7,,98.4,3,,https://www.commcarehq.org/a/commcare-learn-ahmad/api/form_attachment/v1/161fb8e2-8b0b-4097-a2d6-1b6734031a8c/signature.png,194cdf5b-ac24-4d4d-baf2-b5436977101e,2026-04-01 09:47:00,2026-04-01 09:45:00,tester_03,2026-04-01 09:47:08,https://www.commcarehq.org/a/commcare-learn-ahmad/reports/form_data/161fb8e2-8b0b-4097-a2d6-1b6734031a8c/,tester_03,2.0
511,8a468f59-924b-4e98-886b-317213674913,2026-08-19,Farmer Cooperative Centre,groundnut_seed,,,7.4,,,,https://www.commcarehq.org/a/commcare-learn-ahmad/api/form_attachment/v1/8a468f59-924b-4e98-886b-317213674913/signature.png,cd9d97bf-de62-440b-86d3-646e8eb21d52,2026-08-19 09:18:00,2026-08-19 09:15:00,tester_02,2026-08-19 09:18:20,https://www.commcarehq.org/a/commcare-learn-ahmad/reports/form_data/8a468f59-924b-4e98-886b-317213674913/,tester_02,3.0
512,327caa39-15e8-4143-9ab2-1c053224db85,2026-06-28,Farmer Cooperative Centre,rice_seed groundnut_seed,,6.9,4.6,,,,https://www.commcarehq.org/a/commcare-learn-ahmad/api/form_attachment/v1/327caa39-15e8-4143-9ab2-1c053224db85/signature.png,2d002c39-a810-40c3-8bc3-a0436a0e8daf,2026-06-28 09:51:00,2026-06-28 09:46:00,tester_05,2026-06-28 09:51:10,https://www.commcarehq.org/a/commcare-learn-ahmad/reports/form_data/327caa39-15e8-4143-9ab2-1c053224db85/,tester_05,5.0
513,8520cab9-98dd-461f-b412-c247a0d35125,2026-07-01,Community Hall,fertilizer groundnut_seed maize_seed rice_seed,2.4,5.4,5.4,94.7,,,https://www.commcarehq.org/a/commcare-learn-ahmad/api/form_attachment/v1/8520cab9-98dd-461f-b412-c247a0d35125/signature.png,b34a89a9-fd3c-4dd3-bf20-a6316e4ce996,2026-07-01 09:17:00,2026-07-01 09:15:00,tester_03,2026-07-01 09:17:12,https://www.commcarehq.org/a/commcare-learn-ahmad/reports/form_data/8520cab9-98dd-461f-b412-c247a0d35125/,tester_03,2.0
514,159ebe97-5e45-42d5-bc32-a32fdb3e31f4,2026-05-27,Extension Office,fertilizer rabbits,,,,65.2,,3,https://www.commcarehq.org/a/commcare-learn-ahmad/api/form_attachment/v1/159ebe97-5e45-42d5-bc32-a32fdb3e31f4/signature.png,57146ddf-13ae-4080-8304-ba0893b40540,2026-05-27 14:46:00,2026-05-27 14:40:00,tester_01,2026-05-27 14:46:18,https://www.commcarehq.org/a/commcare-learn-ahmad/reports/form_data/159ebe97-5e45-42d5-bc32-a32fdb3e31f4/,tester_01,6.0
515,5b0b790d-50fd-4133-9f05-afb23925afc9,2026-08-01,Village Square,groundnut_seed rice_seed maize_seed fertilizer,7.2,5.9,6.3,43.0,,,https://www.commcarehq.org/a/commcare-learn-ahmad/api/form_attachment/v1/5b0b790d-50fd-4133-9f05-afb23925afc9/signature.png,734b5802-7d3b-415a-9ee8-b6406edd9000,2026-08-01 15:51:00,2026-08-01 15:48:00,tester_06,2026-08-01 15:51:09,https://www.commcarehq.org/a/commcare-learn-ahmad/reports/form_data/5b0b790d-50fd-4133-9f05-afb23925afc9/,tester_06,3.0
516,1321c17e-21d1-4642-a25a-242e32002761,2026-07-03,Primary School,groundnut_seed fertilizer,,,7.7,31.9,,,https://www.commcarehq.org/a/commcare-learn-ahmad/api/form_attachment/v1/1321c17e-21d1-4642-a25a-242e32002761/signature.png,c407a955-75ac-4361-bcd0-8d16d4cb958d,2026-07-03 15:46:00,2026-07-03 15:42:00,tester_03,2026-07-03 15:46:07,https://www.commcarehq.org/a/commcare-learn-ahmad/reports/form_data/1321c17e-21d1-4642-a25a-242e32002761/,tester_03,4.0
517,11c93cf6-e7a8-4d3d-b5d4-cf61fcf83f30,2026-06-25,Primary School,groundnut_seed maize_seed rice_seed fertilizer,9.4,5.9,6.2,55.1,,,https://www.commcarehq.org/a/commcare-learn-ahmad/api/form_attachment/v1/11c93cf6-e7a8-4d3d-b5d4-cf61fcf83f30/signature.png,ed67c670-5282-484b-93d1-5fcddb704429,2026-06-25 15:08:00,2026-06-25 15:06:00,tester_01,2026-06-25 15:08:09,https://www.commcarehq.org/a/commcare-learn-ahmad/reports/form_data/11c93cf6-e7a8-4d3d-b5d4-cf61fcf83f30/,tester_01,2.0
518,accb50eb-9a4f-46e0-93d0-2d6b08022937,2026-06-09,Primary School,maize_seed,7.8,,,,,,https://www.commcarehq.org/a/commcare-learn-ahmad/api/form_attachment/v1/accb50eb-9a4f-46e0-93d0-2d6b08022937/signature.png,34ef1619-e08f-42d5-bfac-66b18bb6ea18,2026-06-09 15:17:00,2026-06-09 15:11:00,tester_02,2026-06-09 15:17:09,https://www.commcarehq.org/a/commcare-learn-ahmad/reports/form_data/accb50eb-9a4f-46e0-93d0-2d6b08022937/,tester_02,6.0
519,17802dfc-5fe5-4ee1-9567-65eb2fba24f4,2026-07-12,Primary School,fertilizer groundnut_seed rice_seed rabbits maize_seed,2.3,3.0,5.0,27.0,,2,https://www.commcarehq.org/a/commcare-learn-ahmad/api/form_attachment/v1/17802dfc-5fe5-4ee1-9567-65eb2fba24f4/signature.png,9e6488ed-b138-4728-82fc-6343b97848f6,2026-07-12 11:36:00,2026-07-12 11:34:00,tester_02,2026-07-12 11:36:11,https://www.commcarehq.org/a/commcare-learn-ahmad/reports/form_data/17802dfc-5fe5-4ee1-9567-65eb2fba24f4/,tester_02,2.0
520,e14d8066-53c3-4a55-8354-9ef069bce052,2026-06-01,Extension Office,goats fertilizer,,,,29.5,1,,https://www.commcarehq.org/a/commcare-learn-ahmad/api/form_attachment/v1/e14d8066-53c3-4a55-8354-9ef069bce052/signature.png,ba648ad5-89a1-41ef-8ee2-ecbb3372d946,2026-06-01 13:37:00,2026-06-01 13:29:00,tester_02,2026-06-01 13:37:11,https://www.commcarehq.org/a/commcare-learn-ahmad/reports/form_data/e14d8066-53c3-4a55-8354-9ef069bce052/,tester_02,8.0
521,83d345cc-3312-4f03-b917-daf21177ee52,2026-05-28,Extension Office,maize_seed rabbits fertilizer groundnut_seed,6.5,,2.7,77.4,,1,https://www.commcarehq.org/a/commcare-learn-ahmad/api/form_attachment/v1/83d345cc-3312-4f03-b917-daf21177ee52/signature.png,2c38bac4-ca99-44fe-81fe-5593b1a1c0b5,2026-05-28 09:39:00,2026-05-28 09:37:00,tester_04,2026-05-28 09:39:12,https://www.commcarehq.org/a/commcare-learn-ahmad/reports/form_data/83d345cc-3312-4f03-b917-daf21177ee52/,tester_04,2.0
522,88cc0890-48e0-407c-983f-61f669713bad,2026-05-05,Extension Office,maize_seed rice_seed,7.5,9.1,,,,,https://www.commcarehq.org/a/commcare-learn-ahmad/api/form_attachment/v1/88cc0890-48e0-407c-983f-61f669713bad/signature.png,2d755b3d-a474-4a36-a84a-f31527fc2148,2026-05-05 11:37:00,2026-05-05 11:33:00,tester_04,2026-05-05 11:37:10,https://www.commcarehq.org/a/commcare-learn-ahmad/reports/form_data/88cc0890-48e0-407c-983f-61f669713bad/,tester_04,4.0
523,fabdf0ef-c9ae-4145-9cf7-448dc90d50e5,2026-07-22,Extension Office,goats groundnut_seed,,,6.0,,3,,https://www.commcarehq.org/a/commcare-learn-ahmad/api/form_attachment/v1/fabdf0ef-c9ae-4145-9cf7-448dc90d50e5/signature.png,60054ab5-2f12-465f-9b55-90429e26f270,2026-07-22 09:05:00,2026-07-22 09:03:00,tester_01,2026-07-22 09:05:07,https://www.commcarehq.org/a/commcare-learn-ahmad/reports/form_data/fabdf0ef-c9ae-4145-9cf7-448dc90d50e5/,tester_01,2.0
524,00389162-5458-42ba-a053-1cd1ef2f9cf8,2026-04-18,Farmer Cooperative Centre,rice_seed,,8.7,,,,,https://www.commcarehq.org/a/commcare-learn-ahmad/api/form_attachment/v1/00389162-5458-42ba-a053-1cd1ef2f9cf8/signature.png,fb92ee0c-90c6-41b0-8513-d758584f2e03,2026-04-18 14:45:00,2026-04-18 14:41:00,tester_02,2026-04-18 14:45:09,https://www.commcarehq.org/a/commcare-learn-ahmad/reports/form_data/00389162-5458-42ba-a053-1cd1ef2f9cf8/,tester_02,4.0
525,16e93489-eee5-4537-844a-2dd32d005d46,2026-05-16,Village Square,maize_seed fertilizer,9.2,,,44.9,,,https://www.commcarehq.org/a/commcare-learn-ahmad/api/form_attachment/v1/16e93489-eee5-4537-844a-2dd32d005d46/signature.png,a9ee97dc-86e4-4481-a603-395ba6200b08,2026-05-16 14:48:00,2026-05-16 14:43:00,tester_03,2026-05-16 14:48:09,https://www.commcarehq.org/a/commcare-learn-ahmad/reports/form_data/16e93489-eee5-4537-844a-2dd32d005d46/,tester_03,5.0
526,96b8ccb6-b6dc-4151-99a8-b74f939e3cb8,2026-10-03,Farmer Cooperative Centre,groundnut_seed fertilizer,,,2.5,79.5,,,https://www.commcarehq.org/a/commcare-learn-ahmad/api/form_attachment/v1/96b8ccb6-b6dc-4151-99a8-b74f939e3cb8/signature.png,429c1b4c-a7b5-487f-9446-fb19721f7e45,2026-10-03 14:58:00,2026-10-03 14:54:00,tester_01,2026-10-03 14:58:19,https://www.commcarehq.org/a/commcare-learn-ahmad/reports/form_data/96b8ccb6-b6dc-4151-99a8-b74f939e3cb8/,tester_01,4.0
527,17879367-2d17-493e-bb13-ea0bf541745c,2026-07-17,Farmer Cooperative Centre,rabbits,,,,,,1,https://www.commcarehq.org/a/commcare-learn-ahmad/api/form_attachment/v1/17879367-2d17-493e-bb13-ea0bf541745c/signature.png,530c7c87-8617-4e55-852a-b7e09bb1db2e,2026-07-17 12:47:00,2026-07-17 12:39:00,tester_01,2026-07-17 12:47:08,https://www.commcarehq.org/a/commcare-learn-ahmad/reports/form_data/17879367-2d17-493e-bb13-ea0bf541745c/,tester_01,8.0
528,1968d9f8-8a46-4542-bd55-f990099c446b,2026-04-19,Extension Office,rice_seed fertilizer maize_seed,6.6,6.8,,56.4,,,https://www.commcarehq.org/a/commcare-learn-ahmad/api/form_attachment/v1/1968d9f8-8a46-4542-bd55-f990099c446b/signature.png,407b823a-d741-439d-b474-a0264af61449,2026-04-19 08:57:00,2026-04-19 08:51:00,tester_07,2026-04-19 08:57:08,https://www.commcarehq.org/a/commcare-learn-ahmad/reports/form_data/1968d9f8-8a46-4542-bd55-f990099c446b/,tester_07,6.0
529,abdf1091-4082-48ba-8ce8-d0dabdb9d130,2026-02-27,Extension Office,rice_seed groundnut_seed fertilizer,,6.0,3.1,51.9,,,https://www.commcarehq.org/a/commcare-learn-ahmad/api/form_attachment/v1/abdf1091-4082-48ba-8ce8-d0dabdb9d130/signature.png,74f3d82b-5c61-4195-981c-ffc3acca266c,2026-02-27 14:39:00,2026-02-27 14:36:00,tester_05,2026-02-27 14:39:10,https://www.commcarehq.org/a/commcare-learn-ahmad/reports/form_data/abdf1091-4082-48ba-8ce8-d0dabdb9d130/,tester_05,3.0
530,c1b63ea9-0a87-4f29-bcb3-2c0ef90cda9c,2026-06-30,Community Hall,goats fertilizer groundnut_seed,,,4.0,39.0,1,,https://www.commcarehq.org/a/commcare-learn-ahmad/api/form_attachment/v1/c1b63ea9-0a87-4f29-bcb3-2c0ef90cda9c/signature.png,306daa36-3e23-46b3-bc9d-63ef0411d37e,2026-06-30 12:10:00,2026-06-30 12:03:00,tester_07,2026-06-30 12:10:12,https://www.commcarehq.org/a/commcare-learn-ahmad/reports/form_data/c1b63ea9-0a87-4f29-bcb3-2c0ef90cda9c/,tester_07,7.0
531,2a159fc9-3ede-4fd1-b776-377ae3cc9171,2026-06-17,Extension Office,rice_seed,,6.4,,,,,https://www.commcarehq.org/a/commcare-learn-ahmad/api/form_attachment/v1/2a159fc9-3ede-4fd1-b776-377ae3cc9171/signature.png,34c377f2-f191-4a0a-88a4-8a9961979c95,2026-06-17 11:26:00,2026-06-17 11:19:00,tester_06,2026-06-17 11:26:06,https://www.commcarehq.org/a/commcare-learn-ahmad/reports/form_data/2a159fc9-3ede-4fd1-b776-377ae3cc9171/,tester_06,7.0
532,9fb675cb-3dee-48c6-9117-0058e6b88c47,2026-05-13,Farmer Cooperative Centre,groundnut_seed goats maize_seed rabbits fertilizer,3.5,,3.2,87.2,3,1,https://www.commcarehq.org/a/commcare-learn-ahmad/api/form_attachment/v1/9fb675cb-3dee-48c6-9117-0058e6b88c47/signature.png,c5667472-388b-4bde-ad80-3a6f71302f18,2026-05-13 13:01:00,2026-05-13 12:55:00,tester_02,2026-05-13 13:01:15,https://www.commcarehq.org/a/commcare-learn-ahmad/reports/form_data/9fb675cb-3dee-48c6-9117-0058e6b88c47/,tester_02,6.0
533,ef5bbad7-a323-4785-a206-ed8b1bcdaae2,2026-07-20,Community Hall,rice_seed,,3.6,,,,,https://www.commcarehq.org/a/commcare-learn-ahmad/api/form_attachment/v1/ef5bbad7-a323-4785-a206-ed8b1bcdaae2/signature.png,99d2d0d6-6915-457f-9331-7fd40831ad47,2026-07-20 11:57:00,2026-07-20 11:53:00,tester_02,2026-07-20 11:57:09,https://www.commcarehq.org/a/commcare-learn-ahmad/reports/form_data/ef5bbad7-a323-4785-a206-ed8b1bcdaae2/,tester_02,4.0
534,1579a507-95a1-437f-b316-8fb8beaba1ce,2026-07-12,Community Hall,rice_seed,,2.6,,,,,https://www.commcarehq.org/a/commcare-learn-ahmad/api/form_attachment/v1/1579a507-95a1-437f-b316-8fb8beaba1ce/signature.png,23d313ac-c48d-4f9e-85a5-0ecc13e90c23,2026-07-12 11:52:00,2026-07-12 11:49:00,tester_02,2026-07-12 11:52:17,https://www.commcarehq.org/a/commcare-learn-ahmad/reports/form_data/1579a507-95a1-437f-b316-8fb8beaba1ce/,tester_02,3.0
535,a13f2d6a-7eed-43de-af88-503697657de6,2026-04-08,Extension Office,fertilizer groundnut_seed,,,4.5,59.7,,,https://www.commcarehq.org/a/commcare-learn-ahmad/api/form_attachment/v1/a13f2d6a-7eed-43de-af88-503697657de6/signature.png,951f1813-3529-44b6-95ef-3a6c4b7355fb,2026-04-08 14:09:00,2026-04-08 14:04:00,tester_01,2026-04-08 14:09:19,https://www.commcarehq.org/a/commcare-learn-ahmad/reports/form_data/a13f2d6a-7eed-43de-af88-503697657de6/,tester_01,5.0
536,a7bbcc45-9222-4f9f-922f-b9f076141985,2026-05-27,Community Hall,rice_seed rabbits fertilizer,,6.9,,96.1,,3,https://www.commcarehq.org/a/commcare-learn-ahmad/api/form_attachment/v1/a7bbcc45-9222-4f9f-922f-b9f076141985/signature.png,e2544468-d90b-4178-9540-76cdbb64f3ec,2026-05-27 15:22:00,2026-05-27 15:18:00,tester_03,2026-05-27 15:22:20,https://www.commcarehq.org/a/commcare-learn-ahmad/reports/form_data/a7bbcc45-9222-4f9f-922f-b9f076141985/,tester_03,4.0
537,177aa39a-54d4-4069-ac2a-997eb6295f98,2026-10-21,Extension Office,fertilizer groundnut_seed,,,6.2,89.1,,,https://www.commcarehq.org/a/commcare-learn-ahmad/api/form_attachment/v1/177aa39a-54d4-4069-ac2a-997eb6295f98/signature.png,5b9a88e1-3723-4e3d-8fd9-8ef12961508f,2026-10-21 15:51:00,2026-10-21 15:44:00,tester_06,2026-10-21 15:51:18,https://www.commcarehq.org/a/commcare-learn-ahmad/reports/form_data/177aa39a-54d4-4069-ac2a-997eb6295f98/,tester_06,7.0
538,7a1f212e-3945-4242-b935-a39ac81ce194,2026-07-21,Primary School,groundnut_seed rice_seed rabbits,,9.2,6.1,,,3,https://www.commcarehq.org/a/commcare-learn-ahmad/api/form_attachment/v1/7a1f212e-3945-4242-b935-a39ac81ce194/signature.png,46fc4fac-54ca-4692-9462-1cb36bdb4ee4,2026-07-21 15:26:00,2026-07-21 15:21:00,tester_02,2026-07-21 15:26:16,https://www.commcarehq.org/a/commcare-learn-ahmad/reports/form_data/7a1f212e-3945-4242-b935-a39ac81ce194/,tester_02,5.0
539,3e8d0406-4e04-47f7-803f-e1b60a7d35e8,2026-08-24,Primary School,rice_seed fertilizer groundnut_seed maize_seed,7.9,4.8,2.7,75.4,,,https://www.commcarehq.org/a/commcare-learn-ahmad/api/form_attachment/v1/3e8d0406-4e04-47f7-803f-e1b60a7d35e8/signature.png,6a8a0adf-20af-4408-a764-4c3ea3fcb436,2026-08-24 11:32:00,2026-08-24 11:27:00,tester_02,2026-08-24 11:32:07,https://www.commcarehq.org/a/commcare-learn-ahmad/reports/form_data/3e8d0406-4e04-47f7-803f-e1b60a7d35e8/,tester_02,5.0
540,8bbdc62f-5b85-4792-aea8-9603585fdd24,2026-04-09,Primary School,groundnut_seed fertilizer maize_seed rice_seed,9.1,5.5,4.1,38.9,,,https://www.commcarehq.org/a/commcare-learn-ahmad/api/form_attachment/v1/8bbdc62f-5b85-4792-aea8-9603585fdd24/signature.png,73a4c45b-6a49-498d-abe4-8a4a00789b7d,2026-04-09 13:32:00,2026-04-09 13:27:00,tester_06,2026-04-09 13:32:15,https://www.commcarehq.org/a/commcare-learn-ahmad/reports/form_data/8bbdc62f-5b85-4792-aea8-9603585fdd24/,tester_06,5.0
541,92c6404c-9ae6-4897-9aa9-9d7a0050407f,2026-06-06,Farmer Cooperative Centre,fertilizer rice_seed,,3.3,,34.1,,,https://www.commcarehq.org/a/commcare-learn-ahmad/api/form_attachment/v1/92c6404c-9ae6-4897-9aa9-9d7a0050407f/signature.png,6bb4a7fc-0f1b-4975-87c8-b226c555cf49,2026-06-06 15:10:00,2026-06-06 15:03:00,tester_04,2026-06-06 15:10:18,https://www.commcarehq.org/a/commcare-learn-ahmad/reports/form_data/92c6404c-9ae6-4897-9aa9-9d7a0050407f/,tester_04,7.0
542,3e1f5f1c-fc74-4ff6-8d57-9492e7016fbf,2026-08-21,Community Hall,rice_seed rabbits maize_seed,3.1,6.4,,,,5,https://www.commcarehq.org/a/commcare-learn-ahmad/api/form_attachment/v1/3e1f5f1c-fc74-4ff6-8d57-9492e7016fbf/signature.png,30de4f89-543f-443b-bb31-61a660405ddb,2026-08-21 14:17:00,2026-08-21 14:14:00,tester_01,2026-08-21 14:17:05,https://www.commcarehq.org/a/commcare-learn-ahmad/reports/form_data/3e1f5f1c-fc74-4ff6-8d57-9492e7016fbf/,tester_01,3.0
543,fe34c7cf-58d5-439f-bc4d-32da0f0d2fe2,2026-03-17,Extension Office,rice_seed maize_seed,8.6,4.9,,,,,https://www.commcarehq.org/a/commcare-learn-ahmad/api/form_attachment/v1/fe34c7cf-58d5-439f-bc4d-32da0f0d2fe2/signature.png,635b042e-32e9-4482-889e-c3d7d995fd88,2026-03-17 11:38:00,2026-03-17 11:33:00,tester_03,2026-03-17 11:38:14,https://www.commcarehq.org/a/commcare-learn-ahmad/reports/form_data/fe34c7cf-58d5-439f-bc4d-32da0f0d2fe2/,tester_03,5.0
544,415f9217-c8bc-4989-8815-c2bb11243ec7,2026-06-17,Community Hall,rabbits rice_seed fertilizer goats,,6.9,,49.5,3,4,https://www.commcarehq.org/a/commcare-learn-ahmad/api/form_attachment/v1/415f9217-c8bc-4989-8815-c2bb11243ec7/signature.png,515f095a-ce56-4a4a-a417-cd57286dab02,2026-06-17 14:08:00,2026-06-17 14:05:00,tester_02,2026-06-17 14:08:05,https://www.commcarehq.org/a/commcare-learn-ahmad/reports/form_data/415f9217-c8bc-4989-8815-c2bb11243ec7/,tester_02,3.0
545,93c918fe-c882-47c0-9f50-e5deb0ca8572,2026-04-21,Extension Office,rice_seed goats fertilizer maize_seed rabbits groundnut_seed,3.5,3.5,6.0,50.6,3,4,https://www.commcarehq.org/a/commcare-learn-ahmad/api/form_attachment/v1/93c918fe-c882-47c0-9f50-e5deb0ca8572/signature.png,e9e9fceb-afe0-4a6b-a183-4442e6d4c774,2026-04-21 14:43:00,2026-04-21 14:36:00,tester_06,2026-04-21 14:43:20,https://www.commcarehq.org/a/commcare-learn-ahmad/reports/form_data/93c918fe-c882-47c0-9f50-e5deb0ca8572/,tester_06,7.0
546,51c88e52-c2da-4fe5-9f7d-656413e745ce,2026-03-15,Primary School,maize_seed fertilizer groundnut_seed,2.8,,7.2,86.6,,,https://www.commcarehq.org/a/commcare-learn-ahmad/api/form_attachment/v1/51c88e52-c2da-4fe5-9f7d-656413e745ce/signature.png,75aaf0f4-49c3-4c18-9fe7-4efceeebf8cb,2026-03-15 15:09:00,2026-03-15 15:04:00,tester_04,2026-03-15 15:09:05,https://www.commcarehq.org/a/commcare-learn-ahmad/reports/form_data/51c88e52-c2da-4fe5-9f7d-656413e745ce/,tester_04,5.0
547,2c948dee-0e99-496a-9b5a-ba12b75d4086,2026-04-22,Village Square,fertilizer goats groundnut_seed rice_seed,,5.0,6.8,67.4,2,,https://www.commcarehq.org/a/commcare-learn-ahmad/api/form_attachment/v1/2c948dee-0e99-496a-9b5a-ba12b75d4086/signature.png,6583eb56-f09e-41e8-956a-4e1185946f5a,2026-04-22 09:22:00,2026-04-22 09:20:00,tester_05,2026-04-22 09:22:15,https://www.commcarehq.org/a/commcare-learn-ahmad/reports/form_data/2c948dee-0e99-496a-9b5a-ba12b75d4086/,tester_05,2.0
548,8da4fa8b-a83f-4b25-81f0-d25846dcf538,2026-06-17,Community Hall,groundnut_seed fertilizer,,,3.9,76.5,,,https://www.commcarehq.org/a/commcare-learn-ahmad/api/form_attachment/v1/8da4fa8b-a83f-4b25-81f0-d25846dcf538/signature.png,e99b3b9c-b08a-4a7d-abb7-b6bd94d5ead1,2026-06-17 10:38:00,2026-06-17 10:33:00,tester_06,2026-06-17 10:38:19,https://www.commcarehq.org/a/commcare-learn-ahmad/reports/form_data/8da4fa8b-a83f-4b25-81f0-d25846dcf538/,tester_06,5.0
549,ef8b3d0d-25e7-41db-9e8c-05ffbd4a035e,2026-03-25,Village Square,maize_seed,5.7,,,,,,https://www.commcarehq.org/a/commcare-learn-ahmad/api/form_attachment/v1/ef8b3d0d-25e7-41db-9e8c-05ffbd4a035e/signature.png,5b96c39b-eb42-427f-b4fb-b2d5b8800619,2026-03-25 15:21:00,2026-03-25 15:18:00,tester_06,2026-03-25 15:21:20,https://www.commcarehq.org/a/commcare-learn-ahmad/reports/form_data/ef8b3d0d-25e7-41db-9e8c-05ffbd4a035e/,tester_06,3.0
550,a858fd60-3f08-4360-8a3d-d9d248149bed,2026-07-08,Farmer Cooperative Centre,goats maize_seed fertilizer,6.9,,,71.4,3,,https://www.commcarehq.org/a/commcare-learn-ahmad/api/form_attachment/v1/a858fd60-3f08-4360-8a3d-d9d248149bed/signature.png,6e3154df-866c-41f7-a5c3-cbc505f1ec63,2026-07-08 11:14:00,2026-07-08 11:11:00,tester_07,2026-07-08 11:14:11,https://www.commcarehq.org/a/commcare-learn-ahmad/reports/form_data/a858fd60-3f08-4360-8a3d-d9d248149bed/,tester_07,3.0
551,04087d03-eefc-4297-8975-ecde69c6e01f,2026-05-26,Extension Office,goats rice_seed,,2.8,,,1,,https://www.commcarehq.org/a/commcare-learn-ahmad/api/form_attachment/v1/04087d03-eefc-4297-8975-ecde69c6e01f/signature.png,12e4bab6-d217-4781-91dd-19b432da0974,2026-05-26 11:31:00,2026-05-26 11:28:00,tester_03,2026-05-26 11:31:14,https://www.commcarehq.org/a/commcare-learn-ahmad/reports/form_data/04087d03-eefc-4297-8975-ecde69c6e01f/,tester_03,3.0
552,7ff10167-70ef-49a9-b07b-58dd826eb7a8,2026-05-24,Community Hall,fertilizer,,,,26.6,,,https://www.commcarehq.org/a/commcare-learn-ahmad/api/form_attachment/v1/7ff10167-70ef-49a9-b07b-58dd826eb7a8/signature.png,69fc10d7-2d28-4da3-8a7e-86a7d050c2c3,2026-05-24 13:29:00,2026-05-24 13:21:00,tester_07,2026-05-24 13:29:17,https://www.commcarehq.org/a/commcare-learn-ahmad/reports/form_data/7ff10167-70ef-49a9-b07b-58dd826eb7a8/,tester_07,8.0
553,b8a13980-c354-401d-9fe8-c14c00ec8d1c,2026-07-03,Farmer Cooperative Centre,fertilizer maize_seed rice_seed,7.7,8.6,,65.3,,,https://www.commcarehq.org/a/commcare-learn-ahmad/api/form_attachment/v1/b8a13980-c354-401d-9fe8-c14c00ec8d1c/signature.png,3fc60077-062e-4bac-8609-aec0b6cefc1f,2026-07-03 13:01:00,2026-07-03 12:57:00,tester_03,2026-07-03 13:01:07,https://www.commcarehq.org/a/commcare-learn-ahmad/reports/form_data/b8a13980-c354-401d-9fe8-c14c00ec8d1c/,tester_03,4.0
554,e7a5441b-ece4-42fc-81d8-2a6508d9093d,2026-08-21,Village Square,groundnut_seed maize_seed fertilizer,2.6,,3.6,41.0,,,https://www.commcarehq.org/a/commcare-learn-ahmad/api/form_attachment/v1/e7a5441b-ece4-42fc-81d8-2a6508d9093d/signature.png,9900e61f-140a-4f19-908f-eba366822334,2026-08-21 13:20:00,2026-08-21 13:12:00,tester_05,2026-08-21 13:20:20,https://www.commcarehq.org/a/commcare-learn-ahmad/reports/form_data/e7a5441b-ece4-42fc-81d8-2a6508d9093d/,tester_05,8.0
555,93038de3-53d1-490c-9724-2555e75fc299,2026-03-05,Community Hall,fertilizer maize_seed,8.4,,,53.8,,,https://www.commcarehq.org/a/commcare-learn-ahmad/api/form_attachment/v1/93038de3-53d1-490c-9724-2555e75fc299/signature.png,82b89d1e-f879-49f7-bf94-1459b5d28288,2026-03-05 08:49:00,2026-03-05 08:43:00,tester_04,2026-03-05 08:49:08,https://www.commcarehq.org/a/commcare-learn-ahmad/reports/form_data/93038de3-53d1-490c-9724-2555e75fc299/,tester_04,6.0
556,862a1894-e080-4c90-92e3-9ae02388dc61,2026-08-12,Primary School,maize_seed groundnut_seed,4.2,,7.9,,,,https://www.commcarehq.org/a/commcare-learn-ahmad/api/form_attachment/v1/862a1894-e080-4c90-92e3-9ae02388dc61/signature.png,de51b237-0527-45e5-a96e-dc26fe329a92,2026-08-12 08:43:00,2026-08-12 08:37:00,tester_02,2026-08-12 08:43:18,https://www.commcarehq.org/a/commcare-learn-ahmad/reports/form_data/862a1894-e080-4c90-92e3-9ae02388dc61/,tester_02,6.0
557,ba053973-e166-48d6-bf29-73ad23f39bf7,2026-05-03,Village Square,fertilizer maize_seed,7.9,,,82.3,,,https://www.commcarehq.org/a/commcare-learn-ahmad/api/form_attachment/v1/ba053973-e166-48d6-bf29-73ad23f39bf7/signature.png,4487a2c2-b3e5-4f5f-b4db-24dc0f21ff35,2026-05-03 14:09:00,2026-05-03 14:02:00,tester_01,2026-05-03 14:09:12,https://www.commcarehq.org/a/commcare-learn-ahmad/reports/form_data/ba053973-e166-48d6-bf29-73ad23f39bf7/,tester_01,7.0
558,ec3c0052-9927-49df-9d70-ce85a240ebe8,2026-07-15,Village Square,groundnut_seed fertilizer,,,3.3,88.9,,,https://www.commcarehq.org/a/commcare-learn-ahmad/api/form_attachment/v1/ec3c0052-9927-49df-9d70-ce85a240ebe8/signature.png,95a3e260-425d-4ea9-b3cc-2e87aa2d13d2,2026-07-15 15:49:00,2026-07-15 15:43:00,tester_01,2026-07-15 15:49:05,https://www.commcarehq.org/a/commcare-learn-ahmad/reports/form_data/ec3c0052-9927-49df-9d70-ce85a240ebe8/,tester_01,6.0
559,e0a7b646-8a9c-4b47-8634-1b5b2501d2f1,2026-06-29,Community Hall,goats maize_seed,8.6,,,,3,,https://www.commcarehq.org/a/commcare-learn-ahmad/api/form_attachment/v1/e0a7b646-8a9c-4b47-8634-1b5b2501d2f1/signature.png,cf4d65f9-6ad8-4b00-805e-523c4ddbe37d,2026-06-29 08:17:00,2026-06-29 08:15:00,tester_06,2026-06-29 08:17:08,https://www.commcarehq.org/a/commcare-learn-ahmad/reports/form_data/e0a7b646-8a9c-4b47-8634-1b5b2501d2f1/,tester_06,2.0
560,0a1b0751-b97d-428a-aaa7-c0eab18421cf,2026-06-01,Primary School,fertilizer rice_seed,,9.4,,85.0,,,https://www.commcarehq.org/a/commcare-learn-ahmad/api/form_attachment/v1/0a1b0751-b97d-428a-aaa7-c0eab18421cf/signature.png,3c09f064-385b-4a52-9d5d-b9a58402b239,2026-06-01 11:08:00,2026-06-01 11:05:00,tester_06,2026-06-01 11:08:15,https://www.commcarehq.org/a/commcare-learn-ahmad/reports/form_data/0a1b0751-b97d-428a-aaa7-c0eab18421cf/,tester_06,3.0
561,ca449d2a-52e6-4e91-92c9-79cd38d92620,2026-08-08,Primary School,rice_seed maize_seed,5.8,5.3,,,,,https://www.commcarehq.org/a/commcare-learn-ahmad/api/form_attachment/v1/ca449d2a-52e6-4e91-92c9-79cd38d92620/signature.png,7f8110ba-60b6-41db-8455-bab85f30a93d,2026-08-08 14:11:00,2026-08-08 14:03:00,tester_03,2026-08-08 14:11:16,https://www.commcarehq.org/a/commcare-learn-ahmad/reports/form_data/ca449d2a-52e6-4e91-92c9-79cd38d92620/,tester_03,8.0
562,d5a884eb-c883-4eef-b743-b49369e8dca3,2026-05-05,Farmer Cooperative Centre,fertilizer,,,,35.6,,,https://www.commcarehq.org/a/commcare-learn-ahmad/api/form_attachment/v1/d5a884eb-c883-4eef-b743-b49369e8dca3/signature.png,7ca0fe0d-2189-49c9-a05d-605d2fcd4a78,2026-05-05 15:14:00,2026-05-05 15:08:00,tester_04,2026-05-05 15:14:06,https://www.commcarehq.org/a/commcare-learn-ahmad/reports/form_data/d5a884eb-c883-4eef-b743-b49369e8dca3/,tester_04,6.0
563,8ac471a0-cdb6-4392-94bb-b78dbc239829,2026-04-09,Village Square,groundnut_seed,,,7.2,,,,https://www.commcarehq.org/a/commcare-learn-ahmad/api/form_attachment/v1/8ac471a0-cdb6-4392-94bb-b78dbc239829/signature.png,2eaad51c-8451-43ed-b63d-3b30bbd3eee5,2026-04-09 12:48:00,2026-04-09 12:45:00,tester_04,2026-04-09 12:48:17,https://www.commcarehq.org/a/commcare-learn-ahmad/reports/form_data/8ac471a0-cdb6-4392-94bb-b78dbc239829/,tester_04,3.0
564,f268a68d-7d90-44cd-b0ee-9fb8576baf14,2026-02-19,Extension Office,fertilizer,,,,61.9,,,https://www.commcarehq.org/a/commcare-learn-ahmad/api/form_attachment/v1/f268a68d-7d90-44cd-b0ee-9fb8576baf14/signature.png,9eb11c06-40b2-4c07-a1fc-a6e5c48ae063,2026-02-19 13:15:00,2026-02-19 13:12:00,tester_05,2026-02-19 13:15:18,https://www.commcarehq.org/a/commcare-learn-ahmad/reports/form_data/f268a68d-7d90-44cd-b0ee-9fb8576baf14/,tester_05,3.0
565,de7a5986-5528-456f-8f40-cb69bfa36c9b,2026-05-24,Extension Office,maize_seed fertilizer,9.0,,,47.2,,,https://www.commcarehq.org/a/commcare-learn-ahmad/api/form_attachment/v1/de7a5986-5528-456f-8f40-cb69bfa36c9b/signature.png,11255b56-53b8-4a40-9898-8f8bdd929ce2,2026-05-24 08:49:00,2026-05-24 08:41:00,tester_06,2026-05-24 08:49:13,https://www.commcarehq.org/a/commcare-learn-ahmad/reports/form_data/de7a5986-5528-456f-8f40-cb69bfa36c9b/,tester_06,8.0
566,b80d6df4-5210-434e-a948-5df91482cc68,2026-03-16,Extension Office,fertilizer groundnut_seed maize_seed,9.3,,4.0,92.0,,,https://www.commcarehq.org/a/commcare-learn-ahmad/api/form_attachment/v1/b80d6df4-5210-434e-a948-5df91482cc68/signature.png,7bc0c850-de02-4548-a4db-5c6946400fe0,2026-03-16 14:10:00,2026-03-16 14:02:00,tester_03,2026-03-16 14:10:09,https://www.commcarehq.org/a/commcare-learn-ahmad/reports/form_data/b80d6df4-5210-434e-a948-5df91482cc68/,tester_03,8.0
567,94baa060-3f27-4eb3-891b-1dcde0106a53,2026-04-03,Primary School,rice_seed maize_seed,5.1,8.5,,,,,https://www.commcarehq.org/a/commcare-learn-ahmad/api/form_attachment/v1/94baa060-3f27-4eb3-891b-1dcde0106a53/signature.png,0e0408a3-c26a-4bf0-ba45-cf1db248e8a3,2026-04-03 14:52:00,2026-04-03 14:50:00,tester_05,2026-04-03 14:52:19,https://www.commcarehq.org/a/commcare-learn-ahmad/reports/form_data/94baa060-3f27-4eb3-891b-1dcde0106a53/,tester_05,2.0
568,c07b1008-14bd-4066-a5af-0a5bd10bfdac,2026-02-21,Community Hall,groundnut_seed,,,4.8,,,,https://www.commcarehq.org/a/commcare-learn-ahmad/api/form_attachment/v1/c07b1008-14bd-4066-a5af-0a5bd10bfdac/signature.png,509ca639-5e94-4234-a43e-fe507e07b582,2026-02-21 13:25:00,2026-02-21 13:18:00,tester_05,2026-02-21 13:25:18,https://www.commcarehq.org/a/commcare-learn-ahmad/reports/form_data/c07b1008-14bd-4066-a5af-0a5bd10bfdac/,tester_05,7.0
569,9b2d07da-1621-4dc4-a105-1afa6cfe47d7,2026-06-26,Farmer Cooperative Centre,maize_seed fertilizer rabbits goats,9.0,,,84.4,2,2,https://www.commcarehq.org/a/commcare-learn-ahmad/api/form_attachment/v1/9b2d07da-1621-4dc4-a105-1afa6cfe47d7/signature.png,50fced94-281f-4ec8-8509-890dcd45f72e,2026-06-26 08:25:00,2026-06-26 08:23:00,tester_02,2026-06-26 08:25:13,https://www.commcarehq.org/a/commcare-learn-ahmad/reports/form_data/9b2d07da-1621-4dc4-a105-1afa6cfe47d7/,tester_02,2.0
570,8bf8a9f9-6724-4739-b113-619f0f1cf3b2,2026-06-27,Extension Office,rice_seed,,3.5,,,,,https://www.commcarehq.org/a/commcare-learn-ahmad/api/form_attachment/v1/8bf8a9f9-6724-4739-b113-619f0f1cf3b2/signature.png,91aeadc8-5b1d-4a5f-b57e-5a28326991c3,2026-06-27 08:53:00,2026-06-27 08:50:00,tester_07,2026-06-27 08:53:15,https://www.commcarehq.org/a/commcare-learn-ahmad/reports/form_data/8bf8a9f9-6724-4739-b113-619f0f1cf3b2/,tester_07,3.0
571,3d2f2de2-1ec5-4f43-8fb2-34ece903517d,2026-09-02,Primary School,maize_seed fertilizer,2.0,,,25.8,,,https://www.commcarehq.org/a/commcare-learn-ahmad/api/form_attachment/v1/3d2f2de2-1ec5-4f43-8fb2-34ece903517d/signature.png,95569c04-3789-403d-a2e3-f068ae0f857e,2026-09-02 10:57:00,2026-09-02 10:50:00,tester_06,2026-09-02 10:57:10,https://www.commcarehq.org/a/commcare-learn-ahmad/reports/form_data/3d2f2de2-1ec5-4f43-8fb2-34ece903517d/,tester_06,7.0
572,3e02793e-c174-4207-81c9-da3025e55992,2026-05-30,Community Hall,maize_seed goats fertilizer,4.2,,,98.6,3,,https://www.commcarehq.org/a/commcare-learn-ahmad/api/form_attachment/v1/3e02793e-c174-4207-81c9-da3025e55992/signature.png,a9390da4-719d-4c6a-9aaf-afbcd9262694,2026-05-30 11:11:00,2026-05-30 11:07:00,tester_04,2026-05-30 11:11:10,https://www.commcarehq.org/a/commcare-learn-ahmad/reports/form_data/3e02793e-c174-4207-81c9-da3025e55992/,tester_04,4.0
573,c88d5b16-3cf1-4d9d-be23-5dbd06a40722,2026-05-14,Primary School,fertilizer goats maize_seed rabbits,8.1,,,63.8,1,5,https://www.commcarehq.org/a/commcare-learn-ahmad/api/form_attachment/v1/c88d5b16-3cf1-4d9d-be23-5dbd06a40722/signature.png,57790da2-c2fe-4dff-abbe-6168a2136ad5,2026-05-14 15:58:00,2026-05-14 15:50:00,tester_06,2026-05-14 15:58:19,https://www.commcarehq.org/a/commcare-learn-ahmad/reports/form_data/c88d5b16-3cf1-4d9d-be23-5dbd06a40722/,tester_06,8.0
574,a9a804fc-30b4-47bf-a772-804a04dc6da8,2026-06-06,Extension Office,maize_seed rabbits,7.3,,,,,4,https://www.commcarehq.org/a/commcare-learn-ahmad/api/form_attachment/v1/a9a804fc-30b4-47bf-a772-804a04dc6da8/signature.png,9ed575ce-c062-47dd-8de1-dc31e4c9520f,2026-06-06 10:54:00,2026-06-06 10:49:00,tester_03,2026-06-06 10:54:14,https://www.commcarehq.org/a/commcare-learn-ahmad/reports/form_data/a9a804fc-30b4-47bf-a772-804a04dc6da8/,tester_03,5.0
575,b73252f5-627e-413f-adb3-e0831bd5f3bf,2026-06-30,Primary School,fertilizer maize_seed,4.2,,,78.0,,,https://www.commcarehq.org/a/commcare-learn-ahmad/api/form_attachment/v1/b73252f5-627e-413f-adb3-e0831bd5f3bf/signature.png,57c9c6be-76fd-489f-a4ad-054f60216823,2026-06-30 11:24:00,2026-06-30 11:22:00,tester_07,2026-06-30 11:24:14,https://www.commcarehq.org/a/commcare-learn-ahmad/reports/form_data/b73252f5-627e-413f-adb3-e0831bd5f3bf/,tester_07,2.0
576,d8c9df7b-19b5-4d27-821c-0f6597b74945,2026-06-08,Extension Office,maize_seed fertilizer,5.8,,,34.6,,,https://www.commcarehq.org/a/commcare-learn-ahmad/api/form_attachment/v1/d8c9df7b-19b5-4d27-821c-0f6597b74945/signature.png,1abf9676-388e-4c39-ae2a-a82ec621e3c5,2026-06-08 11:06:00,2026-06-08 11:01:00,tester_03,2026-06-08 11:06:17,https://www.commcarehq.org/a/commcare-learn-ahmad/reports/form_data/d8c9df7b-19b5-4d27-821c-0f6597b74945/,tester_03,5.0
577,c1b1ccd6-c763-45a8-a6d4-b5189865f451,2026-07-30,Extension Office,groundnut_seed,,,7.2,,,,https://www.commcarehq.org/a/commcare-learn-ahmad/api/form_attachment/v1/c1b1ccd6-c763-45a8-a6d4-b5189865f451/signature.png,727b8d2f-8e1a-4828-b918-5cf3f0752e38,2026-07-30 13:29:00,2026-07-30 13:26:00,tester_03,2026-07-30 13:29:06,https://www.commcarehq.org/a/commcare-learn-ahmad/reports/form_data/c1b1ccd6-c763-45a8-a6d4-b5189865f451/,tester_03,3.0
578,a83362a9-a463-4349-aaac-69696d09c09c,2026-08-30,Primary School,maize_seed,7.0,,,,,,https://www.commcarehq.org/a/commcare-learn-ahmad/api/form_attachment/v1/a83362a9-a463-4349-aaac-69696d09c09c/signature.png,9632bb4b-0845-4798-b202-71ddf8c70372,2026-08-30 10:46:00,2026-08-30 10:38:00,tester_02,2026-08-30 10:46:05,https://www.commcarehq.org/a/commcare-learn-ahmad/reports/form_data/a83362a9-a463-4349-aaac-69696d09c09c/,tester_02,8.0
579,62664b26-7cbb-4cc2-9331-83f5e78c52fd,2026-07-20,Farmer Cooperative Centre,fertilizer,,,,42.6,,,https://www.commcarehq.org/a/commcare-learn-ahmad/api/form_attachment/v1/62664b26-7cbb-4cc2-9331-83f5e78c52fd/signature.png,97559633-e5ae-40a0-953f-60a3f80d8096,2026-07-20 13:06:00,2026-07-20 13:03:00,tester_04,2026-07-20 13:06:14,https://www.commcarehq.org/a/commcare-learn-ahmad/reports/form_data/62664b26-7cbb-4cc2-9331-83f5e78c52fd/,tester_04,3.0
580,a657d66f-1860-48c2-9355-3a5e53707f1f,2026-08-23,Farmer Cooperative Centre,rice_seed goats fertilizer maize_seed groundnut_seed,4.8,8.3,2.6,36.9,1,,https://www.commcarehq.org/a/commcare-learn-ahmad/api/form_attachment/v1/a657d66f-1860-48c2-9355-3a5e53707f1f/signature.png,bde036b2-687b-4eee-9f56-f2486fd6da94,2026-08-23 15:51:00,2026-08-23 15:44:00,tester_06,2026-08-23 15:51:06,https://www.commcarehq.org/a/commcare-learn-ahmad/reports/form_data/a657d66f-1860-48c2-9355-3a5e53707f1f/,tester_06,7.0
581,39feb553-e886-4675-841c-da700de7b58c,2026-05-13,Community Hall,fertilizer goats maize_seed,9.7,,,29.6,3,,https://www.commcarehq.org/a/commcare-learn-ahmad/api/form_attachment/v1/39feb553-e886-4675-841c-da700de7b58c/signature.png,b9f28c38-12c2-4faa-b01a-59ac0545905e,2026-05-13 14:10:00,2026-05-13 14:04:00,tester_07,2026-05-13 14:10:05,https://www.commcarehq.org/a/commcare-learn-ahmad/reports/form_data/39feb553-e886-4675-841c-da700de7b58c/,tester_07,6.0
582,fb2854e3-93f8-471b-a7f9-a9b3ee34418c,2026-03-16,Community Hall,rabbits fertilizer rice_seed,,6.2,,65.9,,1,https://www.commcarehq.org/a/commcare-learn-ahmad/api/form_attachment/v1/fb2854e3-93f8-471b-a7f9-a9b3ee34418c/signature.png,35ff9d32-6d0a-4acf-acee-259f889f5759,2026-03-16 15:42:00,2026-03-16 15:40:00,tester_05,2026-03-16 15:42:07,https://www.commcarehq.org/a/commcare-learn-ahmad/reports/form_data/fb2854e3-93f8-471b-a7f9-a9b3ee34418c/,tester_05,2.0
583,8b7155e7-6686-41a2-bf94-2159fd044067,2026-05-04,Farmer Cooperative Centre,groundnut_seed rice_seed maize_seed fertilizer,7.4,6.1,2.6,44.7,,,https://www.commcarehq.org/a/commcare-learn-ahmad/api/form_attachment/v1/8b7155e7-6686-41a2-bf94-2159fd044067/signature.png,42f35ebe-378d-4c0c-9445-b733080f839e,2026-05-04 15:19:00,2026-05-04 15:12:00,tester_01,2026-05-04 15:19:09,https://www.commcarehq.org/a/commcare-learn-ahmad/reports/form_data/8b7155e7-6686-41a2-bf94-2159fd044067/,tester_01,7.0
584,8b985e3d-3eaf-4f20-a4e7-4e88d590f6f7,2026-05-30,Community Hall,goats fertilizer,,,,90.2,1,,https://www.commcarehq.org/a/commcare-learn-ahmad/api/form_attachment/v1/8b985e3d-3eaf-4f20-a4e7-4e88d590f6f7/signature.png,abb1ccec-9c1d-434b-b56e-4c5ff0b3257c,2026-05-30 16:01:00,2026-05-30 15:56:00,tester_02,2026-05-30 16:01:15,https://www.commcarehq.org/a/commcare-learn-ahmad/reports/form_data/8b985e3d-3eaf-4f20-a4e7-4e88d590f6f7/,tester_02,5.0
585,767a56b4-2b2d-485a-aeb0-fb1af025ea6d,2026-06-11,Extension Office,rice_seed groundnut_seed maize_seed,3.2,8.4,6.6,,,,https://www.commcarehq.org/a/commcare-learn-ahmad/api/form_attachment/v1/767a56b4-2b2d-485a-aeb0-fb1af025ea6d/signature.png,f6597ae3-ef87-45f9-b129-6cdb8da09d54,2026-06-11 12:05:00,2026-06-11 11:57:00,tester_05,2026-06-11 12:05:09,https://www.commcarehq.org/a/commcare-learn-ahmad/reports/form_data/767a56b4-2b2d-485a-aeb0-fb1af025ea6d/,tester_05,8.0
586,d2352abb-bd3b-4602-a4e1-1a4f42bdd272,2026-07-26,Village Square,fertilizer groundnut_seed maize_seed,6.6,,7.9,33.2,,,https://www.commcarehq.org/a/commcare-learn-ahmad/api/form_attachment/v1/d2352abb-bd3b-4602-a4e1-1a4f42bdd272/signature.png,25898555-ee73-4b1b-8e7c-5cb36967f17e,2026-07-26 11:00:00,2026-07-26 10:53:00,tester_01,2026-07-26 11:00:20,https://www.commcarehq.org/a/commcare-learn-ahmad/reports/form_data/d2352abb-bd3b-4602-a4e1-1a4f42bdd272/,tester_01,7.0
587,1dcb2e27-0215-4c88-bc73-cc687e7232d3,2026-06-01,Community Hall,fertilizer maize_seed,9.5,,,39.7,,,https://www.commcarehq.org/a/commcare-learn-ahmad/api/form_attachment/v1/1dcb2e27-0215-4c88-bc73-cc687e7232d3/signature.png,27ffa93d-a75e-4c31-8b47-3bda1554b973,2026-06-01 08:36:00,2026-06-01 08:28:00,tester_05,2026-06-01 08:36:18,https://www.commcarehq.org/a/commcare-learn-ahmad/reports/form_data/1dcb2e27-0215-4c88-bc73-cc687e7232d3/,tester_05,8.0
588,fa195e96-4ca1-40c1-839b-26b31ceb8864,2026-04-30,Farmer Cooperative Centre,goats,,,,,2,,https://www.commcarehq.org/a/commcare-learn-ahmad/api/form_attachment/v1/fa195e96-4ca1-40c1-839b-26b31ceb8864/signature.png,b54ea082-61e1-4cff-95c6-f71e762ec92d,2026-04-30 10:54:00,2026-04-30 10:49:00,tester_02,2026-04-30 10:54:20,https://www.commcarehq.org/a/commcare-learn-ahmad/reports/form_data/fa195e96-4ca1-40c1-839b-26b31ceb8864/,tester_02,5.0
589,3f148a65-b3d5-488d-92cf-03f2c49dda19,2026-04-27,Village Square,goats maize_seed fertilizer,6.0,,,45.4,3,,https://www.commcarehq.org/a/commcare-learn-ahmad/api/form_attachment/v1/3f148a65-b3d5-488d-92cf-03f2c49dda19/signature.png,67c1584f-8061-467d-9486-5781984c6e9a,2026-04-27 15:25:00,2026-04-27 15:21:00,tester_04,2026-04-27 15:25:15,https://www.commcarehq.org/a/commcare-learn-ahmad/reports/form_data/3f148a65-b3d5-488d-92cf-03f2c49dda19/,tester_04,4.0
590,8d095e43-7f7a-41c0-a6d3-ec606dfe0dbd,2026-05-24,Farmer Cooperative Centre,groundnut_seed fertilizer,,,6.3,25.3,,,https://www.commcarehq.org/a/commcare-learn-ahmad/api/form_attachment/v1/8d095e43-7f7a-41c0-a6d3-ec606dfe0dbd/signature.png,b96918e0-2ea7-4dac-acef-68f71c98389d,2026-05-24 08:18:00,2026-05-24 08:11:00,tester_04,2026-05-24 08:18:14,https://www.commcarehq.org/a/commcare-learn-ahmad/reports/form_data/8d095e43-7f7a-41c0-a6d3-ec606dfe0dbd/,tester_04,7.0
591,77051581-63f4-4e77-8ccf-07b438a2d2e9,2026-03-16,Village Square,rabbits fertilizer,,,,39.9,,3,https://www.commcarehq.org/a/commcare-learn-ahmad/api/form_attachment/v1/77051581-63f4-4e77-8ccf-07b438a2d2e9/signature.png,ee994b69-1ced-4b14-ae20-2629af34e52d,2026-03-16 09:26:00,2026-03-16 09:24:00,tester_05,2026-03-16 09:26:18,https://www.commcarehq.org/a/commcare-learn-ahmad/reports/form_data/77051581-63f4-4e77-8ccf-07b438a2d2e9/,tester_05,2.0
592,11124c00-06f3-46bd-afaa-3861b93fe929,2026-07-12,Extension Office,rabbits rice_seed fertilizer,,2.0,,33.8,,5,https://www.commcarehq.org/a/commcare-learn-ahmad/api/form_attachment/v1/11124c00-06f3-46bd-afaa-3861b93fe929/signature.png,67428001-50b8-42f8-82ea-58b9719e328c,2026-07-12 09:30:00,2026-07-12 09:22:00,tester_01,2026-07-12 09:30:18,https://www.commcarehq.org/a/commcare-learn-ahmad/reports/form_data/11124c00-06f3-46bd-afaa-3861b93fe929/,tester_01,8.0
593,5f9e40cc-cb91-47ce-b5db-58bff8e85514,2026-07-13,Primary School,fertilizer,,,,79.2,,,https://www.commcarehq.org/a/commcare-learn-ahmad/api/form_attachment/v1/5f9e40cc-cb91-47ce-b5db-58bff8e85514/signature.png,9c86fc92-596b-4c27-9df3-1a36d3406801,2026-07-13 09:28:00,2026-07-13 09:22:00,tester_03,2026-07-13 09:28:13,https://www.commcarehq.org/a/commcare-learn-ahmad/reports/form_data/5f9e40cc-cb91-47ce-b5db-58bff8e85514/,tester_03,6.0
594,e29da927-5cbb-4e53-82dd-985675161c51,2026-09-27,Community Hall,fertilizer,,,,35.2,,,https://www.commcarehq.org/a/commcare-learn-ahmad/api/form_attachment/v1/e29da927-5cbb-4e53-82dd-985675161c51/signature.png,d7c12eb1-d493-46fe-9238-4f15ca247653,2026-09-27 09:10:00,2026-09-27 09:05:00,tester_02,2026-09-27 09:10:09,https://www.commcarehq.org/a/commcare-learn-ahmad/reports/form_data/e29da927-5cbb-4e53-82dd-985675161c51/,tester_02,5.0
595,a8b916cc-fca4-4cd8-add0-3118d15dc364,2026-09-04,Community Hall,fertilizer groundnut_seed,,,4.6,55.3,,,https://www.commcarehq.org/a/commcare-learn-ahmad/api/form_attachment/v1/a8b916cc-fca4-4cd8-add0-3118d15dc364/signature.png,9942b7ba-d328-40b1-8f07-0fcf53be6a3e,2026-09-04 11:58:00,2026-09-04 11:51:00,tester_04,2026-09-04 11:58:06,https://www.commcarehq.org/a/commcare-learn-ahmad/reports/form_data/a8b916cc-fca4-4cd8-add0-3118d15dc364/,tester_04,7.0
596,fa50d1de-921b-4daf-832d-d7d9c2e365c2,2026-08-07,Primary School,fertilizer goats,,,,54.4,3,,https://www.commcarehq.org/a/commcare-learn-ahmad/api/form_attachment/v1/fa50d1de-921b-4daf-832d-d7d9c2e365c2/signature.png,150a6009-1dde-476e-b921-d03d0ffa9e56,2026-08-07 12:00:00,2026-08-07 11:54:00,tester_06,2026-08-07 12:00:08,https://www.commcarehq.org/a/commcare-learn-ahmad/reports/form_data/fa50d1de-921b-4daf-832d-d7d9c2e365c2/,tester_06,6.0
597,f899cf02-539c-4cda-af36-4ca96f9cc0f4,2026-08-05,Farmer Cooperative Centre,fertilizer rice_seed,,6.8,,96.8,,,https://www.commcarehq.org/a/commcare-learn-ahmad/api/form_attachment/v1/f899cf02-539c-4cda-af36-4ca96f9cc0f4/signature.png,6a0423f2-8396-4cb4-a409-6702de5bd4a2,2026-08-05 08:05:00,2026-08-05 08:03:00,tester_04,2026-08-05 08:05:18,https://www.commcarehq.org/a/commcare-learn-ahmad/reports/form_data/f899cf02-539c-4cda-af36-4ca96f9cc0f4/,tester_04,2.0
598,d17c72f4-60d6-4455-8150-ff31ce3b8273,2026-09-20,Extension Office,rice_seed fertilizer maize_seed,7.5,3.5,,38.8,,,https://www.commcarehq.org/a/commcare-learn-ahmad/api/form_attachment/v1/d17c72f4-60d6-4455-8150-ff31ce3b8273/signature.png,d779e085-df18-4a7a-997d-e4f54bf68028,2026-09-20 10:40:00,2026-09-20 10:36:00,tester_03,2026-09-20 10:40:15,https://www.commcarehq.org/a/commcare-learn-ahmad/reports/form_data/d17c72f4-60d6-4455-8150-ff31ce3b8273/,tester_03,4.0
599,329a635b-5ff5-4399-aafb-b59c35a5b2fc,2026-05-20,Extension Office,fertilizer,,,,86.7,,,https://www.commcarehq.org/a/commcare-learn-ahmad/api/form_attachment/v1/329a635b-5ff5-4399-aafb-b59c35a5b2fc/signature.png,68c7a68a-c1ff-41e4-a625-4d562749b423,2026-05-20 08:25:00,2026-05-20 08:21:00,tester_03,2026-05-20 08:25:20,https://www.commcarehq.org/a/commcare-learn-ahmad/reports/form_data/329a635b-5ff5-4399-aafb-b59c35a5b2fc/,tester_03,4.0
600,de85a7ab-fe75-4cad-b2ee-e2fbbd08f157,2026-10-18,Primary School,fertilizer,,,,91.2,,,https://www.commcarehq.org/a/commcare-learn-ahmad/api/form_attachment/v1/de85a7ab-fe75-4cad-b2ee-e2fbbd08f157/signature.png,6bf2ab9a-c917-4cac-8f04-a89a8d493119,2026-10-18 09:46:00,2026-10-18 09:38:00,tester_01,2026-10-18 09:46:08,https://www.commcarehq.org/a/commcare-learn-ahmad/reports/form_data/de85a7ab-fe75-4cad-b2ee-e2fbbd08f157/,tester_01,8.0
601,2edfbaf6-d4b9-412f-aa0b-fef51133993d,2026-05-19,Village Square,fertilizer goats,,,,30.1,2,,https://www.commcarehq.org/a/commcare-learn-ahmad/api/form_attachment/v1/2edfbaf6-d4b9-412f-aa0b-fef51133993d/signature.png,8b6876dd-27c8-433d-9829-3388af092078,2026-05-19 12:41:00,2026-05-19 12:34:00,tester_02,2026-05-19 12:41:16,https://www.commcarehq.org/a/commcare-learn-ahmad/reports/form_data/2edfbaf6-d4b9-412f-aa0b-fef51133993d/,tester_02,7.0
602,caf417cf-d9a1-4317-8bd8-7f1aafcb676c,2026-07-07,Village Square,groundnut_seed rice_seed fertilizer,,7.7,7.3,34.1,,,https://www.commcarehq.org/a/commcare-learn-ahmad/api/form_attachment/v1/caf417cf-d9a1-4317-8bd8-7f1aafcb676c/signature.png,9024a455-1565-47c9-9d2b-99faf6e15344,2026-07-07 15:04:00,2026-07-07 14:59:00,tester_07,2026-07-07 15:04:05,https://www.commcarehq.org/a/commcare-learn-ahmad/reports/form_data/caf417cf-d9a1-4317-8bd8-7f1aafcb676c/,tester_07,5.0
603,6cdc949b-0740-4e18-a9d3-0615399fbd4f,2026-05-04,Primary School,fertilizer rabbits maize_seed,4.3,,,66.5,,4,https://www.commcarehq.org/a/commcare-learn-ahmad/api/form_attachment/v1/6cdc949b-0740-4e18-a9d3-0615399fbd4f/signature.png,b47f3971-4b9c-4739-b043-3b5ce4c4c4a2,2026-05-04 08:33:00,2026-05-04 08:26:00,tester_03,2026-05-04 08:33:10,https://www.commcarehq.org/a/commcare-learn-ahmad/reports/form_data/6cdc949b-0740-4e18-a9d3-0615399fbd4f/,tester_03,7.0
604,9197a647-4de2-4c55-9ba3-1247d85cf647,2026-03-15,Farmer Cooperative Centre,fertilizer,,,,78.2,,,https://www.commcarehq.org/a/commcare-learn-ahmad/api/form_attachment/v1/9197a647-4de2-4c55-9ba3-1247d85cf647/signature.png,921ad48f-7c75-48e8-97eb-c80a93d21c02,2026-03-15 10:24:00,2026-03-15 10:20:00,tester_05,2026-03-15 10:24:11,https://www.commcarehq.org/a/commcare-learn-ahmad/reports/form_data/9197a647-4de2-4c55-9ba3-1247d85cf647/,tester_05,4.0
605,f7c04874-84d7-480a-ba0f-a8cab41945c5,2026-04-12,Farmer Cooperative Centre,fertilizer maize_seed,7.0,,,67.0,,,https://www.commcarehq.org/a/commcare-learn-ahmad/api/form_attachment/v1/f7c04874-84d7-480a-ba0f-a8cab41945c5/signature.png,3711352d-c843-4232-99e0-af37b09db337,2026-04-12 09:24:00,2026-04-12 09:18:00,tester_03,2026-04-12 09:24:12,https://www.commcarehq.org/a/commcare-learn-ahmad/reports/form_data/f7c04874-84d7-480a-ba0f-a8cab41945c5/,tester_03,6.0
606,75d1d148-8960-464f-a20a-aa9fde0f965a,2026-06-19,Primary School,rice_seed goats fertilizer maize_seed,4.4,3.3,,50.4,2,,https://www.commcarehq.org/a/commcare-learn-ahmad/api/form_attachment/v1/75d1d148-8960-464f-a20a-aa9fde0f965a/signature.png,c1d339a8-00cd-469f-84c7-52ebd3119e13,2026-06-19 12:49:00,2026-06-19 12:46:00,tester_01,2026-06-19 12:49:15,https://www.commcarehq.org/a/commcare-learn-ahmad/reports/form_data/75d1d148-8960-464f-a20a-aa9fde0f965a/,tester_01,3.0
607,fc87446b-579f-4d45-a71d-ac3a1c077af1,2026-04-16,Farmer Cooperative Centre,groundnut_seed,,,2.3,,,,https://www.commcarehq.org/a/commcare-learn-ahmad/api/form_attachment/v1/fc87446b-579f-4d45-a71d-ac3a1c077af1/signature.png,1a242d3b-6c2c-444e-9e31-acc134726daa,2026-04-16 10:59:00,2026-04-16 10:52:00,tester_04,2026-04-16 10:59:15,https://www.commcarehq.org/a/commcare-learn-ahmad/reports/form_data/fc87446b-579f-4d45-a71d-ac3a1c077af1/,tester_04,7.0
608,8c21ebae-30b1-47d5-9b20-6e6218e097be,2026-05-14,Village Square,fertilizer groundnut_seed rabbits,,,6.5,45.2,,5,https://www.commcarehq.org/a/commcare-learn-ahmad/api/form_attachment/v1/8c21ebae-30b1-47d5-9b20-6e6218e097be/signature.png,f5aa4890-15ce-420b-ba7f-f67feaf478d5,2026-05-14 15:45:00,2026-05-14 15:37:00,tester_05,2026-05-14 15:45:08,https://www.commcarehq.org/a/commcare-learn-ahmad/reports/form_data/8c21ebae-30b1-47d5-9b20-6e6218e097be/,tester_05,8.0
609,53d5e3d2-c4a3-45b9-98d5-32ce2a198c28,2026-04-29,Primary School,fertilizer maize_seed,4.9,,,41.7,,,https://www.commcarehq.org/a/commcare-learn-ahmad/api/form_attachment/v1/53d5e3d2-c4a3-45b9-98d5-32ce2a198c28/signature.png,61a8b858-b526-4f79-b055-e401beb5c3af,2026-04-29 10:26:00,2026-04-29 10:22:00,tester_04,2026-04-29 10:26:13,https://www.commcarehq.org/a/commcare-learn-ahmad/reports/form_data/53d5e3d2-c4a3-45b9-98d5-32ce2a198c28/,tester_04,4.0
610,49bb5592-4af0-4e1a-9774-e4248bf0cbb5,2026-06-07,Extension Office,goats fertilizer groundnut_seed,,,7.6,33.7,3,,https://www.commcarehq.org/a/commcare-learn-ahmad/api/form_attachment/v1/49bb5592-4af0-4e1a-9774-e4248bf0cbb5/signature.png,51accdba-d66d-4945-8810-8ec09d9440af,2026-06-07 13:00:00,2026-06-07 12:58:00,tester_03,2026-06-07 13:00:20,https://www.commcarehq.org/a/commcare-learn-ahmad/reports/form_data/49bb5592-4af0-4e1a-9774-e4248bf0cbb5/,tester_03,2.0
611,6898d675-dc5b-4319-88a7-2c27d104c740,2026-09-21,Farmer Cooperative Centre,groundnut_seed goats,,,5.5,,2,,https://www.commcarehq.org/a/commcare-learn-ahmad/api/form_attachment/v1/6898d675-dc5b-4319-88a7-2c27d104c740/signature.png,7ede8776-8991-4abc-87cf-10fd4a4138b1,2026-09-21 09:27:00,2026-09-21 09:22:00,tester_02,2026-09-21 09:27:11,https://www.commcarehq.org/a/commcare-learn-ahmad/reports/form_data/6898d675-dc5b-4319-88a7-2c27d104c740/,tester_02,5.0
612,c1cbd50b-fb7c-433c-93aa-3104fab48153,2026-08-04,Extension Office,rice_seed fertilizer,,2.6,,39.4,,,https://www.commcarehq.org/a/commcare-learn-ahmad/api/form_attachment/v1/c1cbd50b-fb7c-433c-93aa-3104fab48153/signature.png,2e9b0e4d-f1bf-4c3e-be69-75275cdd24cd,2026-08-04 09:37:00,2026-08-04 09:33:00,tester_03,2026-08-04 09:37:06,https://www.commcarehq.org/a/commcare-learn-ahmad/reports/form_data/c1cbd50b-fb7c-433c-93aa-3104fab48153/,tester_03,4.0
613,2a87b96b-15c0-44fd-9c5b-ba87086bafc9,2026-05-10,Farmer Cooperative Centre,rabbits groundnut_seed fertilizer,,,7.4,75.7,,3,https://www.commcarehq.org/a/commcare-learn-ahmad/api/form_attachment/v1/2a87b96b-15c0-44fd-9c5b-ba87086bafc9/signature.png,b777acbd-bb85-4995-8358-6c481e9aaccb,2026-05-10 08:48:00,2026-05-10 08:42:00,tester_01,2026-05-10 08:48:09,https://www.commcarehq.org/a/commcare-learn-ahmad/reports/form_data/2a87b96b-15c0-44fd-9c5b-ba87086bafc9/,tester_01,6.0
614,754f577c-9ccf-4496-a9b6-dab043d43f0d,2026-10-22,Village Square,fertilizer groundnut_seed,,,7.7,74.4,,,https://www.commcarehq.org/a/commcare-learn-ahmad/api/form_attachment/v1/754f577c-9ccf-4496-a9b6-dab043d43f0d/signature.png,1312e198-1f84-4552-816c-aef4a509c3e3,2026-10-22 10:44:00,2026-10-22 10:41:00,tester_01,2026-10-22 10:44:11,https://www.commcarehq.org/a/commcare-learn-ahmad/reports/form_data/754f577c-9ccf-4496-a9b6-dab043d43f0d/,tester_01,3.0
615,c2b5600f-5d36-42ea-af49-73c5b6ec4acc,2026-04-01,Community Hall,goats rice_seed groundnut_seed maize_seed,2.1,8.1,8.0,,3,,https://www.commcarehq.org/a/commcare-learn-ahmad/api/form_attachment/v1/c2b5600f-5d36-42ea-af49-73c5b6ec4acc/signature.png,769116ea-7dcf-4e6f-ac7c-8a7a147e5223,2026-04-01 10:46:00,2026-04-01 10:41:00,tester_02,2026-04-01 10:46:19,https://www.commcarehq.org/a/commcare-learn-ahmad/reports/form_data/c2b5600f-5d36-42ea-af49-73c5b6ec4acc/,tester_02,5.0
616,f5800ae8-1201-4f82-9509-cd1847f1f324,2026-08-09,Farmer Cooperative Centre,maize_seed,6.0,,,,,,https://www.commcarehq.org/a/commcare-learn-ahmad/api/form_attachment/v1/f5800ae8-1201-4f82-9509-cd1847f1f324/signature.png,36e02ce7-6de1-4496-8e1a-3d017449b47b,2026-08-09 10:12:00,2026-08-09 10:04:00,tester_02,2026-08-09 10:12:15,https://www.commcarehq.org/a/commcare-learn-ahmad/reports/form_data/f5800ae8-1201-4f82-9509-cd1847f1f324/,tester_02,8.0
617,4059f949-e3be-4cca-af73-9de943160a17,2026-07-19,Farmer Cooperative Centre,maize_seed fertilizer rice_seed,9.8,8.8,,34.6,,,https://www.commcarehq.org/a/commcare-learn-ahmad/api/form_attachment/v1/4059f949-e3be-4cca-af73-9de943160a17/signature.png,ef78078e-4d0d-4a34-987c-9c999141430d,2026-07-19 08:29:00,2026-07-19 08:26:00,tester_06,2026-07-19 08:29:17,https://www.commcarehq.org/a/commcare-learn-ahmad/reports/form_data/4059f949-e3be-4cca-af73-9de943160a17/,tester_06,3.0
618,65275e8a-0d1f-4a57-b2d6-65a38374f70a,2026-09-05,Extension Office,groundnut_seed goats fertilizer,,,3.1,31.3,3,,https://www.commcarehq.org/a/commcare-learn-ahmad/api/form_attachment/v1/65275e8a-0d1f-4a57-b2d6-65a38374f70a/signature.png,f2fdd748-62ae-4a86-9c11-e91d9df9de3f,2026-09-05 14:13:00,2026-09-05 14:05:00,tester_01,2026-09-05 14:13:05,https://www.commcarehq.org/a/commcare-learn-ahmad/reports/form_data/65275e8a-0d1f-4a57-b2d6-65a38374f70a/,tester_01,8.0
619,68d16e0e-3d8a-4e84-aeec-ee97ada9c9d8,2026-08-21,Community Hall,rice_seed groundnut_seed fertilizer,,7.9,6.2,40.7,,,https://www.commcarehq.org/a/commcare-learn-ahmad/api/form_attachment/v1/68d16e0e-3d8a-4e84-aeec-ee97ada9c9d8/signature.png,e8971347-fb32-4d3e-bd00-f23344d742f3,2026-08-21 10:38:00,2026-08-21 10:32:00,tester_03,2026-08-21 10:38:05,https://www.commcarehq.org/a/commcare-learn-ahmad/reports/form_data/68d16e0e-3d8a-4e84-aeec-ee97ada9c9d8/,tester_03,6.0
620,445d2188-4f3a-4e08-a474-53132752d714,2026-07-03,Extension Office,rice_seed groundnut_seed fertilizer,,4.0,7.3,49.6,,,https://www.commcarehq.org/a/commcare-learn-ahmad/api/form_attachment/v1/445d2188-4f3a-4e08-a474-53132752d714/signature.png,0aa78ad7-936a-4803-b595-9e0d7192cdef,2026-07-03 13:54:00,2026-07-03 13:47:00,tester_03,2026-07-03 13:54:19,https://www.commcarehq.org/a/commcare-learn-ahmad/reports/form_data/445d2188-4f3a-4e08-a474-53132752d714/,tester_03,7.0
621,cf181478-25c8-4779-b605-a658b152524e,2026-03-26,Community Hall,groundnut_seed,,,3.5,,,,https://www.commcarehq.org/a/commcare-learn-ahmad/api/form_attachment/v1/cf181478-25c8-4779-b605-a658b152524e/signature.png,f169cf29-5b62-4c00-b57a-5823f2a03d54,2026-03-26 14:17:00,2026-03-26 14:13:00,tester_01,2026-03-26 14:17:14,https://www.commcarehq.org/a/commcare-learn-ahmad/reports/form_data/cf181478-25c8-4779-b605-a658b152524e/,tester_01,4.0
622,88be19a8-4b59-446b-bc76-d3e8da6e8102,2026-05-04,Farmer Cooperative Centre,rabbits,,,,,,3,https://www.commcarehq.org/a/commcare-learn-ahmad/api/form_attachment/v1/88be19a8-4b59-446b-bc76-d3e8da6e8102/signature.png,6e53720d-b5a5-42b3-97e1-d9f3996c1e73,2026-05-04 14:36:00,2026-05-04 14:33:00,tester_06,2026-05-04 14:36:13,https://www.commcarehq.org/a/commcare-learn-ahmad/reports/form_data/88be19a8-4b59-446b-bc76-d3e8da6e8102/,tester_06,3.0
623,c3813231-76a4-4458-aa81-e56d119c9153,2026-08-04,Farmer Cooperative Centre,maize_seed fertilizer groundnut_seed,2.3,,6.9,79.4,,,https://www.commcarehq.org/a/commcare-learn-ahmad/api/form_attachment/v1/c3813231-76a4-4458-aa81-e56d119c9153/signature.png,8d97d168-3a62-4792-8a52-8b28b3b059ec,2026-08-04 15:26:00,2026-08-04 15:18:00,tester_03,2026-08-04 15:26:18,https://www.commcarehq.org/a/commcare-learn-ahmad/reports/form_data/c3813231-76a4-4458-aa81-e56d119c9153/,tester_03,8.0
624,4650c8e5-d884-4a2b-8057-b44ba8533d08,2026-04-21,Farmer Cooperative Centre,fertilizer,,,,62.6,,,https://www.commcarehq.org/a/commcare-learn-ahmad/api/form_attachment/v1/4650c8e5-d884-4a2b-8057-b44ba8533d08/signature.png,04091d4a-f298-4708-998d-0c4eb2d51e98,2026-04-21 13:06:00,2026-04-21 13:03:00,tester_02,2026-04-21 13:06:12,https://www.commcarehq.org/a/commcare-learn-ahmad/reports/form_data/4650c8e5-d884-4a2b-8057-b44ba8533d08/,tester_02,3.0
625,2fc9a519-66ee-4e14-9bf3-a06ccdf475ca,2026-07-29,Village Square,rice_seed maize_seed groundnut_seed fertilizer,2.5,6.4,5.7,87.1,,,https://www.commcarehq.org/a/commcare-learn-ahmad/api/form_attachment/v1/2fc9a519-66ee-4e14-9bf3-a06ccdf475ca/signature.png,c82e344b-438d-429e-8608-bb821d20cdcb,2026-07-29 15:50:00,2026-07-29 15:42:00,tester_06,2026-07-29 15:50:07,https://www.commcarehq.org/a/commcare-learn-ahmad/reports/form_data/2fc9a519-66ee-4e14-9bf3-a06ccdf475ca/,tester_06,8.0
626,929dbddd-9096-4095-9f4a-56ffaaa4d0d3,2026-07-31,Farmer Cooperative Centre,maize_seed fertilizer,9.6,,,61.5,,,https://www.commcarehq.org/a/commcare-learn-ahmad/api/form_attachment/v1/929dbddd-9096-4095-9f4a-56ffaaa4d0d3/signature.png,9e4e6883-c617-4634-bb1f-e662050e185b,2026-07-31 15:03:00,2026-07-31 14:57:00,tester_02,2026-07-31 15:03:11,https://www.commcarehq.org/a/commcare-learn-ahmad/reports/form_data/929dbddd-9096-4095-9f4a-56ffaaa4d0d3/,tester_02,6.0
627,f08dc487-ed37-4fc2-bbe6-6263a53ae64f,2026-09-07,Farmer Cooperative Centre,fertilizer groundnut_seed,,,5.3,77.4,,,https://www.commcarehq.org/a/commcare-learn-ahmad/api/form_attachment/v1/f08dc487-ed37-4fc2-bbe6-6263a53ae64f/signature.png,916ba989-1cf1-4782-b1bd-6a51b9f3c709,2026-09-07 08:15:00,2026-09-07 08:12:00,tester_04,2026-09-07 08:15:13,https://www.commcarehq.org/a/commcare-learn-ahmad/reports/form_data/f08dc487-ed37-4fc2-bbe6-6263a53ae64f/,tester_04,3.0
628,7cded403-dc3e-475e-b870-bec7a9898525,2026-05-23,Farmer Cooperative Centre,fertilizer groundnut_seed,,,4.8,60.3,,,https://www.commcarehq.org/a/commcare-learn-ahmad/api/form_attachment/v1/7cded403-dc3e-475e-b870-bec7a9898525/signature.png,97bfb4d8-d623-4ba4-ac34-b4d661ff95fc,2026-05-23 09:51:00,2026-05-23 09:46:00,tester_04,2026-05-23 09:51:20,https://www.commcarehq.org/a/commcare-learn-ahmad/reports/form_data/7cded403-dc3e-475e-b870-bec7a9898525/,tester_04,5.0
629,a4037212-02da-4dfb-bf79-9877762f5268,2026-09-25,Community Hall,groundnut_seed fertilizer,,,4.8,46.4,,,https://www.commcarehq.org/a/commcare-learn-ahmad/api/form_attachment/v1/a4037212-02da-4dfb-bf79-9877762f5268/signature.png,a345bf38-7f94-407a-888f-3fc8d8d02c69,2026-09-25 11:41:00,2026-09-25 11:33:00,tester_05,2026-09-25 11:41:09,https://www.commcarehq.org/a/commcare-learn-ahmad/reports/form_data/a4037212-02da-4dfb-bf79-9877762f5268/,tester_05,8.0
630,386e41b0-1805-4710-b398-356ef94efff5,2026-05-28,Farmer Cooperative Centre,rice_seed fertilizer groundnut_seed maize_seed,7.2,7.6,2.2,29.6,,,https://www.commcarehq.org/a/commcare-learn-ahmad/api/form_attachment/v1/386e41b0-1805-4710-b398-356ef94efff5/signature.png,6557e504-79cc-4ea7-8c73-897d964d99ea,2026-05-28 10:15:00,2026-05-28 10:11:00,tester_07,2026-05-28 10:15:16,https://www.commcarehq.org/a/commcare-learn-ahmad/reports/form_data/386e41b0-1805-4710-b398-356ef94efff5/,tester_07,4.0
631,cb6f3f70-16f3-4eb3-a679-0f1bc07a76fd,2026-06-29,Primary School,maize_seed fertilizer goats groundnut_seed,3.9,,6.6,36.3,2,,https://www.commcarehq.org/a/commcare-learn-ahmad/api/form_attachment/v1/cb6f3f70-16f3-4eb3-a679-0f1bc07a76fd/signature.png,4bdbae31-c606-4bbb-83ab-aa9615c40824,2026-06-29 15:18:00,2026-06-29 15:15:00,tester_03,2026-06-29 15:18:14,https://www.commcarehq.org/a/commcare-learn-ahmad/reports/form_data/cb6f3f70-16f3-4eb3-a679-0f1bc07a76fd/,tester_03,3.0
632,b426998f-9077-4381-973e-246f582bc9cd,2026-02-25,Extension Office,fertilizer rice_seed,,5.7,,84.8,,,https://www.commcarehq.org/a/commcare-learn-ahmad/api/form_attachment/v1/b426998f-9077-4381-973e-246f582bc9cd/signature.png,5a4c18db-2bbf-4772-bd5a-66b1ba645bc0,2026-02-25 12:08:00,2026-02-25 12:04:00,tester_05,2026-02-25 12:08:15,https://www.commcarehq.org/a/commcare-learn-ahmad/reports/form_data/b426998f-9077-4381-973e-246f582bc9cd/,tester_05,4.0
633,888c55ac-1ad0-4423-a16f-ac79958eaa9f,2026-07-08,Extension Office,groundnut_seed rabbits fertilizer,,,2.5,37.6,,1,https://www.commcarehq.org/a/commcare-learn-ahmad/api/form_attachment/v1/888c55ac-1ad0-4423-a16f-ac79958eaa9f/signature.png,6a79f8b0-98fd-477a-b914-633dd4669b19,2026-07-08 09:58:00,2026-07-08 09:55:00,tester_06,2026-07-08 09:58:16,https://www.commcarehq.org/a/commcare-learn-ahmad/reports/form_data/888c55ac-1ad0-4423-a16f-ac79958eaa9f/,tester_06,3.0
634,3cf416f4-4919-4fa0-b765-915ccd8949d1,2026-04-23,Extension Office,groundnut_seed maize_seed fertilizer,3.8,,5.5,39.7,,,https://www.commcarehq.org/a/commcare-learn-ahmad/api/form_attachment/v1/3cf416f4-4919-4fa0-b765-915ccd8949d1/signature.png,5ca37087-5a25-4023-b42f-f108463e10e4,2026-04-23 15:41:00,2026-04-23 15:39:00,tester_06,2026-04-23 15:41:19,https://www.commcarehq.org/a/commcare-learn-ahmad/reports/form_data/3cf416f4-4919-4fa0-b765-915ccd8949d1/,tester_06,2.0
635,a372bb46-2508-49bd-8e12-392e0c3a3dc7,2026-02-28,Village Square,goats fertilizer maize_seed,5.4,,,91.4,3,,https://www.commcarehq.org/a/commcare-learn-ahmad/api/form_attachment/v1/a372bb46-2508-49bd-8e12-392e0c3a3dc7/signature.png,a76d7469-2672-486a-833f-66b986669e1f,2026-02-28 13:13:00,2026-02-28 13:11:00,tester_04,2026-02-28 13:13:16,https://www.commcarehq.org/a/commcare-learn-ahmad/reports/form_data/a372bb46-2508-49bd-8e12-392e0c3a3dc7/,tester_04,2.0
636,a9281a51-a297-43c5-a832-d9ff4e1714be,2026-06-05,Primary School,fertilizer groundnut_seed,,,6.3,86.9,,,https://www.commcarehq.org/a/commcare-learn-ahmad/api/form_attachment/v1/a9281a51-a297-43c5-a832-d9ff4e1714be/signature.png,d5ff0236-afe1-47a4-81b7-137ff199919a,2026-06-05 12:57:00,2026-06-05 12:49:00,tester_07,2026-06-05 12:57:11,https://www.commcarehq.org/a/commcare-learn-ahmad/reports/form_data/a9281a51-a297-43c5-a832-d9ff4e1714be/,tester_07,8.0
637,ceb07775-648c-480e-b7a5-aae770dfbb57,2026-08-27,Farmer Cooperative Centre,maize_seed,4.3,,,,,,https://www.commcarehq.org/a/commcare-learn-ahmad/api/form_attachment/v1/ceb07775-648c-480e-b7a5-aae770dfbb57/signature.png,fd3d0210-d30d-4fa3-8130-c8e85bc891a3,2026-08-27 11:04:00,2026-08-27 10:57:00,tester_07,2026-08-27 11:04:10,https://www.commcarehq.org/a/commcare-learn-ahmad/reports/form_data/ceb07775-648c-480e-b7a5-aae770dfbb57/,tester_07,7.0
638,11391584-52c7-4764-bc49-4038f8575f34,2026-05-28,Village Square,rice_seed fertilizer,,3.9,,92.1,,,https://www.commcarehq.org/a/commcare-learn-ahmad/api/form_attachment/v1/11391584-52c7-4764-bc49-4038f8575f34/signature.png,fa547fe5-7db5-4e2d-974e-f5c224b96af4,2026-05-28 11:19:00,2026-05-28 11:11:00,tester_05,2026-05-28 11:19:18,https://www.commcarehq.org/a/commcare-learn-ahmad/reports/form_data/11391584-52c7-4764-bc49-4038f8575f34/,tester_05,8.0
639,f1fb986c-dad8-47d2-8981-890302fa8a6e,2026-07-30,Farmer Cooperative Centre,fertilizer,,,,47.3,,,https://www.commcarehq.org/a/commcare-learn-ahmad/api/form_attachment/v1/f1fb986c-dad8-47d2-8981-890302fa8a6e/signature.png,e0cbd91d-112b-4c39-895c-0f74d5badf94,2026-07-30 08:25:00,2026-07-30 08:17:00,tester_01,2026-07-30 08:25:08,https://www.commcarehq.org/a/commcare-learn-ahmad/reports/form_data/f1fb986c-dad8-47d2-8981-890302fa8a6e/,tester_01,8.0
640,8526183c-f3a5-4ee5-a291-f421cd118d7d,2026-08-23,Extension Office,goats groundnut_seed rice_seed rabbits,,4.9,7.1,,3,5,https://www.commcarehq.org/a/commcare-learn-ahmad/api/form_attachment/v1/8526183c-f3a5-4ee5-a291-f421cd118d7d/signature.png,95eecf74-a0c3-4b8a-9946-f32cc9d0fe5e,2026-08-23 14:32:00,2026-08-23 14:27:00,tester_03,2026-08-23 14:32:06,https://www.commcarehq.org/a/commcare-learn-ahmad/reports/form_data/8526183c-f3a5-4ee5-a291-f421cd118d7d/,tester_03,5.0
641,94bf8a3c-2e8f-42e3-b528-a2f8b5a75ad7,2026-04-08,Primary School,rice_seed,,8.7,,,,,https://www.commcarehq.org/a/commcare-learn-ahmad/api/form_attachment/v1/94bf8a3c-2e8f-42e3-b528-a2f8b5a75ad7/signature.png,b4b1e71d-85ba-4b29-9867-ab5f69318919,2026-04-08 08:43:00,2026-04-08 08:41:00,tester_01,2026-04-08 08:43:14,https://www.commcarehq.org/a/commcare-learn-ahmad/reports/form_data/94bf8a3c-2e8f-42e3-b528-a2f8b5a75ad7/,tester_01,2.0
642,bc5efdd8-e8d0-451b-9d8d-047bbae0de11,2026-04-25,Farmer Cooperative Centre,groundnut_seed rice_seed fertilizer,,4.9,4.1,32.7,,,https://www.commcarehq.org/a/commcare-learn-ahmad/api/form_attachment/v1/bc5efdd8-e8d0-451b-9d8d-047bbae0de11/signature.png,2f0ce315-8193-4a3c-83d4-1cf4e1eb763f,2026-04-25 12:55:00,2026-04-25 12:52:00,tester_03,2026-04-25 12:55:13,https://www.commcarehq.org/a/commcare-learn-ahmad/reports/form_data/bc5efdd8-e8d0-451b-9d8d-047bbae0de11/,tester_03,3.0
643,c355af4c-1415-442b-8506-04b9f74182a2,2026-07-27,Farmer Cooperative Centre,fertilizer maize_seed,8.1,,,97.1,,,https://www.commcarehq.org/a/commcare-learn-ahmad/api/form_attachment/v1/c355af4c-1415-442b-8506-04b9f74182a2/signature.png,7efbba04-a59b-4cb7-a2b6-5ecc3cc753e2,2026-07-27 11:22:00,2026-07-27 11:16:00,tester_04,2026-07-27 11:22:19,https://www.commcarehq.org/a/commcare-learn-ahmad/reports/form_data/c355af4c-1415-442b-8506-04b9f74182a2/,tester_04,6.0
644,4878d7e3-de22-451d-af0f-e87a67ca3914,2026-04-19,Primary School,rabbits maize_seed groundnut_seed,7.1,,7.6,,,4,https://www.commcarehq.org/a/commcare-learn-ahmad/api/form_attachment/v1/4878d7e3-de22-451d-af0f-e87a67ca3914/signature.png,78f011ea-1499-4d50-b37f-2f565d494685,2026-04-19 13:37:00,2026-04-19 13:32:00,tester_02,2026-04-19 13:37:11,https://www.commcarehq.org/a/commcare-learn-ahmad/reports/form_data/4878d7e3-de22-451d-af0f-e87a67ca3914/,tester_02,5.0
645,a0ca9c39-392e-4e6c-a17e-1545fc207d09,2026-04-02,Extension Office,groundnut_seed,,,6.7,,,,https://www.commcarehq.org/a/commcare-learn-ahmad/api/form_attachment/v1/a0ca9c39-392e-4e6c-a17e-1545fc207d09/signature.png,97d3d6fd-9075-4eae-b295-fccecbe874f0,2026-04-02 13:20:00,2026-04-02 13:12:00,tester_04,2026-04-02 13:20:06,https://www.commcarehq.org/a/commcare-learn-ahmad/reports/form_data/a0ca9c39-392e-4e6c-a17e-1545fc207d09/,tester_04,8.0
646,ec09551a-06af-4b72-ad1e-f4a9b8d616a9,2026-01-29,Village Square,goats fertilizer,,,,50.9,2,,https://www.commcarehq.org/a/commcare-learn-ahmad/api/form_attachment/v1/ec09551a-06af-4b72-ad1e-f4a9b8d616a9/signature.png,95b75942-3039-4a7a-8a49-dd4ac2e9d677,2026-01-29 10:18:00,2026-01-29 10:15:00,tester_02,2026-01-29 10:18:19,https://www.commcarehq.org/a/commcare-learn-ahmad/reports/form_data/ec09551a-06af-4b72-ad1e-f4a9b8d616a9/,tester_02,3.0
647,5ca5403d-d2e7-4df6-ac1c-a56c00a03c0d,2026-04-27,Primary School,rice_seed maize_seed fertilizer,8.9,4.9,,43.5,,,https://www.commcarehq.org/a/commcare-learn-ahmad/api/form_attachment/v1/5ca5403d-d2e7-4df6-ac1c-a56c00a03c0d/signature.png,64227111-51e9-4b1e-8bc7-8287ac98efac,2026-04-27 08:45:00,2026-04-27 08:43:00,tester_03,2026-04-27 08:45:13,https://www.commcarehq.org/a/commcare-learn-ahmad/reports/form_data/5ca5403d-d2e7-4df6-ac1c-a56c00a03c0d/,tester_03,2.0
648,2ad68781-640f-4bb6-b329-4fbccefd238d,2026-04-14,Extension Office,rabbits,,,,,,1,https://www.commcarehq.org/a/commcare-learn-ahmad/api/form_attachment/v1/2ad68781-640f-4bb6-b329-4fbccefd238d/signature.png,de9f894a-7573-4f2b-9e56-b85b8936fdfc,2026-04-14 12:23:00,2026-04-14 12:16:00,tester_03,2026-04-14 12:23:14,https://www.commcarehq.org/a/commcare-learn-ahmad/reports/form_data/2ad68781-640f-4bb6-b329-4fbccefd238d/,tester_03,7.0
649,f7e91c9d-8e71-4de4-b56b-65502a2dfa2a,2026-08-29,Extension Office,maize_seed rabbits groundnut_seed,3.3,,7.1,,,4,https://www.commcarehq.org/a/commcare-learn-ahmad/api/form_attachment/v1/f7e91c9d-8e71-4de4-b56b-65502a2dfa2a/signature.png,78968063-a72f-4e3b-bfe1-cb89002ce970,2026-08-29 10:08:00,2026-08-29 10:02:00,tester_05,2026-08-29 10:08:09,https://www.commcarehq.org/a/commcare-learn-ahmad/reports/form_data/f7e91c9d-8e71-4de4-b56b-65502a2dfa2a/,tester_05,6.0
650,6226f054-602c-41d1-9f01-87c5aacf9cc7,2026-09-29,Village Square,fertilizer maize_seed groundnut_seed rabbits,2.1,,7.3,58.4,,4,https://www.commcarehq.org/a/commcare-learn-ahmad/api/form_attachment/v1/6226f054-602c-41d1-9f01-87c5aacf9cc7/signature.png,351f2323-cc41-4f6b-818d-3983350949d7,2026-09-29 08:08:00,2026-09-29 08:01:00,tester_05,2026-09-29 08:08:06,https://www.commcarehq.org/a/commcare-learn-ahmad/reports/form_data/6226f054-602c-41d1-9f01-87c5aacf9cc7/,tester_05,7.0
651,eb437824-8a4d-4a72-8442-549545221ab5,2026-07-17,Community Hall,fertilizer,,,,83.6,,,https://www.commcarehq.org/a/commcare-learn-ahmad/api/form_attachment/v1/eb437824-8a4d-4a72-8442-549545221ab5/signature.png,d780d4d2-b25e-4b34-9df9-424815286330,2026-07-17 15:39:00,2026-07-17 15:34:00,tester_02,2026-07-17 15:39:12,https://www.commcarehq.org/a/commcare-learn-ahmad/reports/form_data/eb437824-8a4d-4a72-8442-549545221ab5/,tester_02,5.0
652,702a9531-f981-4c84-8336-2169c90b668b,2026-09-05,Farmer Cooperative Centre,fertilizer groundnut_seed,,,7.0,68.7,,,https://www.commcarehq.org/a/commcare-learn-ahmad/api/form_attachment/v1/702a9531-f981-4c84-8336-2169c90b668b/signature.png,cc763b3d-f1ba-462b-b34d-2854a15ba2fa,2026-09-05 10:52:00,2026-09-05 10:49:00,tester_01,2026-09-05 10:52:18,https://www.commcarehq.org/a/commcare-learn-ahmad/reports/form_data/702a9531-f981-4c84-8336-2169c90b668b/,tester_01,3.0
653,bdb3a6af-f09a-4dbf-9870-41d16b10a547,2026-03-15,Extension Office,maize_seed,3.6,,,,,,https://www.commcarehq.org/a/commcare-learn-ahmad/api/form_attachment/v1/bdb3a6af-f09a-4dbf-9870-41d16b10a547/signature.png,d0b9456f-8e86-4211-85be-b937e5887b18,2026-03-15 15:23:00,2026-03-15 15:20:00,tester_01,2026-03-15 15:23:05,https://www.commcarehq.org/a/commcare-learn-ahmad/reports/form_data/bdb3a6af-f09a-4dbf-9870-41d16b10a547/,tester_01,3.0
654,c7d0c0b7-79c7-49fa-964d-616b173b5f34,2026-08-22,Farmer Cooperative Centre,rabbits maize_seed fertilizer,5.1,,,78.6,,1,https://www.commcarehq.org/a/commcare-learn-ahmad/api/form_attachment/v1/c7d0c0b7-79c7-49fa-964d-616b173b5f34/signature.png,a832a95c-6e0e-44c8-8791-fcb7ca70d57f,2026-08-22 08:27:00,2026-08-22 08:23:00,tester_02,2026-08-22 08:27:06,https://www.commcarehq.org/a/commcare-learn-ahmad/reports/form_data/c7d0c0b7-79c7-49fa-964d-616b173b5f34/,tester_02,4.0
655,872bcd69-9443-49b0-a9bf-fb9523067160,2026-02-15,Farmer Cooperative Centre,maize_seed rabbits,7.2,,,,,2,https://www.commcarehq.org/a/commcare-learn-ahmad/api/form_attachment/v1/872bcd69-9443-49b0-a9bf-fb9523067160/signature.png,c47a164c-58b8-4b3e-9998-f3ccde59fcb0,2026-02-15 16:05:00,2026-02-15 15:57:00,tester_06,2026-02-15 16:05:13,https://www.commcarehq.org/a/commcare-learn-ahmad/reports/form_data/872bcd69-9443-49b0-a9bf-fb9523067160/,tester_06,8.0
656,45a742cc-5829-4993-8880-c54e09323280,2026-08-26,Farmer Cooperative Centre,goats fertilizer rice_seed,,5.0,,39.9,2,,https://www.commcarehq.org/a/commcare-learn-ahmad/api/form_attachment/v1/45a742cc-5829-4993-8880-c54e09323280/signature.png,ed123977-aaa3-41a1-a42e-47ed2abd423b,2026-08-26 11:42:00,2026-08-26 11:40:00,tester_03,2026-08-26 11:42:06,https://www.commcarehq.org/a/commcare-learn-ahmad/reports/form_data/45a742cc-5829-4993-8880-c54e09323280/,tester_03,2.0
657,1d331caf-9ebf-45ed-b6fb-062d7549329e,2026-07-14,Community Hall,groundnut_seed,,,3.0,,,,https://www.commcarehq.org/a/commcare-learn-ahmad/api/form_attachment/v1/1d331caf-9ebf-45ed-b6fb-062d7549329e/signature.png,eb37d6d3-e612-4682-a098-ce1c30dc3c77,2026-07-14 11:28:00,2026-07-14 11:24:00,tester_05,2026-07-14 11:28:19,https://www.commcarehq.org/a/commcare-learn-ahmad/reports/form_data/1d331caf-9ebf-45ed-b6fb-062d7549329e/,tester_05,4.0
658,675fdd87-fbb4-4bff-93b7-e325583ddaee,2026-07-28,Village Square,goats fertilizer rice_seed,,2.4,,85.1,3,,https://www.commcarehq.org/a/commcare-learn-ahmad/api/form_attachment/v1/675fdd87-fbb4-4bff-93b7-e325583ddaee/signature.png,9758b372-dc8f-4683-a3e9-3dd2218b1d9f,2026-07-28 14:13:00,2026-07-28 14:09:00,tester_07,2026-07-28 14:13:14,https://www.commcarehq.org/a/commcare-learn-ahmad/reports/form_data/675fdd87-fbb4-4bff-93b7-e325583ddaee/,tester_07,4.0
659,d308fae6-39e0-417b-ae30-ebb5e0708af2,2026-08-27,Village Square,maize_seed rabbits goats fertilizer,7.9,,,86.0,3,5,https://www.commcarehq.org/a/commcare-learn-ahmad/api/form_attachment/v1/d308fae6-39e0-417b-ae30-ebb5e0708af2/signature.png,d4d700d0-df87-4704-a92d-52dd26989f9d,2026-08-27 13:30:00,2026-08-27 13:24:00,tester_03,2026-08-27 13:30:14,https://www.commcarehq.org/a/commcare-learn-ahmad/reports/form_data/d308fae6-39e0-417b-ae30-ebb5e0708af2/,tester_03,6.0
660,fb29315a-d700-4d68-bb70-08d2897434f1,2026-03-15,Primary School,goats rice_seed maize_seed groundnut_seed,2.7,9.5,2.9,,2,,https://www.commcarehq.org/a/commcare-learn-ahmad/api/form_attachment/v1/fb29315a-d700-4d68-bb70-08d2897434f1/signature.png,5effb490-c53d-4d7c-8643-0e36dd354cb3,2026-03-15 14:17:00,2026-03-15 14:12:00,tester_01,2026-03-15 14:17:08,https://www.commcarehq.org/a/commcare-learn-ahmad/reports/form_data/fb29315a-d700-4d68-bb70-08d2897434f1/,tester_01,5.0
661,16c1165a-baba-4af3-aa47-526fd7a51aec,2026-04-07,Primary School,rice_seed,,7.9,,,,,https://www.commcarehq.org/a/commcare-learn-ahmad/api/form_attachment/v1/16c1165a-baba-4af3-aa47-526fd7a51aec/signature.png,a91faa21-d14e-4dcf-acd1-03238d11b3af,2026-04-07 11:21:00,2026-04-07 11:17:00,tester_01,2026-04-07 11:21:05,https://www.commcarehq.org/a/commcare-learn-ahmad/reports/form_data/16c1165a-baba-4af3-aa47-526fd7a51aec/,tester_01,4.0
662,838127c2-a233-4b3a-8101-a694b625344e,2026-09-24,Extension Office,rice_seed fertilizer,,10.0,,27.6,,,https://www.commcarehq.org/a/commcare-learn-ahmad/api/form_attachment/v1/838127c2-a233-4b3a-8101-a694b625344e/signature.png,978fda04-d958-456b-a7ca-184d647c7b1f,2026-09-24 08:56:00,2026-09-24 08:49:00,tester_06,2026-09-24 08:56:20,https://www.commcarehq.org/a/commcare-learn-ahmad/reports/form_data/838127c2-a233-4b3a-8101-a694b625344e/,tester_06,7.0
663,2af2c10e-d354-4038-8508-89f589991139,2026-08-02,Extension Office,goats groundnut_seed maize_seed fertilizer rice_seed,6.5,3.6,5.1,95.8,1,,https://www.commcarehq.org/a/commcare-learn-ahmad/api/form_attachment/v1/2af2c10e-d354-4038-8508-89f589991139/signature.png,775f9a4e-67e5-4a4f-9e79-717e97573a72,2026-08-02 08:40:00,2026-08-02 08:36:00,tester_07,2026-08-02 08:40:09,https://www.commcarehq.org/a/commcare-learn-ahmad/reports/form_data/2af2c10e-d354-4038-8508-89f589991139/,tester_07,4.0
664,dfe2f75d-a901-4020-acdd-1c64fe358e14,2026-02-26,Village Square,groundnut_seed maize_seed rabbits fertilizer,2.4,,4.8,93.1,,1,https://www.commcarehq.org/a/commcare-learn-ahmad/api/form_attachment/v1/dfe2f75d-a901-4020-acdd-1c64fe358e14/signature.png,3e4755d3-cdc5-4f51-be20-c64e922f0a30,2026-02-26 14:44:00,2026-02-26 14:36:00,tester_01,2026-02-26 14:44:10,https://www.commcarehq.org/a/commcare-learn-ahmad/reports/form_data/dfe2f75d-a901-4020-acdd-1c64fe358e14/,tester_01,8.0
665,fbe4ebc6-a198-4a6c-ba52-63017fb3368d,2026-04-11,Extension Office,maize_seed groundnut_seed,2.1,,3.8,,,,https://www.commcarehq.org/a/commcare-learn-ahmad/api/form_attachment/v1/fbe4ebc6-a198-4a6c-ba52-63017fb3368d/signature.png,7e7af03d-cf17-4443-83d7-eb06f24c60e0,2026-04-11 12:29:00,2026-04-11 12:27:00,tester_06,2026-04-11 12:29:08,https://www.commcarehq.org/a/commcare-learn-ahmad/reports/form_data/fbe4ebc6-a198-4a6c-ba52-63017fb3368d/,tester_06,2.0
666,1aeaa7ff-85a7-4ee6-af99-85883bc56fd8,2026-08-24,Primary School,maize_seed,7.8,,,,,,https://www.commcarehq.org/a/commcare-learn-ahmad/api/form_attachment/v1/1aeaa7ff-85a7-4ee6-af99-85883bc56fd8/signature.png,9429b14c-738d-4121-9856-db71b2056ffb,2026-08-24 08:13:00,2026-08-24 08:06:00,tester_06,2026-08-24 08:13:08,https://www.commcarehq.org/a/commcare-learn-ahmad/reports/form_data/1aeaa7ff-85a7-4ee6-af99-85883bc56fd8/,tester_06,7.0
667,3b8d012a-8eb1-4b5e-80c8-79fb49a77098,2026-10-11,Village Square,rice_seed goats groundnut_seed rabbits maize_seed,6.0,8.2,2.3,,2,5,https://www.commcarehq.org/a/commcare-learn-ahmad/api/form_attachment/v1/3b8d012a-8eb1-4b5e-80c8-79fb49a77098/signature.png,f6a6441a-cb70-4268-ba37-47a5d696930d,2026-10-11 10:31:00,2026-10-11 10:24:00,tester_02,2026-10-11 10:31:05,https://www.commcarehq.org/a/commcare-learn-ahmad/reports/form_data/3b8d012a-8eb1-4b5e-80c8-79fb49a77098/,tester_02,7.0
668,10acd355-b629-4f0b-b514-2ac92f86aa1d,2026-03-22,Village Square,groundnut_seed,,,4.3,,,,https://www.commcarehq.org/a/commcare-learn-ahmad/api/form_attachment/v1/10acd355-b629-4f0b-b514-2ac92f86aa1d/signature.png,57308113-9620-4a23-97a5-61b8ebeaff72,2026-03-22 09:58:00,2026-03-22 09:55:00,tester_04,2026-03-22 09:58:15,https://www.commcarehq.org/a/commcare-learn-ahmad/reports/form_data/10acd355-b629-4f0b-b514-2ac92f86aa1d/,tester_04,3.0
669,2fa8a7ae-9458-453f-aac6-df98c1775647,2026-07-13,Community Hall,goats,,,,,3,,https://www.commcarehq.org/a/commcare-learn-ahmad/api/form_attachment/v1/2fa8a7ae-9458-453f-aac6-df98c1775647/signature.png,acec6e46-f4e4-4301-8e10-4c9b64270391,2026-07-13 14:05:00,2026-07-13 13:59:00,tester_06,2026-07-13 14:05:16,https://www.commcarehq.org/a/commcare-learn-ahmad/reports/form_data/2fa8a7ae-9458-453f-aac6-df98c1775647/,tester_06,6.0
670,dac95c79-9e14-4b8f-83f7-32c6f2722b7a,2026-10-05,Village Square,groundnut_seed,,,7.8,,,,https://www.commcarehq.org/a/commcare-learn-ahmad/api/form_attachment/v1/dac95c79-9e14-4b8f-83f7-32c6f2722b7a/signature.png,b7792ce0-45df-4dca-a772-c65bc118f7c2,2026-10-05 10:04:00,2026-10-05 09:59:00,tester_01,2026-10-05 10:04:14,https://www.commcarehq.org/a/commcare-learn-ahmad/reports/form_data/dac95c79-9e14-4b8f-83f7-32c6f2722b7a/,tester_01,5.0
671,dd7db48b-4931-4767-86b2-21beba0f186e,2026-08-24,Farmer Cooperative Centre,maize_seed rice_seed groundnut_seed fertilizer,7.6,8.2,5.2,30.0,,,https://www.commcarehq.org/a/commcare-learn-ahmad/api/form_attachment/v1/dd7db48b-4931-4767-86b2-21beba0f186e/signature.png,832349f7-5921-47dc-a236-d4224f8f4465,2026-08-24 11:58:00,2026-08-24 11:53:00,tester_06,2026-08-24 11:58:06,https://www.commcarehq.org/a/commcare-learn-ahmad/reports/form_data/dd7db48b-4931-4767-86b2-21beba0f186e/,tester_06,5.0
672,1faf36f3-229f-4369-9ecb-1661ea1d147d,2026-01-31,Village Square,goats fertilizer maize_seed,5.0,,,56.3,1,,https://www.commcarehq.org/a/commcare-learn-ahmad/api/form_attachment/v1/1faf36f3-229f-4369-9ecb-1661ea1d147d/signature.png,cd91124d-6b36-4e09-b9de-2e21529571b2,2026-01-31 15:25:00,2026-01-31 15:19:00,tester_01,2026-01-31 15:25:17,https://www.commcarehq.org/a/commcare-learn-ahmad/reports/form_data/1faf36f3-229f-4369-9ecb-1661ea1d147d/,tester_01,6.0
673,8ef1dff6-769a-4221-b3cb-0a4c60eba505,2026-04-13,Village Square,maize_seed goats,9.6,,,,3,,https://www.commcarehq.org/a/commcare-learn-ahmad/api/form_attachment/v1/8ef1dff6-769a-4221-b3cb-0a4c60eba505/signature.png,114b4486-1a8b-4d3b-84d6-8eb1d887cc44,2026-04-13 13:33:00,2026-04-13 13:25:00,tester_03,2026-04-13 13:33:15,https://www.commcarehq.org/a/commcare-learn-ahmad/reports/form_data/8ef1dff6-769a-4221-b3cb-0a4c60eba505/,tester_03,8.0
674,51a227d0-e6e0-4458-afdd-59c392aa2444,2026-03-02,Village Square,groundnut_seed goats,,,5.5,,1,,https://www.commcarehq.org/a/commcare-learn-ahmad/api/form_attachment/v1/51a227d0-e6e0-4458-afdd-59c392aa2444/signature.png,0eeb95f8-f46f-4c2e-a8ee-9458a51bbc30,2026-03-02 12:48:00,2026-03-02 12:44:00,tester_06,2026-03-02 12:48:20,https://www.commcarehq.org/a/commcare-learn-ahmad/reports/form_data/51a227d0-e6e0-4458-afdd-59c392aa2444/,tester_06,4.0
675,cf37fafa-2790-4072-a803-1bc091c13655,2026-02-12,Primary School,groundnut_seed,,,3.9,,,,https://www.commcarehq.org/a/commcare-learn-ahmad/api/form_attachment/v1/cf37fafa-2790-4072-a803-1bc091c13655/signature.png,6e1b29ce-b4af-4aa7-9982-6d2a4dd921d2,2026-02-12 09:20:00,2026-02-12 09:16:00,tester_06,2026-02-12 09:20:15,https://www.commcarehq.org/a/commcare-learn-ahmad/reports/form_data/cf37fafa-2790-4072-a803-1bc091c13655/,tester_06,4.0
676,080132b5-4a21-4bca-b5d5-6316a25db0b5,2026-03-08,Community Hall,rice_seed,,2.5,,,,,https://www.commcarehq.org/a/commcare-learn-ahmad/api/form_attachment/v1/080132b5-4a21-4bca-b5d5-6316a25db0b5/signature.png,962a3c28-ebcd-4a70-a7be-e8ca31363fa2,2026-03-08 10:17:00,2026-03-08 10:13:00,tester_02,2026-03-08 10:17:14,https://www.commcarehq.org/a/commcare-learn-ahmad/reports/form_data/080132b5-4a21-4bca-b5d5-6316a25db0b5/,tester_02,4.0
677,998de57c-60ab-4637-aa77-b8f01f638103,2026-04-08,Community Hall,fertilizer maize_seed groundnut_seed rice_seed,9.8,9.6,2.2,86.3,,,https://www.commcarehq.org/a/commcare-learn-ahmad/api/form_attachment/v1/998de57c-60ab-4637-aa77-b8f01f638103/signature.png,be096d12-18c8-4bc8-8e3f-31cfe67f3869,2026-04-08 08:58:00,2026-04-08 08:50:00,tester_02,2026-04-08 08:58:14,https://www.commcarehq.org/a/commcare-learn-ahmad/reports/form_data/998de57c-60ab-4637-aa77-b8f01f638103/,tester_02,8.0
678,4f490dbe-d7cc-4374-8c1f-57e0e484e122,2026-09-15,Primary School,fertilizer maize_seed groundnut_seed goats,5.8,,3.7,81.2,2,,https://www.commcarehq.org/a/commcare-learn-ahmad/api/form_attachment/v1/4f490dbe-d7cc-4374-8c1f-57e0e484e122/signature.png,13afc0b5-322c-498a-bfad-fd8835f6779c,2026-09-15 10:49:00,2026-09-15 10:43:00,tester_07,2026-09-15 10:49:08,https://www.commcarehq.org/a/commcare-learn-ahmad/reports/form_data/4f490dbe-d7cc-4374-8c1f-57e0e484e122/,tester_07,6.0
679,dd61799d-a0c4-4498-850c-b0e5fb03f196,2026-04-24,Community Hall,fertilizer groundnut_seed,,,4.6,33.7,,,https://www.commcarehq.org/a/commcare-learn-ahmad/api/form_attachment/v1/dd61799d-a0c4-4498-850c-b0e5fb03f196/signature.png,5c6ec9f3-f95f-4fc5-99af-9f64d31fee2e,2026-04-24 13:09:00,2026-04-24 13:04:00,tester_04,2026-04-24 13:09:18,https://www.commcarehq.org/a/commcare-learn-ahmad/reports/form_data/dd61799d-a0c4-4498-850c-b0e5fb03f196/,tester_04,5.0
680,52c7c5d6-7f51-4529-8e9d-3c291a094d6a,2026-10-14,Village Square,rice_seed fertilizer rabbits maize_seed,9.1,7.0,,86.6,,2,https://www.commcarehq.org/a/commcare-learn-ahmad/api/form_attachment/v1/52c7c5d6-7f51-4529-8e9d-3c291a094d6a/signature.png,8632cbf0-f779-440c-8419-1e3f487aa243,2026-10-14 13:36:00,2026-10-14 13:28:00,tester_06,2026-10-14 13:36:12,https://www.commcarehq.org/a/commcare-learn-ahmad/reports/form_data/52c7c5d6-7f51-4529-8e9d-3c291a094d6a/,tester_06,8.0
681,27cff9cc-c8cf-481d-ac91-455f3686f706,2026-06-21,Farmer Cooperative Centre,groundnut_seed,,,5.4,,,,https://www.commcarehq.org/a/commcare-learn-ahmad/api/form_attachment/v1/27cff9cc-c8cf-481d-ac91-455f3686f706/signature.png,6ee66e0e-ad1f-44f2-91ba-fdb8f6c283ee,2026-06-21 09:49:00,2026-06-21 09:46:00,tester_06,2026-06-21 09:49:05,https://www.commcarehq.org/a/commcare-learn-ahmad/reports/form_data/27cff9cc-c8cf-481d-ac91-455f3686f706/,tester_06,3.0
682,efdfc403-6cb3-46fe-adf3-d685902788fe,2026-06-27,Village Square,goats maize_seed,9.9,,,,2,,https://www.commcarehq.org/a/commcare-learn-ahmad/api/form_attachment/v1/efdfc403-6cb3-46fe-adf3-d685902788fe/signature.png,c556fbea-c6a7-4e04-bdc5-444bd12a08cd,2026-06-27 10:41:00,2026-06-27 10:37:00,tester_02,2026-06-27 10:41:05,https://www.commcarehq.org/a/commcare-learn-ahmad/reports/form_data/efdfc403-6cb3-46fe-adf3-d685902788fe/,tester_02,4.0
683,5d6513a6-2689-4ef3-80a2-5e7ac5e289e5,2026-04-04,Primary School,rice_seed,,8.4,,,,,https://www.commcarehq.org/a/commcare-learn-ahmad/api/form_attachment/v1/5d6513a6-2689-4ef3-80a2-5e7ac5e289e5/signature.png,fefbcd29-8391-406d-84b5-3d5b72a221d8,2026-04-04 10:04:00,2026-04-04 09:58:00,tester_02,2026-04-04 10:04:08,https://www.commcarehq.org/a/commcare-learn-ahmad/reports/form_data/5d6513a6-2689-4ef3-80a2-5e7ac5e289e5/,tester_02,6.0
684,bef07969-e2b7-4ff0-a3a8-83fa4129cad3,2026-09-15,Community Hall,maize_seed,9.2,,,,,,https://www.commcarehq.org/a/commcare-learn-ahmad/api/form_attachment/v1/bef07969-e2b7-4ff0-a3a8-83fa4129cad3/signature.png,6ce0ca69-786d-4386-b691-813640ab52fc,2026-09-15 08:32:00,2026-09-15 08:29:00,tester_01,2026-09-15 08:32:11,https://www.commcarehq.org/a/commcare-learn-ahmad/reports/form_data/bef07969-e2b7-4ff0-a3a8-83fa4129cad3/,tester_01,3.0
685,16910603-f143-4742-be19-fcc87407dea3,2026-03-07,Primary School,maize_seed fertilizer rice_seed goats groundnut_seed,5.7,8.0,6.1,65.1,1,,https://www.commcarehq.org/a/commcare-learn-ahmad/api/form_attachment/v1/16910603-f143-4742-be19-fcc87407dea3/signature.png,883d8604-daae-405e-ae6f-63297e8a3280,2026-03-07 11:02:00,2026-03-07 10:56:00,tester_02,2026-03-07 11:02:12,https://www.commcarehq.org/a/commcare-learn-ahmad/reports/form_data/16910603-f143-4742-be19-fcc87407dea3/,tester_02,6.0
686,1f4be2e4-bc43-4671-93dd-20f49722920e,2026-07-05,Farmer Cooperative Centre,maize_seed fertilizer,2.6,,,76.7,,,https://www.commcarehq.org/a/commcare-learn-ahmad/api/form_attachment/v1/1f4be2e4-bc43-4671-93dd-20f49722920e/signature.png,e934bfb0-303f-4228-9a86-34b012f8da82,2026-07-05 11:23:00,2026-07-05 11:18:00,tester_04,2026-07-05 11:23:09,https://www.commcarehq.org/a/commcare-learn-ahmad/reports/form_data/1f4be2e4-bc43-4671-93dd-20f49722920e/,tester_04,5.0
687,fd811d4d-7564-4ce9-96e7-87580ee873bd,2026-02-23,Village Square,goats rice_seed maize_seed,7.1,6.3,,,2,,https://www.commcarehq.org/a/commcare-learn-ahmad/api/form_attachment/v1/fd811d4d-7564-4ce9-96e7-87580ee873bd/signature.png,9c78f4cc-dbd4-4d32-af5c-d44b81a4bcb6,2026-02-23 08:35:00,2026-02-23 08:30:00,tester_04,2026-02-23 08:35:07,https://www.commcarehq.org/a/commcare-learn-ahmad/reports/form_data/fd811d4d-7564-4ce9-96e7-87580ee873bd/,tester_04,5.0
688,c42633d1-b1ef-43ae-a5aa-dd616c463435,2026-04-06,Farmer Cooperative Centre,groundnut_seed fertilizer maize_seed,2.6,,5.0,87.5,,,https://www.commcarehq.org/a/commcare-learn-ahmad/api/form_attachment/v1/c42633d1-b1ef-43ae-a5aa-dd616c463435/signature.png,783d5d00-5b36-4625-855b-c2063aa2754b,2026-04-06 09:20:00,2026-04-06 09:17:00,tester_02,2026-04-06 09:20:13,https://www.commcarehq.org/a/commcare-learn-ahmad/reports/form_data/c42633d1-b1ef-43ae-a5aa-dd616c463435/,tester_02,3.0
689,e11792cd-6d2f-40fc-b509-5a105f6a71aa,2026-03-21,Community Hall,fertilizer rice_seed groundnut_seed goats,,7.0,4.8,65.6,1,,https://www.commcarehq.org/a/commcare-learn-ahmad/api/form_attachment/v1/e11792cd-6d2f-40fc-b509-5a105f6a71aa/signature.png,f8f318bb-43dd-48b9-9bcc-e869fac665e9,2026-03-21 14:04:00,2026-03-21 13:56:00,tester_01,2026-03-21 14:04:19,https://www.commcarehq.org/a/commcare-learn-ahmad/reports/form_data/e11792cd-6d2f-40fc-b509-5a105f6a71aa/,tester_01,8.0
690,059d3111-6b31-447f-b11f-f197c782016b,2026-05-02,Farmer Cooperative Centre,goats fertilizer rice_seed groundnut_seed,,3.2,6.2,65.4,2,,https://www.commcarehq.org/a/commcare-learn-ahmad/api/form_attachment/v1/059d3111-6b31-447f-b11f-f197c782016b/signature.png,016297c9-ab41-42ab-8547-52d173fb3c2d,2026-05-02 09:28:00,2026-05-02 09:26:00,tester_05,2026-05-02 09:28:20,https://www.commcarehq.org/a/commcare-learn-ahmad/reports/form_data/059d3111-6b31-447f-b11f-f197c782016b/,tester_05,2.0
691,3f5c2e17-6a23-4b06-81fe-c52be1d01d8d,2026-06-16,Primary School,fertilizer,,,,92.6,,,https://www.commcarehq.org/a/commcare-learn-ahmad/api/form_attachment/v1/3f5c2e17-6a23-4b06-81fe-c52be1d01d8d/signature.png,8a9ef794-cc05-4ef1-89e3-132703702328,2026-06-16 12:25:00,2026-06-16 12:17:00,tester_01,2026-06-16 12:25:15,https://www.commcarehq.org/a/commcare-learn-ahmad/reports/form_data/3f5c2e17-6a23-4b06-81fe-c52be1d01d8d/,tester_01,8.0
692,542252e9-2ab0-4dbb-9c3f-cc1ad2075fc2,2026-09-12,Community Hall,rice_seed maize_seed fertilizer groundnut_seed,9.9,2.4,3.0,36.9,,,https://www.commcarehq.org/a/commcare-learn-ahmad/api/form_attachment/v1/542252e9-2ab0-4dbb-9c3f-cc1ad2075fc2/signature.png,a1b946cf-f2de-49a8-b010-3f1432b30099,2026-09-12 14:37:00,2026-09-12 14:31:00,tester_07,2026-09-12 14:37:07,https://www.commcarehq.org/a/commcare-learn-ahmad/reports/form_data/542252e9-2ab0-4dbb-9c3f-cc1ad2075fc2/,tester_07,6.0
693,517f7519-f6a8-4eb7-813a-b14ab128d97f,2026-06-09,Extension Office,fertilizer groundnut_seed maize_seed rice_seed goats,7.9,3.1,3.1,74.6,3,,https://www.commcarehq.org/a/commcare-learn-ahmad/api/form_attachment/v1/517f7519-f6a8-4eb7-813a-b14ab128d97f/signature.png,a7cba75d-3f73-487b-8d89-2beb2037d17d,2026-06-09 15:24:00,2026-06-09 15:21:00,tester_06,2026-06-09 15:24:05,https://www.commcarehq.org/a/commcare-learn-ahmad/reports/form_data/517f7519-f6a8-4eb7-813a-b14ab128d97f/,tester_06,3.0
694,6997220f-0166-4613-a976-0b4c65639f05,2026-07-27,Farmer Cooperative Centre,goats,,,,,1,,https://www.commcarehq.org/a/commcare-learn-ahmad/api/form_attachment/v1/6997220f-0166-4613-a976-0b4c65639f05/signature.png,ca4e650c-c432-41ab-b633-113d367aa115,2026-07-27 08:09:00,2026-07-27 08:05:00,tester_03,2026-07-27 08:09:11,https://www.commcarehq.org/a/commcare-learn-ahmad/reports/form_data/6997220f-0166-4613-a976-0b4c65639f05/,tester_03,4.0
695,eaaf802d-ff0d-4168-9940-1bd525d10520,2026-03-31,Community Hall,groundnut_seed rice_seed fertilizer rabbits,,6.9,7.4,99.4,,1,https://www.commcarehq.org/a/commcare-learn-ahmad/api/form_attachment/v1/eaaf802d-ff0d-4168-9940-1bd525d10520/signature.png,65978f35-8dc5-48f9-80bf-607274bf1091,2026-03-31 11:33:00,2026-03-31 11:30:00,tester_01,2026-03-31 11:33:07,https://www.commcarehq.org/a/commcare-learn-ahmad/reports/form_data/eaaf802d-ff0d-4168-9940-1bd525d10520/,tester_01,3.0
696,c42af408-91c3-4c8a-9db2-4ba73577b1b0,2026-06-20,Primary School,rice_seed,,7.8,,,,,https://www.commcarehq.org/a/commcare-learn-ahmad/api/form_attachment/v1/c42af408-91c3-4c8a-9db2-4ba73577b1b0/signature.png,bdc3620d-7655-4fe2-8fdd-89394819e214,2026-06-20 15:42:00,2026-06-20 15:34:00,tester_04,2026-06-20 15:42:20,https://www.commcarehq.org/a/commcare-learn-ahmad/reports/form_data/c42af408-91c3-4c8a-9db2-4ba73577b1b0/,tester_04,8.0
697,0d80be49-d3f5-45cf-8aab-8b5f2cd73400,2026-03-27,Farmer Cooperative Centre,goats fertilizer groundnut_seed rice_seed,,4.6,2.2,32.6,3,,https://www.commcarehq.org/a/commcare-learn-ahmad/api/form_attachment/v1/0d80be49-d3f5-45cf-8aab-8b5f2cd73400/signature.png,63cb9a7d-1271-43ec-b558-a8be6cc77456,2026-03-27 14:02:00,2026-03-27 13:55:00,tester_06,2026-03-27 14:02:08,https://www.commcarehq.org/a/commcare-learn-ahmad/reports/form_data/0d80be49-d3f5-45cf-8aab-8b5f2cd73400/,tester_06,7.0
698,eebc733d-802f-4e83-89be-18b9a56f7639,2026-07-01,Village Square,fertilizer maize_seed goats,6.0,,,30.5,2,,https://www.commcarehq.org/a/commcare-learn-ahmad/api/form_attachment/v1/eebc733d-802f-4e83-89be-18b9a56f7639/signature.png,50904f46-32fd-42ad-8791-3df594696430,2026-07-01 15:39:00,2026-07-01 15:31:00,tester_04,2026-07-01 15:39:18,https://www.commcarehq.org/a/commcare-learn-ahmad/reports/form_data/eebc733d-802f-4e83-89be-18b9a56f7639/,tester_04,8.0
699,a56a29be-c4d7-4d29-aa6d-703e0314d1e4,2026-02-21,Extension Office,maize_seed goats fertilizer groundnut_seed,3.7,,2.5,68.6,1,,https://www.commcarehq.org/a/commcare-learn-ahmad/api/form_attachment/v1/a56a29be-c4d7-4d29-aa6d-703e0314d1e4/signature.png,898251e9-0ce2-4ed0-9af7-5f2ab51ab72f,2026-02-21 13:47:00,2026-02-21 13:42:00,tester_05,2026-02-21 13:47:18,https://www.commcarehq.org/a/commcare-learn-ahmad/reports/form_data/a56a29be-c4d7-4d29-aa6d-703e0314d1e4/,tester_05,5.0
700,cf39f735-be9e-4a58-8e1d-854999953d85,2026-07-16,Primary School,fertilizer maize_seed groundnut_seed,10.0,,5.9,33.4,,,https://www.commcarehq.org/a/commcare-learn-ahmad/api/form_attachment/v1/cf39f735-be9e-4a58-8e1d-854999953d85/signature.png,1b0b6a74-646c-4dc8-b880-0299274c0e54,2026-07-16 10:13:00,2026-07-16 10:06:00,tester_06,2026-07-16 10:13:17,https://www.commcarehq.org/a/commcare-learn-ahmad/reports/form_data/cf39f735-be9e-4a58-8e1d-854999953d85/,tester_06,7.0
701,25d067f0-68fb-43b7-9335-d2badef1c4be,2026-07-08,Extension Office,goats maize_seed,7.8,,,,2,,https://www.commcarehq.org/a/commcare-learn-ahmad/api/form_attachment/v1/25d067f0-68fb-43b7-9335-d2badef1c4be/signature.png,c59006f1-005c-4273-9781-98ea8cf9750f,2026-07-08 10:56:00,2026-07-08 10:50:00,tester_02,2026-07-08 10:56:06,https://www.commcarehq.org/a/commcare-learn-ahmad/reports/form_data/25d067f0-68fb-43b7-9335-d2badef1c4be/,tester_02,6.0
702,b08a7ef8-c9cf-4bea-aa41-55de0ac76234,2026-06-04,Extension Office,groundnut_seed fertilizer rice_seed maize_seed,2.2,8.3,2.8,74.1,,,https://www.commcarehq.org/a/commcare-learn-ahmad/api/form_attachment/v1/b08a7ef8-c9cf-4bea-aa41-55de0ac76234/signature.png,d1789726-7b16-4836-afea-8bae7b6c38f4,2026-06-04 08:16:00,2026-06-04 08:11:00,tester_06,2026-06-04 08:16:20,https://www.commcarehq.org/a/commcare-learn-ahmad/reports/form_data/b08a7ef8-c9cf-4bea-aa41-55de0ac76234/,tester_06,5.0
703,d1ecb00c-ca85-4361-b86f-578731de7f7b,2026-07-15,Village Square,groundnut_seed,,,5.2,,,,https://www.commcarehq.org/a/commcare-learn-ahmad/api/form_attachment/v1/d1ecb00c-ca85-4361-b86f-578731de7f7b/signature.png,73e18973-d331-4275-95ff-02daf5086b78,2026-07-15 08:22:00,2026-07-15 08:14:00,tester_02,2026-07-15 08:22:19,https://www.commcarehq.org/a/commcare-learn-ahmad/reports/form_data/d1ecb00c-ca85-4361-b86f-578731de7f7b/,tester_02,8.0
704,04e50eb7-5b71-4100-8d8e-18388e68e31a,2026-04-05,Primary School,fertilizer,,,,47.2,,,https://www.commcarehq.org/a/commcare-learn-ahmad/api/form_attachment/v1/04e50eb7-5b71-4100-8d8e-18388e68e31a/signature.png,4cd40865-cbb9-4138-a669-d3299be94cae,2026-04-05 11:01:00,2026-04-05 10:54:00,tester_01,2026-04-05 11:01:07,https://www.commcarehq.org/a/commcare-learn-ahmad/reports/form_data/04e50eb7-5b71-4100-8d8e-18388e68e31a/,tester_01,7.0
705,1b0bbfdb-5bfb-47bc-adf4-a555d7d81e8c,2026-06-30,Village Square,fertilizer,,,,58.5,,,https://www.commcarehq.org/a/commcare-learn-ahmad/api/form_attachment/v1/1b0bbfdb-5bfb-47bc-adf4-a555d7d81e8c/signature.png,27cfe2bf-d892-4ef5-8610-3886f3b6fa80,2026-06-30 14:55:00,2026-06-30 14:49:00,tester_01,2026-06-30 14:55:10,https://www.commcarehq.org/a/commcare-learn-ahmad/reports/form_data/1b0bbfdb-5bfb-47bc-adf4-a555d7d81e8c/,tester_01,6.0
706,34bd271e-13ad-46e0-864d-6e76bfd57412,2026-09-22,Village Square,maize_seed rice_seed goats,6.0,2.5,,,3,,https://www.commcarehq.org/a/commcare-learn-ahmad/api/form_attachment/v1/34bd271e-13ad-46e0-864d-6e76bfd57412/signature.png,9a78ee8e-5d69-4f05-a2ea-30323adc91dd,2026-09-22 13:34:00,2026-09-22 13:31:00,tester_05,2026-09-22 13:34:11,https://www.commcarehq.org/a/commcare-learn-ahmad/reports/form_data/34bd271e-13ad-46e0-864d-6e76bfd57412/,tester_05,3.0
707,2e4ca465-9696-483f-990c-48688423b406,2026-08-05,Extension Office,goats rice_seed groundnut_seed,,3.2,2.3,,3,,https://www.commcarehq.org/a/commcare-learn-ahmad/api/form_attachment/v1/2e4ca465-9696-483f-990c-48688423b406/signature.png,e4061f01-199e-457d-9bbc-77dae5736420,2026-08-05 10:13:00,2026-08-05 10:06:00,tester_03,2026-08-05 10:13:07,https://www.commcarehq.org/a/commcare-learn-ahmad/reports/form_data/2e4ca465-9696-483f-990c-48688423b406/,tester_03,7.0
708,8436b9dd-25cf-45bf-90f3-216ae25294b4,2026-07-26,Farmer Cooperative Centre,fertilizer,,,,99.7,,,https://www.commcarehq.org/a/commcare-learn-ahmad/api/form_attachment/v1/8436b9dd-25cf-45bf-90f3-216ae25294b4/signature.png,913924d0-c249-4710-beed-412f45ee1c0a,2026-07-26 13:14:00,2026-07-26 13:11:00,tester_02,2026-07-26 13:14:17,https://www.commcarehq.org/a/commcare-learn-ahmad/reports/form_data/8436b9dd-25cf-45bf-90f3-216ae25294b4/,tester_02,3.0
709,6dd6510c-c0ae-49d0-a521-914f49704558,2026-07-06,Primary School,goats,,,,,2,,https://www.commcarehq.org/a/commcare-learn-ahmad/api/form_attachment/v1/6dd6510c-c0ae-49d0-a521-914f49704558/signature.png,b169d519-39a4-4848-93e3-57f34ca0296e,2026-07-06 14:43:00,2026-07-06 14:39:00,tester_02,2026-07-06 14:43:13,https://www.commcarehq.org/a/commcare-learn-ahmad/reports/form_data/6dd6510c-c0ae-49d0-a521-914f49704558/,tester_02,4.0
710,27c6b5b8-e5a8-4d55-b6f1-20a31f29611a,2026-07-24,Village Square,maize_seed fertilizer rabbits,2.5,,,40.3,,1,https://www.commcarehq.org/a/commcare-learn-ahmad/api/form_attachment/v1/27c6b5b8-e5a8-4d55-b6f1-20a31f29611a/signature.png,dbc8e72f-3d7f-4079-a4c5-05e72d66ccff,2026-07-24 15:19:00,2026-07-24 15:16:00,tester_04,2026-07-24 15:19:17,https://www.commcarehq.org/a/commcare-learn-ahmad/reports/form_data/27c6b5b8-e5a8-4d55-b6f1-20a31f29611a/,tester_04,3.0
711,b538487d-5a2d-4865-823c-b09f692bd0b6,2026-08-12,Farmer Cooperative Centre,groundnut_seed maize_seed,3.6,,7.8,,,,https://www.commcarehq.org/a/commcare-learn-ahmad/api/form_attachment/v1/b538487d-5a2d-4865-823c-b09f692bd0b6/signature.png,03acd2f9-c614-4bd6-b76a-d9e8e170d105,2026-08-12 14:27:00,2026-08-12 14:22:00,tester_01,2026-08-12 14:27:14,https://www.commcarehq.org/a/commcare-learn-ahmad/reports/form_data/b538487d-5a2d-4865-823c-b09f692bd0b6/,tester_01,5.0
712,84a1888d-cd7b-438d-b7b3-c883cec1a6a8,2026-08-08,Village Square,fertilizer groundnut_seed,,,5.2,47.2,,,https://www.commcarehq.org/a/commcare-learn-ahmad/api/form_attachment/v1/84a1888d-cd7b-438d-b7b3-c883cec1a6a8/signature.png,7c01cc50-f537-473a-9d16-4f7bdd74f554,2026-08-08 12:50:00,2026-08-08 12:44:00,tester_01,2026-08-08 12:50:20,https://www.commcarehq.org/a/commcare-learn-ahmad/reports/form_data/84a1888d-cd7b-438d-b7b3-c883cec1a6a8/,tester_01,6.0
713,ae6c1c55-7c75-4a9e-8fdd-9d6c5be68716,2026-07-30,Primary School,groundnut_seed fertilizer goats,,,7.0,68.7,1,,https://www.commcarehq.org/a/commcare-learn-ahmad/api/form_attachment/v1/ae6c1c55-7c75-4a9e-8fdd-9d6c5be68716/signature.png,279f0ed2-0e0d-407e-bee9-368f8f781099,2026-07-30 15:37:00,2026-07-30 15:32:00,tester_02,2026-07-30 15:37:19,https://www.commcarehq.org/a/commcare-learn-ahmad/reports/form_data/ae6c1c55-7c75-4a9e-8fdd-9d6c5be68716/,tester_02,5.0
714,1241a95c-12ad-4457-bd5c-c80f4933bc46,2026-08-07,Extension Office,rabbits goats,,,,,3,5,https://www.commcarehq.org/a/commcare-learn-ahmad/api/form_attachment/v1/1241a95c-12ad-4457-bd5c-c80f4933bc46/signature.png,b4f2ec28-5857-4f10-8d7a-a2eff64ccba1,2026-08-07 12:36:00,2026-08-07 12:34:00,tester_02,2026-08-07 12:36:19,https://www.commcarehq.org/a/commcare-learn-ahmad/reports/form_data/1241a95c-12ad-4457-bd5c-c80f4933bc46/,tester_02,2.0
715,6967c168-bc91-4202-a2be-c1f127a1501f,2026-07-07,Community Hall,goats,,,,,1,,https://www.commcarehq.org/a/commcare-learn-ahmad/api/form_attachment/v1/6967c168-bc91-4202-a2be-c1f127a1501f/signature.png,5e540f59-ac3e-4671-bc9e-5c5249b35193,2026-07-07 10:11:00,2026-07-07 10:03:00,tester_07,2026-07-07 10:11:08,https://www.commcarehq.org/a/commcare-learn-ahmad/reports/form_data/6967c168-bc91-4202-a2be-c1f127a1501f/,tester_07,8.0
716,7437b42b-bc68-479d-bb68-561950a4e0b4,2026-02-13,Extension Office,maize_seed,6.7,,,,,,https://www.commcarehq.org/a/commcare-learn-ahmad/api/form_attachment/v1/7437b42b-bc68-479d-bb68-561950a4e0b4/signature.png,d2a5d71d-d830-4b3c-854d-74a4691381b8,2026-02-13 09:07:00,2026-02-13 09:01:00,tester_04,2026-02-13 09:07:05,https://www.commcarehq.org/a/commcare-learn-ahmad/reports/form_data/7437b42b-bc68-479d-bb68-561950a4e0b4/,tester_04,6.0
717,e043dbc0-4685-4aea-82a9-739287b89274,2026-06-19,Farmer Cooperative Centre,groundnut_seed rice_seed fertilizer,,9.2,5.9,77.4,,,https://www.commcarehq.org/a/commcare-learn-ahmad/api/form_attachment/v1/e043dbc0-4685-4aea-82a9-739287b89274/signature.png,5db6742a-9ba4-451d-9487-462ef848f7a0,2026-06-19 13:19:00,2026-06-19 13:14:00,tester_04,2026-06-19 13:19:13,https://www.commcarehq.org/a/commcare-learn-ahmad/reports/form_data/e043dbc0-4685-4aea-82a9-739287b89274/,tester_04,5.0
718,03424798-a0e7-4f1b-9a83-06bae1dbd3a7,2026-09-11,Village Square,maize_seed goats fertilizer rice_seed,8.6,6.6,,73.0,3,,https://www.commcarehq.org/a/commcare-learn-ahmad/api/form_attachment/v1/03424798-a0e7-4f1b-9a83-06bae1dbd3a7/signature.png,0946334d-ca51-451b-9725-105a9fbfa5f3,2026-09-11 11:45:00,2026-09-11 11:38:00,tester_03,2026-09-11 11:45:20,https://www.commcarehq.org/a/commcare-learn-ahmad/reports/form_data/03424798-a0e7-4f1b-9a83-06bae1dbd3a7/,tester_03,7.0
719,098f832a-28f5-4619-8f65-3b610f09c951,2026-04-28,Extension Office,rice_seed goats,,4.6,,,1,,https://www.commcarehq.org/a/commcare-learn-ahmad/api/form_attachment/v1/098f832a-28f5-4619-8f65-3b610f09c951/signature.png,7e3e15c0-a416-4468-a7f7-2ff28e20298a,2026-04-28 14:24:00,2026-04-28 14:20:00,tester_05,2026-04-28 14:24:06,https://www.commcarehq.org/a/commcare-learn-ahmad/reports/form_data/098f832a-28f5-4619-8f65-3b610f09c951/,tester_05,4.0
720,b7b1e87e-11a0-4819-ba2f-937664bea06a,2026-05-19,Farmer Cooperative Centre,maize_seed fertilizer rice_seed groundnut_seed,3.1,3.0,3.9,77.3,,,https://www.commcarehq.org/a/commcare-learn-ahmad/api/form_attachment/v1/b7b1e87e-11a0-4819-ba2f-937664bea06a/signature.png,284e6239-e26d-43cb-82fb-ba32bdfce3b2,2026-05-19 11:10:00,2026-05-19 11:07:00,tester_02,2026-05-19 11:10:14,https://www.commcarehq.org/a/commcare-learn-ahmad/reports/form_data/b7b1e87e-11a0-4819-ba2f-937664bea06a/,tester_02,3.0
721,02e88a7d-dc91-4533-b355-a777514cd0b7,2026-07-11,Village Square,fertilizer rice_seed,,6.9,,88.9,,,https://www.commcarehq.org/a/commcare-learn-ahmad/api/form_attachment/v1/02e88a7d-dc91-4533-b355-a777514cd0b7/signature.png,ef1c18d3-a67d-4e80-a978-9df07700fbc0,2026-07-11 11:17:00,2026-07-11 11:11:00,tester_02,2026-07-11 11:17:15,https://www.commcarehq.org/a/commcare-learn-ahmad/reports/form_data/02e88a7d-dc91-4533-b355-a777514cd0b7/,tester_02,6.0
722,4d2f58c8-c959-4690-abab-d20aadff89f2,2026-05-18,Farmer Cooperative Centre,goats,,,,,1,,https://www.commcarehq.org/a/commcare-learn-ahmad/api/form_attachment/v1/4d2f58c8-c959-4690-abab-d20aadff89f2/signature.png,000946c6-71e2-4f56-b066-f717eec8c5c4,2026-05-18 14:58:00,2026-05-18 14:56:00,tester_01,2026-05-18 14:58:11,https://www.commcarehq.org/a/commcare-learn-ahmad/reports/form_data/4d2f58c8-c959-4690-abab-d20aadff89f2/,tester_01,2.0
723,7ce0c872-a2e2-44f6-93b1-9841ede6a1f8,2026-03-02,Extension Office,groundnut_seed maize_seed goats fertilizer rice_seed,3.2,7.0,2.0,25.1,2,,https://www.commcarehq.org/a/commcare-learn-ahmad/api/form_attachment/v1/7ce0c872-a2e2-44f6-93b1-9841ede6a1f8/signature.png,4d6a13de-e162-49de-830a-f593f8c4f5f9,2026-03-02 15:41:00,2026-03-02 15:38:00,tester_04,2026-03-02 15:41:13,https://www.commcarehq.org/a/commcare-learn-ahmad/reports/form_data/7ce0c872-a2e2-44f6-93b1-9841ede6a1f8/,tester_04,3.0
724,63d030dc-92c1-49c6-bd93-17a3b8b6903a,2026-04-24,Community Hall,rice_seed maize_seed groundnut_seed,6.3,5.5,6.6,,,,https://www.commcarehq.org/a/commcare-learn-ahmad/api/form_attachment/v1/63d030dc-92c1-49c6-bd93-17a3b8b6903a/signature.png,014a2870-19ad-4489-a6e3-fc0b54704447,2026-04-24 14:16:00,2026-04-24 14:12:00,tester_01,2026-04-24 14:16:08,https://www.commcarehq.org/a/commcare-learn-ahmad/reports/form_data/63d030dc-92c1-49c6-bd93-17a3b8b6903a/,tester_01,4.0
725,a08dc577-78df-4f83-b022-91563920a93d,2026-03-10,Extension Office,goats rice_seed,,8.2,,,1,,https://www.commcarehq.org/a/commcare-learn-ahmad/api/form_attachment/v1/a08dc577-78df-4f83-b022-91563920a93d/signature.png,133b8dd0-2937-4b42-b8b9-56d4734165a7,2026-03-10 10:16:00,2026-03-10 10:11:00,tester_06,2026-03-10 10:16:10,https://www.commcarehq.org/a/commcare-learn-ahmad/reports/form_data/a08dc577-78df-4f83-b022-91563920a93d/,tester_06,5.0
726,fdb0cd96-b64b-4ccc-8e1c-8cc0269f416d,2026-05-08,Primary School,fertilizer maize_seed,8.1,,,84.5,,,https://www.commcarehq.org/a/commcare-learn-ahmad/api/form_attachment/v1/fdb0cd96-b64b-4ccc-8e1c-8cc0269f416d/signature.png,133b4b0e-58c8-4eb4-b8e9-fb6344eb884d,2026-05-08 14:30:00,2026-05-08 14:24:00,tester_01,2026-05-08 14:30:05,https://www.commcarehq.org/a/commcare-learn-ahmad/reports/form_data/fdb0cd96-b64b-4ccc-8e1c-8cc0269f416d/,tester_01,6.0
727,7d893900-033a-44e3-ba53-b0b94b672456,2026-06-09,Extension Office,fertilizer,,,,36.0,,,https://www.commcarehq.org/a/commcare-learn-ahmad/api/form_attachment/v1/7d893900-033a-44e3-ba53-b0b94b672456/signature.png,d70dbbe9-4b01-44a5-8b94-505dbcf97af2,2026-06-09 15:46:00,2026-06-09 15:43:00,tester_04,2026-06-09 15:46:17,https://www.commcarehq.org/a/commcare-learn-ahmad/reports/form_data/7d893900-033a-44e3-ba53-b0b94b672456/,tester_04,3.0
728,cc509388-dd95-4ae7-a484-08fa4a0494c0,2026-04-29,Farmer Cooperative Centre,rice_seed fertilizer,,8.5,,79.4,,,https://www.commcarehq.org/a/commcare-learn-ahmad/api/form_attachment/v1/cc509388-dd95-4ae7-a484-08fa4a0494c0/signature.png,895b5801-07d1-4e9f-902b-bd922fe9b50c,2026-04-29 13:42:00,2026-04-29 13:34:00,tester_04,2026-04-29 13:42:12,https://www.commcarehq.org/a/commcare-learn-ahmad/reports/form_data/cc509388-dd95-4ae7-a484-08fa4a0494c0/,tester_04,8.0
729,d6f2e16f-34c2-4d81-8e5b-f0afe7cfed2f,2026-04-10,Village Square,maize_seed,2.8,,,,,,https://www.commcarehq.org/a/commcare-learn-ahmad/api/form_attachment/v1/d6f2e16f-34c2-4d81-8e5b-f0afe7cfed2f/signature.png,2a3ffe55-d7b1-45e3-8166-4879032dc870,2026-04-10 11:23:00,2026-04-10 11:19:00,tester_01,2026-04-10 11:23:12,https://www.commcarehq.org/a/commcare-learn-ahmad/reports/form_data/d6f2e16f-34c2-4d81-8e5b-f0afe7cfed2f/,tester_01,4.0
730,6a6ac955-2c3d-45be-9c35-c65c1381d77e,2026-03-27,Extension Office,fertilizer rabbits groundnut_seed,,,5.5,93.0,,3,https://www.commcarehq.org/a/commcare-learn-ahmad/api/form_attachment/v1/6a6ac955-2c3d-45be-9c35-c65c1381d77e/signature.png,a16fb4fe-f134-4f47-8208-23a22cde3b77,2026-03-27 13:42:00,2026-03-27 13:35:00,tester_04,2026-03-27 13:42:14,https://www.commcarehq.org/a/commcare-learn-ahmad/reports/form_data/6a6ac955-2c3d-45be-9c35-c65c1381d77e/,tester_04,7.0
731,4cd53701-c628-4893-89e7-1e09a60dc4a3,2026-07-28,Farmer Cooperative Centre,rice_seed fertilizer,,6.0,,43.2,,,https://www.commcarehq.org/a/commcare-learn-ahmad/api/form_attachment/v1/4cd53701-c628-4893-89e7-1e09a60dc4a3/signature.png,5a74b14b-59f7-472b-a79c-ae07c2db7ca2,2026-07-28 10:32:00,2026-07-28 10:24:00,tester_01,2026-07-28 10:32:06,https://www.commcarehq.org/a/commcare-learn-ahmad/reports/form_data/4cd53701-c628-4893-89e7-1e09a60dc4a3/,tester_01,8.0
732,42270220-c497-47d1-8472-468079d92e26,2026-03-24,Farmer Cooperative Centre,rice_seed maize_seed,5.6,8.9,,,,,https://www.commcarehq.org/a/commcare-learn-ahmad/api/form_attachment/v1/42270220-c497-47d1-8472-468079d92e26/signature.png,e9328838-7571-40d7-93fd-cbecdf79f8e3,2026-03-24 10:51:00,2026-03-24 10:45:00,tester_04,2026-03-24 10:51:13,https://www.commcarehq.org/a/commcare-learn-ahmad/reports/form_data/42270220-c497-47d1-8472-468079d92e26/,tester_04,6.0
733,ce59228a-6018-4a25-bd7d-7c0a8b88cade,2026-05-13,Farmer Cooperative Centre,fertilizer maize_seed goats,4.6,,,69.5,2,,https://www.commcarehq.org/a/commcare-learn-ahmad/api/form_attachment/v1/ce59228a-6018-4a25-bd7d-7c0a8b88cade/signature.png,a79994f7-35d1-4a14-acf8-6d28fe77c64f,2026-05-13 11:10:00,2026-05-13 11:07:00,tester_02,2026-05-13 11:10:15,https://www.commcarehq.org/a/commcare-learn-ahmad/reports/form_data/ce59228a-6018-4a25-bd7d-7c0a8b88cade/,tester_02,3.0
734,99206475-ea19-4140-a3a5-1d7bd8911907,2026-04-20,Village Square,maize_seed fertilizer,4.2,,,72.4,,,https://www.commcarehq.org/a/commcare-learn-ahmad/api/form_attachment/v1/99206475-ea19-4140-a3a5-1d7bd8911907/signature.png,0e8221b9-8905-426c-8541-db08d8842187,2026-04-20 15:43:00,2026-04-20 15:40:00,tester_01,2026-04-20 15:43:13,https://www.commcarehq.org/a/commcare-learn-ahmad/reports/form_data/99206475-ea19-4140-a3a5-1d7bd8911907/,tester_01,3.0
735,03d1c996-fa4d-437e-abad-9beccee6681e,2026-08-07,Extension Office,groundnut_seed goats fertilizer,,,7.3,91.7,3,,https://www.commcarehq.org/a/commcare-learn-ahmad/api/form_attachment/v1/03d1c996-fa4d-437e-abad-9beccee6681e/signature.png,9d78af5a-ec45-48e9-aa5b-d9007a86eb6a,2026-08-07 12:57:00,2026-08-07 12:52:00,tester_02,2026-08-07 12:57:06,https://www.commcarehq.org/a/commcare-learn-ahmad/reports/form_data/03d1c996-fa4d-437e-abad-9beccee6681e/,tester_02,5.0
736,51d3e4e1-c1a2-4dfe-b987-6278065a0bfc,2026-07-18,Village Square,maize_seed rice_seed,8.8,6.9,,,,,https://www.commcarehq.org/a/commcare-learn-ahmad/api/form_attachment/v1/51d3e4e1-c1a2-4dfe-b987-6278065a0bfc/signature.png,90310c12-5ad9-4051-981e-8577b120241f,2026-07-18 09:08:00,2026-07-18 09:04:00,tester_03,2026-07-18 09:08:11,https://www.commcarehq.org/a/commcare-learn-ahmad/reports/form_data/51d3e4e1-c1a2-4dfe-b987-6278065a0bfc/,tester_03,4.0
737,f0c02696-c208-467a-b8ac-35287bd98098,2026-03-15,Extension Office,fertilizer rice_seed,,5.4,,27.3,,,https://www.commcarehq.org/a/commcare-learn-ahmad/api/form_attachment/v1/f0c02696-c208-467a-b8ac-35287bd98098/signature.png,e14dabeb-5865-4c9e-9c7b-db58ceb9be78,2026-03-15 12:03:00,2026-03-15 11:56:00,tester_01,2026-03-15 12:03:17,https://www.commcarehq.org/a/commcare-learn-ahmad/reports/form_data/f0c02696-c208-467a-b8ac-35287bd98098/,tester_01,7.0
738,f47003a8-bb62-4dac-a6ee-55e5de12d931,2026-07-11,Extension Office,fertilizer groundnut_seed,,,4.3,73.3,,,https://www.commcarehq.org/a/commcare-learn-ahmad/api/form_attachment/v1/f47003a8-bb62-4dac-a6ee-55e5de12d931/signature.png,d9d594d4-44a4-406f-a317-c8cceaa53689,2026-07-11 15:00:00,2026-07-11 14:58:00,tester_02,2026-07-11 15:00:07,https://www.commcarehq.org/a/commcare-learn-ahmad/reports/form_data/f47003a8-bb62-4dac-a6ee-55e5de12d931/,tester_02,2.0
739,6cf8d7d5-d8ba-4d22-a967-fc6aaceb9139,2026-09-29,Village Square,goats maize_seed fertilizer,8.9,,,50.7,1,,https://www.commcarehq.org/a/commcare-learn-ahmad/api/form_attachment/v1/6cf8d7d5-d8ba-4d22-a967-fc6aaceb9139/signature.png,c606ef11-4b54-43c6-b0cc-1f1b7ac83b31,2026-09-29 11:11:00,2026-09-29 11:07:00,tester_05,2026-09-29 11:11:09,https://www.commcarehq.org/a/commcare-learn-ahmad/reports/form_data/6cf8d7d5-d8ba-4d22-a967-fc6aaceb9139/,tester_05,4.0
740,468a6b5f-7624-4903-b229-67f3fd1b87fb,2026-06-16,Community Hall,groundnut_seed,,,7.7,,,,https://www.commcarehq.org/a/commcare-learn-ahmad/api/form_attachment/v1/468a6b5f-7624-4903-b229-67f3fd1b87fb/signature.png,1de595e0-3f8a-4994-8bea-600a0b1c3bb9,2026-06-16 09:13:00,2026-06-16 09:06:00,tester_04,2026-06-16 09:13:08,https://www.commcarehq.org/a/commcare-learn-ahmad/reports/form_data/468a6b5f-7624-4903-b229-67f3fd1b87fb/,tester_04,7.0
741,c4f0e278-4e7b-42bb-b34b-7bf8f41a9643,2026-08-06,Primary School,goats rice_seed,,9.4,,,2,,https://www.commcarehq.org/a/commcare-learn-ahmad/api/form_attachment/v1/c4f0e278-4e7b-42bb-b34b-7bf8f41a9643/signature.png,d52ff775-3349-41fe-a333-f5f60b7c9262,2026-08-06 08:27:00,2026-08-06 08:19:00,tester_03,2026-08-06 08:27:08,https://www.commcarehq.org/a/commcare-learn-ahmad/reports/form_data/c4f0e278-4e7b-42bb-b34b-7bf8f41a9643/,tester_03,8.0
742,696c3029-25a4-481b-afc2-448f5de0e514,2026-09-30,Community Hall,fertilizer rice_seed maize_seed,7.7,7.7,,37.1,,,https://www.commcarehq.org/a/commcare-learn-ahmad/api/form_attachment/v1/696c3029-25a4-481b-afc2-448f5de0e514/signature.png,bca1d8f1-ab74-4f09-b690-323409c60923,2026-09-30 11:27:00,2026-09-30 11:24:00,tester_01,2026-09-30 11:27:08,https://www.commcarehq.org/a/commcare-learn-ahmad/reports/form_data/696c3029-25a4-481b-afc2-448f5de0e514/,tester_01,3.0
743,e3e8a844-1412-485c-bc98-a0fb9eb9a490,2026-04-21,Extension Office,groundnut_seed,,,3.5,,,,https://www.commcarehq.org/a/commcare-learn-ahmad/api/form_attachment/v1/e3e8a844-1412-485c-bc98-a0fb9eb9a490/signature.png,28eaf10e-c521-4a41-8409-a14c00292a66,2026-04-21 12:22:00,2026-04-21 12:18:00,tester_06,2026-04-21 12:22:10,https://www.commcarehq.org/a/commcare-learn-ahmad/reports/form_data/e3e8a844-1412-485c-bc98-a0fb9eb9a490/,tester_06,4.0
744,cdcad0d6-6b93-47f6-b750-73af38d6927a,2026-06-16,Village Square,groundnut_seed goats fertilizer,,,6.8,41.4,1,,https://www.commcarehq.org/a/commcare-learn-ahmad/api/form_attachment/v1/cdcad0d6-6b93-47f6-b750-73af38d6927a/signature.png,0768c9f0-a45b-4c0b-adf9-47e00aff4ebf,2026-06-16 14:00:00,2026-06-16 13:54:00,tester_02,2026-06-16 14:00:06,https://www.commcarehq.org/a/commcare-learn-ahmad/reports/form_data/cdcad0d6-6b93-47f6-b750-73af38d6927a/,tester_02,6.0
745,abf2a7ac-44aa-49f6-931d-bac30a92f1aa,2026-06-28,Primary School,fertilizer goats rabbits,,,,46.0,1,1,https://www.commcarehq.org/a/commcare-learn-ahmad/api/form_attachment/v1/abf2a7ac-44aa-49f6-931d-bac30a92f1aa/signature.png,0e05201d-9c07-47a0-a135-bdf37f059b58,2026-06-28 12:57:00,2026-06-28 12:53:00,tester_03,2026-06-28 12:57:16,https://www.commcarehq.org/a/commcare-learn-ahmad/reports/form_data/abf2a7ac-44aa-49f6-931d-bac30a92f1aa/,tester_03,4.0
746,14d73823-ce2c-4453-b37c-a6e020a66528,2026-03-24,Extension Office,groundnut_seed rabbits fertilizer maize_seed,7.7,,7.3,44.1,,3,https://www.commcarehq.org/a/commcare-learn-ahmad/api/form_attachment/v1/14d73823-ce2c-4453-b37c-a6e020a66528/signature.png,c3f1b264-a57e-4f7e-8069-240bb9fa0682,2026-03-24 14:29:00,2026-03-24 14:22:00,tester_04,2026-03-24 14:29:17,https://www.commcarehq.org/a/commcare-learn-ahmad/reports/form_data/14d73823-ce2c-4453-b37c-a6e020a66528/,tester_04,7.0
747,f5420f61-046e-4a63-807d-e38fea8b03bd,2026-03-23,Extension Office,groundnut_seed,,,4.9,,,,https://www.commcarehq.org/a/commcare-learn-ahmad/api/form_attachment/v1/f5420f61-046e-4a63-807d-e38fea8b03bd/signature.png,027b5c8f-7679-418b-b686-a21a5e8b9f27,2026-03-23 14:09:00,2026-03-23 14:03:00,tester_02,2026-03-23 14:09:11,https://www.commcarehq.org/a/commcare-learn-ahmad/reports/form_data/f5420f61-046e-4a63-807d-e38fea8b03bd/,tester_02,6.0
748,a7e5cc78-57b6-472b-8e78-ce14ec114e58,2026-04-29,Community Hall,fertilizer groundnut_seed goats,,,3.9,69.1,2,,https://www.commcarehq.org/a/commcare-learn-ahmad/api/form_attachment/v1/a7e5cc78-57b6-472b-8e78-ce14ec114e58/signature.png,b591592f-f5a2-4964-ab92-2cd91abdb585,2026-04-29 15:42:00,2026-04-29 15:36:00,tester_03,2026-04-29 15:42:13,https://www.commcarehq.org/a/commcare-learn-ahmad/reports/form_data/a7e5cc78-57b6-472b-8e78-ce14ec114e58/,tester_03,6.0
749,30311efc-0b88-437d-bf32-bba9a2e1a76d,2026-07-12,Village Square,rice_seed,,5.4,,,,,https://www.commcarehq.org/a/commcare-learn-ahmad/api/form_attachment/v1/30311efc-0b88-437d-bf32-bba9a2e1a76d/signature.png,ad1583a0-b36c-4f11-9017-f4daa06ee598,2026-07-12 13:26:00,2026-07-12 13:23:00,tester_07,2026-07-12 13:26:09,https://www.commcarehq.org/a/commcare-learn-ahmad/reports/form_data/30311efc-0b88-437d-bf32-bba9a2e1a76d/,tester_07,3.0
750,cc83963d-1845-43d9-993d-1f7e96819ee3,2026-04-02,Village Square,rice_seed goats,,9.3,,,1,,https://www.commcarehq.org/a/commcare-learn-ahmad/api/form_attachment/v1/cc83963d-1845-43d9-993d-1f7e96819ee3/signature.png,d26d83c9-af88-4c6c-ac48-18bf7b97607e,2026-04-02 15:45:00,2026-04-02 15:37:00,tester_05,2026-04-02 15:45:18,https://www.commcarehq.org/a/commcare-learn-ahmad/reports/form_data/cc83963d-1845-43d9-993d-1f7e96819ee3/,tester_05,8.0
751,d2fd6f78-76e9-455c-92c2-fbed637b2be0,2026-05-09,Extension Office,maize_seed fertilizer rabbits,8.5,,,35.8,,4,https://www.commcarehq.org/a/commcare-learn-ahmad/api/form_attachment/v1/d2fd6f78-76e9-455c-92c2-fbed637b2be0/signature.png,6a7a0c99-cf85-4e66-b767-9fe74e83211f,2026-05-09 08:16:00,2026-05-09 08:09:00,tester_06,2026-05-09 08:16:17,https://www.commcarehq.org/a/commcare-learn-ahmad/reports/form_data/d2fd6f78-76e9-455c-92c2-fbed637b2be0/,tester_06,7.0
752,02eea00b-b938-49a1-99b6-b39322ef7e65,2026-04-08,Farmer Cooperative Centre,maize_seed rice_seed fertilizer,9.6,4.5,,71.2,,,https://www.commcarehq.org/a/commcare-learn-ahmad/api/form_attachment/v1/02eea00b-b938-49a1-99b6-b39322ef7e65/signature.png,cbc85581-7678-4cc5-b93c-db05728a8cbb,2026-04-08 11:56:00,2026-04-08 11:52:00,tester_05,2026-04-08 11:56:19,https://www.commcarehq.org/a/commcare-learn-ahmad/reports/form_data/02eea00b-b938-49a1-99b6-b39322ef7e65/,tester_05,4.0
753,310440b9-0cab-4ab6-a18f-8cba5160c1cb,2026-08-22,Village Square,fertilizer maize_seed,3.0,,,51.0,,,https://www.commcarehq.org/a/commcare-learn-ahmad/api/form_attachment/v1/310440b9-0cab-4ab6-a18f-8cba5160c1cb/signature.png,c45f3e55-7c5b-4911-974e-155adfac32c2,2026-08-22 11:25:00,2026-08-22 11:23:00,tester_03,2026-08-22 11:25:05,https://www.commcarehq.org/a/commcare-learn-ahmad/reports/form_data/310440b9-0cab-4ab6-a18f-8cba5160c1cb/,tester_03,2.0
754,191efec4-8ff0-4be3-b1a1-018e69f382f1,2026-02-06,Village Square,rabbits,,,,,,4,https://www.commcarehq.org/a/commcare-learn-ahmad/api/form_attachment/v1/191efec4-8ff0-4be3-b1a1-018e69f382f1/signature.png,9bd7d9d8-3fe4-489a-99f4-d9106bba11f0,2026-02-06 08:07:00,2026-02-06 08:00:00,tester_01,2026-02-06 08:07:16,https://www.commcarehq.org/a/commcare-learn-ahmad/reports/form_data/191efec4-8ff0-4be3-b1a1-018e69f382f1/,tester_01,7.0
755,8b968979-a6db-4a8c-a389-280096382c6e,2026-10-07,Farmer Cooperative Centre,groundnut_seed rice_seed,,6.8,7.3,,,,https://www.commcarehq.org/a/commcare-learn-ahmad/api/form_attachment/v1/8b968979-a6db-4a8c-a389-280096382c6e/signature.png,75a100dc-ee81-43f0-8eaa-c49198ca2384,2026-10-07 16:07:00,2026-10-07 16:00:00,tester_03,2026-10-07 16:07:11,https://www.commcarehq.org/a/commcare-learn-ahmad/reports/form_data/8b968979-a6db-4a8c-a389-280096382c6e/,tester_03,7.0
756,026b4b2d-cc9b-44fb-806b-ba89c69de0e1,2026-04-21,Primary School,maize_seed rice_seed fertilizer,9.9,2.1,,44.8,,,https://www.commcarehq.org/a/commcare-learn-ahmad/api/form_attachment/v1/026b4b2d-cc9b-44fb-806b-ba89c69de0e1/signature.png,97b838b7-5cef-4543-be18-97400855dcc8,2026-04-21 13:46:00,2026-04-21 13:41:00,tester_03,2026-04-21 13:46:10,https://www.commcarehq.org/a/commcare-learn-ahmad/reports/form_data/026b4b2d-cc9b-44fb-806b-ba89c69de0e1/,tester_03,5.0
757,2c5cac96-a1a7-4c00-bb58-e1570d40ffca,2026-09-28,Extension Office,rice_seed goats groundnut_seed,,9.3,4.8,,3,,https://www.commcarehq.org/a/commcare-learn-ahmad/api/form_attachment/v1/2c5cac96-a1a7-4c00-bb58-e1570d40ffca/signature.png,d941422d-10d7-44c9-9c46-5129152a6568,2026-09-28 10:37:00,2026-09-28 10:32:00,tester_04,2026-09-28 10:37:13,https://www.commcarehq.org/a/commcare-learn-ahmad/reports/form_data/2c5cac96-a1a7-4c00-bb58-e1570d40ffca/,tester_04,5.0
758,90833328-c4f9-4d56-b23f-e98a9b0581f8,2026-06-04,Village Square,fertilizer maize_seed,9.4,,,94.3,,,https://www.commcarehq.org/a/commcare-learn-ahmad/api/form_attachment/v1/90833328-c4f9-4d56-b23f-e98a9b0581f8/signature.png,83b97586-9e72-428b-8254-5c60495c4d57,2026-06-04 08:31:00,2026-06-04 08:29:00,tester_01,2026-06-04 08:31:15,https://www.commcarehq.org/a/commcare-learn-ahmad/reports/form_data/90833328-c4f9-4d56-b23f-e98a9b0581f8/,tester_01,2.0
759,9d93abc8-ec5a-47b3-aed7-3b95a1a48478,2026-03-18,Extension Office,maize_seed rice_seed fertilizer,3.4,5.8,,77.4,,,https://www.commcarehq.org/a/commcare-learn-ahmad/api/form_attachment/v1/9d93abc8-ec5a-47b3-aed7-3b95a1a48478/signature.png,6984c36d-0aa1-41c5-bcdd-25d0098986d2,2026-03-18 13:30:00,2026-03-18 13:25:00,tester_03,2026-03-18 13:30:15,https://www.commcarehq.org/a/commcare-learn-ahmad/reports/form_data/9d93abc8-ec5a-47b3-aed7-3b95a1a48478/,tester_03,5.0
760,a0bcbad1-c583-4023-a99b-78e613b2eaf6,2026-03-30,Primary School,fertilizer,,,,80.0,,,https://www.commcarehq.org/a/commcare-learn-ahmad/api/form_attachment/v1/a0bcbad1-c583-4023-a99b-78e613b2eaf6/signature.png,8150f6ba-cd01-45c0-a79b-bf44d82ee1fc,2026-03-30 09:05:00,2026-03-30 08:58:00,tester_01,2026-03-30 09:05:20,https://www.commcarehq.org/a/commcare-learn-ahmad/reports/form_data/a0bcbad1-c583-4023-a99b-78e613b2eaf6/,tester_01,7.0
761,eccda134-71a8-41f9-a321-6511bb90f338,2026-07-24,Village Square,maize_seed fertilizer rice_seed groundnut_seed,6.3,8.0,3.2,61.3,,,https://www.commcarehq.org/a/commcare-learn-ahmad/api/form_attachment/v1/eccda134-71a8-41f9-a321-6511bb90f338/signature.png,0c91e53d-6814-4264-876e-65353859af4c,2026-07-24 11:23:00,2026-07-24 11:20:00,tester_06,2026-07-24 11:23:17,https://www.commcarehq.org/a/commcare-learn-ahmad/reports/form_data/eccda134-71a8-41f9-a321-6511bb90f338/,tester_06,3.0
762,16ba8be8-cb4e-4018-9a11-068bf9825ff1,2026-04-22,Extension Office,fertilizer maize_seed,3.2,,,61.0,,,https://www.commcarehq.org/a/commcare-learn-ahmad/api/form_attachment/v1/16ba8be8-cb4e-4018-9a11-068bf9825ff1/signature.png,dcca8825-a678-4848-9377-8f64fe68ccab,2026-04-22 12:59:00,2026-04-22 12:54:00,tester_07,2026-04-22 12:59:09,https://www.commcarehq.org/a/commcare-learn-ahmad/reports/form_data/16ba8be8-cb4e-4018-9a11-068bf9825ff1/,tester_07,5.0
763,077bd710-747a-4696-a3ea-406c8abeeacf,2026-04-17,Farmer Cooperative Centre,fertilizer rabbits groundnut_seed,,,2.0,75.1,,2,https://www.commcarehq.org/a/commcare-learn-ahmad/api/form_attachment/v1/077bd710-747a-4696-a3ea-406c8abeeacf/signature.png,433eeedb-273f-4ab5-8c36-1c0de93c8298,2026-04-17 15:25:00,2026-04-17 15:17:00,tester_06,2026-04-17 15:25:07,https://www.commcarehq.org/a/commcare-learn-ahmad/reports/form_data/077bd710-747a-4696-a3ea-406c8abeeacf/,tester_06,8.0
764,b84700a6-79e6-43a3-9515-30b0babcb9b3,2026-07-25,Farmer Cooperative Centre,goats,,,,,3,,https://www.commcarehq.org/a/commcare-learn-ahmad/api/form_attachment/v1/b84700a6-79e6-43a3-9515-30b0babcb9b3/signature.png,db9395fb-83cf-43cc-af00-7c31e07ace66,2026-07-25 10:26:00,2026-07-25 10:20:00,tester_01,2026-07-25 10:26:18,https://www.commcarehq.org/a/commcare-learn-ahmad/reports/form_data/b84700a6-79e6-43a3-9515-30b0babcb9b3/,tester_01,6.0
765,6d13fb98-20ef-4b04-8e05-93a59f906f8a,2026-08-07,Primary School,goats rice_seed,,3.6,,,1,,https://www.commcarehq.org/a/commcare-learn-ahmad/api/form_attachment/v1/6d13fb98-20ef-4b04-8e05-93a59f906f8a/signature.png,3ad08405-609a-4127-8507-d71b182fe4b2,2026-08-07 09:15:00,2026-08-07 09:11:00,tester_05,2026-08-07 09:15:10,https://www.commcarehq.org/a/commcare-learn-ahmad/reports/form_data/6d13fb98-20ef-4b04-8e05-93a59f906f8a/,tester_05,4.0
766,a8165738-aa5a-4d04-8979-9c0065178429,2026-05-08,Community Hall,rice_seed goats fertilizer,,4.4,,78.6,1,,https://www.commcarehq.org/a/commcare-learn-ahmad/api/form_attachment/v1/a8165738-aa5a-4d04-8979-9c0065178429/signature.png,c4186a88-11ba-40b1-af01-0b87e9be360e,2026-05-08 11:55:00,2026-05-08 11:53:00,tester_06,2026-05-08 11:55:07,https://www.commcarehq.org/a/commcare-learn-ahmad/reports/form_data/a8165738-aa5a-4d04-8979-9c0065178429/,tester_06,2.0
767,8315787d-0314-4894-aae8-ec12d414bcda,2026-04-01,Village Square,rice_seed,,6.5,,,,,https://www.commcarehq.org/a/commcare-learn-ahmad/api/form_attachment/v1/8315787d-0314-4894-aae8-ec12d414bcda/signature.png,7c25793e-e925-488b-9fa4-094bedd6582b,2026-04-01 15:17:00,2026-04-01 15:15:00,tester_03,2026-04-01 15:17:15,https://www.commcarehq.org/a/commcare-learn-ahmad/reports/form_data/8315787d-0314-4894-aae8-ec12d414bcda/,tester_03,2.0
768,c7ae3469-ce2d-4de6-b8d0-fb4d97c7e6a0,2026-03-22,Primary School,fertilizer,,,,99.1,,,https://www.commcarehq.org/a/commcare-learn-ahmad/api/form_attachment/v1/c7ae3469-ce2d-4de6-b8d0-fb4d97c7e6a0/signature.png,60406fbe-fa33-44ce-b711-726adedfad51,2026-03-22 09:03:00,2026-03-22 08:57:00,tester_02,2026-03-22 09:03:20,https://www.commcarehq.org/a/commcare-learn-ahmad/reports/form_data/c7ae3469-ce2d-4de6-b8d0-fb4d97c7e6a0/,tester_02,6.0
769,7d1ece45-94e7-4813-a2e8-f42fae2d2d93,2026-06-28,Village Square,fertilizer,,,,41.2,,,https://www.commcarehq.org/a/commcare-learn-ahmad/api/form_attachment/v1/7d1ece45-94e7-4813-a2e8-f42fae2d2d93/signature.png,c89c8c21-ad41-4833-85a8-6fa14bf81bfe,2026-06-28 12:51:00,2026-06-28 12:49:00,tester_06,2026-06-28 12:51:16,https://www.commcarehq.org/a/commcare-learn-ahmad/reports/form_data/7d1ece45-94e7-4813-a2e8-f42fae2d2d93/,tester_06,2.0
770,60be8b1d-9d0f-4d7b-ba4b-10327405f190,2026-04-16,Village Square,groundnut_seed maize_seed fertilizer rice_seed,3.8,8.1,3.4,35.4,,,https://www.commcarehq.org/a/commcare-learn-ahmad/api/form_attachment/v1/60be8b1d-9d0f-4d7b-ba4b-10327405f190/signature.png,164d9dfe-40ee-4a43-863f-b4635ae07cca,2026-04-16 10:13:00,2026-04-16 10:09:00,tester_02,2026-04-16 10:13:14,https://www.commcarehq.org/a/commcare-learn-ahmad/reports/form_data/60be8b1d-9d0f-4d7b-ba4b-10327405f190/,tester_02,4.0
771,a153fe42-8489-4b06-83af-a068baf7fa66,2026-05-20,Community Hall,rabbits,,,,,,1,https://www.commcarehq.org/a/commcare-learn-ahmad/api/form_attachment/v1/a153fe42-8489-4b06-83af-a068baf7fa66/signature.png,11cd5836-40e3-403a-9672-1b307d5cf652,2026-05-20 08:43:00,2026-05-20 08:36:00,tester_07,2026-05-20 08:43:15,https://www.commcarehq.org/a/commcare-learn-ahmad/reports/form_data/a153fe42-8489-4b06-83af-a068baf7fa66/,tester_07,7.0
772,7329d342-6065-4849-991a-21ec3a96ae7d,2026-08-20,Primary School,maize_seed,7.6,,,,,,https://www.commcarehq.org/a/commcare-learn-ahmad/api/form_attachment/v1/7329d342-6065-4849-991a-21ec3a96ae7d/signature.png,6062a516-0cdd-4d0e-bce8-ad818223d093,2026-08-20 10:02:00,2026-08-20 09:54:00,tester_06,2026-08-20 10:02:11,https://www.commcarehq.org/a/commcare-learn-ahmad/reports/form_data/7329d342-6065-4849-991a-21ec3a96ae7d/,tester_06,8.0
773,94e89107-3cc4-4b49-837a-5f017e73f094,2026-08-11,Farmer Cooperative Centre,fertilizer,,,,41.4,,,https://www.commcarehq.org/a/commcare-learn-ahmad/api/form_attachment/v1/94e89107-3cc4-4b49-837a-5f017e73f094/signature.png,434ab9a7-ad08-47a8-9282-7b0326c173a1,2026-08-11 11:22:00,2026-08-11 11:16:00,tester_02,2026-08-11 11:22:17,https://www.commcarehq.org/a/commcare-learn-ahmad/reports/form_data/94e89107-3cc4-4b49-837a-5f017e73f094/,tester_02,6.0
774,93156489-d40d-4849-93fd-ae53e07b3888,2026-07-31,Community Hall,rice_seed,,8.9,,,,,https://www.commcarehq.org/a/commcare-learn-ahmad/api/form_attachment/v1/93156489-d40d-4849-93fd-ae53e07b3888/signature.png,a918f6a7-68b6-44c7-a82b-94f983893b1e,2026-07-31 11:13:00,2026-07-31 11:08:00,tester_02,2026-07-31 11:13:07,https://www.commcarehq.org/a/commcare-learn-ahmad/reports/form_data/93156489-d40d-4849-93fd-ae53e07b3888/,tester_02,5.0
775,512ac10f-eae8-41b2-a908-f823ae9cd519,2026-07-30,Farmer Cooperative Centre,maize_seed,9.4,,,,,,https://www.commcarehq.org/a/commcare-learn-ahmad/api/form_attachment/v1/512ac10f-eae8-41b2-a908-f823ae9cd519/signature.png,f7647dda-64c4-4c0f-a1db-51603250a909,2026-07-30 15:19:00,2026-07-30 15:12:00,tester_07,2026-07-30 15:19:16,https://www.commcarehq.org/a/commcare-learn-ahmad/reports/form_data/512ac10f-eae8-41b2-a908-f823ae9cd519/,tester_07,7.0
776,658f1154-663d-4979-8231-1c4e1f393736,2026-06-23,Farmer Cooperative Centre,maize_seed fertilizer groundnut_seed rabbits goats rice_seed,9.1,9.8,4.7,36.4,1,1,https://www.commcarehq.org/a/commcare-learn-ahmad/api/form_attachment/v1/658f1154-663d-4979-8231-1c4e1f393736/signature.png,50877ec1-b06f-4a3d-a3f3-f5199d080b44,2026-06-23 11:34:00,2026-06-23 11:32:00,tester_03,2026-06-23 11:34:17,https://www.commcarehq.org/a/commcare-learn-ahmad/reports/form_data/658f1154-663d-4979-8231-1c4e1f393736/,tester_03,2.0
777,3b94c0ff-4d31-4409-9108-91d40eca5093,2026-04-30,Primary School,rice_seed fertilizer goats,,8.5,,71.5,2,,https://www.commcarehq.org/a/commcare-learn-ahmad/api/form_attachment/v1/3b94c0ff-4d31-4409-9108-91d40eca5093/signature.png,e7a1447d-9a4e-4e59-9f76-3d417417fb49,2026-04-30 10:14:00,2026-04-30 10:11:00,tester_01,2026-04-30 10:14:07,https://www.commcarehq.org/a/commcare-learn-ahmad/reports/form_data/3b94c0ff-4d31-4409-9108-91d40eca5093/,tester_01,3.0
778,50837f1e-6eec-4cd1-8ff2-01e88c5247da,2026-08-24,Village Square,rice_seed maize_seed goats,4.8,4.4,,,3,,https://www.commcarehq.org/a/commcare-learn-ahmad/api/form_attachment/v1/50837f1e-6eec-4cd1-8ff2-01e88c5247da/signature.png,043e7114-2fbc-44bd-9505-bebbdb32b248,2026-08-24 15:42:00,2026-08-24 15:35:00,tester_05,2026-08-24 15:42:05,https://www.commcarehq.org/a/commcare-learn-ahmad/reports/form_data/50837f1e-6eec-4cd1-8ff2-01e88c5247da/,tester_05,7.0
779,bce07ecc-c6fc-462b-8131-631a146233dc,2026-05-28,Village Square,rice_seed,,3.3,,,,,https://www.commcarehq.org/a/commcare-learn-ahmad/api/form_attachment/v1/bce07ecc-c6fc-462b-8131-631a146233dc/signature.png,77fdc364-5ade-436c-8d4f-888557c07d92,2026-05-28 13:48:00,2026-05-28 13:44:00,tester_07,2026-05-28 13:48:18,https://www.commcarehq.org/a/commcare-learn-ahmad/reports/form_data/bce07ecc-c6fc-462b-8131-631a146233dc/,tester_07,4.0
780,1c7a9673-fe83-4ed4-82d5-8648d4e7b1c6,2026-05-01,Village Square,groundnut_seed rice_seed goats rabbits,,4.7,5.3,,2,5,https://www.commcarehq.org/a/commcare-learn-ahmad/api/form_attachment/v1/1c7a9673-fe83-4ed4-82d5-8648d4e7b1c6/signature.png,cd886f99-a1d3-4145-86d6-b8173f23aee1,2026-05-01 08:52:00,2026-05-01 08:49:00,tester_04,2026-05-01 08:52:17,https://www.commcarehq.org/a/commcare-learn-ahmad/reports/form_data/1c7a9673-fe83-4ed4-82d5-8648d4e7b1c6/,tester_04,3.0
781,4ea244e4-463e-410d-acbd-44089cabd55e,2026-08-05,Primary School,fertilizer maize_seed,9.7,,,31.8,,,https://www.commcarehq.org/a/commcare-learn-ahmad/api/form_attachment/v1/4ea244e4-463e-410d-acbd-44089cabd55e/signature.png,c8b43ebc-1cbb-4585-8337-4c9344b72a2c,2026-08-05 13:24:00,2026-08-05 13:17:00,tester_02,2026-08-05 13:24:14,https://www.commcarehq.org/a/commcare-learn-ahmad/reports/form_data/4ea244e4-463e-410d-acbd-44089cabd55e/,tester_02,7.0
782,2690a895-9088-41e4-86a5-19e8412eee44,2026-09-24,Primary School,groundnut_seed,,,5.2,,,,https://www.commcarehq.org/a/commcare-learn-ahmad/api/form_attachment/v1/2690a895-9088-41e4-86a5-19e8412eee44/signature.png,96c19dbc-c570-4cfb-9b18-22b2f1f59e75,2026-09-24 11:30:00,2026-09-24 11:26:00,tester_07,2026-09-24 11:30:12,https://www.commcarehq.org/a/commcare-learn-ahmad/reports/form_data/2690a895-9088-41e4-86a5-19e8412eee44/,tester_07,4.0
783,f1343ead-5f77-426a-a25b-a8113bc6d7fd,2026-05-16,Farmer Cooperative Centre,groundnut_seed rabbits,,,3.3,,,4,https://www.commcarehq.org/a/commcare-learn-ahmad/api/form_attachment/v1/f1343ead-5f77-426a-a25b-a8113bc6d7fd/signature.png,10acc861-8be0-4c85-872a-3ebbe76bed89,2026-05-16 09:26:00,2026-05-16 09:18:00,tester_02,2026-05-16 09:26:13,https://www.commcarehq.org/a/commcare-learn-ahmad/reports/form_data/f1343ead-5f77-426a-a25b-a8113bc6d7fd/,tester_02,8.0
784,2b4bbadb-0888-46d4-9634-af8c10717c3b,2026-05-26,Farmer Cooperative Centre,maize_seed fertilizer,5.6,,,82.9,,,https://www.commcarehq.org/a/commcare-learn-ahmad/api/form_attachment/v1/2b4bbadb-0888-46d4-9634-af8c10717c3b/signature.png,89282000-cd78-42d1-ae29-0f2a478faa3e,2026-05-26 12:55:00,2026-05-26 12:48:00,tester_01,2026-05-26 12:55:15,https://www.commcarehq.org/a/commcare-learn-ahmad/reports/form_data/2b4bbadb-0888-46d4-9634-af8c10717c3b/,tester_01,7.0
785,87c8155a-9d23-45b6-91a8-c69f8213c613,2026-05-10,Extension Office,groundnut_seed,,,6.5,,,,https://www.commcarehq.org/a/commcare-learn-ahmad/api/form_attachment/v1/87c8155a-9d23-45b6-91a8-c69f8213c613/signature.png,5edf8724-cdb2-4037-96de-82a2fde09ac6,2026-05-10 13:32:00,2026-05-10 13:26:00,tester_03,2026-05-10 13:32:15,https://www.commcarehq.org/a/commcare-learn-ahmad/reports/form_data/87c8155a-9d23-45b6-91a8-c69f8213c613/,tester_03,6.0
786,d8e2abbc-60ca-4b3e-95e1-157086de8668,2026-03-26,Community Hall,groundnut_seed,,,4.9,,,,https://www.commcarehq.org/a/commcare-learn-ahmad/api/form_attachment/v1/d8e2abbc-60ca-4b3e-95e1-157086de8668/signature.png,a2db4e4b-4b70-4d20-b4d9-3f205499576c,2026-03-26 13:28:00,2026-03-26 13:24:00,tester_05,2026-03-26 13:28:12,https://www.commcarehq.org/a/commcare-learn-ahmad/reports/form_data/d8e2abbc-60ca-4b3e-95e1-157086de8668/,tester_05,4.0
787,04d593ea-7c61-47a6-879a-9aad4a9494fb,2026-07-08,Farmer Cooperative Centre,rice_seed goats fertilizer,,4.3,,62.4,2,,https://www.commcarehq.org/a/commcare-learn-ahmad/api/form_attachment/v1/04d593ea-7c61-47a6-879a-9aad4a9494fb/signature.png,302d6535-f2d0-4db0-a7be-886e6df11810,2026-07-08 13:53:00,2026-07-08 13:46:00,tester_05,2026-07-08 13:53:07,https://www.commcarehq.org/a/commcare-learn-ahmad/reports/form_data/04d593ea-7c61-47a6-879a-9aad4a9494fb/,tester_05,7.0
788,67892299-23e3-45cf-9e62-e19966920251,2026-03-03,Community Hall,maize_seed fertilizer,4.1,,,77.9,,,https://www.commcarehq.org/a/commcare-learn-ahmad/api/form_attachment/v1/67892299-23e3-45cf-9e62-e19966920251/signature.png,bb2f2fba-7553-4001-a878-41628eb18d52,2026-03-03 12:35:00,2026-03-03 12:27:00,tester_04,2026-03-03 12:35:12,https://www.commcarehq.org/a/commcare-learn-ahmad/reports/form_data/67892299-23e3-45cf-9e62-e19966920251/,tester_04,8.0
789,ed98d3be-9c4a-4590-9b72-186eb38378c9,2026-04-13,Extension Office,rice_seed maize_seed,6.9,6.7,,,,,https://www.commcarehq.org/a/commcare-learn-ahmad/api/form_attachment/v1/ed98d3be-9c4a-4590-9b72-186eb38378c9/signature.png,759990e2-009c-407a-8ff4-7a12bfe8b0fe,2026-04-13 08:50:00,2026-04-13 08:46:00,tester_02,2026-04-13 08:50:06,https://www.commcarehq.org/a/commcare-learn-ahmad/reports/form_data/ed98d3be-9c4a-4590-9b72-186eb38378c9/,tester_02,4.0
790,9614e639-ba96-4502-bb99-7605dc925737,2026-05-09,Farmer Cooperative Centre,groundnut_seed,,,7.2,,,,https://www.commcarehq.org/a/commcare-learn-ahmad/api/form_attachment/v1/9614e639-ba96-4502-bb99-7605dc925737/signature.png,a3ebcfd9-c94d-4b5a-b23d-c9d8838a0765,2026-05-09 14:24:00,2026-05-09 14:22:00,tester_01,2026-05-09 14:24:07,https://www.commcarehq.org/a/commcare-learn-ahmad/reports/form_data/9614e639-ba96-4502-bb99-7605dc925737/,tester_01,2.0
791,626ec9f4-acc4-45d9-8d6d-1f94fcbf9235,2026-06-22,Primary School,groundnut_seed fertilizer rabbits,,,6.9,78.4,,5,https://www.commcarehq.org/a/commcare-learn-ahmad/api/form_attachment/v1/626ec9f4-acc4-45d9-8d6d-1f94fcbf9235/signature.png,e4869484-01df-4181-b464-252265c7fce0,2026-06-22 11:15:00,2026-06-22 11:12:00,tester_06,2026-06-22 11:15:09,https://www.commcarehq.org/a/commcare-learn-ahmad/reports/form_data/626ec9f4-acc4-45d9-8d6d-1f94fcbf9235/,tester_06,3.0
792,1467f32b-463f-406b-b229-5afe7e7fa72b,2026-05-09,Community Hall,fertilizer,,,,69.7,,,https://www.commcarehq.org/a/commcare-learn-ahmad/api/form_attachment/v1/1467f32b-463f-406b-b229-5afe7e7fa72b/signature.png,3f718d97-c244-4e14-a445-f245b4c6e680,2026-05-09 09:55:00,2026-05-09 09:48:00,tester_06,2026-05-09 09:55:16,https://www.commcarehq.org/a/commcare-learn-ahmad/reports/form_data/1467f32b-463f-406b-b229-5afe7e7fa72b/,tester_06,7.0
793,bbeb8311-4887-4f21-be3e-5b33596b1aac,2026-05-13,Village Square,groundnut_seed fertilizer maize_seed,7.1,,5.4,44.0,,,https://www.commcarehq.org/a/commcare-learn-ahmad/api/form_attachment/v1/bbeb8311-4887-4f21-be3e-5b33596b1aac/signature.png,ad6fdda4-c5de-4e33-b56e-e5003bb545ff,2026-05-13 11:25:00,2026-05-13 11:18:00,tester_07,2026-05-13 11:25:14,https://www.commcarehq.org/a/commcare-learn-ahmad/reports/form_data/bbeb8311-4887-4f21-be3e-5b33596b1aac/,tester_07,7.0
794,1b09b746-907a-49a9-9a73-faf379b3baef,2026-09-30,Extension Office,groundnut_seed goats rice_seed,,4.1,2.6,,1,,https://www.commcarehq.org/a/commcare-learn-ahmad/api/form_attachment/v1/1b09b746-907a-49a9-9a73-faf379b3baef/signature.png,84a11a8d-1788-4c01-8cc6-f7c163a9b79c,2026-09-30 12:39:00,2026-09-30 12:34:00,tester_07,2026-09-30 12:39:05,https://www.commcarehq.org/a/commcare-learn-ahmad/reports/form_data/1b09b746-907a-49a9-9a73-faf379b3baef/,tester_07,5.0
795,93b8842f-b473-43e1-ab18-d20a01abaa57,2026-07-24,Village Square,rabbits groundnut_seed,,,5.6,,,4,https://www.commcarehq.org/a/commcare-learn-ahmad/api/form_attachment/v1/93b8842f-b473-43e1-ab18-d20a01abaa57/signature.png,951a3b7a-4701-4307-9a23-43adcfeada68,2026-07-24 09:55:00,2026-07-24 09:52:00,tester_07,2026-07-24 09:55:08,https://www.commcarehq.org/a/commcare-learn-ahmad/reports/form_data/93b8842f-b473-43e1-ab18-d20a01abaa57/,tester_07,3.0
796,897084d0-bccc-430b-9e82-31cc86bd6653,2026-07-22,Farmer Cooperative Centre,maize_seed fertilizer,3.5,,,86.8,,,https://www.commcarehq.org/a/commcare-learn-ahmad/api/form_attachment/v1/897084d0-bccc-430b-9e82-31cc86bd6653/signature.png,1e02d15f-828c-4fc2-94c0-9047986abd37,2026-07-22 11:21:00,2026-07-22 11:18:00,tester_04,2026-07-22 11:21:14,https://www.commcarehq.org/a/commcare-learn-ahmad/reports/form_data/897084d0-bccc-430b-9e82-31cc86bd6653/,tester_04,3.0
797,38cd6565-d5c5-4605-902b-3012ad65f09c,2026-04-15,Extension Office,maize_seed groundnut_seed rice_seed fertilizer,7.7,5.7,3.2,33.7,,,https://www.commcarehq.org/a/commcare-learn-ahmad/api/form_attachment/v1/38cd6565-d5c5-4605-902b-3012ad65f09c/signature.png,559ce5d2-e08c-43e2-b027-8997db2b2107,2026-04-15 09:41:00,2026-04-15 09:36:00,tester_06,2026-04-15 09:41:11,https://www.commcarehq.org/a/commcare-learn-ahmad/reports/form_data/38cd6565-d5c5-4605-902b-3012ad65f09c/,tester_06,5.0
798,23fee468-f6d3-4083-ad7a-395115aa4c69,2026-04-04,Primary School,maize_seed fertilizer,8.9,,,32.4,,,https://www.commcarehq.org/a/commcare-learn-ahmad/api/form_attachment/v1/23fee468-f6d3-4083-ad7a-395115aa4c69/signature.png,066c6a91-2c7c-4fa0-803d-9d4aefe959b9,2026-04-04 12:34:00,2026-04-04 12:31:00,tester_03,2026-04-04 12:34:06,https://www.commcarehq.org/a/commcare-learn-ahmad/reports/form_data/23fee468-f6d3-4083-ad7a-395115aa4c69/,tester_03,3.0
799,5e88f010-b02d-4d74-96cc-c7410d2c7a57,2026-03-07,Village Square,groundnut_seed fertilizer maize_seed,3.0,,2.6,29.2,,,https://www.commcarehq.org/a/commcare-learn-ahmad/api/form_attachment/v1/5e88f010-b02d-4d74-96cc-c7410d2c7a57/signature.png,910f3447-73a4-4ba7-8239-6f28a079dfae,2026-03-07 14:53:00,2026-03-07 14:46:00,tester_05,2026-03-07 14:53:10,https://www.commcarehq.org/a/commcare-learn-ahmad/reports/form_data/5e88f010-b02d-4d74-96cc-c7410d2c7a57/,tester_05,7.0
800,98a98ed2-0777-48c8-ba0e-0949806ba1fd,2026-06-09,Primary School,groundnut_seed,,,4.6,,,,https://www.commcarehq.org/a/commcare-learn-ahmad/api/form_attachment/v1/98a98ed2-0777-48c8-ba0e-0949806ba1fd/signature.png,78c3d995-556e-41b3-a9d0-8a3127e03e78,2026-06-09 14:53:00,2026-06-09 14:45:00,tester_02,2026-06-09 14:53:12,https://www.commcarehq.org/a/commcare-learn-ahmad/reports/form_data/98a98ed2-0777-48c8-ba0e-0949806ba1fd/,tester_02,8.0
801,a8b8e62e-4386-4564-aee2-7acb2efc3177,2026-06-12,Farmer Cooperative Centre,maize_seed goats,7.4,,,,2,,https://www.commcarehq.org/a/commcare-learn-ahmad/api/form_attachment/v1/a8b8e62e-4386-4564-aee2-7acb2efc3177/signature.png,9033ef68-176e-4bdb-ad43-f73e48211e18,2026-06-12 15:27:00,2026-06-12 15:20:00,tester_02,2026-06-12 15:27:06,https://www.commcarehq.org/a/commcare-learn-ahmad/reports/form_data/a8b8e62e-4386-4564-aee2-7acb2efc3177/,tester_02,7.0
802,67d9dcbc-47e8-4898-9362-f356037475dd,2026-05-08,Farmer Cooperative Centre,rabbits,,,,,,5,https://www.commcarehq.org/a/commcare-learn-ahmad/api/form_attachment/v1/67d9dcbc-47e8-4898-9362-f356037475dd/signature.png,c702172c-3323-4ba0-99b3-1e8ebad6981c,2026-05-08 12:19:00,2026-05-08 12:16:00,tester_04,2026-05-08 12:19:10,https://www.commcarehq.org/a/commcare-learn-ahmad/reports/form_data/67d9dcbc-47e8-4898-9362-f356037475dd/,tester_04,3.0
803,f25529ae-fb34-4e32-b908-e5b4b748e3bc,2026-09-18,Village Square,rice_seed fertilizer goats,,5.2,,85.0,1,,https://www.commcarehq.org/a/commcare-learn-ahmad/api/form_attachment/v1/f25529ae-fb34-4e32-b908-e5b4b748e3bc/signature.png,bcec9459-0eac-47c7-af37-5eb0c1d0fc41,2026-09-18 13:21:00,2026-09-18 13:16:00,tester_04,2026-09-18 13:21:06,https://www.commcarehq.org/a/commcare-learn-ahmad/reports/form_data/f25529ae-fb34-4e32-b908-e5b4b748e3bc/,tester_04,5.0
804,61e1074f-895e-4872-9204-305b28d63501,2026-09-10,Farmer Cooperative Centre,maize_seed goats fertilizer rice_seed,5.8,4.8,,40.3,1,,https://www.commcarehq.org/a/commcare-learn-ahmad/api/form_attachment/v1/61e1074f-895e-4872-9204-305b28d63501/signature.png,6221da4f-de75-414c-9a9e-cc54d8efd325,2026-09-10 09:57:00,2026-09-10 09:50:00,tester_05,2026-09-10 09:57:19,https://www.commcarehq.org/a/commcare-learn-ahmad/reports/form_data/61e1074f-895e-4872-9204-305b28d63501/,tester_05,7.0
805,9704cefb-ab99-4504-a271-ca7cfd1df7ad,2026-04-24,Village Square,rice_seed,,7.8,,,,,https://www.commcarehq.org/a/commcare-learn-ahmad/api/form_attachment/v1/9704cefb-ab99-4504-a271-ca7cfd1df7ad/signature.png,e8cd5a0b-6ebb-41c4-8fac-e9eb2290cfb9,2026-04-24 12:03:00,2026-04-24 12:01:00,tester_04,2026-04-24 12:03:18,https://www.commcarehq.org/a/commcare-learn-ahmad/reports/form_data/9704cefb-ab99-4504-a271-ca7cfd1df7ad/,tester_04,2.0
806,3120c186-cb20-4e11-acea-a314e9fdf5a2,2026-09-19,Village Square,fertilizer groundnut_seed rice_seed,,8.6,7.9,96.9,,,https://www.commcarehq.org/a/commcare-learn-ahmad/api/form_attachment/v1/3120c186-cb20-4e11-acea-a314e9fdf5a2/signature.png,914b1c65-6b49-4da0-9a92-8d425016e074,2026-09-19 11:18:00,2026-09-19 11:11:00,tester_04,2026-09-19 11:18:07,https://www.commcarehq.org/a/commcare-learn-ahmad/reports/form_data/3120c186-cb20-4e11-acea-a314e9fdf5a2/,tester_04,7.0
807,c8808e15-c462-496d-ad5c-3ffbd60b5764,2026-07-21,Farmer Cooperative Centre,rice_seed groundnut_seed,,9.2,2.2,,,,https://www.commcarehq.org/a/commcare-learn-ahmad/api/form_attachment/v1/c8808e15-c462-496d-ad5c-3ffbd60b5764/signature.png,c3c1f419-0450-41fb-a5a5-3a05bf8fb8bc,2026-07-21 15:56:00,2026-07-21 15:49:00,tester_03,2026-07-21 15:56:10,https://www.commcarehq.org/a/commcare-learn-ahmad/reports/form_data/c8808e15-c462-496d-ad5c-3ffbd60b5764/,tester_03,7.0
808,ebc7ada3-ece4-4d1a-b799-0b09fd9823ea,2026-03-04,Village Square,maize_seed,9.7,,,,,,https://www.commcarehq.org/a/commcare-learn-ahmad/api/form_attachment/v1/ebc7ada3-ece4-4d1a-b799-0b09fd9823ea/signature.png,57e765f4-14a1-44b6-a1c6-29ddc875506b,2026-03-04 09:24:00,2026-03-04 09:20:00,tester_03,2026-03-04 09:24:13,https://www.commcarehq.org/a/commcare-learn-ahmad/reports/form_data/ebc7ada3-ece4-4d1a-b799-0b09fd9823ea/,tester_03,4.0
809,6cb15fed-8ad2-479e-af9e-d9861d7fe090,2026-06-05,Farmer Cooperative Centre,groundnut_seed maize_seed fertilizer goats,3.1,,5.2,40.6,2,,https://www.commcarehq.org/a/commcare-learn-ahmad/api/form_attachment/v1/6cb15fed-8ad2-479e-af9e-d9861d7fe090/signature.png,4ec71545-210f-4cd4-b1e6-6a21553c1ede,2026-06-05 09:02:00,2026-06-05 08:54:00,tester_02,2026-06-05 09:02:20,https://www.commcarehq.org/a/commcare-learn-ahmad/reports/form_data/6cb15fed-8ad2-479e-af9e-d9861d7fe090/,tester_02,8.0
810,def7bb9b-9c76-4000-b246-e05f54d97314,2026-05-12,Primary School,rice_seed,,9.9,,,,,https://www.commcarehq.org/a/commcare-learn-ahmad/api/form_attachment/v1/def7bb9b-9c76-4000-b246-e05f54d97314/signature.png,f4c1afb4-c494-4d5f-a3eb-0542675880e7,2026-05-12 12:40:00,2026-05-12 12:36:00,tester_01,2026-05-12 12:40:14,https://www.commcarehq.org/a/commcare-learn-ahmad/reports/form_data/def7bb9b-9c76-4000-b246-e05f54d97314/,tester_01,4.0
811,5aa06de4-f1b2-4bde-9b04-416b94a9f6ee,2026-05-28,Extension Office,rice_seed maize_seed fertilizer groundnut_seed,9.0,8.0,4.2,55.6,,,https://www.commcarehq.org/a/commcare-learn-ahmad/api/form_attachment/v1/5aa06de4-f1b2-4bde-9b04-416b94a9f6ee/signature.png,f0805f72-892d-45f3-9766-884c6dedaeaf,2026-05-28 13:32:00,2026-05-28 13:27:00,tester_02,2026-05-28 13:32:14,https://www.commcarehq.org/a/commcare-learn-ahmad/reports/form_data/5aa06de4-f1b2-4bde-9b04-416b94a9f6ee/,tester_02,5.0
812,bf2fc51e-84bf-481e-b9a9-396bbacca951,2026-08-25,Village Square,fertilizer maize_seed,9.6,,,45.3,,,https://www.commcarehq.org/a/commcare-learn-ahmad/api/form_attachment/v1/bf2fc51e-84bf-481e-b9a9-396bbacca951/signature.png,b24793b6-24ad-4ecb-ac5a-60e181946762,2026-08-25 15:24:00,2026-08-25 15:16:00,tester_02,2026-08-25 15:24:11,https://www.commcarehq.org/a/commcare-learn-ahmad/reports/form_data/bf2fc51e-84bf-481e-b9a9-396bbacca951/,tester_02,8.0
813,a72095fb-debf-4b9d-a013-534514418040,2026-07-11,Village Square,groundnut_seed goats maize_seed,2.6,,4.9,,2,,https://www.commcarehq.org/a/commcare-learn-ahmad/api/form_attachment/v1/a72095fb-debf-4b9d-a013-534514418040/signature.png,c118a60e-5150-4af4-891c-23f9f1162532,2026-07-11 12:47:00,2026-07-11 12:45:00,tester_01,2026-07-11 12:47:19,https://www.commcarehq.org/a/commcare-learn-ahmad/reports/form_data/a72095fb-debf-4b9d-a013-534514418040/,tester_01,2.0
814,6e4f330f-8f18-4403-944d-f77413aef711,2026-07-21,Village Square,groundnut_seed,,,3.3,,,,https://www.commcarehq.org/a/commcare-learn-ahmad/api/form_attachment/v1/6e4f330f-8f18-4403-944d-f77413aef711/signature.png,e88c5384-386b-4a10-8128-a488710da276,2026-07-21 08:08:00,2026-07-21 08:00:00,tester_03,2026-07-21 08:08:08,https://www.commcarehq.org/a/commcare-learn-ahmad/reports/form_data/6e4f330f-8f18-4403-944d-f77413aef711/,tester_03,8.0
815,150bf754-e6ca-41ce-b359-a1027a17b948,2026-04-27,Extension Office,fertilizer,,,,71.8,,,https://www.commcarehq.org/a/commcare-learn-ahmad/api/form_attachment/v1/150bf754-e6ca-41ce-b359-a1027a17b948/signature.png,5cd0bb82-2bfa-4676-b030-ba31aaa72f3e,2026-04-27 08:36:00,2026-04-27 08:33:00,tester_04,2026-04-27 08:36:20,https://www.commcarehq.org/a/commcare-learn-ahmad/reports/form_data/150bf754-e6ca-41ce-b359-a1027a17b948/,tester_04,3.0
816,37483b51-8a93-4031-9450-7d5bf1cfaefa,2026-05-13,Village Square,maize_seed fertilizer rice_seed,2.8,2.3,,53.0,,,https://www.commcarehq.org/a/commcare-learn-ahmad/api/form_attachment/v1/37483b51-8a93-4031-9450-7d5bf1cfaefa/signature.png,c0732c46-8da1-4bdc-9a55-2d3af90608e4,2026-05-13 11:48:00,2026-05-13 11:43:00,tester_03,2026-05-13 11:48:20,https://www.commcarehq.org/a/commcare-learn-ahmad/reports/form_data/37483b51-8a93-4031-9450-7d5bf1cfaefa/,tester_03,5.0
817,941249bd-5bd8-42f1-88ab-58e163ee5111,2026-05-26,Primary School,rabbits,,,,,,4,https://www.commcarehq.org/a/commcare-learn-ahmad/api/form_attachment/v1/941249bd-5bd8-42f1-88ab-58e163ee5111/signature.png,19e26c9e-c67f-4526-ba42-75d52bc8e1f9,2026-05-26 10:19:00,2026-05-26 10:12:00,tester_02,2026-05-26 10:19:13,https://www.commcarehq.org/a/commcare-learn-ahmad/reports/form_data/941249bd-5bd8-42f1-88ab-58e163ee5111/,tester_02,7.0
818,23b1e7c2-1762-4a3a-9fc7-459e468c07bc,2026-02-27,Village Square,goats fertilizer,,,,52.8,3,,https://www.commcarehq.org/a/commcare-learn-ahmad/api/form_attachment/v1/23b1e7c2-1762-4a3a-9fc7-459e468c07bc/signature.png,6e436ec3-4e0d-46d3-8065-d54d0219fc8a,2026-02-27 12:16:00,2026-02-27 12:10:00,tester_04,2026-02-27 12:16:10,https://www.commcarehq.org/a/commcare-learn-ahmad/reports/form_data/23b1e7c2-1762-4a3a-9fc7-459e468c07bc/,tester_04,6.0
819,d24fe913-d759-4183-8ccd-428cccdd7e37,2026-04-02,Village Square,fertilizer rabbits groundnut_seed,,,3.9,35.3,,3,https://www.commcarehq.org/a/commcare-learn-ahmad/api/form_attachment/v1/d24fe913-d759-4183-8ccd-428cccdd7e37/signature.png,129668fa-9652-47ed-bf20-93313b0f17ff,2026-04-02 08:38:00,2026-04-02 08:34:00,tester_07,2026-04-02 08:38:11,https://www.commcarehq.org/a/commcare-learn-ahmad/reports/form_data/d24fe913-d759-4183-8ccd-428cccdd7e37/,tester_07,4.0
820,fcdb1066-f33b-43d4-8483-5150c2e8550e,2026-05-11,Extension Office,fertilizer rice_seed,,6.6,,87.8,,,https://www.commcarehq.org/a/commcare-learn-ahmad/api/form_attachment/v1/fcdb1066-f33b-43d4-8483-5150c2e8550e/signature.png,c18dac94-886b-47ca-bf06-ca3cf85aa9dc,2026-05-11 12:26:00,2026-05-11 12:19:00,tester_06,2026-05-11 12:26:05,https://www.commcarehq.org/a/commcare-learn-ahmad/reports/form_data/fcdb1066-f33b-43d4-8483-5150c2e8550e/,tester_06,7.0
821,7b93fc70-99df-4be1-8dc5-86c6dcb41b04,2026-04-03,Extension Office,fertilizer,,,,71.9,,,https://www.commcarehq.org/a/commcare-learn-ahmad/api/form_attachment/v1/7b93fc70-99df-4be1-8dc5-86c6dcb41b04/signature.png,56792874-299f-43c8-adcf-5658f1f75944,2026-04-03 09:46:00,2026-04-03 09:39:00,tester_03,2026-04-03 09:46:10,https://www.commcarehq.org/a/commcare-learn-ahmad/reports/form_data/7b93fc70-99df-4be1-8dc5-86c6dcb41b04/,tester_03,7.0
822,4701adc1-3161-4e8f-9129-0541f41e5dd3,2026-05-14,Primary School,goats,,,,,3,,https://www.commcarehq.org/a/commcare-learn-ahmad/api/form_attachment/v1/4701adc1-3161-4e8f-9129-0541f41e5dd3/signature.png,b1c1586d-25dc-46f5-a0f5-c9ac8d9a13a2,2026-05-14 09:45:00,2026-05-14 09:40:00,tester_06,2026-05-14 09:45:14,https://www.commcarehq.org/a/commcare-learn-ahmad/reports/form_data/4701adc1-3161-4e8f-9129-0541f41e5dd3/,tester_06,5.0
823,d866b5a0-4d9e-4bc3-abc5-1cb0bb68b7f1,2026-09-15,Village Square,fertilizer rice_seed,,3.2,,32.2,,,https://www.commcarehq.org/a/commcare-learn-ahmad/api/form_attachment/v1/d866b5a0-4d9e-4bc3-abc5-1cb0bb68b7f1/signature.png,b0187664-60ab-49ef-b70a-2ec91ab1e0c7,2026-09-15 09:56:00,2026-09-15 09:48:00,tester_03,2026-09-15 09:56:12,https://www.commcarehq.org/a/commcare-learn-ahmad/reports/form_data/d866b5a0-4d9e-4bc3-abc5-1cb0bb68b7f1/,tester_03,8.0
824,8e6f8473-2ee1-4397-a4f9-ef989ad4c061,2026-07-20,Primary School,rice_seed,,9.5,,,,,https://www.commcarehq.org/a/commcare-learn-ahmad/api/form_attachment/v1/8e6f8473-2ee1-4397-a4f9-ef989ad4c061/signature.png,2b3923cc-f280-4f7a-ab3b-b9540764fba1,2026-07-20 14:23:00,2026-07-20 14:16:00,tester_04,2026-07-20 14:23:19,https://www.commcarehq.org/a/commcare-learn-ahmad/reports/form_data/8e6f8473-2ee1-4397-a4f9-ef989ad4c061/,tester_04,7.0
825,1e4a556c-3711-4390-8f65-775b85f1b69a,2026-05-05,Extension Office,rice_seed groundnut_seed,,4.0,3.0,,,,https://www.commcarehq.org/a/commcare-learn-ahmad/api/form_attachment/v1/1e4a556c-3711-4390-8f65-775b85f1b69a/signature.png,c1dbfd9f-4e13-4448-9f92-64df784eb248,2026-05-05 09:42:00,2026-05-05 09:36:00,tester_07,2026-05-05 09:42:06,https://www.commcarehq.org/a/commcare-learn-ahmad/reports/form_data/1e4a556c-3711-4390-8f65-775b85f1b69a/,tester_07,6.0
826,fdb779f1-b622-49ba-8b07-847d1d22cd51,2026-10-19,Community Hall,groundnut_seed rice_seed maize_seed goats,7.7,6.4,6.5,,1,,https://www.commcarehq.org/a/commcare-learn-ahmad/api/form_attachment/v1/fdb779f1-b622-49ba-8b07-847d1d22cd51/signature.png,1586cab5-7a24-4b51-aeca-b74a801591f7,2026-10-19 12:23:00,2026-10-19 12:20:00,tester_03,2026-10-19 12:23:17,https://www.commcarehq.org/a/commcare-learn-ahmad/reports/form_data/fdb779f1-b622-49ba-8b07-847d1d22cd51/,tester_03,3.0
827,a0150e0e-8219-415f-9f8f-8fe2abda1057,2026-07-21,Farmer Cooperative Centre,rice_seed goats rabbits groundnut_seed,,4.7,6.1,,1,1,https://www.commcarehq.org/a/commcare-learn-ahmad/api/form_attachment/v1/a0150e0e-8219-415f-9f8f-8fe2abda1057/signature.png,dbecff4c-ffc0-4b9b-a7b4-f5b321a13748,2026-07-21 09:25:00,2026-07-21 09:19:00,tester_04,2026-07-21 09:25:10,https://www.commcarehq.org/a/commcare-learn-ahmad/reports/form_data/a0150e0e-8219-415f-9f8f-8fe2abda1057/,tester_04,6.0
828,7817702c-948d-4c8c-9ce3-dab58d6dbd25,2026-06-01,Community Hall,fertilizer maize_seed,8.4,,,42.0,,,https://www.commcarehq.org/a/commcare-learn-ahmad/api/form_attachment/v1/7817702c-948d-4c8c-9ce3-dab58d6dbd25/signature.png,2c7b0153-bf29-42b8-8f07-616c87c1dd5e,2026-06-01 13:08:00,2026-06-01 13:01:00,tester_03,2026-06-01 13:08:05,https://www.commcarehq.org/a/commcare-learn-ahmad/reports/form_data/7817702c-948d-4c8c-9ce3-dab58d6dbd25/,tester_03,7.0
829,4d19bebe-aa37-4c79-a2fa-4fe6fe80029b,2026-05-15,Primary School,fertilizer groundnut_seed maize_seed,6.6,,5.7,42.7,,,https://www.commcarehq.org/a/commcare-learn-ahmad/api/form_attachment/v1/4d19bebe-aa37-4c79-a2fa-4fe6fe80029b/signature.png,e66d01f5-18a6-4a01-b617-e84e5cefabf7,2026-05-15 15:35:00,2026-05-15 15:30:00,tester_02,2026-05-15 15:35:17,https://www.commcarehq.org/a/commcare-learn-ahmad/reports/form_data/4d19bebe-aa37-4c79-a2fa-4fe6fe80029b/,tester_02,5.0
830,9171295e-fbab-43d5-bd44-d123be575724,2026-05-05,Primary School,groundnut_seed rice_seed fertilizer,,2.4,4.0,31.9,,,https://www.commcarehq.org/a/commcare-learn-ahmad/api/form_attachment/v1/9171295e-fbab-43d5-bd44-d123be575724/signature.png,91ae0ff9-a447-4b71-8a7a-3ac346bf079a,2026-05-05 08:48:00,2026-05-05 08:44:00,tester_03,2026-05-05 08:48:05,https://www.commcarehq.org/a/commcare-learn-ahmad/reports/form_data/9171295e-fbab-43d5-bd44-d123be575724/,tester_03,4.0
831,c188662c-ae64-44d0-8eec-cb87dc8a17c0,2026-09-08,Community Hall,goats,,,,,3,,https://www.commcarehq.org/a/commcare-learn-ahmad/api/form_attachment/v1/c188662c-ae64-44d0-8eec-cb87dc8a17c0/signature.png,ee990b8a-dc4e-4286-b666-ae9aaf4d9085,2026-09-08 13:17:00,2026-09-08 13:13:00,tester_05,2026-09-08 13:17:19,https://www.commcarehq.org/a/commcare-learn-ahmad/reports/form_data/c188662c-ae64-44d0-8eec-cb87dc8a17c0/,tester_05,4.0
832,5b8c08de-5bbd-47ef-b59a-ebda5a553f1a,2026-06-03,Community Hall,maize_seed fertilizer groundnut_seed,5.2,,2.1,98.7,,,https://www.commcarehq.org/a/commcare-learn-ahmad/api/form_attachment/v1/5b8c08de-5bbd-47ef-b59a-ebda5a553f1a/signature.png,ec68cea4-62cf-47dc-be80-73f7356a5eff,2026-06-03 13:20:00,2026-06-03 13:15:00,tester_04,2026-06-03 13:20:10,https://www.commcarehq.org/a/commcare-learn-ahmad/reports/form_data/5b8c08de-5bbd-47ef-b59a-ebda5a553f1a/,tester_04,5.0
833,72568e36-afa1-46aa-b786-e12adf80a395,2026-07-01,Village Square,maize_seed rabbits,6.2,,,,,4,https://www.commcarehq.org/a/commcare-learn-ahmad/api/form_attachment/v1/72568e36-afa1-46aa-b786-e12adf80a395/signature.png,550e6c90-05ef-43c6-a330-975e5d7729f0,2026-07-01 12:24:00,2026-07-01 12:16:00,tester_04,2026-07-01 12:24:16,https://www.commcarehq.org/a/commcare-learn-ahmad/reports/form_data/72568e36-afa1-46aa-b786-e12adf80a395/,tester_04,8.0
