number,formid,form.section_1_training_information.training_date,form.section_1_training_information.training_topic.choice,form.section_1_training_information.training_topic.specify_other,form.section_1_training_information.training_venue,form.section_1_training_information.trainer_name,form.section_2_attendance.did_the_farmer_attend_the_training,form.section_2_attendance.attendance_status,form.section_2_attendance.reason_for_partial_attendance,form.case.@case_id,completed_time,started_time,username,received_on,form_link,hq_user,training_duration_minutes
0,ed2a519d-f6e3-4448-8534-06e194c2d087,2026-01-29,livestock_management,,Primary School,Trainer 3,yes,full_attendance,,b444a62e-13c0-4ccd-8ec2-838bb2dfe5bd,2026-01-29 12:14:00,2026-01-29 12:10:00,tester_05,2026-01-29 12:14:16,https://www.commcarehq.org/a/commcare-learn-ahmad/reports/form_data/ed2a519d-f6e3-4448-8534-06e194c2d087/,tester_05,4.0
1,823d276f-b991-4f1e-b925-924b94c7a86e,2026-04-29,pest_and_disease_management,,Community Hall,Trainer 1,yes,full_attendance,,12f1f5af-5256-4e18-96cf-f7a1dac16e7d,2026-04-29 14:00:00,2026-04-29 13:58:00,tester_04,2026-04-29 14:00:19,https://www.commcarehq.org/a/commcare-learn-ahmad/reports/form_data/823d276f-b991-4f1e-b925-924b94c7a86e/,tester_04,2.0
2,4aff8f7c-9e3c-4f35-831c-88ab8317cbb9,2026-01-16,irrigation_and_water_management,,Extension Office,Trainer 3,yes,full_attendance,,0b061fab-6c5b-44bb-90cf-6f440d76f65d,2026-01-16 15:33:00,2026-01-16 15:28:00,tester_03,2026-01-16 15:33:20,https://www.commcarehq.org/a/commcare-learn-ahmad/reports/form_data/4aff8f7c-9e3c-4f35-831c-88ab8317cbb9/,tester_03,5.0
3,738790b8-c3e9-4a8c-b4b9-3347c538076a,2026-04-25,irrigation_and_water_management,,Extension Office,Trainer 4,yes,full_attendance,,e0bd8266-2f5c-49e1-bcce-1dc843a1c529,2026-04-25 13:22:00,2026-04-25 13:19:00,tester_05,2026-04-25 13:22:18,https://www.commcarehq.org/a/commcare-learn-ahmad/reports/form_data/738790b8-c3e9-4a8c-b4b9-3347c538076a/,tester_05,3.0
4,00550798-5b3d-4d7f-a070-ed95b931e1d3,2026-06-27,record_keeping,,Village Square,Trainer 1,yes,full_attendance,,f6d3f342-1621-49ae-826b-6d3a9cfcec86,2026-06-27 09:50:00,2026-06-27 09:46:00,tester_06,2026-06-27 09:50:20,https://www.commcarehq.org/a/commcare-learn-ahmad/reports/form_data/00550798-5b3d-4d7f-a070-ed95b931e1d3/,tester_06,4.0
5,dabf74cb-f966-48cc-a3ef-8300e7ffe66f,2026-07-28,pest_and_disease_management,,Community Hall,Trainer 3,yes,full_attendance,,c7dadbe9-1811-4547-b9eb-916c498cb66c,2026-07-28 15:53:00,2026-07-28 15:51:00,tester_07,2026-07-28 15:53:20,https://www.commcarehq.org/a/commcare-learn-ahmad/reports/form_data/dabf74cb-f966-48cc-a3ef-8300e7ffe66f/,tester_07,2.0
6,6fcb9f79-085b-4839-8948-847aad1cbf4d,2026-04-29,good_agronomic_practices,,Community Hall,Trainer 5,no,,,57ce2989-ae55-4b5e-a1ca-99ea4908e4ca,2026-04-29 13:26:00,2026-04-29 13:21:00,tester_07,2026-04-29 13:26:20,https://www.commcarehq.org/a/commcare-learn-ahmad/reports/form_data/6fcb9f79-085b-4839-8948-847aad1cbf4d/,tester_07,5.0
7,d3cf6c17-9ab1-48be-8650-50802a4c8996,2026-06-19,other,Financial Literacy,Community Hall,Trainer 4,yes,full_attendance,,fa171e98-9225-46a9-96bd-76f3bd5f1d6a,2026-06-19 13:34:00,2026-06-19 13:31:00,tester_05,2026-06-19 13:34:16,https://www.commcarehq.org/a/commcare-learn-ahmad/reports/form_data/d3cf6c17-9ab1-48be-8650-50802a4c8996/,tester_05,3.0
8,77f38fbf-9c37-4c7e-aeb8-51188fcb1762,2026-09-04,other,Post Harvest Handling,Primary School,Trainer 3,yes,full_attendance,,eb2ccea0-0dec-472e-b456-e68a3a68eb81,2026-09-04 12:28:00,2026-09-04 12:21:00,tester_07,2026-09-04 12:28:18,https://www.commcarehq.org/a/commcare-learn-ahmad/reports/form_data/77f38fbf-9c37-4c7e-aeb8-51188fcb1762/,tester_07,7.0
9,12e97013-b467-4136-a2c7-ba820dd6302d,2026-05-24,soil_fertility_management,,Primary School,Trainer 1,yes,partial_attendance,personal_emergency,8c583a1e-23ce-48b3-8790-b17385953104,2026-05-24 12:59:00,2026-05-24 12:57:00,tester_07,2026-05-24 12:59:11,https://www.commcarehq.org/a/commcare-learn-ahmad/reports/form_data/12e97013-b467-4136-a2c7-ba820dd6302d/,tester_07,2.0
10,3b3cc984-a61e-4545-99dd-e796f2f7cc4b,2026-06-20,pest_and_disease_management,,Village Square,Trainer 1,yes,full_attendance,,e5a4c95b-1dff-4387-9603-5ac9e3bcd70e,2026-06-20 09:59:00,2026-06-20 09:53:00,tester_03,2026-06-20 09:59:11,https://www.commcarehq.org/a/commcare-learn-ahmad/reports/form_data/3b3cc984-a61e-4545-99dd-e796f2f7cc4b/,tester_03,6.0
11,67d00f8d-8d7e-47fa-ad5e-adf19ae3901f,2026-10-01,livestock_management,,Village Square,Trainer 2,yes,full_attendance,,50d85b3b-3805-4718-acfb-b7700a5c2f86,2026-10-01 09:41:00,2026-10-01 09:35:00,tester_02,2026-10-01 09:41:13,https://www.commcarehq.org/a/commcare-learn-ahmad/reports/form_data/67d00f8d-8d7e-47fa-ad5e-adf19ae3901f/,tester_02,6.0
12,91d26804-97c8-4280-8d33-863d89ab51fc,2026-07-09,livestock_management,,Primary School,Trainer 2,yes,partial_attendance,personal_emergency,9b5b58af-e4b6-4359-be89-03b404afd261,2026-07-09 12:47:00,2026-07-09 12:42:00,tester_07,2026-07-09 12:47:18,https://www.commcarehq.org/a/commcare-learn-ahmad/reports/form_data/91d26804-97c8-4280-8d33-863d89ab51fc/,tester_07,5.0
13,4e89c56e-ea0e-4e1a-8b58-981830bf387f,2026-08-17,soil_fertility_management,,Farmer Cooperative Centre,Trainer 2,yes,partial_attendance,left_early,17024584-c2ed-451f-bcce-f584f6f7e7e7,2026-08-17 13:30:00,2026-08-17 13:25:00,tester_06,2026-08-17 13:30:17,https://www.commcarehq.org/a/commcare-learn-ahmad/reports/form_data/4e89c56e-ea0e-4e1a-8b58-981830bf387f/,tester_06,5.0
14,f470cab9-05de-413c-933b-6fd928aa9c04,2026-01-22,irrigation_and_water_management,,Community Hall,Trainer 5,no,,,c82f5468-cb66-4289-b22b-8b7a72a0a54b,2026-01-22 13:11:00,2026-01-22 13:05:00,tester_03,2026-01-22 13:11:10,https://www.commcarehq.org/a/commcare-learn-ahmad/reports/form_data/f470cab9-05de-413c-933b-6fd928aa9c04/,tester_03,6.0
15,983bbfec-fa4b-43ba-8312-4f538d62202f,2026-09-17,good_agronomic_practices,,Primary School,Trainer 3,yes,full_attendance,,4f71ef13-3dd3-41bf-a73b-47229b955f9d,2026-09-17 10:15:00,2026-09-17 10:13:00,tester_03,2026-09-17 10:15:08,https://www.commcarehq.org/a/commcare-learn-ahmad/reports/form_data/983bbfec-fa4b-43ba-8312-4f538d62202f/,tester_03,2.0
16,0db75705-f7fc-4ba4-89f9-1fdac00bee69,2026-06-12,soil_fertility_management,,Primary School,Trainer 1,yes,full_attendance,,1013332a-613c-4337-a8e6-b1a215ae7f79,2026-06-12 14:10:00,2026-06-12 14:07:00,tester_02,2026-06-12 14:10:14,https://www.commcarehq.org/a/commcare-learn-ahmad/reports/form_data/0db75705-f7fc-4ba4-89f9-1fdac00bee69/,tester_02,3.0
17,ef147700-8dfe-42f9-93fa-88409b45455f,2026-08-09,pest_and_disease_management,,Primary School,Trainer 1,yes,full_attendance,,174ac534-5424-4f95-b1dc-5ead465fa5e4,2026-08-09 12:15:00,2026-08-09 12:11:00,tester_01,2026-08-09 12:15:14,https://www.commcarehq.org/a/commcare-learn-ahmad/reports/form_data/ef147700-8dfe-42f9-93fa-88409b45455f/,tester_01,4.0
18,1d18e388-d275-493b-b55a-bb42e442d293,2026-05-20,soil_fertility_management,,Village Square,Trainer 4,yes,full_attendance,,b44b3301-065a-43fc-858a-56b7bff8a739,2026-05-20 13:49:00,2026-05-20 13:45:00,tester_04,2026-05-20 13:49:09,https://www.commcarehq.org/a/commcare-learn-ahmad/reports/form_data/1d18e388-d275-493b-b55a-bb42e442d293/,tester_04,4.0
19,b17337de-1dfd-443e-a1fa-115c73478f9e,2026-08-14,pest_and_disease_management,,Community Hall,Trainer 2,yes,full_attendance,,e8e063e3-8651-4e03-b652-a28d76e8d466,2026-08-14 13:55:00,2026-08-14 13:53:00,tester_04,2026-08-14 13:55:06,https://www.commcarehq.org/a/commcare-learn-ahmad/reports/form_data/b17337de-1dfd-443e-a1fa-115c73478f9e/,tester_04,2.0
20,50a0cfb2-3ed4-41cf-82d7-a508f1744b1e,2026-06-01,record_keeping,,Farmer Cooperative Centre,Trainer 2,yes,full_attendance,,271d4428-b412-466b-bc8b-36a1aa7fd656,2026-06-01 11:19:00,2026-06-01 11:14:00,tester_07,2026-06-01 11:19:08,https://www.commcarehq.org/a/commcare-learn-ahmad/reports/form_data/50a0cfb2-3ed4-41cf-82d7-a508f1744b1e/,tester_07,5.0
21,35c9c752-bfc8-447e-9cd1-b29767a51875,2026-05-16,soil_fertility_management,,Extension Office,Trainer 3,yes,full_attendance,,8ac8882e-5497-40d9-8cf9-9a66131b9724,2026-05-16 08:52:00,2026-05-16 08:44:00,tester_06,2026-05-16 08:52:09,https://www.commcarehq.org/a/commcare-learn-ahmad/reports/form_data/35c9c752-bfc8-447e-9cd1-b29767a51875/,tester_06,8.0
22,28330e34-c7bb-4ab6-a710-ed0101a38df0,2026-10-08,livestock_management,,Farmer Cooperative Centre,Trainer 4,yes,full_attendance,,f76e166e-3ac0-4bd2-81a5-21c0369334be,2026-10-08 11:34:00,2026-10-08 11:28:00,tester_01,2026-10-08 11:34:05,https://www.commcarehq.org/a/commcare-learn-ahmad/reports/form_data/28330e34-c7bb-4ab6-a710-ed0101a38df0/,tester_01,6.0
23,4bb86e62-7e21-4a4e-8459-2e211ecddd37,2026-09-23,pest_and_disease_management,,Primary School,Trainer 1,yes,full_attendance,,eeda2206-36f7-4732-923d-23c8e68132ed,2026-09-23 13:19:00,2026-09-23 13:16:00,tester_07,2026-09-23 13:19:20,https://www.commcarehq.org/a/commcare-learn-ahmad/reports/form_data/4bb86e62-7e21-4a4e-8459-2e211ecddd37/,tester_07,3.0
24,a9b9786d-fd25-46a4-8fcd-39b46fe763da,2026-05-28,record_keeping,,Farmer Cooperative Centre,Trainer 4,no,,,5c050ca4-6a0d-4371-a71f-00cffe5ef21c,2026-05-28 15:52:00,2026-05-28 15:47:00,tester_03,2026-05-28 15:52:11,https://www.commcarehq.org/a/commcare-learn-ahmad/reports/form_data/a9b9786d-fd25-46a4-8fcd-39b46fe763da/,tester_03,5.0
25,c5e1fe59-9a2b-4be5-83fc-24e1df005ad2,2026-08-25,pest_and_disease_management,,Primary School,Trainer 1,yes,full_attendance,,b990a12f-41f4-47d9-bebb-09947ef84d81,2026-08-25 09:34:00,2026-08-25 09:26:00,tester_05,2026-08-25 09:34:07,https://www.commcarehq.org/a/commcare-learn-ahmad/reports/form_data/c5e1fe59-9a2b-4be5-83fc-24e1df005ad2/,tester_05,8.0
26,1b85ac76-e496-4626-901d-57e9de13f14c,2026-05-11,soil_fertility_management,,Extension Office,Trainer 1,yes,full_attendance,,c0b82cfc-acdf-45b2-bff9-cf5abf6f13a9,2026-05-11 15:57:00,2026-05-11 15:52:00,tester_01,2026-05-11 15:57:15,https://www.commcarehq.org/a/commcare-learn-ahmad/reports/form_data/1b85ac76-e496-4626-901d-57e9de13f14c/,tester_01,5.0
27,9c716ee1-a148-4cda-9b4f-5ebc51dfc61c,2026-03-07,soil_fertility_management,,Village Square,Trainer 1,yes,partial_attendance,other,f14fc6cd-cfcf-475e-bbed-5ffeac8224e9,2026-03-07 14:06:00,2026-03-07 14:04:00,tester_05,2026-03-07 14:06:16,https://www.commcarehq.org/a/commcare-learn-ahmad/reports/form_data/9c716ee1-a148-4cda-9b4f-5ebc51dfc61c/,tester_05,2.0
28,37647932-ef23-420f-9bf0-dbb8dc2acbe6,2026-05-24,livestock_management,,Extension Office,Trainer 2,yes,full_attendance,,561b16b5-944f-4dca-9c52-d7c96e95ba73,2026-05-24 15:09:00,2026-05-24 15:03:00,tester_06,2026-05-24 15:09:13,https://www.commcarehq.org/a/commcare-learn-ahmad/reports/form_data/37647932-ef23-420f-9bf0-dbb8dc2acbe6/,tester_06,6.0
29,7b02da43-01a8-4209-b2a8-6936a373df58,2026-07-13,pest_and_disease_management,,Community Hall,Trainer 3,yes,full_attendance,,89daa4ce-9c87-4c56-aaae-ab15da16a71f,2026-07-13 13:46:00,2026-07-13 13:41:00,tester_03,2026-07-13 13:46:08,https://www.commcarehq.org/a/commcare-learn-ahmad/reports/form_data/7b02da43-01a8-4209-b2a8-6936a373df58/,tester_03,5.0
30,58532b55-a20b-4729-9433-1991a9116de7,2026-09-07,soil_fertility_management,,Farmer Cooperative Centre,Trainer 4,yes,full_attendance,,a0e1f86a-8b28-4482-9861-208969437698,2026-09-07 10:09:00,2026-09-07 10:01:00,tester_02,2026-09-07 10:09:17,https://www.commcarehq.org/a/commcare-learn-ahmad/reports/form_data/58532b55-a20b-4729-9433-1991a9116de7/,tester_02,8.0
31,4e39829c-3dd6-440a-8ebe-d8e301a4b928,2026-08-14,irrigation_and_water_management,,Primary School,Trainer 3,yes,full_attendance,,55bc0f98-1461-45b5-9732-c6f3f186e685,2026-08-14 14:27:00,2026-08-14 14:23:00,tester_05,2026-08-14 14:27:10,https://www.commcarehq.org/a/commcare-learn-ahmad/reports/form_data/4e39829c-3dd6-440a-8ebe-d8e301a4b928/,tester_05,4.0
32,a0462a9d-75ff-4b95-8ce4-a39c30d405f3,2026-02-09,irrigation_and_water_management,,Community Hall,Trainer 5,yes,partial_attendance,other,9d6ee19f-8000-4921-83dd-1ec3e934191d,2026-02-09 10:18:00,2026-02-09 10:10:00,tester_01,2026-02-09 10:18:09,https://www.commcarehq.org/a/commcare-learn-ahmad/reports/form_data/a0462a9d-75ff-4b95-8ce4-a39c30d405f3/,tester_01,8.0
33,f87e9db6-711b-4d83-b4a1-c3fcf62b2199,2026-03-03,good_agronomic_practices,,Extension Office,Trainer 2,yes,full_attendance,,401ca8a6-d0e9-4f53-a6b0-16041e59c9e5,2026-03-03 14:28:00,2026-03-03 14:21:00,tester_05,2026-03-03 14:28:13,https://www.commcarehq.org/a/commcare-learn-ahmad/reports/form_data/f87e9db6-711b-4d83-b4a1-c3fcf62b2199/,tester_05,7.0
34,98248867-332d-463a-ad4f-a022dc00e538,2026-08-07,other,Financial Literacy,Extension Office,Trainer 2,yes,full_attendance,,1f999fff-5472-45c0-93c6-ddf4324029ea,2026-08-07 14:11:00,2026-08-07 14:04:00,tester_04,2026-08-07 14:11:07,https://www.commcarehq.org/a/commcare-learn-ahmad/reports/form_data/98248867-332d-463a-ad4f-a022dc00e538/,tester_04,7.0
35,869b65e7-4ce7-4141-bba3-7b61c0c1562b,2026-04-07,irrigation_and_water_management,,Community Hall,Trainer 4,yes,full_attendance,,263a50b5-a00d-49db-9035-65bb6d1a30a6,2026-04-07 09:44:00,2026-04-07 09:42:00,tester_06,2026-04-07 09:44:18,https://www.commcarehq.org/a/commcare-learn-ahmad/reports/form_data/869b65e7-4ce7-4141-bba3-7b61c0c1562b/,tester_06,2.0
36,741b1dc7-17a7-4fda-b4c3-1c5bf3bbf3bc,2026-07-31,livestock_management,,Farmer Cooperative Centre,Trainer 5,yes,partial_attendance,arrived_late,0cb01918-4651-4592-87f9-3c35be8ab5c1,2026-07-31 13:02:00,2026-07-31 12:57:00,tester_05,2026-07-31 13:02:14,https://www.commcarehq.org/a/commcare-learn-ahmad/reports/form_data/741b1dc7-17a7-4fda-b4c3-1c5bf3bbf3bc/,tester_05,5.0
37,92ca1b73-aca1-482f-b2e3-2e2ef5de82d9,2026-05-27,soil_fertility_management,,Village Square,Trainer 5,yes,full_attendance,,26f387c9-f374-4b44-b261-1864ac04b680,2026-05-27 09:01:00,2026-05-27 08:54:00,tester_01,2026-05-27 09:01:16,https://www.commcarehq.org/a/commcare-learn-ahmad/reports/form_data/92ca1b73-aca1-482f-b2e3-2e2ef5de82d9/,tester_01,7.0
38,e478c02c-842d-416e-8d4f-6dd2b3976388,2026-08-14,soil_fertility_management,,Extension Office,Trainer 3,yes,full_attendance,,544f9043-3530-46d8-a979-30bd90fc286e,2026-08-14 10:47:00,2026-08-14 10:44:00,tester_02,2026-08-14 10:47:13,https://www.commcarehq.org/a/commcare-learn-ahmad/reports/form_data/e478c02c-842d-416e-8d4f-6dd2b3976388/,tester_02,3.0
39,7b1e1832-8e5a-4517-aeed-b2640d213f85,2026-05-16,good_agronomic_practices,,Community Hall,Trainer 5,yes,full_attendance,,706c0066-9554-4932-9a10-c4fb63698b9a,2026-05-16 09:27:00,2026-05-16 09:22:00,tester_04,2026-05-16 09:27:07,https://www.commcarehq.org/a/commcare-learn-ahmad/reports/form_data/7b1e1832-8e5a-4517-aeed-b2640d213f85/,tester_04,5.0
40,55f23df4-2f64-440b-8419-a047dfbfe604,2026-07-22,good_agronomic_practices,,Farmer Cooperative Centre,Trainer 3,yes,full_attendance,,33721e47-1417-4c1a-81cd-601c95de9135,2026-07-22 11:19:00,2026-07-22 11:13:00,tester_01,2026-07-22 11:19:11,https://www.commcarehq.org/a/commcare-learn-ahmad/reports/form_data/55f23df4-2f64-440b-8419-a047dfbfe604/,tester_01,6.0
41,4f1948cf-1223-4831-b2ab-201dbaa70572,2026-05-10,record_keeping,,Farmer Cooperative Centre,Trainer 3,yes,partial_attendance,personal_emergency,19eb00b3-16e6-419c-8de9-8fd834c9d3e8,2026-05-10 13:32:00,2026-05-10 13:25:00,tester_01,2026-05-10 13:32:05,https://www.commcarehq.org/a/commcare-learn-ahmad/reports/form_data/4f1948cf-1223-4831-b2ab-201dbaa70572/,tester_01,7.0
42,527b9e4f-4080-4011-9d09-1ca9303f5c24,2026-04-07,pest_and_disease_management,,Primary School,Trainer 3,yes,full_attendance,,503b74d8-7c1c-4857-8a87-4c47f54fcc27,2026-04-07 15:31:00,2026-04-07 15:25:00,tester_02,2026-04-07 15:31:13,https://www.commcarehq.org/a/commcare-learn-ahmad/reports/form_data/527b9e4f-4080-4011-9d09-1ca9303f5c24/,tester_02,6.0
43,ab98cd76-a35c-469c-8809-265beb7f4c61,2026-05-03,other,Climate Smart Agriculture,Community Hall,Trainer 4,yes,full_attendance,,5881455e-bbb4-4498-b33b-778bb5574ff8,2026-05-03 09:00:00,2026-05-03 08:55:00,tester_03,2026-05-03 09:00:16,https://www.commcarehq.org/a/commcare-learn-ahmad/reports/form_data/ab98cd76-a35c-469c-8809-265beb7f4c61/,tester_03,5.0
44,cb0181d2-7b1a-41a4-a42a-ce1c1b70b4b9,2026-07-17,pest_and_disease_management,,Community Hall,Trainer 1,no,,,78c92222-e08f-4f6e-b617-63e2f3894e9b,2026-07-17 11:49:00,2026-07-17 11:43:00,tester_05,2026-07-17 11:49:20,https://www.commcarehq.org/a/commcare-learn-ahmad/reports/form_data/cb0181d2-7b1a-41a4-a42a-ce1c1b70b4b9/,tester_05,6.0
45,bb04e8b5-86ae-4400-a9d3-057c6792dd5b,2026-04-15,soil_fertility_management,,Village Square,Trainer 2,yes,full_attendance,,eef28217-381d-485e-a234-20c4a536330b,2026-04-15 11:11:00,2026-04-15 11:09:00,tester_03,2026-04-15 11:11:16,https://www.commcarehq.org/a/commcare-learn-ahmad/reports/form_data/bb04e8b5-86ae-4400-a9d3-057c6792dd5b/,tester_03,2.0
46,8ac7b585-c3b0-495f-8f8a-70c4e7bbf042,2026-06-29,other,Financial Literacy,Extension Office,Trainer 5,yes,full_attendance,,70edf763-b1b5-4bd0-afd3-87145141b27d,2026-06-29 13:49:00,2026-06-29 13:44:00,tester_06,2026-06-29 13:49:17,https://www.commcarehq.org/a/commcare-learn-ahmad/reports/form_data/8ac7b585-c3b0-495f-8f8a-70c4e7bbf042/,tester_06,5.0
47,fd962c6d-002d-43ff-a0e4-c18bc1043f32,2026-07-15,soil_fertility_management,,Primary School,Trainer 4,yes,full_attendance,,3ab61424-093f-4bb2-9a21-d58f4e2572bf,2026-07-15 14:50:00,2026-07-15 14:48:00,tester_02,2026-07-15 14:50:06,https://www.commcarehq.org/a/commcare-learn-ahmad/reports/form_data/fd962c6d-002d-43ff-a0e4-c18bc1043f32/,tester_02,2.0
48,00867d86-ef68-468a-9332-e91cb17928db,2026-06-12,record_keeping,,Village Square,Trainer 5,yes,full_attendance,,3ba8077e-b23a-443e-8949-cccbbc05fd4a,2026-06-12 14:49:00,2026-06-12 14:47:00,tester_01,2026-06-12 14:49:16,https://www.commcarehq.org/a/commcare-learn-ahmad/reports/form_data/00867d86-ef68-468a-9332-e91cb17928db/,tester_01,2.0
49,06a2dbac-3b7e-447d-a7e5-eb60519a13e1,2026-04-18,soil_fertility_management,,Village Square,Trainer 3,no,,,23108630-574a-482f-ac3e-0a598fed1ca5,2026-04-18 10:23:00,2026-04-18 10:20:00,tester_06,2026-04-18 10:23:16,https://www.commcarehq.org/a/commcare-learn-ahmad/reports/form_data/06a2dbac-3b7e-447d-a7e5-eb60519a13e1/,tester_06,3.0
50,ac28a5e7-1cb4-45fe-b149-f754099891ed,2026-05-04,livestock_management,,Farmer Cooperative Centre,Trainer 4,yes,partial_attendance,arrived_late,36e2f17b-b0de-45a6-87b3-6d01ddb4366c,2026-05-04 10:03:00,2026-05-04 10:00:00,tester_06,2026-05-04 10:03:09,https://www.commcarehq.org/a/commcare-learn-ahmad/reports/form_data/ac28a5e7-1cb4-45fe-b149-f754099891ed/,tester_06,3.0
51,5b877bd6-3d33-4cb3-aa55-e9f73c3535b4,2026-04-24,other,Financial Literacy,Farmer Cooperative Centre,Trainer 4,yes,full_attendance,,5b37c7f0-3183-4326-aea6-0d9385048f0c,2026-04-24 15:09:00,2026-04-24 15:07:00,tester_07,2026-04-24 15:09:05,https://www.commcarehq.org/a/commcare-learn-ahmad/reports/form_data/5b877bd6-3d33-4cb3-aa55-e9f73c3535b4/,tester_07,2.0
52,d22f704c-5358-456b-a449-41114c1b8249,2026-04-30,soil_fertility_management,,Village Square,Trainer 5,yes,partial_attendance,left_early,44bb4203-2e1e-441d-b1f9-b3f69daf9351,2026-04-30 08:10:00,2026-04-30 08:02:00,tester_04,2026-04-30 08:10:10,https://www.commcarehq.org/a/commcare-learn-ahmad/reports/form_data/d22f704c-5358-456b-a449-41114c1b8249/,tester_04,8.0
53,cad49f1e-3cc3-4d4d-b8bf-9724046c0e5f,2026-05-11,good_agronomic_practices,,Primary School,Trainer 2,yes,full_attendance,,bfa43db2-3a27-4586-83af-6023f0fcf020,2026-05-11 13:39:00,2026-05-11 13:37:00,tester_05,2026-05-11 13:39:11,https://www.commcarehq.org/a/commcare-learn-ahmad/reports/form_data/cad49f1e-3cc3-4d4d-b8bf-9724046c0e5f/,tester_05,2.0
54,768e7064-5b5b-4e86-a4bc-f0917384069c,2026-01-24,soil_fertility_management,,Primary School,Trainer 5,yes,full_attendance,,2268b757-ad90-4edf-baf4-c88b5293b9e9,2026-01-24 08:52:00,2026-01-24 08:48:00,tester_05,2026-01-24 08:52:13,https://www.commcarehq.org/a/commcare-learn-ahmad/reports/form_data/768e7064-5b5b-4e86-a4bc-f0917384069c/,tester_05,4.0
55,6f3cced9-720e-427f-bebf-ccbce1a572f6,2026-05-28,livestock_management,,Community Hall,Trainer 5,no,,,e102f4fd-69af-4d1c-98c8-c1cbe8b4b15a,2026-05-28 13:19:00,2026-05-28 13:15:00,tester_07,2026-05-28 13:19:11,https://www.commcarehq.org/a/commcare-learn-ahmad/reports/form_data/6f3cced9-720e-427f-bebf-ccbce1a572f6/,tester_07,4.0
56,b2563475-67ac-4d84-adf6-62f11d493c85,2026-06-22,pest_and_disease_management,,Extension Office,Trainer 5,yes,full_attendance,,fac3dda9-012d-456a-880d-df40d54b2085,2026-06-22 11:26:00,2026-06-22 11:20:00,tester_05,2026-06-22 11:26:19,https://www.commcarehq.org/a/commcare-learn-ahmad/reports/form_data/b2563475-67ac-4d84-adf6-62f11d493c85/,tester_05,6.0
57,1ae55f62-843b-4b5e-ab46-3d427d38d2af,2026-04-08,livestock_management,,Community Hall,Trainer 1,yes,full_attendance,,1140088e-b7b6-4147-ac16-1416abb35ce3,2026-04-08 13:08:00,2026-04-08 13:00:00,tester_02,2026-04-08 13:08:15,https://www.commcarehq.org/a/commcare-learn-ahmad/reports/form_data/1ae55f62-843b-4b5e-ab46-3d427d38d2af/,tester_02,8.0
58,7f5d6e3e-6024-4f8a-b1a0-409795bbeb2d,2026-04-21,record_keeping,,Community Hall,Trainer 1,yes,full_attendance,,7e1458e2-d441-4e18-9d78-13d06fcd4649,2026-04-21 08:56:00,2026-04-21 08:53:00,tester_03,2026-04-21 08:56:05,https://www.commcarehq.org/a/commcare-learn-ahmad/reports/form_data/7f5d6e3e-6024-4f8a-b1a0-409795bbeb2d/,tester_03,3.0
59,2cf9e6d5-a0bf-4fef-a5ba-26bea2bdf22a,2026-06-30,soil_fertility_management,,Extension Office,Trainer 3,yes,partial_attendance,other,8620c092-8826-4dd1-ac0f-929b07b42753,2026-06-30 11:04:00,2026-06-30 10:56:00,tester_05,2026-06-30 11:04:20,https://www.commcarehq.org/a/commcare-learn-ahmad/reports/form_data/2cf9e6d5-a0bf-4fef-a5ba-26bea2bdf22a/,tester_05,8.0
60,44dd5e42-62ec-4796-b20d-0160402c571a,2026-05-19,livestock_management,,Primary School,Trainer 1,yes,full_attendance,,d1a82f65-11e9-4b99-b105-ed9deeb26982,2026-05-19 14:28:00,2026-05-19 14:25:00,tester_01,2026-05-19 14:28:19,https://www.commcarehq.org/a/commcare-learn-ahmad/reports/form_data/44dd5e42-62ec-4796-b20d-0160402c571a/,tester_01,3.0
61,87712a82-e3c7-4929-8df9-14272ed4b2f3,2026-06-17,soil_fertility_management,,Farmer Cooperative Centre,Trainer 1,no,,,b6c0b8cb-a3a6-4371-8d56-021e9da50032,2026-06-17 10:18:00,2026-06-17 10:14:00,tester_02,2026-06-17 10:18:13,https://www.commcarehq.org/a/commcare-learn-ahmad/reports/form_data/87712a82-e3c7-4929-8df9-14272ed4b2f3/,tester_02,4.0
62,c4210286-4686-462a-a268-c8c108d11678,2026-04-21,livestock_management,,Community Hall,Trainer 1,yes,full_attendance,,58d125fe-1c60-4699-8310-8e9bba5f6734,2026-04-21 11:47:00,2026-04-21 11:45:00,tester_03,2026-04-21 11:47:19,https://www.commcarehq.org/a/commcare-learn-ahmad/reports/form_data/c4210286-4686-462a-a268-c8c108d11678/,tester_03,2.0
63,a8a578fe-a319-439e-88e7-742bcac05dcd,2026-05-10,irrigation_and_water_management,,Farmer Cooperative Centre,Trainer 5,yes,full_attendance,,9fe9e16d-7718-430c-ae24-3e59d5dbadd5,2026-05-10 14:23:00,2026-05-10 14:18:00,tester_05,2026-05-10 14:23:11,https://www.commcarehq.org/a/commcare-learn-ahmad/reports/form_data/a8a578fe-a319-439e-88e7-742bcac05dcd/,tester_05,5.0
64,41d64ea0-0878-4ba2-8078-aea111039338,2026-07-07,other,Financial Literacy,Extension Office,Trainer 5,yes,full_attendance,,19f02339-2f77-43b5-91fd-52b3c9adb61e,2026-07-07 15:29:00,2026-07-07 15:26:00,tester_04,2026-07-07 15:29:05,https://www.commcarehq.org/a/commcare-learn-ahmad/reports/form_data/41d64ea0-0878-4ba2-8078-aea111039338/,tester_04,3.0
65,3e9cee77-8bda-4130-a208-a48013c2f15b,2026-07-17,pest_and_disease_management,,Farmer Cooperative Centre,Trainer 2,yes,partial_attendance,left_early,5c9e0864-51c7-46e9-bcc6-f04aed9b6304,2026-07-17 14:49:00,2026-07-17 14:42:00,tester_07,2026-07-17 14:49:07,https://www.commcarehq.org/a/commcare-learn-ahmad/reports/form_data/3e9cee77-8bda-4130-a208-a48013c2f15b/,tester_07,7.0
66,452f2b70-256a-4689-9a1a-7aa9e8b5863d,2026-03-08,good_agronomic_practices,,Village Square,Trainer 1,yes,partial_attendance,left_early,875efcd8-94b0-401b-b411-df2c31531165,2026-03-08 12:53:00,2026-03-08 12:46:00,tester_04,2026-03-08 12:53:07,https://www.commcarehq.org/a/commcare-learn-ahmad/reports/form_data/452f2b70-256a-4689-9a1a-7aa9e8b5863d/,tester_04,7.0
67,661e2ac7-1e77-4838-b340-d8262e47495c,2026-07-13,soil_fertility_management,,Farmer Cooperative Centre,Trainer 4,no,,,d0fb8af4-3f6c-4923-a8c3-c54b4308a68b,2026-07-13 13:42:00,2026-07-13 13:34:00,tester_03,2026-07-13 13:42:09,https://www.commcarehq.org/a/commcare-learn-ahmad/reports/form_data/661e2ac7-1e77-4838-b340-d8262e47495c/,tester_03,8.0
68,121f9ab3-f637-480a-82cf-84fe43e33609,2026-05-02,pest_and_disease_management,,Community Hall,Trainer 3,yes,full_attendance,,441276d4-a87e-402b-89d8-048f1f31d9bc,2026-05-02 12:13:00,2026-05-02 12:07:00,tester_01,2026-05-02 12:13:14,https://www.commcarehq.org/a/commcare-learn-ahmad/reports/form_data/121f9ab3-f637-480a-82cf-84fe43e33609/,tester_01,6.0
69,55e6a3ac-7fc3-44e1-b618-b57109c1ed35,2026-03-25,soil_fertility_management,,Community Hall,Trainer 1,yes,full_attendance,,e7187207-f504-441d-816d-3bd6c56ba4ca,2026-03-25 08:09:00,2026-03-25 08:04:00,tester_06,2026-03-25 08:09:18,https://www.commcarehq.org/a/commcare-learn-ahmad/reports/form_data/55e6a3ac-7fc3-44e1-b618-b57109c1ed35/,tester_06,5.0
70,e8302dff-229f-488c-8a77-39f5f157b587,2026-05-08,livestock_management,,Community Hall,Trainer 5,no,,,cddde652-cc48-4184-a388-83d5733e4255,2026-05-08 08:27:00,2026-05-08 08:21:00,tester_07,2026-05-08 08:27:18,https://www.commcarehq.org/a/commcare-learn-ahmad/reports/form_data/e8302dff-229f-488c-8a77-39f5f157b587/,tester_07,6.0
71,565ded77-8adc-4240-8f56-81a270255a39,2026-08-01,good_agronomic_practices,,Community Hall,Trainer 2,yes,full_attendance,,43d01743-6137-42b4-9f71-f2ac11c87db3,2026-08-01 14:26:00,2026-08-01 14:23:00,tester_01,2026-08-01 14:26:07,https://www.commcarehq.org/a/commcare-learn-ahmad/reports/form_data/565ded77-8adc-4240-8f56-81a270255a39/,tester_01,3.0
72,238a572f-0d48-498c-bbea-f1c118e14c6a,2026-06-05,pest_and_disease_management,,Primary School,Trainer 1,yes,full_attendance,,df15a028-1602-4592-8cd4-a4ed31aeb278,2026-06-05 09:30:00,2026-06-05 09:28:00,tester_02,2026-06-05 09:30:14,https://www.commcarehq.org/a/commcare-learn-ahmad/reports/form_data/238a572f-0d48-498c-bbea-f1c118e14c6a/,tester_02,2.0
73,c4dc88db-83ea-45ee-b2ed-56c08921183c,2026-09-16,other,Post Harvest Handling,Farmer Cooperative Centre,Trainer 2,yes,full_attendance,,ade896a8-edc7-43ad-bb15-ae4fdc81c650,2026-09-16 11:04:00,2026-09-16 11:00:00,tester_04,2026-09-16 11:04:12,https://www.commcarehq.org/a/commcare-learn-ahmad/reports/form_data/c4dc88db-83ea-45ee-b2ed-56c08921183c/,tester_04,4.0
74,94e33ca1-d2c9-4776-a1e2-7e470e5ceba7,2026-07-10,pest_and_disease_management,,Farmer Cooperative Centre,Trainer 1,yes,partial_attendance,left_early,a9218157-3c09-40b2-9c50-c97606c1f4ff,2026-07-10 08:33:00,2026-07-10 08:29:00,tester_01,2026-07-10 08:33:09,https://www.commcarehq.org/a/commcare-learn-ahmad/reports/form_data/94e33ca1-d2c9-4776-a1e2-7e470e5ceba7/,tester_01,4.0
75,118c04e4-557d-4ab6-8b09-bbef11945107,2026-08-20,irrigation_and_water_management,,Farmer Cooperative Centre,Trainer 1,yes,full_attendance,,0288577f-8c20-44b2-b4fe-24066185fea6,2026-08-20 08:26:00,2026-08-20 08:22:00,tester_04,2026-08-20 08:26:09,https://www.commcarehq.org/a/commcare-learn-ahmad/reports/form_data/118c04e4-557d-4ab6-8b09-bbef11945107/,tester_04,4.0
76,d256a62f-fe17-43bd-896c-fc327673f65f,2026-06-30,record_keeping,,Extension Office,Trainer 1,yes,full_attendance,,b0021fd2-b5c2-4571-8dc3-0b4b46312e0f,2026-06-30 12:42:00,2026-06-30 12:34:00,tester_03,2026-06-30 12:42:19,https://www.commcarehq.org/a/commcare-learn-ahmad/reports/form_data/d256a62f-fe17-43bd-896c-fc327673f65f/,tester_03,8.0
77,028dab81-0217-4fd4-a2a3-bf52d46a3b27,2026-01-28,good_agronomic_practices,,Primary School,Trainer 4,yes,full_attendance,,9c57a6ab-0781-4274-a821-75971f271db1,2026-01-28 14:03:00,2026-01-28 13:58:00,tester_03,2026-01-28 14:03:05,https://www.commcarehq.org/a/commcare-learn-ahmad/reports/form_data/028dab81-0217-4fd4-a2a3-bf52d46a3b27/,tester_03,5.0
78,761a47ff-e2d1-4661-ba55-bc5bc14947d1,2026-09-14,soil_fertility_management,,Village Square,Trainer 5,yes,full_attendance,,4138cedb-fbad-4504-a9d5-ac5bae53bb35,2026-09-14 14:17:00,2026-09-14 14:12:00,tester_05,2026-09-14 14:17:12,https://www.commcarehq.org/a/commcare-learn-ahmad/reports/form_data/761a47ff-e2d1-4661-ba55-bc5bc14947d1/,tester_05,5.0
79,f29ffa82-ccc5-413d-8cf4-81ad1c1b1490,2026-04-29,livestock_management,,Village Square,Trainer 4,yes,full_attendance,,74c83c0d-6a15-4b01-9a09-bbf3d0f12a1f,2026-04-29 14:21:00,2026-04-29 14:19:00,tester_04,2026-04-29 14:21:18,https://www.commcarehq.org/a/commcare-learn-ahmad/reports/form_data/f29ffa82-ccc5-413d-8cf4-81ad1c1b1490/,tester_04,2.0
80,073bb14a-6475-4c9c-b51e-32286246af80,2026-09-02,livestock_management,,Primary School,Trainer 1,yes,full_attendance,,58b8f08c-4922-4e78-9973-6b10e07dd27e,2026-09-02 15:33:00,2026-09-02 15:29:00,tester_02,2026-09-02 15:33:17,https://www.commcarehq.org/a/commcare-learn-ahmad/reports/form_data/073bb14a-6475-4c9c-b51e-32286246af80/,tester_02,4.0
81,4f9cd95e-7c19-4d7e-b3db-79056260bbbd,2026-07-22,irrigation_and_water_management,,Community Hall,Trainer 5,no,,,d96bdf8c-d534-469b-8671-e1f4d14fa725,2026-07-22 08:53:00,2026-07-22 08:45:00,tester_07,2026-07-22 08:53:15,https://www.commcarehq.org/a/commcare-learn-ahmad/reports/form_data/4f9cd95e-7c19-4d7e-b3db-79056260bbbd/,tester_07,8.0
82,f46e3922-8f41-4cc1-ba45-5d310aefd85b,2026-03-18,soil_fertility_management,,Village Square,Trainer 5,yes,partial_attendance,left_early,bcff89e9-f48b-40b2-88b3-1af6c68e588f,2026-03-18 14:31:00,2026-03-18 14:24:00,tester_07,2026-03-18 14:31:05,https://www.commcarehq.org/a/commcare-learn-ahmad/reports/form_data/f46e3922-8f41-4cc1-ba45-5d310aefd85b/,tester_07,7.0
83,6ab4d991-0d9b-4406-b176-f4e4c326caea,2026-05-31,irrigation_and_water_management,,Primary School,Trainer 2,yes,full_attendance,,34df99e0-1d16-4203-a4c9-c37e11580578,2026-05-31 11:03:00,2026-05-31 11:01:00,tester_01,2026-05-31 11:03:10,https://www.commcarehq.org/a/commcare-learn-ahmad/reports/form_data/6ab4d991-0d9b-4406-b176-f4e4c326caea/,tester_01,2.0
84,12a1f362-ce58-4b50-b1d0-a9bfa29be6c0,2026-06-23,record_keeping,,Extension Office,Trainer 1,yes,full_attendance,,fb4d9b3d-b80b-44f3-a202-1ad31d9c8320,2026-06-23 15:14:00,2026-06-23 15:10:00,tester_02,2026-06-23 15:14:16,https://www.commcarehq.org/a/commcare-learn-ahmad/reports/form_data/12a1f362-ce58-4b50-b1d0-a9bfa29be6c0/,tester_02,4.0
85,43f2924d-ef59-45dc-a4a4-52a80bf5c9a5,2026-08-15,record_keeping,,Village Square,Trainer 4,yes,full_attendance,,3f875489-8497-43f5-8d9b-c24f79659b2d,2026-08-15 13:56:00,2026-08-15 13:51:00,tester_04,2026-08-15 13:56:17,https://www.commcarehq.org/a/commcare-learn-ahmad/reports/form_data/43f2924d-ef59-45dc-a4a4-52a80bf5c9a5/,tester_04,5.0
86,c4b3f8a8-5525-4cb4-b279-a1865aa92182,2026-04-27,pest_and_disease_management,,Primary School,Trainer 5,yes,full_attendance,,7fb8e487-db04-42fe-87c1-8e792c9788c9,2026-04-27 08:21:00,2026-04-27 08:15:00,tester_01,2026-04-27 08:21:05,https://www.commcarehq.org/a/commcare-learn-ahmad/reports/form_data/c4b3f8a8-5525-4cb4-b279-a1865aa92182/,tester_01,6.0
87,a18d8b5c-3b03-4f4f-9a12-328e7f5f9236,2026-10-06,soil_fertility_management,,Primary School,Trainer 1,yes,full_attendance,,69f2d90c-b8ed-442b-b535-ac71711379b4,2026-10-06 08:25:00,2026-10-06 08:21:00,tester_05,2026-10-06 08:25:15,https://www.commcarehq.org/a/commcare-learn-ahmad/reports/form_data/a18d8b5c-3b03-4f4f-9a12-328e7f5f9236/,tester_05,4.0
88,bf7fa239-a485-484e-8718-0299200c7875,2026-04-07,other,Post Harvest Handling,Village Square,Trainer 2,yes,full_attendance,,b0f673a7-8683-4826-867a-5c76f8baf9b1,2026-04-07 14:40:00,2026-04-07 14:36:00,tester_03,2026-04-07 14:40:17,https://www.commcarehq.org/a/commcare-learn-ahmad/reports/form_data/bf7fa239-a485-484e-8718-0299200c7875/,tester_03,4.0
89,8f818919-725c-4b69-a220-96b892ab904d,2026-05-07,other,Climate Smart Agriculture,Community Hall,Trainer 4,yes,full_attendance,,bb28f073-152a-43a0-b61e-30b0671c41b7,2026-05-07 13:31:00,2026-05-07 13:29:00,tester_02,2026-05-07 13:31:14,https://www.commcarehq.org/a/commcare-learn-ahmad/reports/form_data/8f818919-725c-4b69-a220-96b892ab904d/,tester_02,2.0
90,f7637a53-78ab-4cb6-b8de-2e10e0fc4d13,2026-04-14,good_agronomic_practices,,Community Hall,Trainer 2,yes,full_attendance,,c78d59b1-cbb7-4e9c-93c2-952ba7c38dab,2026-04-14 14:44:00,2026-04-14 14:36:00,tester_07,2026-04-14 14:44:11,https://www.commcarehq.org/a/commcare-learn-ahmad/reports/form_data/f7637a53-78ab-4cb6-b8de-2e10e0fc4d13/,tester_07,8.0
91,58a9f801-ea44-4a15-a731-ca56f5edb1c7,2026-06-16,pest_and_disease_management,,Extension Office,Trainer 1,yes,full_attendance,,1ceaf52f-3b1b-44ed-a166-462151a24617,2026-06-16 08:30:00,2026-06-16 08:23:00,tester_04,2026-06-16 08:30:10,https://www.commcarehq.org/a/commcare-learn-ahmad/reports/form_data/58a9f801-ea44-4a15-a731-ca56f5edb1c7/,tester_04,7.0
92,e67f93b8-acb6-45bb-a2d4-884ee0c3b078,2026-04-19,livestock_management,,Farmer Cooperative Centre,Trainer 5,no,,,2317a7b5-efb4-4625-a5e1-cc41b83359f5,2026-04-19 15:50:00,2026-04-19 15:42:00,tester_07,2026-04-19 15:50:09,https://www.commcarehq.org/a/commcare-learn-ahmad/reports/form_data/e67f93b8-acb6-45bb-a2d4-884ee0c3b078/,tester_07,8.0
93,f854f48a-7edf-432c-8e07-900839293765,2026-08-06,other,Post Harvest Handling,Farmer Cooperative Centre,Trainer 4,no,,,8705d1f8-2b65-456f-9d2f-7c43e029a6a4,2026-08-06 15:04:00,2026-08-06 14:59:00,tester_03,2026-08-06 15:04:10,https://www.commcarehq.org/a/commcare-learn-ahmad/reports/form_data/f854f48a-7edf-432c-8e07-900839293765/,tester_03,5.0
94,cc534c55-584d-4166-a24d-46e0062570bb,2026-08-08,irrigation_and_water_management,,Farmer Cooperative Centre,Trainer 1,no,,,fe0754ae-1535-47d1-b574-730995a41f5e,2026-08-08 10:43:00,2026-08-08 10:38:00,tester_04,2026-08-08 10:43:09,https://www.commcarehq.org/a/commcare-learn-ahmad/reports/form_data/cc534c55-584d-4166-a24d-46e0062570bb/,tester_04,5.0
95,686fb50a-e445-46c5-8c3c-f67df6177dae,2026-06-13,good_agronomic_practices,,Extension Office,Trainer 4,yes,full_attendance,,a01d3cff-7ab2-4679-b83e-5bf1d45dcf15,2026-06-13 12:39:00,2026-06-13 12:34:00,tester_03,2026-06-13 12:39:14,https://www.commcarehq.org/a/commcare-learn-ahmad/reports/form_data/686fb50a-e445-46c5-8c3c-f67df6177dae/,tester_03,5.0
96,82912c29-b3ad-4f42-b593-03643cf6e56f,2026-06-05,irrigation_and_water_management,,Farmer Cooperative Centre,Trainer 5,yes,full_attendance,,a27580f0-c58e-4a3c-b433-f26f9ee3e6c7,2026-06-05 15:45:00,2026-06-05 15:42:00,tester_06,2026-06-05 15:45:05,https://www.commcarehq.org/a/commcare-learn-ahmad/reports/form_data/82912c29-b3ad-4f42-b593-03643cf6e56f/,tester_06,3.0
97,9664b4f6-73f6-4212-b6e2-3ca71a12d1a4,2026-02-04,good_agronomic_practices,,Primary School,Trainer 5,yes,full_attendance,,eb071f6c-bd04-4888-bb37-6511a5f59c91,2026-02-04 09:27:00,2026-02-04 09:19:00,tester_03,2026-02-04 09:27:06,https://www.commcarehq.org/a/commcare-learn-ahmad/reports/form_data/9664b4f6-73f6-4212-b6e2-3ca71a12d1a4/,tester_03,8.0
98,4713ee75-83f4-432c-bf68-33e67350ffe1,2026-04-19,irrigation_and_water_management,,Community Hall,Trainer 3,yes,full_attendance,,c49a82cc-ab6f-4282-a2ce-6d4665d408bc,2026-04-19 10:36:00,2026-04-19 10:34:00,tester_02,2026-04-19 10:36:06,https://www.commcarehq.org/a/commcare-learn-ahmad/reports/form_data/4713ee75-83f4-432c-bf68-33e67350ffe1/,tester_02,2.0
99,457057d2-0542-4301-bff9-ab79e88cdcbb,2026-05-28,pest_and_disease_management,,Community Hall,Trainer 1,no,,,b710bbfd-2ce4-419f-95cf-02d2ecc83c95,2026-05-28 14:36:00,2026-05-28 14:30:00,tester_04,2026-05-28 14:36:07,https://www.commcarehq.org/a/commcare-learn-ahmad/reports/form_data/457057d2-0542-4301-bff9-ab79e88cdcbb/,tester_04,6.0
100,b7842b9b-ba8d-4c58-ac9e-b5d0446e6c77,2026-08-07,livestock_management,,Primary School,Trainer 1,yes,full_attendance,,75da109f-c5ab-4782-951c-0bc366b9c350,2026-08-07 09:16:00,2026-08-07 09:14:00,tester_01,2026-08-07 09:16:14,https://www.commcarehq.org/a/commcare-learn-ahmad/reports/form_data/b7842b9b-ba8d-4c58-ac9e-b5d0446e6c77/,tester_01,2.0
101,125b497b-4fe3-4f44-afa4-ab9e4e3b6698,2026-03-21,good_agronomic_practices,,Community Hall,Trainer 4,yes,full_attendance,,73f96881-45b0-46c6-bce7-b3d1978c7237,2026-03-21 11:53:00,2026-03-21 11:50:00,tester_06,2026-03-21 11:53:12,https://www.commcarehq.org/a/commcare-learn-ahmad/reports/form_data/125b497b-4fe3-4f44-afa4-ab9e4e3b6698/,tester_06,3.0
102,73bb458e-170d-4ebd-8986-1e5a8ef00475,2026-05-17,good_agronomic_practices,,Extension Office,Trainer 2,no,,,b6dff166-6d68-410c-8456-dd785fabbe9f,2026-05-17 13:04:00,2026-05-17 12:58:00,tester_03,2026-05-17 13:04:15,https://www.commcarehq.org/a/commcare-learn-ahmad/reports/form_data/73bb458e-170d-4ebd-8986-1e5a8ef00475/,tester_03,6.0
103,50170cfc-f65c-4ade-8751-5a926d56e631,2026-07-04,other,Financial Literacy,Primary School,Trainer 5,no,,,41475ca0-f690-4608-ab45-8a2ee3719198,2026-07-04 09:05:00,2026-07-04 09:01:00,tester_04,2026-07-04 09:05:08,https://www.commcarehq.org/a/commcare-learn-ahmad/reports/form_data/50170cfc-f65c-4ade-8751-5a926d56e631/,tester_04,4.0
104,2460fe7d-dcb8-4d4f-a09f-86c4cb73bae2,2026-04-29,irrigation_and_water_management,,Extension Office,Trainer 5,yes,full_attendance,,0c547d24-a58b-47e5-b02b-4027fb1997fc,2026-04-29 15:45:00,2026-04-29 15:42:00,tester_02,2026-04-29 15:45:07,https://www.commcarehq.org/a/commcare-learn-ahmad/reports/form_data/2460fe7d-dcb8-4d4f-a09f-86c4cb73bae2/,tester_02,3.0
105,224b61c9-270a-4c41-9338-2e7d83b672b1,2026-03-01,record_keeping,,Primary School,Trainer 1,no,,,46409c6d-1227-4ddf-a73f-c7ab4f66322e,2026-03-01 13:22:00,2026-03-01 13:16:00,tester_06,2026-03-01 13:22:08,https://www.commcarehq.org/a/commcare-learn-ahmad/reports/form_data/224b61c9-270a-4c41-9338-2e7d83b672b1/,tester_06,6.0
106,69a2e8c6-ca2e-470b-aff9-6ae38c3656c6,2026-05-10,other,Financial Literacy,Community Hall,Trainer 2,yes,full_attendance,,a37063c2-7ffd-4ca8-a3d7-67bd1416ea13,2026-05-10 13:08:00,2026-05-10 13:02:00,tester_06,2026-05-10 13:08:19,https://www.commcarehq.org/a/commcare-learn-ahmad/reports/form_data/69a2e8c6-ca2e-470b-aff9-6ae38c3656c6/,tester_06,6.0
107,aff766b2-25f3-4ce8-8e69-c8ab2932f436,2026-09-16,irrigation_and_water_management,,Village Square,Trainer 3,yes,full_attendance,,eb01897e-e714-4588-b015-e74456612f13,2026-09-16 11:58:00,2026-09-16 11:54:00,tester_01,2026-09-16 11:58:12,https://www.commcarehq.org/a/commcare-learn-ahmad/reports/form_data/aff766b2-25f3-4ce8-8e69-c8ab2932f436/,tester_01,4.0
108,044eade5-4ad1-4e1f-a9bc-b11b91ff8912,2026-03-15,other,Financial Literacy,Extension Office,Trainer 4,yes,full_attendance,,c0712b02-fdf9-4915-9489-a4f4b059f4af,2026-03-15 16:01:00,2026-03-15 15:54:00,tester_02,2026-03-15 16:01:06,https://www.commcarehq.org/a/commcare-learn-ahmad/reports/form_data/044eade5-4ad1-4e1f-a9bc-b11b91ff8912/,tester_02,7.0
109,6122bdc8-5f5f-444f-9557-a65372010ac9,2026-04-03,pest_and_disease_management,,Primary School,Trainer 3,yes,full_attendance,,a314941b-0b91-4439-acaa-5c313316b474,2026-04-03 08:07:00,2026-04-03 07:59:00,tester_02,2026-04-03 08:07:12,https://www.commcarehq.org/a/commcare-learn-ahmad/reports/form_data/6122bdc8-5f5f-444f-9557-a65372010ac9/,tester_02,8.0
110,a9d5c4cd-95bc-4cba-a5a6-0bed0c654750,2026-07-09,pest_and_disease_management,,Primary School,Trainer 5,yes,full_attendance,,1cf5148d-09a3-424d-aa86-db73ad58df96,2026-07-09 14:04:00,2026-07-09 13:56:00,tester_04,2026-07-09 14:04:13,https://www.commcarehq.org/a/commcare-learn-ahmad/reports/form_data/a9d5c4cd-95bc-4cba-a5a6-0bed0c654750/,tester_04,8.0
111,c31b8737-9269-4396-afc8-6fc0d2b5f597,2026-01-27,irrigation_and_water_management,,Farmer Cooperative Centre,Trainer 2,yes,full_attendance,,4939ef34-ee4a-4252-ac4a-bad8b8284ea4,2026-01-27 13:03:00,2026-01-27 12:55:00,tester_07,2026-01-27 13:03:16,https://www.commcarehq.org/a/commcare-learn-ahmad/reports/form_data/c31b8737-9269-4396-afc8-6fc0d2b5f597/,tester_07,8.0
112,6e1c8afb-533f-4d3f-aeb2-40b37fcfb25b,2026-08-24,other,Financial Literacy,Extension Office,Trainer 2,yes,full_attendance,,3dd5b35f-9a39-4719-96ef-291a06fc2b9f,2026-08-24 14:05:00,2026-08-24 13:57:00,tester_01,2026-08-24 14:05:15,https://www.commcarehq.org/a/commcare-learn-ahmad/reports/form_data/6e1c8afb-533f-4d3f-aeb2-40b37fcfb25b/,tester_01,8.0
113,c1ca44cd-01fc-4adc-9157-a9dd7cf24e5b,2026-05-18,pest_and_disease_management,,Village Square,Trainer 1,yes,full_attendance,,f48ad988-2212-4512-9751-7ddb7dc28c80,2026-05-18 09:09:00,2026-05-18 09:03:00,tester_06,2026-05-18 09:09:07,https://www.commcarehq.org/a/commcare-learn-ahmad/reports/form_data/c1ca44cd-01fc-4adc-9157-a9dd7cf24e5b/,tester_06,6.0
114,80d14f21-ea44-4293-bbf5-7c3d60fb88e9,2026-04-06,irrigation_and_water_management,,Primary School,Trainer 1,yes,partial_attendance,left_early,5b4c79a8-608a-4ef8-af42-084f2f78fec3,2026-04-06 10:40:00,2026-04-06 10:37:00,tester_01,2026-04-06 10:40:16,https://www.commcarehq.org/a/commcare-learn-ahmad/reports/form_data/80d14f21-ea44-4293-bbf5-7c3d60fb88e9/,tester_01,3.0
115,86f145ba-f8f6-4e04-89ed-4ff635860e12,2026-08-01,irrigation_and_water_management,,Primary School,Trainer 2,yes,partial_attendance,personal_emergency,e1e889e0-f5e9-4b80-9202-e9700232995d,2026-08-01 09:26:00,2026-08-01 09:18:00,tester_06,2026-08-01 09:26:18,https://www.commcarehq.org/a/commcare-learn-ahmad/reports/form_data/86f145ba-f8f6-4e04-89ed-4ff635860e12/,tester_06,8.0
116,efae685f-5818-4d38-aff2-4e4591b07b1d,2026-05-16,soil_fertility_management,,Farmer Cooperative Centre,Trainer 4,yes,full_attendance,,258c2cdb-199a-4dfe-9b3c-a8e7007b7673,2026-05-16 13:51:00,2026-05-16 13:49:00,tester_01,2026-05-16 13:51:14,https://www.commcarehq.org/a/commcare-learn-ahmad/reports/form_data/efae685f-5818-4d38-aff2-4e4591b07b1d/,tester_01,2.0
117,477b53af-24e5-4445-b5a3-593dc10b557d,2026-01-28,livestock_management,,Village Square,Trainer 4,yes,full_attendance,,8e892ae5-bb41-4eea-be68-3e302ea003f6,2026-01-28 09:45:00,2026-01-28 09:41:00,tester_06,2026-01-28 09:45:12,https://www.commcarehq.org/a/commcare-learn-ahmad/reports/form_data/477b53af-24e5-4445-b5a3-593dc10b557d/,tester_06,4.0
118,a0c89739-d07b-4391-a6ee-046b21f2b863,2026-07-28,good_agronomic_practices,,Primary School,Trainer 5,yes,partial_attendance,personal_emergency,66c50107-ddc6-4725-aed3-75e0a11a08a3,2026-07-28 10:12:00,2026-07-28 10:09:00,tester_05,2026-07-28 10:12:18,https://www.commcarehq.org/a/commcare-learn-ahmad/reports/form_data/a0c89739-d07b-4391-a6ee-046b21f2b863/,tester_05,3.0
119,96314973-8062-49cd-9bda-19e8eaaeb756,2026-06-24,irrigation_and_water_management,,Community Hall,Trainer 3,yes,partial_attendance,left_early,9756c8d5-9080-4299-9b4f-bfa7858b5068,2026-06-24 09:21:00,2026-06-24 09:13:00,tester_01,2026-06-24 09:21:05,https://www.commcarehq.org/a/commcare-learn-ahmad/reports/form_data/96314973-8062-49cd-9bda-19e8eaaeb756/,tester_01,8.0
120,182e3f08-0393-49d7-93e0-a1c48d5dfda1,2026-08-02,record_keeping,,Primary School,Trainer 5,yes,full_attendance,,172c685f-402d-432d-8061-972be7807144,2026-08-02 11:30:00,2026-08-02 11:26:00,tester_05,2026-08-02 11:30:20,https://www.commcarehq.org/a/commcare-learn-ahmad/reports/form_data/182e3f08-0393-49d7-93e0-a1c48d5dfda1/,tester_05,4.0
121,c5a76420-fd04-4e1e-a19f-8c501e21f630,2026-06-25,soil_fertility_management,,Primary School,Trainer 4,yes,full_attendance,,4bcef7e7-a50c-407d-ad8e-efe3fa090faf,2026-06-25 09:58:00,2026-06-25 09:54:00,tester_06,2026-06-25 09:58:20,https://www.commcarehq.org/a/commcare-learn-ahmad/reports/form_data/c5a76420-fd04-4e1e-a19f-8c501e21f630/,tester_06,4.0
122,da4f01c8-d674-4818-ab03-6a15899d314c,2026-03-03,pest_and_disease_management,,Village Square,Trainer 5,yes,full_attendance,,7a90b8f3-3c96-47e6-acc1-b913437d210e,2026-03-03 15:23:00,2026-03-03 15:20:00,tester_01,2026-03-03 15:23:08,https://www.commcarehq.org/a/commcare-learn-ahmad/reports/form_data/da4f01c8-d674-4818-ab03-6a15899d314c/,tester_01,3.0
123,df238cbe-8255-46ea-aed9-500e5b6164dd,2026-07-04,soil_fertility_management,,Primary School,Trainer 4,yes,full_attendance,,a4d846f2-8896-4975-b31b-78e436d98d6f,2026-07-04 15:46:00,2026-07-04 15:43:00,tester_02,2026-07-04 15:46:06,https://www.commcarehq.org/a/commcare-learn-ahmad/reports/form_data/df238cbe-8255-46ea-aed9-500e5b6164dd/,tester_02,3.0
124,78376df8-acd8-4a29-b499-a7a542a92a33,2026-08-01,record_keeping,,Farmer Cooperative Centre,Trainer 1,yes,full_attendance,,6e3cae33-8808-4061-9742-37c39ae3397a,2026-08-01 09:54:00,2026-08-01 09:50:00,tester_03,2026-08-01 09:54:15,https://www.commcarehq.org/a/commcare-learn-ahmad/reports/form_data/78376df8-acd8-4a29-b499-a7a542a92a33/,tester_03,4.0
125,5d776dde-4610-48dc-8de2-2d0d6365006b,2026-05-18,good_agronomic_practices,,Farmer Cooperative Centre,Trainer 1,yes,partial_attendance,arrived_late,94ad5b5f-f6ee-48f8-8523-4c307d1e4ddb,2026-05-18 09:06:00,2026-05-18 09:02:00,tester_02,2026-05-18 09:06:06,https://www.commcarehq.org/a/commcare-learn-ahmad/reports/form_data/5d776dde-4610-48dc-8de2-2d0d6365006b/,tester_02,4.0
126,32c7665b-8b72-4c1a-84e6-a71e83eab1ad,2026-06-04,other,Climate Smart Agriculture,Extension Office,Trainer 4,yes,full_attendance,,3fdc1a20-4c82-4602-9ba2-6f6d27906966,2026-06-04 09:06:00,2026-06-04 09:02:00,tester_05,2026-06-04 09:06:17,https://www.commcarehq.org/a/commcare-learn-ahmad/reports/form_data/32c7665b-8b72-4c1a-84e6-a71e83eab1ad/,tester_05,4.0
127,0b95ad3e-87ea-4f80-8bb4-d83e587d4820,2026-08-05,livestock_management,,Farmer Cooperative Centre,Trainer 1,yes,full_attendance,,c384fc60-4373-48d0-b69a-3e77ccbf9893,2026-08-05 08:59:00,2026-08-05 08:54:00,tester_02,2026-08-05 08:59:16,https://www.commcarehq.org/a/commcare-learn-ahmad/reports/form_data/0b95ad3e-87ea-4f80-8bb4-d83e587d4820/,tester_02,5.0
128,97c71a15-8c77-410e-b6ec-08b7de860c78,2026-03-19,record_keeping,,Village Square,Trainer 5,yes,full_attendance,,9e13f133-52c0-4cc3-81cc-1b3c94314881,2026-03-19 08:10:00,2026-03-19 08:08:00,tester_01,2026-03-19 08:10:16,https://www.commcarehq.org/a/commcare-learn-ahmad/reports/form_data/97c71a15-8c77-410e-b6ec-08b7de860c78/,tester_01,2.0
129,3340edab-f8d5-4f00-a63c-2112afb14169,2026-05-28,pest_and_disease_management,,Village Square,Trainer 1,no,,,47bf9b57-2857-4bdf-9fb1-2b50b7e32ad3,2026-05-28 08:15:00,2026-05-28 08:07:00,tester_05,2026-05-28 08:15:09,https://www.commcarehq.org/a/commcare-learn-ahmad/reports/form_data/3340edab-f8d5-4f00-a63c-2112afb14169/,tester_05,8.0
130,48983426-90cb-471a-b446-9d677ac4bbed,2026-05-09,good_agronomic_practices,,Village Square,Trainer 1,yes,full_attendance,,fbcbc961-08d0-4402-a8f8-98bbe81e17fe,2026-05-09 12:36:00,2026-05-09 12:29:00,tester_05,2026-05-09 12:36:20,https://www.commcarehq.org/a/commcare-learn-ahmad/reports/form_data/48983426-90cb-471a-b446-9d677ac4bbed/,tester_05,7.0
131,e6ca8d3c-b2d6-4590-9035-195584b4d602,2026-05-19,soil_fertility_management,,Farmer Cooperative Centre,Trainer 1,yes,full_attendance,,bccb5c8b-a6cc-4617-af63-4cc18ae6463f,2026-05-19 11:17:00,2026-05-19 11:15:00,tester_03,2026-05-19 11:17:15,https://www.commcarehq.org/a/commcare-learn-ahmad/reports/form_data/e6ca8d3c-b2d6-4590-9035-195584b4d602/,tester_03,2.0
132,50ab35e5-27ee-437c-847f-63fe7a5eb8a2,2026-07-25,record_keeping,,Village Square,Trainer 2,yes,full_attendance,,d666ed2a-4ca8-4361-b752-cf43291a639f,2026-07-25 09:57:00,2026-07-25 09:51:00,tester_07,2026-07-25 09:57:18,https://www.commcarehq.org/a/commcare-learn-ahmad/reports/form_data/50ab35e5-27ee-437c-847f-63fe7a5eb8a2/,tester_07,6.0
133,b453af29-2bfd-49c2-97fa-c94632f17fb9,2026-05-05,other,Financial Literacy,Primary School,Trainer 5,yes,full_attendance,,2431a1a4-e71a-4b6b-a2a7-fa9b56def07f,2026-05-05 08:05:00,2026-05-05 08:02:00,tester_05,2026-05-05 08:05:16,https://www.commcarehq.org/a/commcare-learn-ahmad/reports/form_data/b453af29-2bfd-49c2-97fa-c94632f17fb9/,tester_05,3.0
134,130eed08-5f9b-4eda-aafc-4b14af31177d,2026-03-16,livestock_management,,Primary School,Trainer 1,yes,full_attendance,,caafe3a0-6105-426e-a79b-981c587384bd,2026-03-16 14:04:00,2026-03-16 14:00:00,tester_05,2026-03-16 14:04:19,https://www.commcarehq.org/a/commcare-learn-ahmad/reports/form_data/130eed08-5f9b-4eda-aafc-4b14af31177d/,tester_05,4.0
135,072405e0-5b1f-4386-838c-755badf2483e,2026-07-13,pest_and_disease_management,,Primary School,Trainer 2,yes,partial_attendance,personal_emergency,34a4d373-6f68-4bd6-82c9-99e64fd8a152,2026-07-13 15:53:00,2026-07-13 15:45:00,tester_06,2026-07-13 15:53:07,https://www.commcarehq.org/a/commcare-learn-ahmad/reports/form_data/072405e0-5b1f-4386-838c-755badf2483e/,tester_06,8.0
136,1df948ca-f1a3-44eb-97fa-b87aa720d838,2026-05-18,livestock_management,,Village Square,Trainer 5,yes,full_attendance,,026b0871-db43-4677-929a-6dfa18b42626,2026-05-18 11:32:00,2026-05-18 11:30:00,tester_02,2026-05-18 11:32:13,https://www.commcarehq.org/a/commcare-learn-ahmad/reports/form_data/1df948ca-f1a3-44eb-97fa-b87aa720d838/,tester_02,2.0
137,fbc19b8f-9612-4988-9c20-b7211ef0d6e2,2026-04-15,livestock_management,,Village Square,Trainer 1,yes,full_attendance,,4a4b668b-7702-4e46-a4ce-43ca1374e7ce,2026-04-15 13:12:00,2026-04-15 13:04:00,tester_03,2026-04-15 13:12:09,https://www.commcarehq.org/a/commcare-learn-ahmad/reports/form_data/fbc19b8f-9612-4988-9c20-b7211ef0d6e2/,tester_03,8.0
138,96422c4a-33a2-42e8-ae9b-837b487a24eb,2026-05-24,good_agronomic_practices,,Village Square,Trainer 3,no,,,384e22c5-1e99-429b-ba50-6dc7c8bf76e2,2026-05-24 14:08:00,2026-05-24 14:02:00,tester_06,2026-05-24 14:08:16,https://www.commcarehq.org/a/commcare-learn-ahmad/reports/form_data/96422c4a-33a2-42e8-ae9b-837b487a24eb/,tester_06,6.0
139,092d9c77-366b-4c1b-8e7e-0539572c1061,2026-04-27,good_agronomic_practices,,Community Hall,Trainer 4,yes,partial_attendance,other,268b8161-58d5-4e11-ae45-6cddb144d1ed,2026-04-27 09:52:00,2026-04-27 09:50:00,tester_05,2026-04-27 09:52:19,https://www.commcarehq.org/a/commcare-learn-ahmad/reports/form_data/092d9c77-366b-4c1b-8e7e-0539572c1061/,tester_05,2.0
140,9de25a14-e676-4a76-9e0b-85bddc58d9cd,2026-03-29,soil_fertility_management,,Village Square,Trainer 1,yes,full_attendance,,d3e822dd-d406-40b3-8027-ec106a3740b3,2026-03-29 08:08:00,2026-03-29 08:05:00,tester_03,2026-03-29 08:08:19,https://www.commcarehq.org/a/commcare-learn-ahmad/reports/form_data/9de25a14-e676-4a76-9e0b-85bddc58d9cd/,tester_03,3.0
141,7acea2fc-a095-4e29-b51c-ec36d59790bf,2026-04-29,record_keeping,,Primary School,Trainer 5,yes,full_attendance,,d08436e6-74c4-4a27-8cd5-56a3a9615504,2026-04-29 14:40:00,2026-04-29 14:32:00,tester_05,2026-04-29 14:40:12,https://www.commcarehq.org/a/commcare-learn-ahmad/reports/form_data/7acea2fc-a095-4e29-b51c-ec36d59790bf/,tester_05,8.0
142,88913e72-e2c0-4719-9a18-8ebd6da0b9b6,2026-06-07,record_keeping,,Community Hall,Trainer 5,yes,partial_attendance,arrived_late,9bf1a2bd-f1a0-4bf6-a83a-c643473e2290,2026-06-07 11:29:00,2026-06-07 11:21:00,tester_03,2026-06-07 11:29:06,https://www.commcarehq.org/a/commcare-learn-ahmad/reports/form_data/88913e72-e2c0-4719-9a18-8ebd6da0b9b6/,tester_03,8.0
143,a861f60e-cb7b-4d90-8ade-b5169c309468,2026-07-07,other,Climate Smart Agriculture,Primary School,Trainer 5,yes,partial_attendance,personal_emergency,528a2205-dc72-4574-9dc8-cd0b92808581,2026-07-07 09:02:00,2026-07-07 09:00:00,tester_04,2026-07-07 09:02:05,https://www.commcarehq.org/a/commcare-learn-ahmad/reports/form_data/a861f60e-cb7b-4d90-8ade-b5169c309468/,tester_04,2.0
144,220f51f2-ecd7-4a7e-a231-88ceb6d15e05,2026-05-13,record_keeping,,Extension Office,Trainer 4,yes,full_attendance,,56d2dad8-bc4a-4b72-9189-c61b95d7fd3f,2026-05-13 15:30:00,2026-05-13 15:28:00,tester_01,2026-05-13 15:30:19,https://www.commcarehq.org/a/commcare-learn-ahmad/reports/form_data/220f51f2-ecd7-4a7e-a231-88ceb6d15e05/,tester_01,2.0
145,f9f7863f-8b2e-4b77-8ead-7ad9cc0b254b,2026-08-10,soil_fertility_management,,Farmer Cooperative Centre,Trainer 3,yes,full_attendance,,4c0409f9-4381-499e-ae05-c2088366f3a4,2026-08-10 15:28:00,2026-08-10 15:23:00,tester_06,2026-08-10 15:28:11,https://www.commcarehq.org/a/commcare-learn-ahmad/reports/form_data/f9f7863f-8b2e-4b77-8ead-7ad9cc0b254b/,tester_06,5.0
146,19e96201-f440-4d02-b5eb-c808605d08ea,2026-04-29,livestock_management,,Extension Office,Trainer 4,yes,full_attendance,,5219eeb9-6596-41b6-ae86-e8e85f41e8b0,2026-04-29 12:48:00,2026-04-29 12:45:00,tester_01,2026-04-29 12:48:18,https://www.commcarehq.org/a/commcare-learn-ahmad/reports/form_data/19e96201-f440-4d02-b5eb-c808605d08ea/,tester_01,3.0
147,ef7f05f3-9a0f-4106-b8db-ab15cdd68479,2026-07-13,irrigation_and_water_management,,Village Square,Trainer 1,yes,partial_attendance,personal_emergency,5d1d3734-9606-45e7-a6ce-9d533881a18d,2026-07-13 13:22:00,2026-07-13 13:16:00,tester_03,2026-07-13 13:22:13,https://www.commcarehq.org/a/commcare-learn-ahmad/reports/form_data/ef7f05f3-9a0f-4106-b8db-ab15cdd68479/,tester_03,6.0
148,f4cca3b5-7c15-44bd-b916-7935ca766d4a,2026-04-27,pest_and_disease_management,,Village Square,Trainer 3,no,,,7c09c48e-58b3-471f-bb9b-c7b2644617de,2026-04-27 12:45:00,2026-04-27 12:43:00,tester_05,2026-04-27 12:45:17,https://www.commcarehq.org/a/commcare-learn-ahmad/reports/form_data/f4cca3b5-7c15-44bd-b916-7935ca766d4a/,tester_05,2.0
149,68411dd9-860a-4cd9-b61f-2f4a180fc00a,2026-06-22,irrigation_and_water_management,,Primary School,Trainer 1,yes,full_attendance,,110fe6f2-4064-4505-84d3-c921c94d3df0,2026-06-22 11:17:00,2026-06-22 11:10:00,tester_03,2026-06-22 11:17:12,https://www.commcarehq.org/a/commcare-learn-ahmad/reports/form_data/68411dd9-860a-4cd9-b61f-2f4a180fc00a/,tester_03,7.0
150,573cc98d-029a-4756-bab9-1054e367538f,2026-06-21,pest_and_disease_management,,Extension Office,Trainer 3,no,,,bbe921a0-6691-40fc-a4da-d817026e1a2a,2026-06-21 12:59:00,2026-06-21 12:53:00,tester_03,2026-06-21 12:59:09,https://www.commcarehq.org/a/commcare-learn-ahmad/reports/form_data/573cc98d-029a-4756-bab9-1054e367538f/,tester_03,6.0
151,c828827b-7cfc-4ff9-82be-9ccf45a14f18,2026-07-06,pest_and_disease_management,,Village Square,Trainer 3,no,,,8b1b2f93-319f-4dd7-96b2-0e221a18e622,2026-07-06 08:43:00,2026-07-06 08:36:00,tester_04,2026-07-06 08:43:05,https://www.commcarehq.org/a/commcare-learn-ahmad/reports/form_data/c828827b-7cfc-4ff9-82be-9ccf45a14f18/,tester_04,7.0
152,38a5c6ea-fd8f-4e42-a97e-346ae9383ef3,2026-06-29,good_agronomic_practices,,Farmer Cooperative Centre,Trainer 3,yes,full_attendance,,76b89352-8fab-4e54-99cc-e97263ae87d1,2026-06-29 08:10:00,2026-06-29 08:06:00,tester_01,2026-06-29 08:10:20,https://www.commcarehq.org/a/commcare-learn-ahmad/reports/form_data/38a5c6ea-fd8f-4e42-a97e-346ae9383ef3/,tester_01,4.0
153,63c22ed0-3ab3-4b8d-b077-66d4416aab6c,2026-05-29,other,Financial Literacy,Primary School,Trainer 3,yes,full_attendance,,f6940516-8168-41cf-950b-e5c4574f2f52,2026-05-29 14:29:00,2026-05-29 14:26:00,tester_01,2026-05-29 14:29:10,https://www.commcarehq.org/a/commcare-learn-ahmad/reports/form_data/63c22ed0-3ab3-4b8d-b077-66d4416aab6c/,tester_01,3.0
154,abcf1189-c8e6-4c0e-94ed-8936ed064b7b,2026-08-28,good_agronomic_practices,,Community Hall,Trainer 1,no,,,6ef1e04a-9ed8-4a79-8947-c59a1c580d00,2026-08-28 10:08:00,2026-08-28 10:01:00,tester_01,2026-08-28 10:08:09,https://www.commcarehq.org/a/commcare-learn-ahmad/reports/form_data/abcf1189-c8e6-4c0e-94ed-8936ed064b7b/,tester_01,7.0
155,934f1f0b-5566-490d-b2a4-c977bf55720a,2026-07-02,livestock_management,,Farmer Cooperative Centre,Trainer 5,yes,partial_attendance,personal_emergency,bfd74d77-3af7-427d-9c55-1d89cdccca25,2026-07-02 13:22:00,2026-07-02 13:19:00,tester_05,2026-07-02 13:22:10,https://www.commcarehq.org/a/commcare-learn-ahmad/reports/form_data/934f1f0b-5566-490d-b2a4-c977bf55720a/,tester_05,3.0
156,b2988f02-3c92-440b-8a38-d93b2d338de0,2026-04-17,other,Financial Literacy,Village Square,Trainer 1,yes,full_attendance,,b99b7827-4aea-45e6-83b9-1487c58a7e76,2026-04-17 12:00:00,2026-04-17 11:58:00,tester_05,2026-04-17 12:00:10,https://www.commcarehq.org/a/commcare-learn-ahmad/reports/form_data/b2988f02-3c92-440b-8a38-d93b2d338de0/,tester_05,2.0
157,06c62967-c875-481e-b414-88d23ba7a65a,2026-05-06,good_agronomic_practices,,Community Hall,Trainer 5,yes,full_attendance,,5194a4b6-ce50-4850-8895-24c4a2a53801,2026-05-06 08:34:00,2026-05-06 08:30:00,tester_07,2026-05-06 08:34:05,https://www.commcarehq.org/a/commcare-learn-ahmad/reports/form_data/06c62967-c875-481e-b414-88d23ba7a65a/,tester_07,4.0
158,b13275aa-f8f9-4219-b6a6-cc82b5a90cc7,2026-07-04,irrigation_and_water_management,,Farmer Cooperative Centre,Trainer 5,yes,full_attendance,,1ab4e0b7-88a3-41fa-812c-48b89613c2c1,2026-07-04 12:05:00,2026-07-04 12:03:00,tester_04,2026-07-04 12:05:17,https://www.commcarehq.org/a/commcare-learn-ahmad/reports/form_data/b13275aa-f8f9-4219-b6a6-cc82b5a90cc7/,tester_04,2.0
159,1f73266b-075b-4ee9-8414-7d11e32352fc,2026-06-28,pest_and_disease_management,,Extension Office,Trainer 5,yes,full_attendance,,eb893fe3-de48-4b2c-a9df-fc01d1ccc325,2026-06-28 09:58:00,2026-06-28 09:55:00,tester_07,2026-06-28 09:58:11,https://www.commcarehq.org/a/commcare-learn-ahmad/reports/form_data/1f73266b-075b-4ee9-8414-7d11e32352fc/,tester_07,3.0
160,90c9346a-b6ee-406c-b1ad-8bcbc5f45149,2026-05-03,good_agronomic_practices,,Extension Office,Trainer 3,yes,full_attendance,,eeed33ba-2d92-46b4-9957-ae5f70687fb7,2026-05-03 13:03:00,2026-05-03 12:58:00,tester_05,2026-05-03 13:03:20,https://www.commcarehq.org/a/commcare-learn-ahmad/reports/form_data/90c9346a-b6ee-406c-b1ad-8bcbc5f45149/,tester_05,5.0
161,30a66ae3-081c-457a-880b-24e22d730b8f,2026-05-02,good_agronomic_practices,,Primary School,Trainer 1,no,,,ef1f8a42-baa4-4d16-b7d9-bb0457624ed5,2026-05-02 08:36:00,2026-05-02 08:30:00,tester_02,2026-05-02 08:36:19,https://www.commcarehq.org/a/commcare-learn-ahmad/reports/form_data/30a66ae3-081c-457a-880b-24e22d730b8f/,tester_02,6.0
162,f5f2d6f9-e2be-43b9-882d-ae6409b478b6,2026-04-16,livestock_management,,Village Square,Trainer 3,yes,partial_attendance,left_early,5839f5a6-7b93-42bd-8e39-0772d04e3227,2026-04-16 12:20:00,2026-04-16 12:17:00,tester_03,2026-04-16 12:20:12,https://www.commcarehq.org/a/commcare-learn-ahmad/reports/form_data/f5f2d6f9-e2be-43b9-882d-ae6409b478b6/,tester_03,3.0
163,fb868753-2a99-4752-b5ee-08e8a60c73f1,2026-09-29,record_keeping,,Farmer Cooperative Centre,Trainer 4,yes,full_attendance,,448cdfe4-1969-4279-b3a2-da7f1c604b7f,2026-09-29 12:08:00,2026-09-29 12:05:00,tester_04,2026-09-29 12:08:20,https://www.commcarehq.org/a/commcare-learn-ahmad/reports/form_data/fb868753-2a99-4752-b5ee-08e8a60c73f1/,tester_04,3.0
164,b93f7e78-d35d-4a53-bb5b-71e2428c0ed8,2026-08-16,irrigation_and_water_management,,Village Square,Trainer 4,yes,full_attendance,,bf17a319-1e54-418a-a1b4-2f88f139f7c9,2026-08-16 11:11:00,2026-08-16 11:09:00,tester_05,2026-08-16 11:11:20,https://www.commcarehq.org/a/commcare-learn-ahmad/reports/form_data/b93f7e78-d35d-4a53-bb5b-71e2428c0ed8/,tester_05,2.0
165,d9fd9c73-a19c-4a68-9930-d0c12bca54e2,2026-06-30,other,Post Harvest Handling,Village Square,Trainer 5,yes,full_attendance,,ba18ab44-16a4-4777-9920-8ebedf88fb01,2026-06-30 13:07:00,2026-06-30 13:01:00,tester_05,2026-06-30 13:07:09,https://www.commcarehq.org/a/commcare-learn-ahmad/reports/form_data/d9fd9c73-a19c-4a68-9930-d0c12bca54e2/,tester_05,6.0
166,1d707596-cdd5-4c43-9d3c-e4589424a6f3,2026-10-04,irrigation_and_water_management,,Extension Office,Trainer 4,yes,full_attendance,,481b56a3-3b74-481e-a8dc-ef3b0083e789,2026-10-04 15:07:00,2026-10-04 15:05:00,tester_01,2026-10-04 15:07:09,https://www.commcarehq.org/a/commcare-learn-ahmad/reports/form_data/1d707596-cdd5-4c43-9d3c-e4589424a6f3/,tester_01,2.0
167,3627c3b2-5fe4-43a0-83c4-ef79b3aec6b8,2026-01-21,other,Post Harvest Handling,Community Hall,Trainer 2,yes,full_attendance,,491843a6-18dc-4a29-bf2b-580484d54631,2026-01-21 12:48:00,2026-01-21 12:42:00,tester_03,2026-01-21 12:48:11,https://www.commcarehq.org/a/commcare-learn-ahmad/reports/form_data/3627c3b2-5fe4-43a0-83c4-ef79b3aec6b8/,tester_03,6.0
168,1717fdb6-3591-4472-81fe-73a6c0e76f04,2026-04-17,other,Climate Smart Agriculture,Extension Office,Trainer 4,yes,full_attendance,,683175ab-1d13-40af-a808-ed4f8d20fc1d,2026-04-17 15:23:00,2026-04-17 15:15:00,tester_02,2026-04-17 15:23:06,https://www.commcarehq.org/a/commcare-learn-ahmad/reports/form_data/1717fdb6-3591-4472-81fe-73a6c0e76f04/,tester_02,8.0
169,9d8c60a0-8547-4855-9dbb-da5844b49f36,2026-10-22,irrigation_and_water_management,,Primary School,Trainer 2,yes,full_attendance,,64cbefc1-be59-467d-92f2-0ff89892044b,2026-10-22 10:20:00,2026-10-22 10:16:00,tester_04,2026-10-22 10:20:15,https://www.commcarehq.org/a/commcare-learn-ahmad/reports/form_data/9d8c60a0-8547-4855-9dbb-da5844b49f36/,tester_04,4.0
170,651b03b7-d237-42b5-aad5-4f10a9494e64,2026-07-01,pest_and_disease_management,,Community Hall,Trainer 3,yes,full_attendance,,a7d318bb-d063-4053-961d-eb7c196497c7,2026-07-01 09:12:00,2026-07-01 09:04:00,tester_03,2026-07-01 09:12:17,https://www.commcarehq.org/a/commcare-learn-ahmad/reports/form_data/651b03b7-d237-42b5-aad5-4f10a9494e64/,tester_03,8.0
171,f9b407b6-3ef1-4328-9b61-5521c202f5be,2026-09-14,irrigation_and_water_management,,Village Square,Trainer 2,no,,,ac4e379d-4587-441b-9499-32bb4975d12f,2026-09-14 12:58:00,2026-09-14 12:53:00,tester_04,2026-09-14 12:58:15,https://www.commcarehq.org/a/commcare-learn-ahmad/reports/form_data/f9b407b6-3ef1-4328-9b61-5521c202f5be/,tester_04,5.0
172,634b1d8d-f57b-41b7-a608-28fec9477209,2026-07-27,irrigation_and_water_management,,Village Square,Trainer 3,yes,full_attendance,,ee536f03-af9a-49dd-bef0-4b82dcc0af54,2026-07-27 13:58:00,2026-07-27 13:54:00,tester_01,2026-07-27 13:58:18,https://www.commcarehq.org/a/commcare-learn-ahmad/reports/form_data/634b1d8d-f57b-41b7-a608-28fec9477209/,tester_01,4.0
173,5c6d2f16-1b94-4892-aabf-f81c44e15b8c,2026-10-20,other,Financial Literacy,Farmer Cooperative Centre,Trainer 4,no,,,fe4ef073-9212-4a13-a678-1716fc585a01,2026-10-20 09:25:00,2026-10-20 09:21:00,tester_02,2026-10-20 09:25:18,https://www.commcarehq.org/a/commcare-learn-ahmad/reports/form_data/5c6d2f16-1b94-4892-aabf-f81c44e15b8c/,tester_02,4.0
174,6badfd8b-2f1b-43a5-8578-c2f78c1e7693,2026-05-06,soil_fertility_management,,Village Square,Trainer 5,yes,partial_attendance,other,d662f067-7388-4efc-8fd1-079f8244c6bb,2026-05-06 10:50:00,2026-05-06 10:47:00,tester_06,2026-05-06 10:50:19,https://www.commcarehq.org/a/commcare-learn-ahmad/reports/form_data/6badfd8b-2f1b-43a5-8578-c2f78c1e7693/,tester_06,3.0
175,14552d23-5a9d-4022-a494-af5fb560bfca,2026-03-21,good_agronomic_practices,,Extension Office,Trainer 3,yes,partial_attendance,personal_emergency,acb99023-b22a-4b04-bdd6-cc2d4a1800d6,2026-03-21 08:23:00,2026-03-21 08:16:00,tester_07,2026-03-21 08:23:16,https://www.commcarehq.org/a/commcare-learn-ahmad/reports/form_data/14552d23-5a9d-4022-a494-af5fb560bfca/,tester_07,7.0
176,ddcf55aa-b30b-451a-8bb7-ff99b2b7a9ec,2026-04-19,irrigation_and_water_management,,Extension Office,Trainer 3,yes,full_attendance,,d0bfc479-375f-40a2-b5b0-3e10ff9071e2,2026-04-19 12:11:00,2026-04-19 12:08:00,tester_04,2026-04-19 12:11:17,https://www.commcarehq.org/a/commcare-learn-ahmad/reports/form_data/ddcf55aa-b30b-451a-8bb7-ff99b2b7a9ec/,tester_04,3.0
177,7e739492-0552-4e29-a82d-d8bebfd486c7,2026-04-21,other,Climate Smart Agriculture,Community Hall,Trainer 4,yes,full_attendance,,fd7dd9db-5dbf-4bc0-a6db-c48e8e4b505e,2026-04-21 15:41:00,2026-04-21 15:35:00,tester_06,2026-04-21 15:41:19,https://www.commcarehq.org/a/commcare-learn-ahmad/reports/form_data/7e739492-0552-4e29-a82d-d8bebfd486c7/,tester_06,6.0
178,59247659-0ec4-460b-9c7e-648c4120e5d1,2026-04-23,record_keeping,,Primary School,Trainer 2,yes,full_attendance,,9e753c31-3dc0-40ef-bde5-13a19a7cc57d,2026-04-23 14:54:00,2026-04-23 14:49:00,tester_01,2026-04-23 14:54:16,https://www.commcarehq.org/a/commcare-learn-ahmad/reports/form_data/59247659-0ec4-460b-9c7e-648c4120e5d1/,tester_01,5.0
179,21295d51-5c57-42b5-889c-ad80aa8f19c1,2026-03-31,other,Climate Smart Agriculture,Farmer Cooperative Centre,Trainer 1,yes,full_attendance,,aa3de7b3-67d9-4cc6-97f5-819e54d29275,2026-03-31 10:22:00,2026-03-31 10:17:00,tester_06,2026-03-31 10:22:05,https://www.commcarehq.org/a/commcare-learn-ahmad/reports/form_data/21295d51-5c57-42b5-889c-ad80aa8f19c1/,tester_06,5.0
180,5357696c-0b2d-4c2d-bcca-440825a1d4ca,2026-06-09,pest_and_disease_management,,Village Square,Trainer 1,yes,full_attendance,,440c73f1-5a71-4ea3-9f19-c5afb1b5d7ff,2026-06-09 14:52:00,2026-06-09 14:44:00,tester_05,2026-06-09 14:52:15,https://www.commcarehq.org/a/commcare-learn-ahmad/reports/form_data/5357696c-0b2d-4c2d-bcca-440825a1d4ca/,tester_05,8.0
181,c59d40f3-13a9-41eb-9e61-f08de3055b41,2026-04-19,good_agronomic_practices,,Extension Office,Trainer 1,no,,,8be01457-9e45-4dd1-bdbe-4af190e8b01e,2026-04-19 14:18:00,2026-04-19 14:11:00,tester_06,2026-04-19 14:18:19,https://www.commcarehq.org/a/commcare-learn-ahmad/reports/form_data/c59d40f3-13a9-41eb-9e61-f08de3055b41/,tester_06,7.0
182,ccd7a9c6-ae72-469a-8f9e-35a4e3afc377,2026-08-19,other,Climate Smart Agriculture,Farmer Cooperative Centre,Trainer 1,yes,full_attendance,,ad170789-5579-4448-898a-82f7e9fdd99b,2026-08-19 12:23:00,2026-08-19 12:19:00,tester_02,2026-08-19 12:23:20,https://www.commcarehq.org/a/commcare-learn-ahmad/reports/form_data/ccd7a9c6-ae72-469a-8f9e-35a4e3afc377/,tester_02,4.0
183,5d8da1dd-565f-4cae-97dd-0a89d62f4efa,2026-08-31,livestock_management,,Community Hall,Trainer 5,yes,full_attendance,,b69fef5a-360f-4ef1-b62b-551f49fae6fd,2026-08-31 09:39:00,2026-08-31 09:32:00,tester_02,2026-08-31 09:39:15,https://www.commcarehq.org/a/commcare-learn-ahmad/reports/form_data/5d8da1dd-565f-4cae-97dd-0a89d62f4efa/,tester_02,7.0
184,06b491a4-a881-4d39-b090-63f698762299,2026-03-13,record_keeping,,Extension Office,Trainer 5,yes,full_attendance,,9f641f0a-9df0-47f5-916d-1d1146fb4913,2026-03-13 14:22:00,2026-03-13 14:14:00,tester_01,2026-03-13 14:22:13,https://www.commcarehq.org/a/commcare-learn-ahmad/reports/form_data/06b491a4-a881-4d39-b090-63f698762299/,tester_01,8.0
185,c036e203-f591-435b-b0ae-93a6afaa5952,2026-06-23,livestock_management,,Farmer Cooperative Centre,Trainer 2,no,,,675e8db1-1fd4-4871-97f4-64745d66e6bb,2026-06-23 09:13:00,2026-06-23 09:05:00,tester_01,2026-06-23 09:13:16,https://www.commcarehq.org/a/commcare-learn-ahmad/reports/form_data/c036e203-f591-435b-b0ae-93a6afaa5952/,tester_01,8.0
186,f51fc1f3-f26c-456e-8646-f7c74f9221dc,2026-05-19,irrigation_and_water_management,,Primary School,Trainer 5,yes,partial_attendance,arrived_late,9c1b1094-a830-47af-8369-2d4154fe2eba,2026-05-19 08:57:00,2026-05-19 08:54:00,tester_07,2026-05-19 08:57:17,https://www.commcarehq.org/a/commcare-learn-ahmad/reports/form_data/f51fc1f3-f26c-456e-8646-f7c74f9221dc/,tester_07,3.0
187,8a54fc8a-9187-4b6a-a861-4273051677bf,2026-04-12,other,Climate Smart Agriculture,Village Square,Trainer 4,yes,partial_attendance,left_early,39a20438-eb08-47c2-bae9-5a706ebbc890,2026-04-12 14:12:00,2026-04-12 14:06:00,tester_07,2026-04-12 14:12:05,https://www.commcarehq.org/a/commcare-learn-ahmad/reports/form_data/8a54fc8a-9187-4b6a-a861-4273051677bf/,tester_07,6.0
188,2e50d5aa-2fc0-4d29-97e8-a60e6bd5b02c,2026-03-07,good_agronomic_practices,,Extension Office,Trainer 3,yes,full_attendance,,6c3559b8-817d-4da7-882f-42d45d0fad38,2026-03-07 14:38:00,2026-03-07 14:36:00,tester_01,2026-03-07 14:38:08,https://www.commcarehq.org/a/commcare-learn-ahmad/reports/form_data/2e50d5aa-2fc0-4d29-97e8-a60e6bd5b02c/,tester_01,2.0
189,8434a1d3-8d11-4040-9d29-c86c51af2eaf,2026-04-23,livestock_management,,Extension Office,Trainer 1,no,,,eb8b57c5-a0cb-4b0e-9da3-414ef519309a,2026-04-23 10:31:00,2026-04-23 10:23:00,tester_05,2026-04-23 10:31:17,https://www.commcarehq.org/a/commcare-learn-ahmad/reports/form_data/8434a1d3-8d11-4040-9d29-c86c51af2eaf/,tester_05,8.0
190,185a8afd-4da8-4c12-8bfc-4fa35b0a1b88,2026-04-16,record_keeping,,Community Hall,Trainer 1,yes,full_attendance,,9efb0996-cc12-450a-aea0-3a2c1599f468,2026-04-16 10:37:00,2026-04-16 10:35:00,tester_07,2026-04-16 10:37:07,https://www.commcarehq.org/a/commcare-learn-ahmad/reports/form_data/185a8afd-4da8-4c12-8bfc-4fa35b0a1b88/,tester_07,2.0
191,6fcf595e-58ff-461f-a771-84a8ccd0f912,2026-06-13,irrigation_and_water_management,,Community Hall,Trainer 3,yes,full_attendance,,923ee1a1-0840-40f2-99db-336e957b5b3b,2026-06-13 11:44:00,2026-06-13 11:40:00,tester_02,2026-06-13 11:44:05,https://www.commcarehq.org/a/commcare-learn-ahmad/reports/form_data/6fcf595e-58ff-461f-a771-84a8ccd0f912/,tester_02,4.0
192,fd4a9607-8ab9-4f1f-aee9-f4668b3be8bb,2026-07-20,good_agronomic_practices,,Community Hall,Trainer 4,yes,partial_attendance,other,e0e9d966-a6f2-48d6-93bc-03e5a21a94b4,2026-07-20 08:13:00,2026-07-20 08:05:00,tester_01,2026-07-20 08:13:06,https://www.commcarehq.org/a/commcare-learn-ahmad/reports/form_data/fd4a9607-8ab9-4f1f-aee9-f4668b3be8bb/,tester_01,8.0
193,031f3eb7-d598-4a70-bb4d-43f2d9af5357,2026-05-14,good_agronomic_practices,,Community Hall,Trainer 1,no,,,969860b1-0029-42a7-9d4d-46cb80a677f1,2026-05-14 14:51:00,2026-05-14 14:48:00,tester_02,2026-05-14 14:51:20,https://www.commcarehq.org/a/commcare-learn-ahmad/reports/form_data/031f3eb7-d598-4a70-bb4d-43f2d9af5357/,tester_02,3.0
194,d1943c97-c179-46af-be31-804173936d96,2026-04-29,other,Post Harvest Handling,Community Hall,Trainer 2,yes,full_attendance,,95c8fae5-aab6-4562-b866-e2680f4c3b1e,2026-04-29 13:21:00,2026-04-29 13:19:00,tester_03,2026-04-29 13:21:13,https://www.commcarehq.org/a/commcare-learn-ahmad/reports/form_data/d1943c97-c179-46af-be31-804173936d96/,tester_03,2.0
195,e47b1771-0af6-4e94-a589-3bb716933029,2026-07-01,good_agronomic_practices,,Community Hall,Trainer 4,yes,full_attendance,,fdcf1f55-c679-450c-9ad2-5def05b52e0d,2026-07-01 12:08:00,2026-07-01 12:01:00,tester_05,2026-07-01 12:08:16,https://www.commcarehq.org/a/commcare-learn-ahmad/reports/form_data/e47b1771-0af6-4e94-a589-3bb716933029/,tester_05,7.0
196,008230af-82a2-4ae2-a108-b50a4a1d3eea,2026-06-20,record_keeping,,Extension Office,Trainer 2,yes,partial_attendance,arrived_late,41e484a9-b476-4ccb-82ec-7b1e5dafef0f,2026-06-20 10:32:00,2026-06-20 10:27:00,tester_05,2026-06-20 10:32:12,https://www.commcarehq.org/a/commcare-learn-ahmad/reports/form_data/008230af-82a2-4ae2-a108-b50a4a1d3eea/,tester_05,5.0
197,733ffd9f-5e23-4262-b1cc-32846bf908e3,2026-03-15,livestock_management,,Village Square,Trainer 3,yes,full_attendance,,50ca0610-0663-4a55-8b08-2d5f4a0aade4,2026-03-15 08:25:00,2026-03-15 08:22:00,tester_01,2026-03-15 08:25:18,https://www.commcarehq.org/a/commcare-learn-ahmad/reports/form_data/733ffd9f-5e23-4262-b1cc-32846bf908e3/,tester_01,3.0
198,6e486b33-b751-4e85-bcdc-bc3b3ca81932,2026-04-14,irrigation_and_water_management,,Village Square,Trainer 2,yes,partial_attendance,arrived_late,ff252775-d7bf-4d71-ac36-bde731dadb97,2026-04-14 12:12:00,2026-04-14 12:09:00,tester_02,2026-04-14 12:12:10,https://www.commcarehq.org/a/commcare-learn-ahmad/reports/form_data/6e486b33-b751-4e85-bcdc-bc3b3ca81932/,tester_02,3.0
199,0d3dbb05-5505-4e0b-8919-62320659f8a5,2026-06-06,other,Climate Smart Agriculture,Primary School,Trainer 3,yes,full_attendance,,4a28edd3-75b3-4ee7-b799-d01bac2971df,2026-06-06 12:38:00,2026-06-06 12:36:00,tester_02,2026-06-06 12:38:12,https://www.commcarehq.org/a/commcare-learn-ahmad/reports/form_data/0d3dbb05-5505-4e0b-8919-62320659f8a5/,tester_02,2.0
200,fdcd0e5c-bfbc-402e-8aa9-ad1ba1218416,2026-06-26,livestock_management,,Village Square,Trainer 3,yes,partial_attendance,left_early,ca044cdb-559a-4ff7-b57a-21211f656c7c,2026-06-26 12:22:00,2026-06-26 12:16:00,tester_05,2026-06-26 12:22:16,https://www.commcarehq.org/a/commcare-learn-ahmad/reports/form_data/fdcd0e5c-bfbc-402e-8aa9-ad1ba1218416/,tester_05,6.0
201,5e45a1e1-1683-40f6-8c86-3ca026449306,2026-07-11,livestock_management,,Village Square,Trainer 5,yes,full_attendance,,4688c008-0de9-4bec-8ad0-e9cc76b6c36a,2026-07-11 14:21:00,2026-07-11 14:16:00,tester_02,2026-07-11 14:21:17,https://www.commcarehq.org/a/commcare-learn-ahmad/reports/form_data/5e45a1e1-1683-40f6-8c86-3ca026449306/,tester_02,5.0
202,4e52a80e-142b-40f9-a312-b8fca1ce5bae,2026-07-05,livestock_management,,Village Square,Trainer 3,yes,partial_attendance,other,3d6ffc3a-d0fb-4c0d-9544-cf4bc9eb3977,2026-07-05 09:29:00,2026-07-05 09:25:00,tester_06,2026-07-05 09:29:10,https://www.commcarehq.org/a/commcare-learn-ahmad/reports/form_data/4e52a80e-142b-40f9-a312-b8fca1ce5bae/,tester_06,4.0
203,42fe4070-c497-42a8-aebd-9df3cb2b8992,2026-10-06,record_keeping,,Farmer Cooperative Centre,Trainer 2,yes,full_attendance,,5f353d58-51e3-4fe2-87fb-8c2311cac5c8,2026-10-06 09:09:00,2026-10-06 09:07:00,tester_05,2026-10-06 09:09:18,https://www.commcarehq.org/a/commcare-learn-ahmad/reports/form_data/42fe4070-c497-42a8-aebd-9df3cb2b8992/,tester_05,2.0
204,9568c0a4-4948-4de0-ad48-1ec8a36345f1,2026-05-24,record_keeping,,Extension Office,Trainer 2,yes,full_attendance,,9bf5849e-37bd-4927-a794-afe669e8340c,2026-05-24 12:05:00,2026-05-24 12:03:00,tester_07,2026-05-24 12:05:10,https://www.commcarehq.org/a/commcare-learn-ahmad/reports/form_data/9568c0a4-4948-4de0-ad48-1ec8a36345f1/,tester_07,2.0
205,2598b179-834d-4ee2-bf7e-3a898c522d66,2026-05-25,record_keeping,,Primary School,Trainer 1,yes,full_attendance,,819e8314-a2ec-4946-b982-89953bf82f40,2026-05-25 11:16:00,2026-05-25 11:09:00,tester_05,2026-05-25 11:16:13,https://www.commcarehq.org/a/commcare-learn-ahmad/reports/form_data/2598b179-834d-4ee2-bf7e-3a898c522d66/,tester_05,7.0
206,573e5a81-6ed6-490a-a69d-57613290a99f,2026-08-08,pest_and_disease_management,,Farmer Cooperative Centre,Trainer 4,yes,full_attendance,,0f81b1f2-ffbc-4d64-be29-92add0c32144,2026-08-08 13:46:00,2026-08-08 13:42:00,tester_02,2026-08-08 13:46:12,https://www.commcarehq.org/a/commcare-learn-ahmad/reports/form_data/573e5a81-6ed6-490a-a69d-57613290a99f/,tester_02,4.0
207,144d21dd-a2a5-40c3-8895-6b84de6f453e,2026-05-26,other,Climate Smart Agriculture,Village Square,Trainer 3,yes,full_attendance,,ec763608-552c-4b6b-833e-9bc5b26e9891,2026-05-26 08:28:00,2026-05-26 08:21:00,tester_05,2026-05-26 08:28:11,https://www.commcarehq.org/a/commcare-learn-ahmad/reports/form_data/144d21dd-a2a5-40c3-8895-6b84de6f453e/,tester_05,7.0
208,0a6a1168-ee3b-4c90-90dd-9044ca1c7f9d,2026-03-11,record_keeping,,Village Square,Trainer 3,yes,partial_attendance,personal_emergency,a4ff69d9-a2db-4bea-90ff-7daa87b58c87,2026-03-11 10:43:00,2026-03-11 10:37:00,tester_01,2026-03-11 10:43:18,https://www.commcarehq.org/a/commcare-learn-ahmad/reports/form_data/0a6a1168-ee3b-4c90-90dd-9044ca1c7f9d/,tester_01,6.0
209,c75fe43c-6391-49bd-bcae-47b8efc18862,2026-07-16,livestock_management,,Community Hall,Trainer 1,yes,full_attendance,,d7a551a3-e2b1-4a7f-b56b-40083573fd3a,2026-07-16 11:27:00,2026-07-16 11:23:00,tester_05,2026-07-16 11:27:07,https://www.commcarehq.org/a/commcare-learn-ahmad/reports/form_data/c75fe43c-6391-49bd-bcae-47b8efc18862/,tester_05,4.0
210,eed45a3d-d38b-4d3a-aa63-e79e9a1e2bf4,2026-07-06,pest_and_disease_management,,Community Hall,Trainer 2,yes,full_attendance,,7c791106-7b9a-4fa9-950b-f16885cc8fe6,2026-07-06 10:49:00,2026-07-06 10:41:00,tester_02,2026-07-06 10:49:19,https://www.commcarehq.org/a/commcare-learn-ahmad/reports/form_data/eed45a3d-d38b-4d3a-aa63-e79e9a1e2bf4/,tester_02,8.0
211,493eee14-ed36-4fc4-a333-27ec7e75adb4,2026-03-06,irrigation_and_water_management,,Village Square,Trainer 4,yes,full_attendance,,417e8d68-7718-46e2-a816-4a54fa5faa61,2026-03-06 09:41:00,2026-03-06 09:34:00,tester_02,2026-03-06 09:41:08,https://www.commcarehq.org/a/commcare-learn-ahmad/reports/form_data/493eee14-ed36-4fc4-a333-27ec7e75adb4/,tester_02,7.0
212,18e221fc-9c1c-4b59-a358-a0679883b89a,2026-02-10,livestock_management,,Primary School,Trainer 4,yes,full_attendance,,915c2996-a7ac-4383-a5dd-0a2233e827d1,2026-02-10 12:03:00,2026-02-10 11:58:00,tester_06,2026-02-10 12:03:13,https://www.commcarehq.org/a/commcare-learn-ahmad/reports/form_data/18e221fc-9c1c-4b59-a358-a0679883b89a/,tester_06,5.0
213,2a626b01-cb5a-4e8b-a085-0987e46ca1fd,2026-03-20,livestock_management,,Community Hall,Trainer 3,yes,full_attendance,,596ffd86-ddab-4c2a-a8a6-81006c2256e8,2026-03-20 11:31:00,2026-03-20 11:25:00,tester_06,2026-03-20 11:31:08,https://www.commcarehq.org/a/commcare-learn-ahmad/reports/form_data/2a626b01-cb5a-4e8b-a085-0987e46ca1fd/,tester_06,6.0
214,00b53d20-ff93-4fcf-8cf0-2357160d407c,2026-07-16,livestock_management,,Extension Office,Trainer 3,yes,partial_attendance,personal_emergency,c77b4744-3e29-470d-83c0-909cf9a951d7,2026-07-16 10:47:00,2026-07-16 10:42:00,tester_02,2026-07-16 10:47:18,https://www.commcarehq.org/a/commcare-learn-ahmad/reports/form_data/00b53d20-ff93-4fcf-8cf0-2357160d407c/,tester_02,5.0
215,224a6f12-c5f9-41f1-8b30-984b3f2b89c0,2026-04-20,livestock_management,,Primary School,Trainer 1,yes,full_attendance,,64e8d481-1835-4014-b17d-f5081911b831,2026-04-20 13:45:00,2026-04-20 13:42:00,tester_02,2026-04-20 13:45:15,https://www.commcarehq.org/a/commcare-learn-ahmad/reports/form_data/224a6f12-c5f9-41f1-8b30-984b3f2b89c0/,tester_02,3.0
216,a73d52be-0baa-48c8-a26e-bcbf8c9310ec,2026-05-15,pest_and_disease_management,,Extension Office,Trainer 1,yes,full_attendance,,083d4844-5fb3-46e2-b4e2-dd9a7dcf3693,2026-05-15 14:11:00,2026-05-15 14:09:00,tester_01,2026-05-15 14:11:15,https://www.commcarehq.org/a/commcare-learn-ahmad/reports/form_data/a73d52be-0baa-48c8-a26e-bcbf8c9310ec/,tester_01,2.0
217,612de129-936c-42d4-a811-ae29c7807fc2,2026-07-12,soil_fertility_management,,Extension Office,Trainer 1,yes,full_attendance,,87881dea-4d90-4c10-91f0-1a1756e94ca8,2026-07-12 13:40:00,2026-07-12 13:35:00,tester_05,2026-07-12 13:40:05,https://www.commcarehq.org/a/commcare-learn-ahmad/reports/form_data/612de129-936c-42d4-a811-ae29c7807fc2/,tester_05,5.0
218,35ae2140-d6c7-4419-9514-28d021f41a18,2026-05-04,other,Climate Smart Agriculture,Village Square,Trainer 3,yes,full_attendance,,84258e16-abb5-4924-982c-42c394bcefb2,2026-05-04 08:58:00,2026-05-04 08:54:00,tester_02,2026-05-04 08:58:20,https://www.commcarehq.org/a/commcare-learn-ahmad/reports/form_data/35ae2140-d6c7-4419-9514-28d021f41a18/,tester_02,4.0
219,c337684a-6618-43b2-bad5-af36af545593,2026-08-10,livestock_management,,Primary School,Trainer 5,yes,partial_attendance,other,637f864e-cb7a-4f24-842f-0d546ccb206f,2026-08-10 08:47:00,2026-08-10 08:45:00,tester_01,2026-08-10 08:47:13,https://www.commcarehq.org/a/commcare-learn-ahmad/reports/form_data/c337684a-6618-43b2-bad5-af36af545593/,tester_01,2.0
220,dcd98bd9-445f-402a-a82d-9d0b84d6feb3,2026-07-16,good_agronomic_practices,,Community Hall,Trainer 1,yes,full_attendance,,d24cc369-6295-42de-89c7-6cd3d75fb7d9,2026-07-16 10:27:00,2026-07-16 10:21:00,tester_01,2026-07-16 10:27:11,https://www.commcarehq.org/a/commcare-learn-ahmad/reports/form_data/dcd98bd9-445f-402a-a82d-9d0b84d6feb3/,tester_01,6.0
221,1724ff28-a0bf-4894-99ec-81d9a963d6d0,2026-03-25,pest_and_disease_management,,Community Hall,Trainer 5,yes,full_attendance,,f4bad5d4-1e73-4372-bb92-acd0cf31ef27,2026-03-25 11:31:00,2026-03-25 11:23:00,tester_01,2026-03-25 11:31:10,https://www.commcarehq.org/a/commcare-learn-ahmad/reports/form_data/1724ff28-a0bf-4894-99ec-81d9a963d6d0/,tester_01,8.0
222,369d158a-2c08-4d06-b661-918e1ee184c2,2026-04-15,livestock_management,,Farmer Cooperative Centre,Trainer 3,yes,partial_attendance,other,e74c77f3-9a6f-4ddc-8f23-b95e09c1b630,2026-04-15 14:03:00,2026-04-15 13:59:00,tester_04,2026-04-15 14:03:12,https://www.commcarehq.org/a/commcare-learn-ahmad/reports/form_data/369d158a-2c08-4d06-b661-918e1ee184c2/,tester_04,4.0
223,fe6f0807-5cc3-4a8d-a099-712f43e766a2,2026-10-09,livestock_management,,Extension Office,Trainer 5,no,,,e991c6c8-870a-47d8-88f3-35c4c9319d74,2026-10-09 13:57:00,2026-10-09 13:51:00,tester_01,2026-10-09 13:57:19,https://www.commcarehq.org/a/commcare-learn-ahmad/reports/form_data/fe6f0807-5cc3-4a8d-a099-712f43e766a2/,tester_01,6.0
224,03cb2ee2-58ad-4a16-beef-cb7ab18a5cc7,2026-08-23,pest_and_disease_management,,Village Square,Trainer 3,yes,full_attendance,,c9040906-e970-452c-8360-2aa6f5489cff,2026-08-23 09:23:00,2026-08-23 09:21:00,tester_06,2026-08-23 09:23:10,https://www.commcarehq.org/a/commcare-learn-ahmad/reports/form_data/03cb2ee2-58ad-4a16-beef-cb7ab18a5cc7/,tester_06,2.0
225,e26774f0-b400-4e28-b52c-4e6bd43e776e,2026-09-30,irrigation_and_water_management,,Primary School,Trainer 5,yes,full_attendance,,08428a09-00ad-4f5e-a790-67b89e6ffe2a,2026-09-30 10:07:00,2026-09-30 10:04:00,tester_04,2026-09-30 10:07:09,https://www.commcarehq.org/a/commcare-learn-ahmad/reports/form_data/e26774f0-b400-4e28-b52c-4e6bd43e776e/,tester_04,3.0
226,8b119c96-076f-4d37-91ea-2c2911313ac8,2026-05-03,other,Post Harvest Handling,Village Square,Trainer 2,yes,full_attendance,,7ed389a3-7330-45ad-93d9-b731c9a6b5c2,2026-05-03 13:25:00,2026-05-03 13:19:00,tester_01,2026-05-03 13:25:16,https://www.commcarehq.org/a/commcare-learn-ahmad/reports/form_data/8b119c96-076f-4d37-91ea-2c2911313ac8/,tester_01,6.0
227,764955ed-3ccb-44d7-ada4-37e1cad339f8,2026-04-16,pest_and_disease_management,,Primary School,Trainer 2,yes,full_attendance,,8f499af5-5142-49e3-b0a0-66d085499a5f,2026-04-16 08:58:00,2026-04-16 08:55:00,tester_02,2026-04-16 08:58:10,https://www.commcarehq.org/a/commcare-learn-ahmad/reports/form_data/764955ed-3ccb-44d7-ada4-37e1cad339f8/,tester_02,3.0
228,b06119c9-6605-4790-be77-591450d9ec02,2026-08-08,pest_and_disease_management,,Primary School,Trainer 4,no,,,63a5a08e-bcec-443b-a815-fcd23ec886e4,2026-08-08 10:20:00,2026-08-08 10:16:00,tester_04,2026-08-08 10:20:10,https://www.commcarehq.org/a/commcare-learn-ahmad/reports/form_data/b06119c9-6605-4790-be77-591450d9ec02/,tester_04,4.0
229,f371bc67-33df-42d6-8b74-6ad8830932ce,2026-07-31,good_agronomic_practices,,Village Square,Trainer 1,yes,full_attendance,,27413b0e-0407-499d-926e-d3fff1f139a8,2026-07-31 12:01:00,2026-07-31 11:53:00,tester_04,2026-07-31 12:01:11,https://www.commcarehq.org/a/commcare-learn-ahmad/reports/form_data/f371bc67-33df-42d6-8b74-6ad8830932ce/,tester_04,8.0
230,52168ac5-7558-428e-99f4-2051e4b323b7,2026-05-02,soil_fertility_management,,Primary School,Trainer 1,yes,full_attendance,,6b5ebaa0-1d71-42d7-a5a9-61d2e0be0da1,2026-05-02 08:44:00,2026-05-02 08:41:00,tester_05,2026-05-02 08:44:17,https://www.commcarehq.org/a/commcare-learn-ahmad/reports/form_data/52168ac5-7558-428e-99f4-2051e4b323b7/,tester_05,3.0
231,c9dca382-3404-4d1e-94f9-aea84bc9acc6,2026-03-25,other,Post Harvest Handling,Farmer Cooperative Centre,Trainer 1,yes,full_attendance,,20c1fbe3-07f3-4503-8189-f8a224e4226a,2026-03-25 09:42:00,2026-03-25 09:38:00,tester_06,2026-03-25 09:42:10,https://www.commcarehq.org/a/commcare-learn-ahmad/reports/form_data/c9dca382-3404-4d1e-94f9-aea84bc9acc6/,tester_06,4.0
232,5b82be62-92c9-4245-996b-25ee6125701f,2026-07-19,soil_fertility_management,,Village Square,Trainer 3,yes,full_attendance,,9fdfb496-45d4-4e63-92c3-aef1b2355882,2026-07-19 11:36:00,2026-07-19 11:28:00,tester_05,2026-07-19 11:36:17,https://www.commcarehq.org/a/commcare-learn-ahmad/reports/form_data/5b82be62-92c9-4245-996b-25ee6125701f/,tester_05,8.0
233,8406188e-b66a-4d1e-a88a-a60540a48f42,2026-10-13,soil_fertility_management,,Community Hall,Trainer 5,yes,full_attendance,,d51802d4-f7dd-4a54-b1cb-de8afc690732,2026-10-13 13:51:00,2026-10-13 13:44:00,tester_06,2026-10-13 13:51:20,https://www.commcarehq.org/a/commcare-learn-ahmad/reports/form_data/8406188e-b66a-4d1e-a88a-a60540a48f42/,tester_06,7.0
234,735dda52-0c68-4139-ade4-f4bda174f902,2026-05-20,irrigation_and_water_management,,Primary School,Trainer 3,yes,full_attendance,,e1162f79-39fc-4efc-94fc-7a39a06cff16,2026-05-20 09:35:00,2026-05-20 09:29:00,tester_03,2026-05-20 09:35:07,https://www.commcarehq.org/a/commcare-learn-ahmad/reports/form_data/735dda52-0c68-4139-ade4-f4bda174f902/,tester_03,6.0
235,d046bb4f-aff7-47f2-a746-0c43ee38a8e8,2026-02-12,livestock_management,,Community Hall,Trainer 4,yes,partial_attendance,personal_emergency,b6dbd049-d723-4677-b75c-2d2d5dfcabce,2026-02-12 08:22:00,2026-02-12 08:20:00,tester_07,2026-02-12 08:22:18,https://www.commcarehq.org/a/commcare-learn-ahmad/reports/form_data/d046bb4f-aff7-47f2-a746-0c43ee38a8e8/,tester_07,2.0
236,8df813f3-46fe-4154-a2f2-7b7ddfd4c141,2026-05-30,irrigation_and_water_management,,Extension Office,Trainer 4,yes,full_attendance,,bc6a4c5d-ecc4-495d-a3ab-93c40d0f8065,2026-05-30 13:58:00,2026-05-30 13:54:00,tester_05,2026-05-30 13:58:08,https://www.commcarehq.org/a/commcare-learn-ahmad/reports/form_data/8df813f3-46fe-4154-a2f2-7b7ddfd4c141/,tester_05,4.0
237,77a6172d-79b7-4e3f-a5dc-527353541b9a,2026-06-10,soil_fertility_management,,Community Hall,Trainer 5,yes,full_attendance,,db527553-711e-478a-8f8c-f16c55d97a4f,2026-06-10 12:57:00,2026-06-10 12:51:00,tester_04,2026-06-10 12:57:08,https://www.commcarehq.org/a/commcare-learn-ahmad/reports/form_data/77a6172d-79b7-4e3f-a5dc-527353541b9a/,tester_04,6.0
238,ac95ba6d-51ba-4d90-a543-68a716fc85de,2026-07-05,irrigation_and_water_management,,Community Hall,Trainer 4,yes,full_attendance,,47136812-e48f-4252-a1cd-e6434b904324,2026-07-05 12:13:00,2026-07-05 12:08:00,tester_02,2026-07-05 12:13:10,https://www.commcarehq.org/a/commcare-learn-ahmad/reports/form_data/ac95ba6d-51ba-4d90-a543-68a716fc85de/,tester_02,5.0
239,45449bbb-fe94-4455-8fcd-829202ac825f,2026-06-16,other,Financial Literacy,Primary School,Trainer 3,no,,,f9e730d9-f525-468e-b64a-c68537911a50,2026-06-16 15:31:00,2026-06-16 15:27:00,tester_06,2026-06-16 15:31:14,https://www.commcarehq.org/a/commcare-learn-ahmad/reports/form_data/45449bbb-fe94-4455-8fcd-829202ac825f/,tester_06,4.0
240,27e2161a-a03c-4ffc-8b4a-3c6277c9efb3,2026-05-20,good_agronomic_practices,,Village Square,Trainer 4,yes,full_attendance,,745cf354-9ccb-424e-9643-8f96d11a30dc,2026-05-20 09:29:00,2026-05-20 09:27:00,tester_07,2026-05-20 09:29:08,https://www.commcarehq.org/a/commcare-learn-ahmad/reports/form_data/27e2161a-a03c-4ffc-8b4a-3c6277c9efb3/,tester_07,2.0
241,630977fb-c235-4961-a4b7-10226da28591,2026-03-19,good_agronomic_practices,,Extension Office,Trainer 4,no,,,4f2d9b7f-28a5-446b-8bea-2584ec5c7dd9,2026-03-19 14:36:00,2026-03-19 14:31:00,tester_01,2026-03-19 14:36:18,https://www.commcarehq.org/a/commcare-learn-ahmad/reports/form_data/630977fb-c235-4961-a4b7-10226da28591/,tester_01,5.0
242,73d97fa4-2e55-4e8f-aa4c-b43cefb48fe6,2026-02-12,pest_and_disease_management,,Extension Office,Trainer 3,yes,full_attendance,,560c0652-7f99-4846-9002-976357498496,2026-02-12 13:06:00,2026-02-12 12:59:00,tester_05,2026-02-12 13:06:12,https://www.commcarehq.org/a/commcare-learn-ahmad/reports/form_data/73d97fa4-2e55-4e8f-aa4c-b43cefb48fe6/,tester_05,7.0
243,89dafbb9-2124-43dc-9447-9a6a0ab6cf8e,2026-07-31,record_keeping,,Community Hall,Trainer 3,yes,full_attendance,,b15a7815-d62c-4e7b-8ef7-c294526090e7,2026-07-31 09:43:00,2026-07-31 09:39:00,tester_02,2026-07-31 09:43:16,https://www.commcarehq.org/a/commcare-learn-ahmad/reports/form_data/89dafbb9-2124-43dc-9447-9a6a0ab6cf8e/,tester_02,4.0
244,af305338-fe43-4204-8606-7e38bf8f14fb,2026-04-06,other,Climate Smart Agriculture,Primary School,Trainer 1,yes,full_attendance,,640ed8f2-61ba-4642-9c22-780737a947ad,2026-04-06 09:11:00,2026-04-06 09:05:00,tester_05,2026-04-06 09:11:13,https://www.commcarehq.org/a/commcare-learn-ahmad/reports/form_data/af305338-fe43-4204-8606-7e38bf8f14fb/,tester_05,6.0
245,b01009e4-54ab-4f41-9f5c-3a956e072076,2026-06-03,livestock_management,,Primary School,Trainer 1,yes,full_attendance,,428333c6-394b-4e38-90e4-b1b7fa1f4b3c,2026-06-03 13:22:00,2026-06-03 13:15:00,tester_04,2026-06-03 13:22:05,https://www.commcarehq.org/a/commcare-learn-ahmad/reports/form_data/b01009e4-54ab-4f41-9f5c-3a956e072076/,tester_04,7.0
246,60f28677-7aa0-4a74-b526-61f9c31a9b28,2026-04-05,livestock_management,,Primary School,Trainer 3,yes,full_attendance,,89410ebc-0a78-492a-8135-279e43d96c23,2026-04-05 10:11:00,2026-04-05 10:09:00,tester_02,2026-04-05 10:11:19,https://www.commcarehq.org/a/commcare-learn-ahmad/reports/form_data/60f28677-7aa0-4a74-b526-61f9c31a9b28/,tester_02,2.0
247,de524f77-c0ce-4557-ba18-3938fea4396d,2026-07-14,good_agronomic_practices,,Extension Office,Trainer 4,yes,full_attendance,,0b24a988-159f-48ab-8cdc-570d863ec9ef,2026-07-14 11:15:00,2026-07-14 11:13:00,tester_07,2026-07-14 11:15:06,https://www.commcarehq.org/a/commcare-learn-ahmad/reports/form_data/de524f77-c0ce-4557-ba18-3938fea4396d/,tester_07,2.0
248,952acac5-9fec-49d2-adac-b0fb61d1fc83,2026-05-23,pest_and_disease_management,,Extension Office,Trainer 3,yes,full_attendance,,0c298966-4136-4bb2-817a-e1bda8763ec6,2026-05-23 13:06:00,2026-05-23 12:59:00,tester_05,2026-05-23 13:06:06,https://www.commcarehq.org/a/commcare-learn-ahmad/reports/form_data/952acac5-9fec-49d2-adac-b0fb61d1fc83/,tester_05,7.0
249,4ce4690d-492e-43a7-9f65-0076ac779b97,2026-06-16,other,Climate Smart Agriculture,Extension Office,Trainer 4,yes,full_attendance,,b9bce74b-4b76-4407-8288-530f8701d42d,2026-06-16 09:01:00,2026-06-16 08:53:00,tester_05,2026-06-16 09:01:09,https://www.commcarehq.org/a/commcare-learn-ahmad/reports/form_data/4ce4690d-492e-43a7-9f65-0076ac779b97/,tester_05,8.0
250,5d05e242-753a-4ced-93c8-e0a963aaa7cf,2026-07-24,other,Financial Literacy,Village Square,Trainer 4,yes,full_attendance,,95bdd2c3-7a29-4648-be3c-6cb5bb8390a4,2026-07-24 09:21:00,2026-07-24 09:13:00,tester_07,2026-07-24 09:21:16,https://www.commcarehq.org/a/commcare-learn-ahmad/reports/form_data/5d05e242-753a-4ced-93c8-e0a963aaa7cf/,tester_07,8.0
251,fe6f9f53-d259-4efc-8835-4fd5830ce1b0,2026-07-12,other,Financial Literacy,Farmer Cooperative Centre,Trainer 3,yes,full_attendance,,2e3ee951-f3c3-4247-adb3-b661052ef0fb,2026-07-12 12:05:00,2026-07-12 12:00:00,tester_05,2026-07-12 12:05:12,https://www.commcarehq.org/a/commcare-learn-ahmad/reports/form_data/fe6f9f53-d259-4efc-8835-4fd5830ce1b0/,tester_05,5.0
252,6ded9f37-844b-46af-a529-3662dadce795,2026-03-09,soil_fertility_management,,Primary School,Trainer 2,yes,full_attendance,,e6a4214f-31c2-49b0-899a-c743c7b0af08,2026-03-09 15:22:00,2026-03-09 15:17:00,tester_01,2026-03-09 15:22:18,https://www.commcarehq.org/a/commcare-learn-ahmad/reports/form_data/6ded9f37-844b-46af-a529-3662dadce795/,tester_01,5.0
253,5d38f7b1-cb8b-4bc6-8715-a2aa1bb57f14,2026-03-25,good_agronomic_practices,,Farmer Cooperative Centre,Trainer 1,yes,partial_attendance,left_early,67621e83-7e04-41a4-8c6a-893969ba340d,2026-03-25 12:29:00,2026-03-25 12:24:00,tester_06,2026-03-25 12:29:12,https://www.commcarehq.org/a/commcare-learn-ahmad/reports/form_data/5d38f7b1-cb8b-4bc6-8715-a2aa1bb57f14/,tester_06,5.0
254,494239aa-ac6e-44d5-868f-325a1f2ebaf0,2026-07-20,livestock_management,,Community Hall,Trainer 5,yes,full_attendance,,760b363e-5d54-4525-8991-d2885f19cfc9,2026-07-20 13:59:00,2026-07-20 13:56:00,tester_01,2026-07-20 13:59:20,https://www.commcarehq.org/a/commcare-learn-ahmad/reports/form_data/494239aa-ac6e-44d5-868f-325a1f2ebaf0/,tester_01,3.0
255,98faf955-571c-4e2b-87fc-b9b0a9651985,2026-02-20,record_keeping,,Village Square,Trainer 5,yes,full_attendance,,c6f3516e-97ea-40f6-98e0-3b79105ff1b7,2026-02-20 09:38:00,2026-02-20 09:33:00,tester_06,2026-02-20 09:38:13,https://www.commcarehq.org/a/commcare-learn-ahmad/reports/form_data/98faf955-571c-4e2b-87fc-b9b0a9651985/,tester_06,5.0
256,07d42dfb-f3b7-4adc-972b-ecf70e8cb146,2026-04-11,pest_and_disease_management,,Community Hall,Trainer 1,yes,full_attendance,,1338f223-8adf-49c9-889b-43c120dff15f,2026-04-11 13:17:00,2026-04-11 13:13:00,tester_07,2026-04-11 13:17:10,https://www.commcarehq.org/a/commcare-learn-ahmad/reports/form_data/07d42dfb-f3b7-4adc-972b-ecf70e8cb146/,tester_07,4.0
257,f5a8b7cd-6065-4c99-bdd2-e114ddcc3760,2026-05-21,soil_fertility_management,,Village Square,Trainer 3,yes,full_attendance,,6dafc8ba-c85a-4847-8474-026e5b94e848,2026-05-21 15:39:00,2026-05-21 15:37:00,tester_04,2026-05-21 15:39:20,https://www.commcarehq.org/a/commcare-learn-ahmad/reports/form_data/f5a8b7cd-6065-4c99-bdd2-e114ddcc3760/,tester_04,2.0
258,9859f4fc-06cd-4a81-83f3-07c2fe62825a,2026-03-11,pest_and_disease_management,,Extension Office,Trainer 4,yes,full_attendance,,89371a83-d71a-4745-8937-2a24bd8138ae,2026-03-11 08:47:00,2026-03-11 08:45:00,tester_04,2026-03-11 08:47:11,https://www.commcarehq.org/a/commcare-learn-ahmad/reports/form_data/9859f4fc-06cd-4a81-83f3-07c2fe62825a/,tester_04,2.0
259,d77fb00f-5cf3-4687-b649-c11e3b5c2c0a,2026-05-13,other,Climate Smart Agriculture,Community Hall,Trainer 2,yes,full_attendance,,2aa9a51b-ed7c-49f2-a230-0e2c3b7ae196,2026-05-13 11:16:00,2026-05-13 11:09:00,tester_03,2026-05-13 11:16:12,https://www.commcarehq.org/a/commcare-learn-ahmad/reports/form_data/d77fb00f-5cf3-4687-b649-c11e3b5c2c0a/,tester_03,7.0
260,45fbeb7e-d1a9-42de-a5d2-2619b63831a2,2026-06-07,record_keeping,,Extension Office,Trainer 1,yes,partial_attendance,personal_emergency,fc37918d-cbb1-4b41-9191-e55412f3b837,2026-06-07 11:22:00,2026-06-07 11:15:00,tester_01,2026-06-07 11:22:07,https://www.commcarehq.org/a/commcare-learn-ahmad/reports/form_data/45fbeb7e-d1a9-42de-a5d2-2619b63831a2/,tester_01,7.0
261,0c756472-5701-4510-b916-6eaa16392bd1,2026-02-11,soil_fertility_management,,Primary School,Trainer 3,no,,,55e5781a-f5a2-4340-98cb-bd69a3d46f1c,2026-02-11 11:26:00,2026-02-11 11:20:00,tester_06,2026-02-11 11:26:10,https://www.commcarehq.org/a/commcare-learn-ahmad/reports/form_data/0c756472-5701-4510-b916-6eaa16392bd1/,tester_06,6.0
262,ecf9c5eb-45bd-4a58-a919-3eacd5c0ebbe,2026-04-21,irrigation_and_water_management,,Farmer Cooperative Centre,Trainer 2,yes,full_attendance,,da500100-54f1-4457-99b8-20530ccbf477,2026-04-21 12:07:00,2026-04-21 12:05:00,tester_04,2026-04-21 12:07:14,https://www.commcarehq.org/a/commcare-learn-ahmad/reports/form_data/ecf9c5eb-45bd-4a58-a919-3eacd5c0ebbe/,tester_04,2.0
263,917cfb87-4d4e-4443-a441-e1dff4cabf7f,2026-05-12,record_keeping,,Primary School,Trainer 2,yes,full_attendance,,ded56cce-2ea8-4929-8509-00fd6c1a7200,2026-05-12 12:45:00,2026-05-12 12:42:00,tester_02,2026-05-12 12:45:08,https://www.commcarehq.org/a/commcare-learn-ahmad/reports/form_data/917cfb87-4d4e-4443-a441-e1dff4cabf7f/,tester_02,3.0
264,b5347446-a700-4ab5-99a7-c90efc15bd2b,2026-06-02,good_agronomic_practices,,Community Hall,Trainer 1,yes,full_attendance,,65f68fe6-f376-40a6-a5b0-8d061949eb73,2026-06-02 08:47:00,2026-06-02 08:42:00,tester_05,2026-06-02 08:47:05,https://www.commcarehq.org/a/commcare-learn-ahmad/reports/form_data/b5347446-a700-4ab5-99a7-c90efc15bd2b/,tester_05,5.0
265,a4f1a7dd-32ec-4efa-a6a2-b765cea2124d,2026-07-17,other,Financial Literacy,Village Square,Trainer 2,yes,full_attendance,,3a9be1f9-971d-4a1e-a2ef-2fbd1ec19ab3,2026-07-17 14:17:00,2026-07-17 14:12:00,tester_03,2026-07-17 14:17:17,https://www.commcarehq.org/a/commcare-learn-ahmad/reports/form_data/a4f1a7dd-32ec-4efa-a6a2-b765cea2124d/,tester_03,5.0
266,4d168ad1-0373-4206-bb5e-500d65664341,2026-07-12,pest_and_disease_management,,Farmer Cooperative Centre,Trainer 4,yes,full_attendance,,4f02ea2f-e16d-4d64-b246-b3aa4a8de56f,2026-07-12 10:40:00,2026-07-12 10:38:00,tester_03,2026-07-12 10:40:09,https://www.commcarehq.org/a/commcare-learn-ahmad/reports/form_data/4d168ad1-0373-4206-bb5e-500d65664341/,tester_03,2.0
267,f5061beb-eea7-4a4f-b44c-0e7d0fc10585,2026-02-28,soil_fertility_management,,Community Hall,Trainer 4,no,,,e54ac605-7376-4ff9-a588-0308e9499752,2026-02-28 10:51:00,2026-02-28 10:43:00,tester_06,2026-02-28 10:51:10,https://www.commcarehq.org/a/commcare-learn-ahmad/reports/form_data/f5061beb-eea7-4a4f-b44c-0e7d0fc10585/,tester_06,8.0
268,db3ca3f0-5a3d-43ee-8a43-587f92871555,2026-05-08,pest_and_disease_management,,Community Hall,Trainer 1,yes,full_attendance,,258bedf2-df51-46d1-8fa0-894182f8842f,2026-05-08 12:31:00,2026-05-08 12:28:00,tester_02,2026-05-08 12:31:06,https://www.commcarehq.org/a/commcare-learn-ahmad/reports/form_data/db3ca3f0-5a3d-43ee-8a43-587f92871555/,tester_02,3.0
269,10a48486-1e77-43a1-8bb3-115bf0f62a69,2026-06-12,other,Financial Literacy,Primary School,Trainer 4,yes,partial_attendance,left_early,a55e1090-3e69-429b-92e5-120ab5fb7797,2026-06-12 12:32:00,2026-06-12 12:25:00,tester_07,2026-06-12 12:32:17,https://www.commcarehq.org/a/commcare-learn-ahmad/reports/form_data/10a48486-1e77-43a1-8bb3-115bf0f62a69/,tester_07,7.0
270,f1c27c8e-27f9-4589-b972-b2641197ee46,2026-06-03,record_keeping,,Primary School,Trainer 3,yes,full_attendance,,6755915a-df3e-4645-beba-7d3c81d2ca3e,2026-06-03 13:01:00,2026-06-03 12:54:00,tester_05,2026-06-03 13:01:05,https://www.commcarehq.org/a/commcare-learn-ahmad/reports/form_data/f1c27c8e-27f9-4589-b972-b2641197ee46/,tester_05,7.0
271,23309620-9d33-433e-9e2f-2a3560609b12,2026-06-24,irrigation_and_water_management,,Primary School,Trainer 2,yes,full_attendance,,1e7487a9-9b99-432c-addc-fcba683ab703,2026-06-24 14:13:00,2026-06-24 14:09:00,tester_07,2026-06-24 14:13:09,https://www.commcarehq.org/a/commcare-learn-ahmad/reports/form_data/23309620-9d33-433e-9e2f-2a3560609b12/,tester_07,4.0
272,506c1d1b-8401-4214-a654-cc28311849ed,2026-06-17,irrigation_and_water_management,,Extension Office,Trainer 3,yes,full_attendance,,916767bf-59c9-49f9-bc62-e675c7b31c4d,2026-06-17 13:51:00,2026-06-17 13:46:00,tester_03,2026-06-17 13:51:09,https://www.commcarehq.org/a/commcare-learn-ahmad/reports/form_data/506c1d1b-8401-4214-a654-cc28311849ed/,tester_03,5.0
273,37335013-2b56-4d05-8823-b72fbc252c0b,2026-08-20,good_agronomic_practices,,Village Square,Trainer 2,yes,full_attendance,,00615db3-f925-431d-84c2-2eb3dd8757fb,2026-08-20 11:08:00,2026-08-20 11:00:00,tester_03,2026-08-20 11:08:19,https://www.commcarehq.org/a/commcare-learn-ahmad/reports/form_data/37335013-2b56-4d05-8823-b72fbc252c0b/,tester_03,8.0
274,e4979397-8474-44a9-97be-0107fb6ed610,2026-04-05,irrigation_and_water_management,,Village Square,Trainer 2,yes,full_attendance,,41dbf9f0-d9dc-4302-a7a8-7cd171365ba2,2026-04-05 13:01:00,2026-04-05 12:59:00,tester_03,2026-04-05 13:01:12,https://www.commcarehq.org/a/commcare-learn-ahmad/reports/form_data/e4979397-8474-44a9-97be-0107fb6ed610/,tester_03,2.0
275,b4628463-d8d4-4baf-aaa4-3650f53bf775,2026-05-09,irrigation_and_water_management,,Farmer Cooperative Centre,Trainer 2,yes,full_attendance,,66d93e61-e97c-453f-80b7-716fac82d8df,2026-05-09 14:11:00,2026-05-09 14:09:00,tester_02,2026-05-09 14:11:06,https://www.commcarehq.org/a/commcare-learn-ahmad/reports/form_data/b4628463-d8d4-4baf-aaa4-3650f53bf775/,tester_02,2.0
276,574d5260-7bfd-4d63-b584-0ae8c1a5f711,2026-04-10,good_agronomic_practices,,Farmer Cooperative Centre,Trainer 4,yes,full_attendance,,2e821303-28fb-4818-905b-0d76334169bf,2026-04-10 14:05:00,2026-04-10 14:03:00,tester_01,2026-04-10 14:05:17,https://www.commcarehq.org/a/commcare-learn-ahmad/reports/form_data/574d5260-7bfd-4d63-b584-0ae8c1a5f711/,tester_01,2.0
277,2873f639-aaac-4fd6-a40a-6a4f25f0b349,2026-03-07,other,Financial Literacy,Farmer Cooperative Centre,Trainer 3,yes,partial_attendance,arrived_late,c332425c-0376-4a3f-a43f-1099dc70ac7a,2026-03-07 13:13:00,2026-03-07 13:09:00,tester_03,2026-03-07 13:13:08,https://www.commcarehq.org/a/commcare-learn-ahmad/reports/form_data/2873f639-aaac-4fd6-a40a-6a4f25f0b349/,tester_03,4.0
278,d33ede9c-98b8-4da6-a0f5-d691442f48ff,2026-07-12,other,Financial Literacy,Farmer Cooperative Centre,Trainer 1,yes,full_attendance,,7956ffbd-bb58-4e4c-acf7-beec9b5501ad,2026-07-12 12:09:00,2026-07-12 12:05:00,tester_02,2026-07-12 12:09:19,https://www.commcarehq.org/a/commcare-learn-ahmad/reports/form_data/d33ede9c-98b8-4da6-a0f5-d691442f48ff/,tester_02,4.0
279,5043cff4-7ba9-4277-9994-794212044eab,2026-03-24,pest_and_disease_management,,Village Square,Trainer 2,yes,full_attendance,,1e920555-d366-456b-94d9-a86e5c7773cb,2026-03-24 13:42:00,2026-03-24 13:40:00,tester_06,2026-03-24 13:42:15,https://www.commcarehq.org/a/commcare-learn-ahmad/reports/form_data/5043cff4-7ba9-4277-9994-794212044eab/,tester_06,2.0
280,ce8c8ba8-13d8-40c6-8acb-78f07e562eb2,2026-08-13,irrigation_and_water_management,,Primary School,Trainer 5,yes,full_attendance,,0b5e6a12-0f11-4da4-9e59-78b479c739d3,2026-08-13 09:33:00,2026-08-13 09:25:00,tester_03,2026-08-13 09:33:10,https://www.commcarehq.org/a/commcare-learn-ahmad/reports/form_data/ce8c8ba8-13d8-40c6-8acb-78f07e562eb2/,tester_03,8.0
281,31e804b1-5492-4975-bc67-cedd175d9601,2026-05-19,livestock_management,,Community Hall,Trainer 1,yes,full_attendance,,bd670d30-1b44-4be4-b17d-ee539e3bd8a1,2026-05-19 09:39:00,2026-05-19 09:36:00,tester_07,2026-05-19 09:39:09,https://www.commcarehq.org/a/commcare-learn-ahmad/reports/form_data/31e804b1-5492-4975-bc67-cedd175d9601/,tester_07,3.0
282,7b5b5c2f-e780-4cdb-908e-17406181c2b9,2026-05-18,livestock_management,,Primary School,Trainer 3,yes,full_attendance,,097578f8-5828-4847-a58d-81527355ed47,2026-05-18 12:26:00,2026-05-18 12:21:00,tester_01,2026-05-18 12:26:20,https://www.commcarehq.org/a/commcare-learn-ahmad/reports/form_data/7b5b5c2f-e780-4cdb-908e-17406181c2b9/,tester_01,5.0
283,9dea40ae-eac5-47e3-8a21-caae0abcec8e,2026-06-22,good_agronomic_practices,,Primary School,Trainer 1,yes,full_attendance,,517dba64-04df-4b7b-8d60-dc79fd4441d5,2026-06-22 14:07:00,2026-06-22 14:05:00,tester_06,2026-06-22 14:07:10,https://www.commcarehq.org/a/commcare-learn-ahmad/reports/form_data/9dea40ae-eac5-47e3-8a21-caae0abcec8e/,tester_06,2.0
284,493abd11-fe53-43c1-bba3-16ec34729589,2026-05-26,record_keeping,,Primary School,Trainer 1,yes,partial_attendance,personal_emergency,78fbdca2-79c0-4773-8bae-6db2fa1f8d62,2026-05-26 10:05:00,2026-05-26 09:57:00,tester_03,2026-05-26 10:05:13,https://www.commcarehq.org/a/commcare-learn-ahmad/reports/form_data/493abd11-fe53-43c1-bba3-16ec34729589/,tester_03,8.0
285,19573241-f04c-49e1-aa30-fb0ea1057565,2026-06-30,record_keeping,,Village Square,Trainer 2,no,,,7d89acda-3338-4085-9c6a-23e5c63e60b8,2026-06-30 13:53:00,2026-06-30 13:48:00,tester_05,2026-06-30 13:53:10,https://www.commcarehq.org/a/commcare-learn-ahmad/reports/form_data/19573241-f04c-49e1-aa30-fb0ea1057565/,tester_05,5.0
286,49a78e1f-3e33-48ef-b1e9-b49a6b6e95ec,2026-09-10,good_agronomic_practices,,Community Hall,Trainer 1,yes,partial_attendance,personal_emergency,c684ccd0-8050-46e9-bc4d-975d673e00ed,2026-09-10 12:06:00,2026-09-10 12:00:00,tester_02,2026-09-10 12:06:18,https://www.commcarehq.org/a/commcare-learn-ahmad/reports/form_data/49a78e1f-3e33-48ef-b1e9-b49a6b6e95ec/,tester_02,6.0
287,ab626515-5e83-42c5-a501-493eb93e6742,2026-08-03,pest_and_disease_management,,Extension Office,Trainer 4,yes,full_attendance,,17f56476-8285-4921-ba41-6471683bf3a7,2026-08-03 11:02:00,2026-08-03 10:54:00,tester_05,2026-08-03 11:02:11,https://www.commcarehq.org/a/commcare-learn-ahmad/reports/form_data/ab626515-5e83-42c5-a501-493eb93e6742/,tester_05,8.0
288,99fe32fa-9288-4439-a2f8-a6412b5d96ff,2026-06-03,soil_fertility_management,,Community Hall,Trainer 2,yes,full_attendance,,73bb3600-23dd-46a8-a365-aa96ed12e775,2026-06-03 11:48:00,2026-06-03 11:41:00,tester_06,2026-06-03 11:48:11,https://www.commcarehq.org/a/commcare-learn-ahmad/reports/form_data/99fe32fa-9288-4439-a2f8-a6412b5d96ff/,tester_06,7.0
289,3cb80bbc-c764-4ee4-a709-e7d2a7acfc3d,2026-04-06,other,Climate Smart Agriculture,Primary School,Trainer 5,yes,full_attendance,,fcbb5168-5d37-4f5f-ad3b-8f4c07fbe7ee,2026-04-06 14:43:00,2026-04-06 14:41:00,tester_05,2026-04-06 14:43:05,https://www.commcarehq.org/a/commcare-learn-ahmad/reports/form_data/3cb80bbc-c764-4ee4-a709-e7d2a7acfc3d/,tester_05,2.0
290,a572e0ae-bb90-43b0-a32f-8a1afd74e5f4,2026-04-15,record_keeping,,Farmer Cooperative Centre,Trainer 3,yes,full_attendance,,45a3ec77-e978-4ae4-a2bb-85e6b7d261b5,2026-04-15 15:17:00,2026-04-15 15:14:00,tester_01,2026-04-15 15:17:20,https://www.commcarehq.org/a/commcare-learn-ahmad/reports/form_data/a572e0ae-bb90-43b0-a32f-8a1afd74e5f4/,tester_01,3.0
291,ee65836c-f222-4f2e-9afd-ad746f0f725d,2026-04-15,good_agronomic_practices,,Primary School,Trainer 3,yes,partial_attendance,left_early,cb9517ba-7030-4996-8bb1-e26aca098e96,2026-04-15 08:35:00,2026-04-15 08:32:00,tester_01,2026-04-15 08:35:17,https://www.commcarehq.org/a/commcare-learn-ahmad/reports/form_data/ee65836c-f222-4f2e-9afd-ad746f0f725d/,tester_01,3.0
292,53cf5691-6b39-4694-8ace-9a9918ccc402,2026-03-19,pest_and_disease_management,,Extension Office,Trainer 4,yes,partial_attendance,personal_emergency,0627c940-6e90-4501-aa1a-1b1718aa355d,2026-03-19 14:44:00,2026-03-19 14:39:00,tester_04,2026-03-19 14:44:07,https://www.commcarehq.org/a/commcare-learn-ahmad/reports/form_data/53cf5691-6b39-4694-8ace-9a9918ccc402/,tester_04,5.0
293,68cfd9d4-f86e-4e30-a777-b142979c2710,2026-06-04,good_agronomic_practices,,Community Hall,Trainer 3,no,,,2001da8c-83d0-4b6d-8006-be9b19019b8e,2026-06-04 08:55:00,2026-06-04 08:50:00,tester_06,2026-06-04 08:55:08,https://www.commcarehq.org/a/commcare-learn-ahmad/reports/form_data/68cfd9d4-f86e-4e30-a777-b142979c2710/,tester_06,5.0
294,060c2a0a-74f4-4a7c-8dc0-bfd2852206a9,2026-05-22,other,Climate Smart Agriculture,Community Hall,Trainer 5,yes,full_attendance,,16ef6832-4d01-4446-b453-27eaa1ad8818,2026-05-22 12:54:00,2026-05-22 12:46:00,tester_01,2026-05-22 12:54:09,https://www.commcarehq.org/a/commcare-learn-ahmad/reports/form_data/060c2a0a-74f4-4a7c-8dc0-bfd2852206a9/,tester_01,8.0
295,a11261c7-f371-42da-a3d8-784810fd8bf3,2026-07-11,good_agronomic_practices,,Farmer Cooperative Centre,Trainer 5,yes,partial_attendance,other,a17076c5-fc01-4c68-b2e5-b9741fc22ac8,2026-07-11 13:20:00,2026-07-11 13:16:00,tester_02,2026-07-11 13:20:12,https://www.commcarehq.org/a/commcare-learn-ahmad/reports/form_data/a11261c7-f371-42da-a3d8-784810fd8bf3/,tester_02,4.0
296,c1fdec92-43c1-42bb-be6a-8a3caabfb7d5,2026-07-26,pest_and_disease_management,,Farmer Cooperative Centre,Trainer 5,yes,full_attendance,,0943a45e-8296-4bb6-a574-5b1c3177aea5,2026-07-26 15:33:00,2026-07-26 15:29:00,tester_04,2026-07-26 15:33:18,https://www.commcarehq.org/a/commcare-learn-ahmad/reports/form_data/c1fdec92-43c1-42bb-be6a-8a3caabfb7d5/,tester_04,4.0
297,9d0838d9-7f11-41e9-9e48-e0fd9ba43b6f,2026-10-15,livestock_management,,Village Square,Trainer 2,yes,full_attendance,,20812ba8-a149-4b0d-a695-d6ae4ffe5d99,2026-10-15 10:53:00,2026-10-15 10:48:00,tester_02,2026-10-15 10:53:15,https://www.commcarehq.org/a/commcare-learn-ahmad/reports/form_data/9d0838d9-7f11-41e9-9e48-e0fd9ba43b6f/,tester_02,5.0
298,478fe2b0-54ab-4c5d-8721-c8931ac40e14,2026-04-29,soil_fertility_management,,Farmer Cooperative Centre,Trainer 1,yes,full_attendance,,9940c27f-d5a6-4348-9a44-c9776c72f109,2026-04-29 11:55:00,2026-04-29 11:52:00,tester_06,2026-04-29 11:55:16,https://www.commcarehq.org/a/commcare-learn-ahmad/reports/form_data/478fe2b0-54ab-4c5d-8721-c8931ac40e14/,tester_06,3.0
299,c4fdf708-9731-4ac7-a0b3-4f7050ee6fcd,2026-03-28,livestock_management,,Farmer Cooperative Centre,Trainer 3,no,,,f610578f-acbd-47ed-866e-8988e7b1c879,2026-03-28 10:01:00,2026-03-28 09:57:00,tester_06,2026-03-28 10:01:11,https://www.commcarehq.org/a/commcare-learn-ahmad/reports/form_data/c4fdf708-9731-4ac7-a0b3-4f7050ee6fcd/,tester_06,4.0
300,88e9b139-8975-4c90-bc66-903658365148,2026-05-10,pest_and_disease_management,,Primary School,Trainer 5,yes,full_attendance,,0fc6e002-00ff-4be2-9874-2755e9dc335c,2026-05-10 09:45:00,2026-05-10 09:39:00,tester_02,2026-05-10 09:45:15,https://www.commcarehq.org/a/commcare-learn-ahmad/reports/form_data/88e9b139-8975-4c90-bc66-903658365148/,tester_02,6.0
301,6ea52394-834f-4328-92df-9f66fd716d82,2026-04-25,livestock_management,,Farmer Cooperative Centre,Trainer 4,yes,partial_attendance,other,38c25b4b-a775-429d-9b11-b5638d8953a4,2026-04-25 12:34:00,2026-04-25 12:32:00,tester_04,2026-04-25 12:34:20,https://www.commcarehq.org/a/commcare-learn-ahmad/reports/form_data/6ea52394-834f-4328-92df-9f66fd716d82/,tester_04,2.0
302,a325524e-463a-4436-9562-ffad52ba6938,2026-05-11,record_keeping,,Village Square,Trainer 1,yes,full_attendance,,609176ca-0917-476b-a9ab-66c5c83de719,2026-05-11 11:23:00,2026-05-11 11:19:00,tester_07,2026-05-11 11:23:11,https://www.commcarehq.org/a/commcare-learn-ahmad/reports/form_data/a325524e-463a-4436-9562-ffad52ba6938/,tester_07,4.0
303,21c1ebdc-a30c-4fde-ab04-c254e3d3bdbf,2026-02-17,livestock_management,,Primary School,Trainer 2,yes,full_attendance,,ca7bc036-238c-46f0-a02d-febf3e6cd312,2026-02-17 15:17:00,2026-02-17 15:13:00,tester_01,2026-02-17 15:17:19,https://www.commcarehq.org/a/commcare-learn-ahmad/reports/form_data/21c1ebdc-a30c-4fde-ab04-c254e3d3bdbf/,tester_01,4.0
304,cd7a1eac-733d-40db-99a9-553bb4bdcb21,2026-06-30,good_agronomic_practices,,Village Square,Trainer 1,yes,full_attendance,,dae56849-96e6-4a2c-9040-c3dc5d23e48c,2026-06-30 11:10:00,2026-06-30 11:02:00,tester_05,2026-06-30 11:10:10,https://www.commcarehq.org/a/commcare-learn-ahmad/reports/form_data/cd7a1eac-733d-40db-99a9-553bb4bdcb21/,tester_05,8.0
305,4c33c417-02eb-4649-9778-73a7c92bdf23,2026-07-19,livestock_management,,Community Hall,Trainer 2,yes,full_attendance,,4af927e4-c4ad-436b-9101-22e0f0e9e8a3,2026-07-19 15:59:00,2026-07-19 15:56:00,tester_05,2026-07-19 15:59:14,https://www.commcarehq.org/a/commcare-learn-ahmad/reports/form_data/4c33c417-02eb-4649-9778-73a7c92bdf23/,tester_05,3.0
306,efac986c-7397-455a-a04a-dc48cc998b5c,2026-04-28,livestock_management,,Farmer Cooperative Centre,Trainer 4,yes,full_attendance,,5e1a7c78-75eb-4da0-90ce-0ec9c08ed519,2026-04-28 11:26:00,2026-04-28 11:21:00,tester_03,2026-04-28 11:26:08,https://www.commcarehq.org/a/commcare-learn-ahmad/reports/form_data/efac986c-7397-455a-a04a-dc48cc998b5c/,tester_03,5.0
307,f172d64f-fba3-4308-a20c-6a0fd82a6418,2026-09-27,irrigation_and_water_management,,Community Hall,Trainer 5,no,,,1d5bbfa7-9109-4b93-b838-5e0985b5aac3,2026-09-27 11:37:00,2026-09-27 11:35:00,tester_02,2026-09-27 11:37:10,https://www.commcarehq.org/a/commcare-learn-ahmad/reports/form_data/f172d64f-fba3-4308-a20c-6a0fd82a6418/,tester_02,2.0
308,110c8bb5-3a39-4e21-b3c4-7e51527951fd,2026-03-22,pest_and_disease_management,,Primary School,Trainer 2,yes,full_attendance,,92d0a9ca-c99f-4619-978d-24ba58839f2e,2026-03-22 13:21:00,2026-03-22 13:17:00,tester_05,2026-03-22 13:21:15,https://www.commcarehq.org/a/commcare-learn-ahmad/reports/form_data/110c8bb5-3a39-4e21-b3c4-7e51527951fd/,tester_05,4.0
309,d6e57057-e49e-44f5-923e-ec06e98fbe74,2026-05-05,other,Post Harvest Handling,Primary School,Trainer 4,yes,full_attendance,,5d0507e2-2b7a-4bba-acc5-4b9137987d10,2026-05-05 08:30:00,2026-05-05 08:26:00,tester_07,2026-05-05 08:30:20,https://www.commcarehq.org/a/commcare-learn-ahmad/reports/form_data/d6e57057-e49e-44f5-923e-ec06e98fbe74/,tester_07,4.0
310,463c278c-608d-4953-8371-c2a4354a0708,2026-05-31,good_agronomic_practices,,Community Hall,Trainer 5,yes,partial_attendance,personal_emergency,dacac187-8c0c-4e6b-95ed-5447327c0c0f,2026-05-31 08:29:00,2026-05-31 08:21:00,tester_01,2026-05-31 08:29:05,https://www.commcarehq.org/a/commcare-learn-ahmad/reports/form_data/463c278c-608d-4953-8371-c2a4354a0708/,tester_01,8.0
311,d6bb5b36-a1cb-45fd-bc01-746882132d90,2026-05-21,good_agronomic_practices,,Village Square,Trainer 1,no,,,96ae238f-0504-4db4-ac12-dd07edd1abd6,2026-05-21 14:16:00,2026-05-21 14:08:00,tester_01,2026-05-21 14:16:14,https://www.commcarehq.org/a/commcare-learn-ahmad/reports/form_data/d6bb5b36-a1cb-45fd-bc01-746882132d90/,tester_01,8.0
312,9c63ae84-dcf8-4389-9c8a-361c02ac57d5,2026-05-09,livestock_management,,Extension Office,Trainer 4,yes,partial_attendance,other,bdc76bec-658a-4e1f-9e7f-a21240067685,2026-05-09 13:45:00,2026-05-09 13:40:00,tester_02,2026-05-09 13:45:06,https://www.commcarehq.org/a/commcare-learn-ahmad/reports/form_data/9c63ae84-dcf8-4389-9c8a-361c02ac57d5/,tester_02,5.0
313,aac67b0d-ea6b-4b3e-bd48-a5ce3b2b85b4,2026-06-28,irrigation_and_water_management,,Extension Office,Trainer 4,yes,full_attendance,,6ebd9d19-3128-4478-a27c-820197df7bb4,2026-06-28 12:13:00,2026-06-28 12:11:00,tester_05,2026-06-28 12:13:15,https://www.commcarehq.org/a/commcare-learn-ahmad/reports/form_data/aac67b0d-ea6b-4b3e-bd48-a5ce3b2b85b4/,tester_05,2.0
314,98cfbd73-1104-4884-9379-613485f89856,2026-03-16,pest_and_disease_management,,Extension Office,Trainer 3,yes,partial_attendance,left_early,e7af8496-a80e-4148-bf86-399245cb2578,2026-03-16 16:01:00,2026-03-16 15:56:00,tester_02,2026-03-16 16:01:20,https://www.commcarehq.org/a/commcare-learn-ahmad/reports/form_data/98cfbd73-1104-4884-9379-613485f89856/,tester_02,5.0
315,9b65d8c1-bd67-43cd-b73e-9ef74c9dda72,2026-03-11,other,Post Harvest Handling,Extension Office,Trainer 5,yes,full_attendance,,c02068e4-9e7e-4214-969a-62cd92d84679,2026-03-11 13:25:00,2026-03-11 13:20:00,tester_01,2026-03-11 13:25:15,https://www.commcarehq.org/a/commcare-learn-ahmad/reports/form_data/9b65d8c1-bd67-43cd-b73e-9ef74c9dda72/,tester_01,5.0
316,5c53e82a-934b-4408-9423-d671009645de,2026-03-27,soil_fertility_management,,Extension Office,Trainer 1,yes,partial_attendance,other,091e8bf5-8ada-44d9-a65b-b7eed6fb0d17,2026-03-27 10:28:00,2026-03-27 10:23:00,tester_01,2026-03-27 10:28:14,https://www.commcarehq.org/a/commcare-learn-ahmad/reports/form_data/5c53e82a-934b-4408-9423-d671009645de/,tester_01,5.0
317,2fa3c5ce-c5cf-4bc8-86fa-624aed219f55,2026-06-21,other,Climate Smart Agriculture,Village Square,Trainer 1,yes,full_attendance,,eaab6946-ea29-44a4-bc41-3ea24086dbef,2026-06-21 11:38:00,2026-06-21 11:35:00,tester_03,2026-06-21 11:38:08,https://www.commcarehq.org/a/commcare-learn-ahmad/reports/form_data/2fa3c5ce-c5cf-4bc8-86fa-624aed219f55/,tester_03,3.0
318,9f95f354-6b7f-4556-9197-72a8a0747612,2026-05-30,pest_and_disease_management,,Community Hall,Trainer 4,yes,full_attendance,,b44ced7f-5e63-4321-be45-046685aafe0c,2026-05-30 15:21:00,2026-05-30 15:18:00,tester_04,2026-05-30 15:21:08,https://www.commcarehq.org/a/commcare-learn-ahmad/reports/form_data/9f95f354-6b7f-4556-9197-72a8a0747612/,tester_04,3.0
319,cde971e4-9990-4376-8dd3-82634031dac4,2026-02-11,good_agronomic_practices,,Community Hall,Trainer 1,yes,partial_attendance,other,3633ad2c-4219-4c20-a6af-281a8ec4a237,2026-02-11 08:56:00,2026-02-11 08:53:00,tester_01,2026-02-11 08:56:11,https://www.commcarehq.org/a/commcare-learn-ahmad/reports/form_data/cde971e4-9990-4376-8dd3-82634031dac4/,tester_01,3.0
320,332ea947-f54b-415a-aae0-d5ad379fbe0b,2026-04-14,soil_fertility_management,,Extension Office,Trainer 3,yes,full_attendance,,bbaf2616-bf96-47a2-b41f-ea1b90b4fa08,2026-04-14 10:22:00,2026-04-14 10:20:00,tester_01,2026-04-14 10:22:12,https://www.commcarehq.org/a/commcare-learn-ahmad/reports/form_data/332ea947-f54b-415a-aae0-d5ad379fbe0b/,tester_01,2.0
321,10b27292-abb5-4924-82b3-61b9e9d80a98,2026-04-11,pest_and_disease_management,,Community Hall,Trainer 2,no,,,1378551d-6f1a-406b-98b4-d3f2af5424b2,2026-04-11 13:15:00,2026-04-11 13:09:00,tester_03,2026-04-11 13:15:17,https://www.commcarehq.org/a/commcare-learn-ahmad/reports/form_data/10b27292-abb5-4924-82b3-61b9e9d80a98/,tester_03,6.0
322,0a31e50d-cbe7-4a27-ac9d-136263e8f70e,2026-04-02,good_agronomic_practices,,Village Square,Trainer 4,yes,full_attendance,,d338d15d-a364-433a-8cc8-2f65a27267e3,2026-04-02 14:09:00,2026-04-02 14:05:00,tester_02,2026-04-02 14:09:18,https://www.commcarehq.org/a/commcare-learn-ahmad/reports/form_data/0a31e50d-cbe7-4a27-ac9d-136263e8f70e/,tester_02,4.0
323,cd70a395-c91b-4730-9e9e-3600e2d87dc6,2026-02-28,record_keeping,,Farmer Cooperative Centre,Trainer 2,yes,full_attendance,,19201d2c-a943-42cd-a2c8-2a7658d64ad1,2026-02-28 14:23:00,2026-02-28 14:18:00,tester_04,2026-02-28 14:23:10,https://www.commcarehq.org/a/commcare-learn-ahmad/reports/form_data/cd70a395-c91b-4730-9e9e-3600e2d87dc6/,tester_04,5.0
324,ba53a941-8a78-41f9-8fb8-2ce41ac8f7dc,2026-06-23,pest_and_disease_management,,Farmer Cooperative Centre,Trainer 1,yes,full_attendance,,eb2fc6bd-2d94-402e-8de6-3b30ae7ae44c,2026-06-23 11:18:00,2026-06-23 11:12:00,tester_07,2026-06-23 11:18:10,https://www.commcarehq.org/a/commcare-learn-ahmad/reports/form_data/ba53a941-8a78-41f9-8fb8-2ce41ac8f7dc/,tester_07,6.0
325,3a8ee2ea-3eb5-4ff6-8132-09b586c34602,2026-07-17,pest_and_disease_management,,Village Square,Trainer 1,yes,full_attendance,,2b224158-5834-4f6f-a92f-d0df2bff1d95,2026-07-17 08:34:00,2026-07-17 08:32:00,tester_02,2026-07-17 08:34:12,https://www.commcarehq.org/a/commcare-learn-ahmad/reports/form_data/3a8ee2ea-3eb5-4ff6-8132-09b586c34602/,tester_02,2.0
326,e72415f9-26dc-48ce-b2ed-cc093edbe900,2026-09-16,other,Post Harvest Handling,Community Hall,Trainer 2,yes,full_attendance,,2480661b-904c-4e2a-94d6-06aa417611a3,2026-09-16 10:30:00,2026-09-16 10:28:00,tester_07,2026-09-16 10:30:11,https://www.commcarehq.org/a/commcare-learn-ahmad/reports/form_data/e72415f9-26dc-48ce-b2ed-cc093edbe900/,tester_07,2.0
327,22e25cff-0a9b-42dd-aee5-650dcc3ac4fc,2026-04-03,soil_fertility_management,,Community Hall,Trainer 5,yes,full_attendance,,dab64c91-cbf9-40b3-bfc3-1d973f41aa9c,2026-04-03 15:18:00,2026-04-03 15:16:00,tester_01,2026-04-03 15:18:15,https://www.commcarehq.org/a/commcare-learn-ahmad/reports/form_data/22e25cff-0a9b-42dd-aee5-650dcc3ac4fc/,tester_01,2.0
328,2267b784-3fdd-4bbf-b124-3c485a54a6de,2026-05-27,good_agronomic_practices,,Extension Office,Trainer 3,yes,full_attendance,,1d0612f1-1410-4ae0-a696-770717cadb6a,2026-05-27 09:03:00,2026-05-27 08:56:00,tester_07,2026-05-27 09:03:12,https://www.commcarehq.org/a/commcare-learn-ahmad/reports/form_data/2267b784-3fdd-4bbf-b124-3c485a54a6de/,tester_07,7.0
329,02968f83-40e1-48df-8103-72b9af043212,2026-06-19,other,Financial Literacy,Village Square,Trainer 4,yes,full_attendance,,aa45e404-f216-4e92-81d4-5c25df11070e,2026-06-19 13:54:00,2026-06-19 13:49:00,tester_03,2026-06-19 13:54:08,https://www.commcarehq.org/a/commcare-learn-ahmad/reports/form_data/02968f83-40e1-48df-8103-72b9af043212/,tester_03,5.0
330,50d85988-3df0-4c87-bd6e-a37e39b5ad47,2026-07-24,pest_and_disease_management,,Extension Office,Trainer 5,yes,full_attendance,,456bd7c1-0c90-470f-a431-2e90bbacb485,2026-07-24 13:18:00,2026-07-24 13:14:00,tester_02,2026-07-24 13:18:16,https://www.commcarehq.org/a/commcare-learn-ahmad/reports/form_data/50d85988-3df0-4c87-bd6e-a37e39b5ad47/,tester_02,4.0
331,89b73658-d758-40e3-b925-5e396cc9abaa,2026-05-17,livestock_management,,Farmer Cooperative Centre,Trainer 4,yes,full_attendance,,5a7acf94-cfcf-4dc9-a2a9-a336870d9ca0,2026-05-17 16:01:00,2026-05-17 15:57:00,tester_06,2026-05-17 16:01:18,https://www.commcarehq.org/a/commcare-learn-ahmad/reports/form_data/89b73658-d758-40e3-b925-5e396cc9abaa/,tester_06,4.0
332,6d7dd651-f777-4632-b884-0720ac3a346a,2026-03-24,record_keeping,,Community Hall,Trainer 1,yes,partial_attendance,arrived_late,b093faa4-ed52-4669-9f88-eb95bd62a33b,2026-03-24 08:44:00,2026-03-24 08:39:00,tester_02,2026-03-24 08:44:08,https://www.commcarehq.org/a/commcare-learn-ahmad/reports/form_data/6d7dd651-f777-4632-b884-0720ac3a346a/,tester_02,5.0
333,0316628c-3b52-45a6-a58e-6a63b2492ead,2026-04-27,record_keeping,,Community Hall,Trainer 4,yes,full_attendance,,644ff535-12a4-45b8-8a5d-52aa205bdef1,2026-04-27 15:42:00,2026-04-27 15:39:00,tester_06,2026-04-27 15:42:13,https://www.commcarehq.org/a/commcare-learn-ahmad/reports/form_data/0316628c-3b52-45a6-a58e-6a63b2492ead/,tester_06,3.0
334,668f261a-85c3-4d86-8363-f56c18a6f914,2026-06-18,record_keeping,,Extension Office,Trainer 1,yes,full_attendance,,86c4d6eb-e211-43b8-bafc-24913a3efe7c,2026-06-18 11:23:00,2026-06-18 11:15:00,tester_05,2026-06-18 11:23:16,https://www.commcarehq.org/a/commcare-learn-ahmad/reports/form_data/668f261a-85c3-4d86-8363-f56c18a6f914/,tester_05,8.0
335,15e9cc83-a04c-4403-a096-aa7643b78a17,2026-03-27,record_keeping,,Community Hall,Trainer 3,yes,full_attendance,,88ebe950-c7a9-4078-a126-a49c2fe0886b,2026-03-27 08:57:00,2026-03-27 08:49:00,tester_01,2026-03-27 08:57:10,https://www.commcarehq.org/a/commcare-learn-ahmad/reports/form_data/15e9cc83-a04c-4403-a096-aa7643b78a17/,tester_01,8.0
336,616a1167-e9f1-4b7e-b5f0-456906ab42d9,2026-08-10,good_agronomic_practices,,Extension Office,Trainer 3,yes,partial_attendance,other,104e84dc-96fc-44b7-a30e-72b428321f44,2026-08-10 11:59:00,2026-08-10 11:53:00,tester_02,2026-08-10 11:59:19,https://www.commcarehq.org/a/commcare-learn-ahmad/reports/form_data/616a1167-e9f1-4b7e-b5f0-456906ab42d9/,tester_02,6.0
337,f489a354-ea02-43ef-abcb-dea9a0287291,2026-02-12,other,Financial Literacy,Farmer Cooperative Centre,Trainer 3,yes,full_attendance,,f4477bc9-3b83-490b-a228-ea06d66caeab,2026-02-12 14:07:00,2026-02-12 14:05:00,tester_06,2026-02-12 14:07:19,https://www.commcarehq.org/a/commcare-learn-ahmad/reports/form_data/f489a354-ea02-43ef-abcb-dea9a0287291/,tester_06,2.0
338,c6e2d10e-3640-4434-a342-4010bbbcb82a,2026-09-30,record_keeping,,Primary School,Trainer 1,yes,partial_attendance,personal_emergency,26caf038-07fa-478b-bf61-0b07c1c8c73a,2026-09-30 08:34:00,2026-09-30 08:30:00,tester_02,2026-09-30 08:34:11,https://www.commcarehq.org/a/commcare-learn-ahmad/reports/form_data/c6e2d10e-3640-4434-a342-4010bbbcb82a/,tester_02,4.0
339,2c4b29e6-a470-442d-bf56-bbd76d7e80fa,2026-06-12,good_agronomic_practices,,Extension Office,Trainer 1,no,,,05d8ea56-3715-4243-8dfd-029adc504b97,2026-06-12 14:48:00,2026-06-12 14:44:00,tester_04,2026-06-12 14:48:13,https://www.commcarehq.org/a/commcare-learn-ahmad/reports/form_data/2c4b29e6-a470-442d-bf56-bbd76d7e80fa/,tester_04,4.0
340,f28520e4-1181-4928-8e1d-34a94a2d95af,2026-05-19,livestock_management,,Primary School,Trainer 1,yes,full_attendance,,9dd2be2d-f23d-4a85-afa3-d262fada7f7c,2026-05-19 10:10:00,2026-05-19 10:04:00,tester_07,2026-05-19 10:10:08,https://www.commcarehq.org/a/commcare-learn-ahmad/reports/form_data/f28520e4-1181-4928-8e1d-34a94a2d95af/,tester_07,6.0
341,b6ea9bbb-5f5b-48a7-adf0-793b00f33292,2026-06-04,record_keeping,,Village Square,Trainer 4,yes,partial_attendance,arrived_late,16ef1c10-b107-46dd-b951-d84ce091e45e,2026-06-04 14:21:00,2026-06-04 14:17:00,tester_03,2026-06-04 14:21:20,https://www.commcarehq.org/a/commcare-learn-ahmad/reports/form_data/b6ea9bbb-5f5b-48a7-adf0-793b00f33292/,tester_03,4.0
342,d674d02a-993d-49b6-9254-3510d5b75f08,2026-09-04,irrigation_and_water_management,,Community Hall,Trainer 5,no,,,92f878ca-09d6-490a-b952-cabd1fe33be2,2026-09-04 15:41:00,2026-09-04 15:36:00,tester_01,2026-09-04 15:41:13,https://www.commcarehq.org/a/commcare-learn-ahmad/reports/form_data/d674d02a-993d-49b6-9254-3510d5b75f08/,tester_01,5.0
343,386e6779-840d-4f1b-af97-0bd7ef9b0f5e,2026-06-04,other,Post Harvest Handling,Extension Office,Trainer 4,yes,full_attendance,,ebee57e4-446e-465d-8a84-76461c3c68dd,2026-06-04 11:12:00,2026-06-04 11:06:00,tester_05,2026-06-04 11:12:15,https://www.commcarehq.org/a/commcare-learn-ahmad/reports/form_data/386e6779-840d-4f1b-af97-0bd7ef9b0f5e/,tester_05,6.0
344,226350b6-7ef6-4284-85ed-a2ad52ec5b9e,2026-04-01,record_keeping,,Village Square,Trainer 3,yes,full_attendance,,ffd684e3-e30f-4a2c-ba12-c7e58abc7ff9,2026-04-01 09:25:00,2026-04-01 09:21:00,tester_05,2026-04-01 09:25:13,https://www.commcarehq.org/a/commcare-learn-ahmad/reports/form_data/226350b6-7ef6-4284-85ed-a2ad52ec5b9e/,tester_05,4.0
345,cd6ebc60-adb0-4762-a183-be6421294653,2026-01-29,irrigation_and_water_management,,Extension Office,Trainer 5,yes,full_attendance,,4e9b1d23-d6c3-4194-8bf3-0cac1d75de6b,2026-01-29 15:55:00,2026-01-29 15:48:00,tester_07,2026-01-29 15:55:20,https://www.commcarehq.org/a/commcare-learn-ahmad/reports/form_data/cd6ebc60-adb0-4762-a183-be6421294653/,tester_07,7.0
346,bbc4ff0d-8aa7-4122-98b1-8c58e361fabc,2026-05-13,irrigation_and_water_management,,Extension Office,Trainer 4,yes,full_attendance,,13d9314b-5135-48ab-8af3-c0d80856c606,2026-05-13 12:16:00,2026-05-13 12:12:00,tester_05,2026-05-13 12:16:15,https://www.commcarehq.org/a/commcare-learn-ahmad/reports/form_data/bbc4ff0d-8aa7-4122-98b1-8c58e361fabc/,tester_05,4.0
347,67f6435d-e6b9-4024-8a78-0ba753379e69,2026-05-26,pest_and_disease_management,,Village Square,Trainer 4,yes,full_attendance,,d5fb06db-f3eb-47f7-9888-83e3424fac8c,2026-05-26 08:33:00,2026-05-26 08:26:00,tester_07,2026-05-26 08:33:19,https://www.commcarehq.org/a/commcare-learn-ahmad/reports/form_data/67f6435d-e6b9-4024-8a78-0ba753379e69/,tester_07,7.0
348,777f4936-77af-4bfd-b46b-54e6dd5cd4fb,2026-07-15,irrigation_and_water_management,,Community Hall,Trainer 2,yes,full_attendance,,4f02dc2f-6c9b-44f1-9d55-9dedd71f269e,2026-07-15 09:06:00,2026-07-15 09:01:00,tester_01,2026-07-15 09:06:15,https://www.commcarehq.org/a/commcare-learn-ahmad/reports/form_data/777f4936-77af-4bfd-b46b-54e6dd5cd4fb/,tester_01,5.0
349,eca1633e-fdc0-4f4b-933d-3163cd5d64c7,2026-05-20,record_keeping,,Farmer Cooperative Centre,Trainer 3,yes,partial_attendance,other,6150e5ad-6a0b-4e70-afa2-a9eebd27ccb4,2026-05-20 11:00:00,2026-05-20 10:58:00,tester_04,2026-05-20 11:00:05,https://www.commcarehq.org/a/commcare-learn-ahmad/reports/form_data/eca1633e-fdc0-4f4b-933d-3163cd5d64c7/,tester_04,2.0
350,37ce5390-f4df-4629-9a4c-cd9624aaebad,2026-08-06,other,Post Harvest Handling,Community Hall,Trainer 2,yes,full_attendance,,4395ee19-c11a-4122-881d-c11ef562bb93,2026-08-06 13:39:00,2026-08-06 13:35:00,tester_05,2026-08-06 13:39:12,https://www.commcarehq.org/a/commcare-learn-ahmad/reports/form_data/37ce5390-f4df-4629-9a4c-cd9624aaebad/,tester_05,4.0
351,aee97fef-7f99-4f46-b439-0ca05e94ce9a,2026-02-11,good_agronomic_practices,,Farmer Cooperative Centre,Trainer 1,yes,full_attendance,,5db70225-5b39-4b6f-a0dc-5b58fc736a8d,2026-02-11 10:14:00,2026-02-11 10:06:00,tester_07,2026-02-11 10:14:07,https://www.commcarehq.org/a/commcare-learn-ahmad/reports/form_data/aee97fef-7f99-4f46-b439-0ca05e94ce9a/,tester_07,8.0
352,1a423f72-442d-4721-a397-d8fcfb3a9336,2026-05-13,pest_and_disease_management,,Primary School,Trainer 5,yes,full_attendance,,6820f1e1-cde1-41c0-825f-6917390a8f63,2026-05-13 11:45:00,2026-05-13 11:42:00,tester_05,2026-05-13 11:45:12,https://www.commcarehq.org/a/commcare-learn-ahmad/reports/form_data/1a423f72-442d-4721-a397-d8fcfb3a9336/,tester_05,3.0
353,6a24c494-8713-43fd-94a1-8c7fedf6b784,2026-05-31,record_keeping,,Extension Office,Trainer 5,yes,full_attendance,,9db8a360-0915-4f4f-a855-08fb2e808be2,2026-05-31 14:41:00,2026-05-31 14:33:00,tester_02,2026-05-31 14:41:09,https://www.commcarehq.org/a/commcare-learn-ahmad/reports/form_data/6a24c494-8713-43fd-94a1-8c7fedf6b784/,tester_02,8.0
354,5c94371a-d656-43bb-a05c-648071f39678,2026-06-26,record_keeping,,Farmer Cooperative Centre,Trainer 4,yes,partial_attendance,arrived_late,fd3f97d1-cdff-4bff-abc0-255af4bfc037,2026-06-26 14:12:00,2026-06-26 14:07:00,tester_06,2026-06-26 14:12:06,https://www.commcarehq.org/a/commcare-learn-ahmad/reports/form_data/5c94371a-d656-43bb-a05c-648071f39678/,tester_06,5.0
355,ad89f398-696c-4be7-b9f9-b42350c6af00,2026-03-04,soil_fertility_management,,Village Square,Trainer 2,yes,full_attendance,,1d6010fe-de23-4d38-b3e1-c00891c1db53,2026-03-04 15:44:00,2026-03-04 15:42:00,tester_05,2026-03-04 15:44:13,https://www.commcarehq.org/a/commcare-learn-ahmad/reports/form_data/ad89f398-696c-4be7-b9f9-b42350c6af00/,tester_05,2.0
356,86033bfb-95b6-4953-850b-2e71ea45a32c,2026-08-08,livestock_management,,Extension Office,Trainer 5,yes,partial_attendance,arrived_late,6851052e-c9cf-4356-b0b8-8b03cec9ad7f,2026-08-08 15:49:00,2026-08-08 15:47:00,tester_04,2026-08-08 15:49:18,https://www.commcarehq.org/a/commcare-learn-ahmad/reports/form_data/86033bfb-95b6-4953-850b-2e71ea45a32c/,tester_04,2.0
357,b94589db-2ff6-4b93-92f1-4a3719186da1,2026-07-28,record_keeping,,Farmer Cooperative Centre,Trainer 2,yes,partial_attendance,left_early,c7c1fae1-8a00-4ee0-9f22-6423dbe40075,2026-07-28 15:13:00,2026-07-28 15:05:00,tester_02,2026-07-28 15:13:11,https://www.commcarehq.org/a/commcare-learn-ahmad/reports/form_data/b94589db-2ff6-4b93-92f1-4a3719186da1/,tester_02,8.0
358,2dde1eee-b4af-4c11-a4df-6c039fa0cc80,2026-02-21,livestock_management,,Primary School,Trainer 1,yes,full_attendance,,86fd3e4a-fad5-4a5e-90c4-fd000888c945,2026-02-21 13:48:00,2026-02-21 13:42:00,tester_01,2026-02-21 13:48:18,https://www.commcarehq.org/a/commcare-learn-ahmad/reports/form_data/2dde1eee-b4af-4c11-a4df-6c039fa0cc80/,tester_01,6.0
359,93a76b0f-9fee-4d2a-bc17-144b196ae620,2026-02-25,soil_fertility_management,,Extension Office,Trainer 1,yes,partial_attendance,arrived_late,b735f447-57e3-4318-ad95-638b04d28cdd,2026-02-25 13:44:00,2026-02-25 13:36:00,tester_04,2026-02-25 13:44:20,https://www.commcarehq.org/a/commcare-learn-ahmad/reports/form_data/93a76b0f-9fee-4d2a-bc17-144b196ae620/,tester_04,8.0
360,c98204b3-29e9-43eb-bf99-19135812a372,2026-04-20,livestock_management,,Extension Office,Trainer 1,yes,partial_attendance,left_early,a9f77d8d-4f62-4d22-bed5-d70e6d3bbe5d,2026-04-20 08:16:00,2026-04-20 08:08:00,tester_05,2026-04-20 08:16:09,https://www.commcarehq.org/a/commcare-learn-ahmad/reports/form_data/c98204b3-29e9-43eb-bf99-19135812a372/,tester_05,8.0
361,2978c057-2dd3-40f1-96b0-39ecea0da45e,2026-04-17,pest_and_disease_management,,Village Square,Trainer 2,yes,full_attendance,,58c49705-d500-45f9-8e7d-d648a72b29ec,2026-04-17 15:38:00,2026-04-17 15:33:00,tester_07,2026-04-17 15:38:14,https://www.commcarehq.org/a/commcare-learn-ahmad/reports/form_data/2978c057-2dd3-40f1-96b0-39ecea0da45e/,tester_07,5.0
362,6456f3bf-01b6-439a-9b92-ffadfd595c8b,2026-08-19,record_keeping,,Primary School,Trainer 3,yes,full_attendance,,74163c87-148d-4827-a3a9-ef77024cc7fa,2026-08-19 14:15:00,2026-08-19 14:08:00,tester_03,2026-08-19 14:15:06,https://www.commcarehq.org/a/commcare-learn-ahmad/reports/form_data/6456f3bf-01b6-439a-9b92-ffadfd595c8b/,tester_03,7.0
363,dcf33165-3586-44a9-b807-44165d1c5947,2026-08-24,other,Climate Smart Agriculture,Village Square,Trainer 2,yes,full_attendance,,db755426-de9c-444e-bc1e-b94675a63ed8,2026-08-24 12:09:00,2026-08-24 12:06:00,tester_05,2026-08-24 12:09:17,https://www.commcarehq.org/a/commcare-learn-ahmad/reports/form_data/dcf33165-3586-44a9-b807-44165d1c5947/,tester_05,3.0
364,82c6dc2e-a3e5-4e8b-a25f-4894e85d30ac,2026-08-27,record_keeping,,Village Square,Trainer 2,yes,full_attendance,,1899d0ef-da11-44bf-942a-127d8bf37794,2026-08-27 14:15:00,2026-08-27 14:08:00,tester_02,2026-08-27 14:15:16,https://www.commcarehq.org/a/commcare-learn-ahmad/reports/form_data/82c6dc2e-a3e5-4e8b-a25f-4894e85d30ac/,tester_02,7.0
365,96bf4816-b491-4b79-aafc-8d0e19842672,2026-09-16,good_agronomic_practices,,Primary School,Trainer 2,yes,full_attendance,,ff365f73-b00f-4051-b4bf-872a52c62834,2026-09-16 15:48:00,2026-09-16 15:46:00,tester_06,2026-09-16 15:48:18,https://www.commcarehq.org/a/commcare-learn-ahmad/reports/form_data/96bf4816-b491-4b79-aafc-8d0e19842672/,tester_06,2.0
366,0e7f4658-ca53-409b-a580-e64ff293e3c7,2026-04-09,livestock_management,,Farmer Cooperative Centre,Trainer 2,yes,partial_attendance,other,cd7e351d-2ebd-4f67-87c0-980301739932,2026-04-09 10:54:00,2026-04-09 10:47:00,tester_03,2026-04-09 10:54:19,https://www.commcarehq.org/a/commcare-learn-ahmad/reports/form_data/0e7f4658-ca53-409b-a580-e64ff293e3c7/,tester_03,7.0
367,cb658655-6e71-4f1a-bd75-1d6c63354d29,2026-04-18,good_agronomic_practices,,Community Hall,Trainer 1,yes,full_attendance,,384b6a94-b09f-466c-b032-4ea36682f106,2026-04-18 14:26:00,2026-04-18 14:22:00,tester_04,2026-04-18 14:26:07,https://www.commcarehq.org/a/commcare-learn-ahmad/reports/form_data/cb658655-6e71-4f1a-bd75-1d6c63354d29/,tester_04,4.0
368,89107355-7fbf-4a45-ab8d-4907d1bcbf4b,2026-06-12,livestock_management,,Primary School,Trainer 4,yes,full_attendance,,625088b6-6e2a-41d7-ae41-d774170cdcba,2026-06-12 11:08:00,2026-06-12 11:04:00,tester_01,2026-06-12 11:08:06,https://www.commcarehq.org/a/commcare-learn-ahmad/reports/form_data/89107355-7fbf-4a45-ab8d-4907d1bcbf4b/,tester_01,4.0
369,bdcf05d4-d898-4654-a828-7b1ba77f2691,2026-07-19,good_agronomic_practices,,Primary School,Trainer 2,yes,full_attendance,,6eb7a871-0591-449b-9fff-898cf015303d,2026-07-19 15:04:00,2026-07-19 15:02:00,tester_02,2026-07-19 15:04:20,https://www.commcarehq.org/a/commcare-learn-ahmad/reports/form_data/bdcf05d4-d898-4654-a828-7b1ba77f2691/,tester_02,2.0
370,15a8bad7-1325-42fb-ab3a-fb9b5e7aba97,2026-05-13,soil_fertility_management,,Extension Office,Trainer 3,yes,partial_attendance,arrived_late,86e6ef66-fa72-4a01-8f2e-aea727f7f77c,2026-05-13 10:04:00,2026-05-13 10:00:00,tester_07,2026-05-13 10:04:12,https://www.commcarehq.org/a/commcare-learn-ahmad/reports/form_data/15a8bad7-1325-42fb-ab3a-fb9b5e7aba97/,tester_07,4.0
371,e1f6632a-6da8-4846-896c-b5b5e2a6520f,2026-05-24,record_keeping,,Extension Office,Trainer 5,no,,,fe542e6d-1cba-4ad9-90ad-3a8ddec6c702,2026-05-24 09:01:00,2026-05-24 08:54:00,tester_05,2026-05-24 09:01:09,https://www.commcarehq.org/a/commcare-learn-ahmad/reports/form_data/e1f6632a-6da8-4846-896c-b5b5e2a6520f/,tester_05,7.0
372,03013949-2342-4a7f-872d-cc6d548da37a,2026-03-18,other,Financial Literacy,Village Square,Trainer 2,yes,full_attendance,,f0398b5b-91cb-4a19-bbee-7a677e020f13,2026-03-18 11:09:00,2026-03-18 11:04:00,tester_02,2026-03-18 11:09:05,https://www.commcarehq.org/a/commcare-learn-ahmad/reports/form_data/03013949-2342-4a7f-872d-cc6d548da37a/,tester_02,5.0
373,791f2023-e574-4cbe-876c-943ed33df71b,2026-06-05,pest_and_disease_management,,Farmer Cooperative Centre,Trainer 2,yes,partial_attendance,personal_emergency,2cbc87b7-06bd-4408-affb-5feaff10f4ca,2026-06-05 11:58:00,2026-06-05 11:53:00,tester_05,2026-06-05 11:58:17,https://www.commcarehq.org/a/commcare-learn-ahmad/reports/form_data/791f2023-e574-4cbe-876c-943ed33df71b/,tester_05,5.0
374,e6420204-77ee-4b10-af71-839264b8a4a9,2026-08-14,record_keeping,,Farmer Cooperative Centre,Trainer 5,yes,full_attendance,,146c75ea-312b-4bc9-94c0-f275d2b62a43,2026-08-14 15:37:00,2026-08-14 15:33:00,tester_06,2026-08-14 15:37:19,https://www.commcarehq.org/a/commcare-learn-ahmad/reports/form_data/e6420204-77ee-4b10-af71-839264b8a4a9/,tester_06,4.0
375,b084e9e1-683e-416c-9ba2-e154a68883f3,2026-04-28,soil_fertility_management,,Extension Office,Trainer 3,yes,partial_attendance,other,01b2e98a-38e1-4fec-92bc-02682f7e4b53,2026-04-28 08:09:00,2026-04-28 08:03:00,tester_01,2026-04-28 08:09:13,https://www.commcarehq.org/a/commcare-learn-ahmad/reports/form_data/b084e9e1-683e-416c-9ba2-e154a68883f3/,tester_01,6.0
376,9c3b9af7-9143-435e-a32c-ccf05c24d849,2026-08-18,soil_fertility_management,,Village Square,Trainer 1,yes,full_attendance,,33c0b232-7416-42cb-95af-2b5e4f9937a5,2026-08-18 14:26:00,2026-08-18 14:24:00,tester_07,2026-08-18 14:26:18,https://www.commcarehq.org/a/commcare-learn-ahmad/reports/form_data/9c3b9af7-9143-435e-a32c-ccf05c24d849/,tester_07,2.0
377,f0819cc1-a2a9-498b-a1a9-f04efb66839a,2026-07-01,irrigation_and_water_management,,Farmer Cooperative Centre,Trainer 2,no,,,a76571bb-72c7-4bcd-8e94-bba155ca2bfc,2026-07-01 13:44:00,2026-07-01 13:40:00,tester_01,2026-07-01 13:44:13,https://www.commcarehq.org/a/commcare-learn-ahmad/reports/form_data/f0819cc1-a2a9-498b-a1a9-f04efb66839a/,tester_01,4.0
378,32ed1e45-6ecf-4851-9403-b02b56ae8039,2026-03-18,good_agronomic_practices,,Farmer Cooperative Centre,Trainer 5,yes,partial_attendance,arrived_late,b598f2a6-e26e-4a29-87f5-99625721c195,2026-03-18 12:39:00,2026-03-18 12:37:00,tester_02,2026-03-18 12:39:09,https://www.commcarehq.org/a/commcare-learn-ahmad/reports/form_data/32ed1e45-6ecf-4851-9403-b02b56ae8039/,tester_02,2.0
379,38c89ef2-d462-479a-8e49-a7aeeaac6d0c,2026-08-19,record_keeping,,Farmer Cooperative Centre,Trainer 5,yes,full_attendance,,28d1977d-a543-42ae-b9d9-7e0910b68ee9,2026-08-19 09:09:00,2026-08-19 09:03:00,tester_05,2026-08-19 09:09:08,https://www.commcarehq.org/a/commcare-learn-ahmad/reports/form_data/38c89ef2-d462-479a-8e49-a7aeeaac6d0c/,tester_05,6.0
380,819b6f46-c1f9-4160-af55-3bc3e49d310c,2026-06-05,livestock_management,,Farmer Cooperative Centre,Trainer 4,yes,full_attendance,,90760d1e-8729-498a-bba9-3ca4abe76095,2026-06-05 08:15:00,2026-06-05 08:11:00,tester_06,2026-06-05 08:15:19,https://www.commcarehq.org/a/commcare-learn-ahmad/reports/form_data/819b6f46-c1f9-4160-af55-3bc3e49d310c/,tester_06,4.0
381,28f4bdcd-1bb4-4578-8634-a4b6eeca12e7,2026-07-09,livestock_management,,Extension Office,Trainer 2,yes,partial_attendance,left_early,4f99f879-3a36-4727-ab6b-38a8bc65790d,2026-07-09 11:11:00,2026-07-09 11:09:00,tester_04,2026-07-09 11:11:15,https://www.commcarehq.org/a/commcare-learn-ahmad/reports/form_data/28f4bdcd-1bb4-4578-8634-a4b6eeca12e7/,tester_04,2.0
382,a1941c9f-6327-4b21-92df-75557eefacba,2026-02-23,record_keeping,,Farmer Cooperative Centre,Trainer 1,no,,,122fe482-1d2e-4a5d-bc2a-c93afd0975c8,2026-02-23 11:32:00,2026-02-23 11:30:00,tester_06,2026-02-23 11:32:13,https://www.commcarehq.org/a/commcare-learn-ahmad/reports/form_data/a1941c9f-6327-4b21-92df-75557eefacba/,tester_06,2.0
383,3f936d3e-de94-4b01-977b-adadcb1c1e83,2026-06-07,soil_fertility_management,,Farmer Cooperative Centre,Trainer 1,no,,,ad32c356-b9a6-4119-a81b-44b7802ee731,2026-06-07 11:37:00,2026-06-07 11:33:00,tester_03,2026-06-07 11:37:18,https://www.commcarehq.org/a/commcare-learn-ahmad/reports/form_data/3f936d3e-de94-4b01-977b-adadcb1c1e83/,tester_03,4.0
384,2a0696f4-2011-4e87-837e-f899a99aac59,2026-03-08,pest_and_disease_management,,Extension Office,Trainer 2,yes,full_attendance,,801d53bc-d5d2-4ee0-a33d-4178bd6fe2c0,2026-03-08 09:43:00,2026-03-08 09:38:00,tester_05,2026-03-08 09:43:16,https://www.commcarehq.org/a/commcare-learn-ahmad/reports/form_data/2a0696f4-2011-4e87-837e-f899a99aac59/,tester_05,5.0
385,161a2c65-6410-4d3a-8bfb-712d8157875e,2026-08-23,other,Financial Literacy,Extension Office,Trainer 4,yes,partial_attendance,other,79fc7ac4-1fbe-4366-a390-1a29f75fbd35,2026-08-23 15:07:00,2026-08-23 15:05:00,tester_03,2026-08-23 15:07:12,https://www.commcarehq.org/a/commcare-learn-ahmad/reports/form_data/161a2c65-6410-4d3a-8bfb-712d8157875e/,tester_03,2.0
386,7633ce91-16e3-4493-b551-9ed910b7a9e6,2026-07-07,record_keeping,,Extension Office,Trainer 4,yes,partial_attendance,arrived_late,00349811-9ac5-43b6-affa-48ce9dcc00fc,2026-07-07 10:02:00,2026-07-07 09:54:00,tester_07,2026-07-07 10:02:07,https://www.commcarehq.org/a/commcare-learn-ahmad/reports/form_data/7633ce91-16e3-4493-b551-9ed910b7a9e6/,tester_07,8.0
387,6281cb9a-e0c1-4e29-97e4-4f159816273b,2026-07-06,irrigation_and_water_management,,Extension Office,Trainer 1,yes,partial_attendance,left_early,8599c5dc-6e6d-413c-83f1-31849bc77929,2026-07-06 12:14:00,2026-07-06 12:12:00,tester_04,2026-07-06 12:14:18,https://www.commcarehq.org/a/commcare-learn-ahmad/reports/form_data/6281cb9a-e0c1-4e29-97e4-4f159816273b/,tester_04,2.0
388,7f421160-b0eb-4478-9853-db60cb19408a,2026-04-08,record_keeping,,Village Square,Trainer 5,yes,full_attendance,,056fe9c9-59b9-4ef8-b039-3ac6a03e6749,2026-04-08 08:09:00,2026-04-08 08:06:00,tester_04,2026-04-08 08:09:05,https://www.commcarehq.org/a/commcare-learn-ahmad/reports/form_data/7f421160-b0eb-4478-9853-db60cb19408a/,tester_04,3.0
389,0480f43b-0263-4aae-9a73-14d04101802e,2026-07-17,soil_fertility_management,,Village Square,Trainer 4,yes,full_attendance,,8178977f-be7f-44ec-bb19-78064b593f62,2026-07-17 13:34:00,2026-07-17 13:30:00,tester_03,2026-07-17 13:34:17,https://www.commcarehq.org/a/commcare-learn-ahmad/reports/form_data/0480f43b-0263-4aae-9a73-14d04101802e/,tester_03,4.0
390,548b3de6-c1c6-4c3a-98b7-10ae08d218a0,2026-05-27,irrigation_and_water_management,,Extension Office,Trainer 4,yes,full_attendance,,f2fbf9d5-acd0-4ed5-8a73-e94bd0697b74,2026-05-27 13:07:00,2026-05-27 13:02:00,tester_01,2026-05-27 13:07:09,https://www.commcarehq.org/a/commcare-learn-ahmad/reports/form_data/548b3de6-c1c6-4c3a-98b7-10ae08d218a0/,tester_01,5.0
391,c1fbf8d7-2589-4332-8d7e-3060061bc341,2026-04-09,good_agronomic_practices,,Farmer Cooperative Centre,Trainer 5,yes,full_attendance,,e33775bc-a416-4241-9b14-557bdbc36e30,2026-04-09 13:12:00,2026-04-09 13:08:00,tester_07,2026-04-09 13:12:18,https://www.commcarehq.org/a/commcare-learn-ahmad/reports/form_data/c1fbf8d7-2589-4332-8d7e-3060061bc341/,tester_07,4.0
392,5220e468-8670-4190-a893-c34b5f542108,2026-05-03,good_agronomic_practices,,Village Square,Trainer 3,yes,partial_attendance,left_early,5311402e-4750-408c-bc29-47daaf5b7b8b,2026-05-03 09:24:00,2026-05-03 09:20:00,tester_02,2026-05-03 09:24:19,https://www.commcarehq.org/a/commcare-learn-ahmad/reports/form_data/5220e468-8670-4190-a893-c34b5f542108/,tester_02,4.0
393,e81c6df3-5032-4506-8333-45411320a8ac,2026-06-09,soil_fertility_management,,Village Square,Trainer 2,yes,full_attendance,,67b4880b-9824-450c-ac1a-4e138657b5fc,2026-06-09 08:06:00,2026-06-09 08:02:00,tester_02,2026-06-09 08:06:18,https://www.commcarehq.org/a/commcare-learn-ahmad/reports/form_data/e81c6df3-5032-4506-8333-45411320a8ac/,tester_02,4.0
394,48f1147d-818f-47c3-89dd-1088a6b6854c,2026-06-08,irrigation_and_water_management,,Community Hall,Trainer 2,yes,partial_attendance,personal_emergency,7decea21-ae94-4a02-b38b-168e3b2d2457,2026-06-08 14:43:00,2026-06-08 14:35:00,tester_01,2026-06-08 14:43:08,https://www.commcarehq.org/a/commcare-learn-ahmad/reports/form_data/48f1147d-818f-47c3-89dd-1088a6b6854c/,tester_01,8.0
395,43ed1ad5-ba7d-4baf-8034-942364901eaf,2026-05-24,soil_fertility_management,,Village Square,Trainer 3,yes,partial_attendance,arrived_late,4f4ac3da-28c6-45f4-bea3-185e78d069a5,2026-05-24 14:31:00,2026-05-24 14:29:00,tester_05,2026-05-24 14:31:08,https://www.commcarehq.org/a/commcare-learn-ahmad/reports/form_data/43ed1ad5-ba7d-4baf-8034-942364901eaf/,tester_05,2.0
396,f42554fe-ecba-487b-8bdf-f601569463ee,2026-09-10,pest_and_disease_management,,Farmer Cooperative Centre,Trainer 4,yes,full_attendance,,886bdf85-b68c-45dc-aebc-d55b0d4fc18e,2026-09-10 12:53:00,2026-09-10 12:49:00,tester_04,2026-09-10 12:53:14,https://www.commcarehq.org/a/commcare-learn-ahmad/reports/form_data/f42554fe-ecba-487b-8bdf-f601569463ee/,tester_04,4.0
397,fa084697-80ea-4ed8-ae46-3c8b5a6d90f6,2026-08-03,record_keeping,,Farmer Cooperative Centre,Trainer 4,no,,,105da0a3-800f-4e42-b973-d651504c737a,2026-08-03 09:50:00,2026-08-03 09:44:00,tester_02,2026-08-03 09:50:06,https://www.commcarehq.org/a/commcare-learn-ahmad/reports/form_data/fa084697-80ea-4ed8-ae46-3c8b5a6d90f6/,tester_02,6.0
398,70614694-fba3-4d03-bd8c-89058dbbe914,2026-04-28,irrigation_and_water_management,,Village Square,Trainer 2,yes,full_attendance,,ba6426bb-25c1-4644-a100-34dff07a3f5d,2026-04-28 08:26:00,2026-04-28 08:19:00,tester_06,2026-04-28 08:26:16,https://www.commcarehq.org/a/commcare-learn-ahmad/reports/form_data/70614694-fba3-4d03-bd8c-89058dbbe914/,tester_06,7.0
399,9603164c-2846-4472-94a1-4d181d5f8e29,2026-07-30,other,Post Harvest Handling,Community Hall,Trainer 3,yes,full_attendance,,5db9f9ea-2c1c-4184-a70d-6b78e0571a5a,2026-07-30 10:20:00,2026-07-30 10:16:00,tester_06,2026-07-30 10:20:19,https://www.commcarehq.org/a/commcare-learn-ahmad/reports/form_data/9603164c-2846-4472-94a1-4d181d5f8e29/,tester_06,4.0
400,5d5f998f-f303-4934-aaab-40f86a763505,2026-05-14,pest_and_disease_management,,Extension Office,Trainer 4,yes,full_attendance,,6d5db3bc-f391-46b2-895d-63f962c9d401,2026-05-14 08:50:00,2026-05-14 08:43:00,tester_04,2026-05-14 08:50:12,https://www.commcarehq.org/a/commcare-learn-ahmad/reports/form_data/5d5f998f-f303-4934-aaab-40f86a763505/,tester_04,7.0
401,15da3af5-154e-4a67-a0be-84356880925a,2026-07-05,irrigation_and_water_management,,Village Square,Trainer 3,yes,partial_attendance,left_early,e4ccd126-ba41-4044-92ce-16c18649b768,2026-07-05 10:11:00,2026-07-05 10:05:00,tester_03,2026-07-05 10:11:13,https://www.commcarehq.org/a/commcare-learn-ahmad/reports/form_data/15da3af5-154e-4a67-a0be-84356880925a/,tester_03,6.0
402,c6d2e7dd-7e4a-4f41-8910-7701cea910d9,2026-06-08,record_keeping,,Community Hall,Trainer 5,yes,full_attendance,,f3a407b3-bf2e-4b54-9c4c-0f0e4f250250,2026-06-08 09:54:00,2026-06-08 09:51:00,tester_05,2026-06-08 09:54:18,https://www.commcarehq.org/a/commcare-learn-ahmad/reports/form_data/c6d2e7dd-7e4a-4f41-8910-7701cea910d9/,tester_05,3.0
403,ce237107-b0eb-43d1-a58d-2236b8e4cec0,2026-08-29,soil_fertility_management,,Primary School,Trainer 4,no,,,7e9e9a96-8ffe-4dc9-a40b-81cff5208e7b,2026-08-29 10:55:00,2026-08-29 10:50:00,tester_02,2026-08-29 10:55:13,https://www.commcarehq.org/a/commcare-learn-ahmad/reports/form_data/ce237107-b0eb-43d1-a58d-2236b8e4cec0/,tester_02,5.0
404,856943e2-1ab0-41f5-82cc-516529a279c3,2026-05-03,soil_fertility_management,,Extension Office,Trainer 5,yes,full_attendance,,2a2ace69-6993-4e53-9fed-a9ab3207c18d,2026-05-03 14:24:00,2026-05-03 14:20:00,tester_03,2026-05-03 14:24:19,https://www.commcarehq.org/a/commcare-learn-ahmad/reports/form_data/856943e2-1ab0-41f5-82cc-516529a279c3/,tester_03,4.0
405,69915672-3a1f-406a-80d6-f7fd24fc9e3e,2026-08-28,record_keeping,,Farmer Cooperative Centre,Trainer 3,yes,full_attendance,,e772e576-d793-4185-b700-56c02e07e659,2026-08-28 11:29:00,2026-08-28 11:21:00,tester_01,2026-08-28 11:29:18,https://www.commcarehq.org/a/commcare-learn-ahmad/reports/form_data/69915672-3a1f-406a-80d6-f7fd24fc9e3e/,tester_01,8.0
406,5b6ff7e1-36f8-44c1-9734-c058d237bd9a,2026-07-26,pest_and_disease_management,,Community Hall,Trainer 1,yes,full_attendance,,5696aabb-a2ea-44bf-8f51-9449780b8368,2026-07-26 13:44:00,2026-07-26 13:36:00,tester_03,2026-07-26 13:44:11,https://www.commcarehq.org/a/commcare-learn-ahmad/reports/form_data/5b6ff7e1-36f8-44c1-9734-c058d237bd9a/,tester_03,8.0
407,7f8e4a23-7951-4766-8af8-657c6a968b34,2026-10-01,other,Climate Smart Agriculture,Community Hall,Trainer 2,yes,full_attendance,,669b945c-3e76-412d-be8a-f747a999c1f7,2026-10-01 11:03:00,2026-10-01 10:56:00,tester_01,2026-10-01 11:03:11,https://www.commcarehq.org/a/commcare-learn-ahmad/reports/form_data/7f8e4a23-7951-4766-8af8-657c6a968b34/,tester_01,7.0
408,4b7d9a60-8bff-4fb6-bc0d-ba896d642131,2026-07-27,record_keeping,,Community Hall,Trainer 4,yes,full_attendance,,3806d335-021b-4d79-b6d7-4a5c42dc29f6,2026-07-27 12:44:00,2026-07-27 12:42:00,tester_06,2026-07-27 12:44:16,https://www.commcarehq.org/a/commcare-learn-ahmad/reports/form_data/4b7d9a60-8bff-4fb6-bc0d-ba896d642131/,tester_06,2.0
409,321db216-1d4a-4847-84f6-3c237815f997,2026-04-11,other,Financial Literacy,Community Hall,Trainer 4,yes,full_attendance,,d1f5ab65-7417-4c61-9862-9fdf6a902e36,2026-04-11 10:57:00,2026-04-11 10:49:00,tester_03,2026-04-11 10:57:20,https://www.commcarehq.org/a/commcare-learn-ahmad/reports/form_data/321db216-1d4a-4847-84f6-3c237815f997/,tester_03,8.0
410,54c1f294-2b86-477e-94c6-c1af3d9c7dff,2026-06-27,livestock_management,,Extension Office,Trainer 2,yes,full_attendance,,e8ce0ad4-6062-4a2b-8320-df437191377a,2026-06-27 12:35:00,2026-06-27 12:31:00,tester_01,2026-06-27 12:35:06,https://www.commcarehq.org/a/commcare-learn-ahmad/reports/form_data/54c1f294-2b86-477e-94c6-c1af3d9c7dff/,tester_01,4.0
411,daf9d87a-75ab-4172-ad18-6b3f88d9186c,2026-05-12,pest_and_disease_management,,Primary School,Trainer 2,yes,full_attendance,,abc37b8c-c6f4-428e-af44-da8a5dd21285,2026-05-12 14:15:00,2026-05-12 14:08:00,tester_06,2026-05-12 14:15:14,https://www.commcarehq.org/a/commcare-learn-ahmad/reports/form_data/daf9d87a-75ab-4172-ad18-6b3f88d9186c/,tester_06,7.0
412,479590e4-c763-4d35-8756-c56c8c59e7ff,2026-07-22,pest_and_disease_management,,Farmer Cooperative Centre,Trainer 2,yes,full_attendance,,188fd638-2211-498d-8147-04c8f359250f,2026-07-22 12:34:00,2026-07-22 12:30:00,tester_04,2026-07-22 12:34:15,https://www.commcarehq.org/a/commcare-learn-ahmad/reports/form_data/479590e4-c763-4d35-8756-c56c8c59e7ff/,tester_04,4.0
413,acbcccd9-02d5-4bbc-bf07-16ed402a374a,2026-08-10,other,Climate Smart Agriculture,Community Hall,Trainer 4,yes,full_attendance,,69bf6f6a-a761-48b0-9061-f35528ffea7f,2026-08-10 10:55:00,2026-08-10 10:49:00,tester_07,2026-08-10 10:55:09,https://www.commcarehq.org/a/commcare-learn-ahmad/reports/form_data/acbcccd9-02d5-4bbc-bf07-16ed402a374a/,tester_07,6.0
414,3c76ed85-f1f4-4884-a8f0-0096bca2b94c,2026-03-12,other,Climate Smart Agriculture,Village Square,Trainer 2,yes,full_attendance,,13d5e23d-5846-416b-bb61-a7c4256bf631,2026-03-12 13:17:00,2026-03-12 13:15:00,tester_01,2026-03-12 13:17:15,https://www.commcarehq.org/a/commcare-learn-ahmad/reports/form_data/3c76ed85-f1f4-4884-a8f0-0096bca2b94c/,tester_01,2.0
415,bceca185-f507-44fb-bebc-3e658a8c451e,2026-08-15,good_agronomic_practices,,Community Hall,Trainer 3,no,,,4999f204-9657-492b-a6ba-0e6f9ba0e99e,2026-08-15 09:18:00,2026-08-15 09:11:00,tester_06,2026-08-15 09:18:19,https://www.commcarehq.org/a/commcare-learn-ahmad/reports/form_data/bceca185-f507-44fb-bebc-3e658a8c451e/,tester_06,7.0
416,dd024a96-6214-443a-a4e1-13d702364b0e,2026-07-14,record_keeping,,Primary School,Trainer 4,yes,full_attendance,,948eac7d-b451-44cf-845c-1e4756f824b7,2026-07-14 15:08:00,2026-07-14 15:03:00,tester_05,2026-07-14 15:08:20,https://www.commcarehq.org/a/commcare-learn-ahmad/reports/form_data/dd024a96-6214-443a-a4e1-13d702364b0e/,tester_05,5.0
417,fc7d9ac8-b592-449b-a888-63a243d92f9e,2026-06-16,other,Financial Literacy,Village Square,Trainer 3,yes,full_attendance,,b01a0d96-cceb-43bf-a118-ed612089ab47,2026-06-16 15:01:00,2026-06-16 14:57:00,tester_07,2026-06-16 15:01:08,https://www.commcarehq.org/a/commcare-learn-ahmad/reports/form_data/fc7d9ac8-b592-449b-a888-63a243d92f9e/,tester_07,4.0
418,e085d43f-df42-4c90-ad33-659c2394a55a,2026-06-20,soil_fertility_management,,Farmer Cooperative Centre,Trainer 2,yes,full_attendance,,82817afc-ecbd-43ad-aa19-871723c75f63,2026-06-20 15:33:00,2026-06-20 15:25:00,tester_01,2026-06-20 15:33:16,https://www.commcarehq.org/a/commcare-learn-ahmad/reports/form_data/e085d43f-df42-4c90-ad33-659c2394a55a/,tester_01,8.0
419,0204e642-ad1b-4d36-b86a-aa26b65d80d1,2026-05-08,pest_and_disease_management,,Community Hall,Trainer 3,yes,partial_attendance,personal_emergency,cea91cbf-563b-4da4-8751-e11faad70e22,2026-05-08 13:44:00,2026-05-08 13:39:00,tester_03,2026-05-08 13:44:14,https://www.commcarehq.org/a/commcare-learn-ahmad/reports/form_data/0204e642-ad1b-4d36-b86a-aa26b65d80d1/,tester_03,5.0
420,5a11f42f-807b-4112-a8eb-6c6a6a36846f,2026-03-19,record_keeping,,Community Hall,Trainer 2,yes,full_attendance,,8ba5dc02-a5a8-4ae9-be2c-1663cd0d6db3,2026-03-19 09:26:00,2026-03-19 09:22:00,tester_06,2026-03-19 09:26:19,https://www.commcarehq.org/a/commcare-learn-ahmad/reports/form_data/5a11f42f-807b-4112-a8eb-6c6a6a36846f/,tester_06,4.0
421,92738f93-4e8e-42fd-8f0e-78a5a8a87864,2026-08-09,livestock_management,,Extension Office,Trainer 1,no,,,7f8641fb-eb9d-42e9-81d9-e3ce62e5c259,2026-08-09 08:32:00,2026-08-09 08:28:00,tester_04,2026-08-09 08:32:20,https://www.commcarehq.org/a/commcare-learn-ahmad/reports/form_data/92738f93-4e8e-42fd-8f0e-78a5a8a87864/,tester_04,4.0
422,b11bd507-16db-4ecb-b3b0-5f59652b08a4,2026-05-08,good_agronomic_practices,,Primary School,Trainer 1,yes,partial_attendance,other,3ef45f93-b196-400e-af74-844bdcd17c96,2026-05-08 10:40:00,2026-05-08 10:36:00,tester_05,2026-05-08 10:40:11,https://www.commcarehq.org/a/commcare-learn-ahmad/reports/form_data/b11bd507-16db-4ecb-b3b0-5f59652b08a4/,tester_05,4.0
423,4867c855-2bc0-465e-8ccb-add1b8fe0eab,2026-06-27,soil_fertility_management,,Community Hall,Trainer 4,yes,full_attendance,,16660ec7-8b76-4a3c-a6b7-c38ffb904e79,2026-06-27 12:05:00,2026-06-27 12:00:00,tester_02,2026-06-27 12:05:19,https://www.commcarehq.org/a/commcare-learn-ahmad/reports/form_data/4867c855-2bc0-465e-8ccb-add1b8fe0eab/,tester_02,5.0
424,4e92b99b-55a3-474e-b257-75788b263fd1,2026-05-10,good_agronomic_practices,,Extension Office,Trainer 3,yes,full_attendance,,ed9a7082-32c4-49b9-8c52-5fea3e325804,2026-05-10 13:38:00,2026-05-10 13:34:00,tester_01,2026-05-10 13:38:17,https://www.commcarehq.org/a/commcare-learn-ahmad/reports/form_data/4e92b99b-55a3-474e-b257-75788b263fd1/,tester_01,4.0
425,4f347b5b-5924-41d4-8e34-f42cd6a8a2eb,2026-07-06,record_keeping,,Extension Office,Trainer 3,yes,partial_attendance,left_early,0942fb79-0d49-4cf7-8bbd-ab5b1fc75b06,2026-07-06 10:56:00,2026-07-06 10:49:00,tester_02,2026-07-06 10:56:13,https://www.commcarehq.org/a/commcare-learn-ahmad/reports/form_data/4f347b5b-5924-41d4-8e34-f42cd6a8a2eb/,tester_02,7.0
426,fd3ca66b-3b98-46fe-b709-fa037722f2c5,2026-08-28,pest_and_disease_management,,Farmer Cooperative Centre,Trainer 3,no,,,188d685a-98ff-4763-bb4d-231700ca4cfe,2026-08-28 13:58:00,2026-08-28 13:56:00,tester_07,2026-08-28 13:58:18,https://www.commcarehq.org/a/commcare-learn-ahmad/reports/form_data/fd3ca66b-3b98-46fe-b709-fa037722f2c5/,tester_07,2.0
427,5d5d229d-1991-413c-a41e-aba9f20ecd22,2026-05-06,irrigation_and_water_management,,Village Square,Trainer 4,no,,,789bc76b-64ea-426f-9b91-372552dfba5b,2026-05-06 14:18:00,2026-05-06 14:12:00,tester_03,2026-05-06 14:18:10,https://www.commcarehq.org/a/commcare-learn-ahmad/reports/form_data/5d5d229d-1991-413c-a41e-aba9f20ecd22/,tester_03,6.0
428,d97e6f04-4073-4cea-baab-eb7054de2df8,2026-02-14,irrigation_and_water_management,,Farmer Cooperative Centre,Trainer 2,yes,full_attendance,,c34861bb-702f-4fe9-9ac4-a5e36d649789,2026-02-14 13:07:00,2026-02-14 13:00:00,tester_01,2026-02-14 13:07:07,https://www.commcarehq.org/a/commcare-learn-ahmad/reports/form_data/d97e6f04-4073-4cea-baab-eb7054de2df8/,tester_01,7.0
429,85fb4f46-5f90-466c-b844-97f0068988eb,2026-04-19,irrigation_and_water_management,,Village Square,Trainer 1,yes,full_attendance,,e3c65777-c4a2-405e-a159-a2c71b9c5b81,2026-04-19 13:21:00,2026-04-19 13:14:00,tester_04,2026-04-19 13:21:05,https://www.commcarehq.org/a/commcare-learn-ahmad/reports/form_data/85fb4f46-5f90-466c-b844-97f0068988eb/,tester_04,7.0
430,8642eb53-0084-4131-8149-b221ba04c00f,2026-05-07,record_keeping,,Farmer Cooperative Centre,Trainer 4,no,,,e52efae5-61ce-4a1b-86a3-1736a0963a7b,2026-05-07 09:25:00,2026-05-07 09:19:00,tester_07,2026-05-07 09:25:10,https://www.commcarehq.org/a/commcare-learn-ahmad/reports/form_data/8642eb53-0084-4131-8149-b221ba04c00f/,tester_07,6.0
431,28419201-2a41-49d3-9a42-06bfebe6583d,2026-07-16,pest_and_disease_management,,Extension Office,Trainer 1,yes,full_attendance,,e664db03-da40-4cce-bdd2-a95a95e9da50,2026-07-16 11:03:00,2026-07-16 10:55:00,tester_02,2026-07-16 11:03:18,https://www.commcarehq.org/a/commcare-learn-ahmad/reports/form_data/28419201-2a41-49d3-9a42-06bfebe6583d/,tester_02,8.0
432,d6ab4083-af98-459e-a17c-6b6ebc5d9df1,2026-05-19,soil_fertility_management,,Village Square,Trainer 5,no,,,8d35df49-5802-4888-8f8c-5ef563962431,2026-05-19 11:08:00,2026-05-19 11:02:00,tester_02,2026-05-19 11:08:19,https://www.commcarehq.org/a/commcare-learn-ahmad/reports/form_data/d6ab4083-af98-459e-a17c-6b6ebc5d9df1/,tester_02,6.0
433,b36e589d-f45b-4d46-8d3f-4cecdbcc3b1d,2026-06-09,irrigation_and_water_management,,Primary School,Trainer 4,no,,,7154c84b-4294-480b-8101-6a7c83a30c59,2026-06-09 10:41:00,2026-06-09 10:35:00,tester_07,2026-06-09 10:41:09,https://www.commcarehq.org/a/commcare-learn-ahmad/reports/form_data/b36e589d-f45b-4d46-8d3f-4cecdbcc3b1d/,tester_07,6.0
434,007595f3-48de-44c2-82ec-077c78a98a42,2026-03-30,livestock_management,,Extension Office,Trainer 5,yes,full_attendance,,ad5e549e-5f2c-48bb-91de-ab608e95a710,2026-03-30 12:43:00,2026-03-30 12:36:00,tester_02,2026-03-30 12:43:13,https://www.commcarehq.org/a/commcare-learn-ahmad/reports/form_data/007595f3-48de-44c2-82ec-077c78a98a42/,tester_02,7.0
435,41e787a4-6993-4798-adb8-ff8be9a08301,2026-03-22,record_keeping,,Farmer Cooperative Centre,Trainer 1,yes,full_attendance,,1b204786-516b-4a10-9ac1-8fe4bc6387a8,2026-03-22 13:24:00,2026-03-22 13:17:00,tester_03,2026-03-22 13:24:06,https://www.commcarehq.org/a/commcare-learn-ahmad/reports/form_data/41e787a4-6993-4798-adb8-ff8be9a08301/,tester_03,7.0
436,967dafbc-6e22-4353-b4bf-21cde237c27f,2026-06-08,soil_fertility_management,,Farmer Cooperative Centre,Trainer 1,yes,full_attendance,,6e3ea913-b623-4425-8dc3-c9fad97df9fa,2026-06-08 11:55:00,2026-06-08 11:51:00,tester_02,2026-06-08 11:55:17,https://www.commcarehq.org/a/commcare-learn-ahmad/reports/form_data/967dafbc-6e22-4353-b4bf-21cde237c27f/,tester_02,4.0
437,2c08fbfc-fbc1-4b59-8fdb-a8c9084398ef,2026-03-14,irrigation_and_water_management,,Community Hall,Trainer 5,yes,full_attendance,,84984422-e0bb-45d9-848b-b90593c29670,2026-03-14 08:09:00,2026-03-14 08:06:00,tester_06,2026-03-14 08:09:14,https://www.commcarehq.org/a/commcare-learn-ahmad/reports/form_data/2c08fbfc-fbc1-4b59-8fdb-a8c9084398ef/,tester_06,3.0
438,861672f6-b987-455c-b8ff-77d57f1c7ffc,2026-06-08,soil_fertility_management,,Farmer Cooperative Centre,Trainer 3,yes,full_attendance,,24903993-aab8-4151-8c8d-0ed5061459d8,2026-06-08 11:11:00,2026-06-08 11:03:00,tester_04,2026-06-08 11:11:20,https://www.commcarehq.org/a/commcare-learn-ahmad/reports/form_data/861672f6-b987-455c-b8ff-77d57f1c7ffc/,tester_04,8.0
439,7c7345ba-9d0e-42a7-918e-2169c01dfb5a,2026-02-20,good_agronomic_practices,,Village Square,Trainer 5,yes,full_attendance,,01bb8783-1874-4473-a09e-1a40d88c0f32,2026-02-20 13:08:00,2026-02-20 13:03:00,tester_02,2026-02-20 13:08:06,https://www.commcarehq.org/a/commcare-learn-ahmad/reports/form_data/7c7345ba-9d0e-42a7-918e-2169c01dfb5a/,tester_02,5.0
440,03e5e1be-8585-4a56-b08e-c3ab06f2d722,2026-07-03,irrigation_and_water_management,,Farmer Cooperative Centre,Trainer 3,yes,full_attendance,,487b5217-4b4f-4d73-b0d9-ad08e08de814,2026-07-03 14:38:00,2026-07-03 14:35:00,tester_05,2026-07-03 14:38:12,https://www.commcarehq.org/a/commcare-learn-ahmad/reports/form_data/03e5e1be-8585-4a56-b08e-c3ab06f2d722/,tester_05,3.0
441,c5798ab8-f862-4a68-9ae6-b8c96505564c,2026-05-12,soil_fertility_management,,Village Square,Trainer 2,yes,full_attendance,,14df2903-6396-4998-9e2e-bb81b6e566ee,2026-05-12 10:12:00,2026-05-12 10:06:00,tester_06,2026-05-12 10:12:20,https://www.commcarehq.org/a/commcare-learn-ahmad/reports/form_data/c5798ab8-f862-4a68-9ae6-b8c96505564c/,tester_06,6.0
442,6234ef38-b20d-40dc-afd6-3ab1a189e4be,2026-08-10,record_keeping,,Community Hall,Trainer 2,yes,full_attendance,,fb5e7eea-4b27-43aa-9738-91e0383d8313,2026-08-10 12:55:00,2026-08-10 12:51:00,tester_01,2026-08-10 12:55:17,https://www.commcarehq.org/a/commcare-learn-ahmad/reports/form_data/6234ef38-b20d-40dc-afd6-3ab1a189e4be/,tester_01,4.0
443,007028e8-f844-4939-9afc-82f14e28e319,2026-09-16,livestock_management,,Community Hall,Trainer 1,yes,partial_attendance,personal_emergency,fa63c508-5721-4a20-b5aa-753fa4ab6009,2026-09-16 11:45:00,2026-09-16 11:38:00,tester_01,2026-09-16 11:45:11,https://www.commcarehq.org/a/commcare-learn-ahmad/reports/form_data/007028e8-f844-4939-9afc-82f14e28e319/,tester_01,7.0
444,5dbe9f08-6171-44cd-baa8-25a9930a09de,2026-01-30,record_keeping,,Primary School,Trainer 5,yes,full_attendance,,c1f12be4-b1a8-4e8b-a8db-e89be4f027bb,2026-01-30 15:40:00,2026-01-30 15:33:00,tester_02,2026-01-30 15:40:12,https://www.commcarehq.org/a/commcare-learn-ahmad/reports/form_data/5dbe9f08-6171-44cd-baa8-25a9930a09de/,tester_02,7.0
445,6860e1b5-97e2-419d-b359-ad75531e71d1,2026-03-22,irrigation_and_water_management,,Extension Office,Trainer 3,yes,full_attendance,,460cf71b-a280-41a4-a1fd-cf66ff7b042b,2026-03-22 11:04:00,2026-03-22 10:58:00,tester_02,2026-03-22 11:04:07,https://www.commcarehq.org/a/commcare-learn-ahmad/reports/form_data/6860e1b5-97e2-419d-b359-ad75531e71d1/,tester_02,6.0
446,c81093f4-dd5b-4118-b49e-f151db7dae88,2026-04-21,record_keeping,,Primary School,Trainer 4,yes,partial_attendance,left_early,00b1a5f3-303e-4453-a936-71cce2486c4e,2026-04-21 08:51:00,2026-04-21 08:46:00,tester_03,2026-04-21 08:51:19,https://www.commcarehq.org/a/commcare-learn-ahmad/reports/form_data/c81093f4-dd5b-4118-b49e-f151db7dae88/,tester_03,5.0
447,faa6db44-122f-4ccc-861d-bd2d0d62b7de,2026-07-13,pest_and_disease_management,,Village Square,Trainer 4,no,,,40d3fc2b-2464-49db-8664-28de8c76c90e,2026-07-13 11:38:00,2026-07-13 11:36:00,tester_04,2026-07-13 11:38:08,https://www.commcarehq.org/a/commcare-learn-ahmad/reports/form_data/faa6db44-122f-4ccc-861d-bd2d0d62b7de/,tester_04,2.0
448,185f4e4d-bdf3-40a8-96d8-f937502661c2,2026-07-21,livestock_management,,Village Square,Trainer 2,yes,full_attendance,,84e0f6ac-7950-4ed5-a54e-f1f30442268d,2026-07-21 15:13:00,2026-07-21 15:08:00,tester_05,2026-07-21 15:13:13,https://www.commcarehq.org/a/commcare-learn-ahmad/reports/form_data/185f4e4d-bdf3-40a8-96d8-f937502661c2/,tester_05,5.0
449,1a16c11e-b56b-44cd-9518-ccfd8f280a00,2026-10-10,irrigation_and_water_management,,Extension Office,Trainer 2,yes,full_attendance,,0f0496d9-bc05-42b3-a7b5-9187f32ba924,2026-10-10 13:46:00,2026-10-10 13:40:00,tester_01,2026-10-10 13:46:19,https://www.commcarehq.org/a/commcare-learn-ahmad/reports/form_data/1a16c11e-b56b-44cd-9518-ccfd8f280a00/,tester_01,6.0
450,b4b5bbab-32e0-40ac-afde-883222e744fb,2026-08-03,record_keeping,,Village Square,Trainer 5,yes,partial_attendance,left_early,e050dce8-52ea-4ea7-8777-c10fd7cc3bb6,2026-08-03 11:01:00,2026-08-03 10:57:00,tester_02,2026-08-03 11:01:12,https://www.commcarehq.org/a/commcare-learn-ahmad/reports/form_data/b4b5bbab-32e0-40ac-afde-883222e744fb/,tester_02,4.0
451,2ce96691-e166-48a3-9873-0ae9cf89b24f,2026-07-28,other,Climate Smart Agriculture,Community Hall,Trainer 5,yes,full_attendance,,516e9e36-bc48-45dc-a509-91b24dac5d5f,2026-07-28 11:57:00,2026-07-28 11:51:00,tester_03,2026-07-28 11:57:16,https://www.commcarehq.org/a/commcare-learn-ahmad/reports/form_data/2ce96691-e166-48a3-9873-0ae9cf89b24f/,tester_03,6.0
452,83d68aba-af77-4e1c-897d-81d47fee9fbd,2026-08-20,irrigation_and_water_management,,Primary School,Trainer 5,yes,full_attendance,,97ef859c-8e6f-49c2-a0f9-413d8646ed42,2026-08-20 09:38:00,2026-08-20 09:30:00,tester_06,2026-08-20 09:38:12,https://www.commcarehq.org/a/commcare-learn-ahmad/reports/form_data/83d68aba-af77-4e1c-897d-81d47fee9fbd/,tester_06,8.0
453,99186501-ac28-4293-ae98-76bb11a9048e,2026-06-30,record_keeping,,Village Square,Trainer 2,yes,partial_attendance,left_early,18b6dfc7-06e8-4a42-9202-fcabb0c1e471,2026-06-30 15:14:00,2026-06-30 15:09:00,tester_02,2026-06-30 15:14:05,https://www.commcarehq.org/a/commcare-learn-ahmad/reports/form_data/99186501-ac28-4293-ae98-76bb11a9048e/,tester_02,5.0
454,1fa8e8ff-c4ef-4fcd-9e8c-f530693d736b,2026-06-16,pest_and_disease_management,,Community Hall,Trainer 5,yes,partial_attendance,left_early,7f1c7eec-09b2-4431-afbd-2c65499700ff,2026-06-16 14:48:00,2026-06-16 14:44:00,tester_06,2026-06-16 14:48:17,https://www.commcarehq.org/a/commcare-learn-ahmad/reports/form_data/1fa8e8ff-c4ef-4fcd-9e8c-f530693d736b/,tester_06,4.0
455,53022012-822e-4d81-8e4a-0150a9d9a662,2026-02-14,good_agronomic_practices,,Village Square,Trainer 4,yes,full_attendance,,f480ec6b-1fe4-4233-982e-906128e21251,2026-02-14 09:59:00,2026-02-14 09:57:00,tester_04,2026-02-14 09:59:20,https://www.commcarehq.org/a/commcare-learn-ahmad/reports/form_data/53022012-822e-4d81-8e4a-0150a9d9a662/,tester_04,2.0
456,dc2b9530-960d-411c-9d57-6771f5b239e9,2026-02-19,soil_fertility_management,,Extension Office,Trainer 2,yes,full_attendance,,bc5317dc-2304-4a25-86bf-bf30e9db50d5,2026-02-19 10:54:00,2026-02-19 10:50:00,tester_01,2026-02-19 10:54:10,https://www.commcarehq.org/a/commcare-learn-ahmad/reports/form_data/dc2b9530-960d-411c-9d57-6771f5b239e9/,tester_01,4.0
457,b63e0a97-7a97-4472-8e83-0b2acfcdffb7,2026-07-30,soil_fertility_management,,Primary School,Trainer 5,yes,full_attendance,,a4523f16-4116-48ff-8f47-29e1d4681b64,2026-07-30 12:10:00,2026-07-30 12:04:00,tester_05,2026-07-30 12:10:14,https://www.commcarehq.org/a/commcare-learn-ahmad/reports/form_data/b63e0a97-7a97-4472-8e83-0b2acfcdffb7/,tester_05,6.0
458,d943037b-6c04-46f1-b13e-5a2763ef6f2a,2026-02-28,good_agronomic_practices,,Farmer Cooperative Centre,Trainer 4,yes,partial_attendance,other,80263800-ca43-42e0-8db9-f5a9aa9be87d,2026-02-28 13:39:00,2026-02-28 13:31:00,tester_03,2026-02-28 13:39:08,https://www.commcarehq.org/a/commcare-learn-ahmad/reports/form_data/d943037b-6c04-46f1-b13e-5a2763ef6f2a/,tester_03,8.0
459,41a864be-4310-45e7-967a-98043e337120,2026-04-12,good_agronomic_practices,,Primary School,Trainer 4,yes,partial_attendance,arrived_late,6a83c84a-e2ee-4e03-beb6-5070a70fe638,2026-04-12 12:50:00,2026-04-12 12:44:00,tester_04,2026-04-12 12:50:07,https://www.commcarehq.org/a/commcare-learn-ahmad/reports/form_data/41a864be-4310-45e7-967a-98043e337120/,tester_04,6.0
460,cbb30a31-d86c-45f1-8b08-64acf5b9fe9d,2026-01-10,soil_fertility_management,,Extension Office,Trainer 2,yes,full_attendance,,841d54a6-4f40-4eb5-85ef-c6adae5c9c33,2026-01-10 11:14:00,2026-01-10 11:12:00,tester_03,2026-01-10 11:14:12,https://www.commcarehq.org/a/commcare-learn-ahmad/reports/form_data/cbb30a31-d86c-45f1-8b08-64acf5b9fe9d/,tester_03,2.0
461,aeaf33e9-edcd-4ebb-955e-0e5e9b086e25,2026-08-25,other,Post Harvest Handling,Primary School,Trainer 3,yes,full_attendance,,7c35e1bf-d23a-42be-9858-3e79159583dc,2026-08-25 15:15:00,2026-08-25 15:09:00,tester_06,2026-08-25 15:15:15,https://www.commcarehq.org/a/commcare-learn-ahmad/reports/form_data/aeaf33e9-edcd-4ebb-955e-0e5e9b086e25/,tester_06,6.0
462,4ce8d2b9-e4cb-4516-b791-ce4ce3c5a012,2026-06-09,livestock_management,,Village Square,Trainer 3,yes,full_attendance,,3bbd3dd4-1cb5-43ea-a9e0-71e35228958b,2026-06-09 12:22:00,2026-06-09 12:19:00,tester_06,2026-06-09 12:22:19,https://www.commcarehq.org/a/commcare-learn-ahmad/reports/form_data/4ce8d2b9-e4cb-4516-b791-ce4ce3c5a012/,tester_06,3.0
463,67f53324-7c72-4580-b7a9-9806562b3c55,2026-05-03,livestock_management,,Village Square,Trainer 2,yes,full_attendance,,a899af9a-2a26-455d-b180-89c08d635337,2026-05-03 10:35:00,2026-05-03 10:32:00,tester_02,2026-05-03 10:35:19,https://www.commcarehq.org/a/commcare-learn-ahmad/reports/form_data/67f53324-7c72-4580-b7a9-9806562b3c55/,tester_02,3.0
464,02f95db0-95b3-48ce-8bfd-ee4e80cdaf18,2026-06-20,other,Post Harvest Handling,Village Square,Trainer 4,yes,full_attendance,,ed3ba2f0-a2b6-4af3-848f-be4218fa4157,2026-06-20 15:36:00,2026-06-20 15:30:00,tester_06,2026-06-20 15:36:14,https://www.commcarehq.org/a/commcare-learn-ahmad/reports/form_data/02f95db0-95b3-48ce-8bfd-ee4e80cdaf18/,tester_06,6.0
465,4350e20c-4a3c-4714-b795-b22d9acdc812,2026-05-28,soil_fertility_management,,Community Hall,Trainer 4,yes,full_attendance,,6c9292fd-1223-4e3a-9a63-94b832da1cfd,2026-05-28 10:02:00,2026-05-28 09:59:00,tester_04,2026-05-28 10:02:13,https://www.commcarehq.org/a/commcare-learn-ahmad/reports/form_data/4350e20c-4a3c-4714-b795-b22d9acdc812/,tester_04,3.0
466,71889eec-8c8b-4014-a305-01c5c10e8dd0,2026-06-11,record_keeping,,Village Square,Trainer 1,yes,full_attendance,,ad14b4de-f08b-4855-8126-ce392e76f209,2026-06-11 08:39:00,2026-06-11 08:37:00,tester_05,2026-06-11 08:39:07,https://www.commcarehq.org/a/commcare-learn-ahmad/reports/form_data/71889eec-8c8b-4014-a305-01c5c10e8dd0/,tester_05,2.0
467,307103c5-3dc9-4003-9f3b-ac1864c24f42,2026-09-08,livestock_management,,Extension Office,Trainer 2,yes,full_attendance,,e5f65ff4-55b9-4d7f-94ce-daa2f19d50cf,2026-09-08 11:00:00,2026-09-08 10:56:00,tester_01,2026-09-08 11:00:07,https://www.commcarehq.org/a/commcare-learn-ahmad/reports/form_data/307103c5-3dc9-4003-9f3b-ac1864c24f42/,tester_01,4.0
468,b0c0c891-9d9d-471f-b89b-3b646326e579,2026-07-18,irrigation_and_water_management,,Farmer Cooperative Centre,Trainer 2,yes,full_attendance,,74afbf08-7d58-4159-bfa9-5bd8c23b5fe0,2026-07-18 13:24:00,2026-07-18 13:21:00,tester_02,2026-07-18 13:24:18,https://www.commcarehq.org/a/commcare-learn-ahmad/reports/form_data/b0c0c891-9d9d-471f-b89b-3b646326e579/,tester_02,3.0
469,d7efa418-da4b-466d-af82-6b18ae367dab,2026-06-23,pest_and_disease_management,,Extension Office,Trainer 2,yes,full_attendance,,1ea13640-bebc-49a8-a206-1ba03450b27b,2026-06-23 09:07:00,2026-06-23 09:01:00,tester_07,2026-06-23 09:07:06,https://www.commcarehq.org/a/commcare-learn-ahmad/reports/form_data/d7efa418-da4b-466d-af82-6b18ae367dab/,tester_07,6.0
470,9d27e712-e282-4847-bb2d-69c88e4631d1,2026-04-22,good_agronomic_practices,,Village Square,Trainer 2,yes,full_attendance,,f5fbfed1-95d2-4ea3-9949-5e6b27ab3929,2026-04-22 11:15:00,2026-04-22 11:12:00,tester_04,2026-04-22 11:15:08,https://www.commcarehq.org/a/commcare-learn-ahmad/reports/form_data/9d27e712-e282-4847-bb2d-69c88e4631d1/,tester_04,3.0
471,4b751468-72d3-4e52-b47f-24ff18677e90,2026-03-10,soil_fertility_management,,Extension Office,Trainer 5,yes,full_attendance,,2a09bd02-f740-43f1-a7d2-a9afff3da5d4,2026-03-10 15:46:00,2026-03-10 15:38:00,tester_04,2026-03-10 15:46:19,https://www.commcarehq.org/a/commcare-learn-ahmad/reports/form_data/4b751468-72d3-4e52-b47f-24ff18677e90/,tester_04,8.0
472,2f205e7e-42cc-4310-bfcb-00ed8c2af1c5,2026-06-02,soil_fertility_management,,Farmer Cooperative Centre,Trainer 1,yes,full_attendance,,c18ba0fb-f95b-4a5e-9c44-3d466b06fc1b,2026-06-02 13:32:00,2026-06-02 13:30:00,tester_01,2026-06-02 13:32:17,https://www.commcarehq.org/a/commcare-learn-ahmad/reports/form_data/2f205e7e-42cc-4310-bfcb-00ed8c2af1c5/,tester_01,2.0
473,bb9952d4-6663-4653-900e-844fa1bcf136,2026-07-26,irrigation_and_water_management,,Community Hall,Trainer 3,yes,full_attendance,,717b7321-fb20-461c-951e-84b111e15e0b,2026-07-26 10:33:00,2026-07-26 10:28:00,tester_04,2026-07-26 10:33:18,https://www.commcarehq.org/a/commcare-learn-ahmad/reports/form_data/bb9952d4-6663-4653-900e-844fa1bcf136/,tester_04,5.0
474,c9e337a0-1397-4325-989c-9e6439562d4e,2026-04-09,record_keeping,,Extension Office,Trainer 1,yes,full_attendance,,38baa04c-0fbb-466f-878e-48a3fc603026,2026-04-09 13:45:00,2026-04-09 13:43:00,tester_07,2026-04-09 13:45:11,https://www.commcarehq.org/a/commcare-learn-ahmad/reports/form_data/c9e337a0-1397-4325-989c-9e6439562d4e/,tester_07,2.0
475,328105ad-61db-4649-b505-c1d4589f0170,2026-05-02,record_keeping,,Farmer Cooperative Centre,Trainer 4,no,,,0681b43b-b56f-42b1-81ac-53d27a784c75,2026-05-02 09:09:00,2026-05-02 09:04:00,tester_07,2026-05-02 09:09:16,https://www.commcarehq.org/a/commcare-learn-ahmad/reports/form_data/328105ad-61db-4649-b505-c1d4589f0170/,tester_07,5.0
476,50e28e97-acca-4060-a4ec-ba057c2542a7,2026-06-19,soil_fertility_management,,Farmer Cooperative Centre,Trainer 3,yes,full_attendance,,271ca93b-6a63-4d1f-8c3c-d1a10f01021f,2026-06-19 08:47:00,2026-06-19 08:39:00,tester_02,2026-06-19 08:47:15,https://www.commcarehq.org/a/commcare-learn-ahmad/reports/form_data/50e28e97-acca-4060-a4ec-ba057c2542a7/,tester_02,8.0
477,5ab5ad7b-e16c-423d-866c-56a572c5cbe8,2026-07-28,irrigation_and_water_management,,Primary School,Trainer 2,yes,partial_attendance,left_early,71cdf6c0-5edb-48e7-b23f-661b1cef2072,2026-07-28 13:25:00,2026-07-28 13:21:00,tester_07,2026-07-28 13:25:19,https://www.commcarehq.org/a/commcare-learn-ahmad/reports/form_data/5ab5ad7b-e16c-423d-866c-56a572c5cbe8/,tester_07,4.0
478,b938f810-7d8e-4eda-b67a-ff5552f4c716,2026-04-16,good_agronomic_practices,,Extension Office,Trainer 5,yes,full_attendance,,ffb1481b-2bda-4c66-9303-8e366a7e469a,2026-04-16 13:17:00,2026-04-16 13:14:00,tester_07,2026-04-16 13:17:05,https://www.commcarehq.org/a/commcare-learn-ahmad/reports/form_data/b938f810-7d8e-4eda-b67a-ff5552f4c716/,tester_07,3.0
479,1137c8c7-1fd7-4b06-b133-dbde8087ccb2,2026-04-19,pest_and_disease_management,,Village Square,Trainer 2,yes,full_attendance,,fc8e4f3c-c7ee-4fc8-ad31-d13dab7347c1,2026-04-19 11:55:00,2026-04-19 11:47:00,tester_07,2026-04-19 11:55:12,https://www.commcarehq.org/a/commcare-learn-ahmad/reports/form_data/1137c8c7-1fd7-4b06-b133-dbde8087ccb2/,tester_07,8.0
480,f2221e68-0c53-41e1-90c8-6223d7245b53,2026-07-10,other,Financial Literacy,Extension Office,Trainer 2,yes,full_attendance,,653a4652-edfb-4839-9a8a-70fe335323a8,2026-07-10 11:16:00,2026-07-10 11:13:00,tester_06,2026-07-10 11:16:16,https://www.commcarehq.org/a/commcare-learn-ahmad/reports/form_data/f2221e68-0c53-41e1-90c8-6223d7245b53/,tester_06,3.0
481,170a7389-3d67-47cc-b288-9edb070cc9c2,2026-07-21,good_agronomic_practices,,Community Hall,Trainer 1,yes,partial_attendance,other,d1d36498-5ecc-4d4b-b79b-ab66c4ab7d58,2026-07-21 08:52:00,2026-07-21 08:47:00,tester_01,2026-07-21 08:52:15,https://www.commcarehq.org/a/commcare-learn-ahmad/reports/form_data/170a7389-3d67-47cc-b288-9edb070cc9c2/,tester_01,5.0
482,492d4b8e-87ae-4379-960f-bb62cf4418f3,2026-07-16,irrigation_and_water_management,,Community Hall,Trainer 1,no,,,3e78208d-9884-46b0-b308-260cef5ac421,2026-07-16 08:55:00,2026-07-16 08:49:00,tester_06,2026-07-16 08:55:17,https://www.commcarehq.org/a/commcare-learn-ahmad/reports/form_data/492d4b8e-87ae-4379-960f-bb62cf4418f3/,tester_06,6.0
483,cfe853a7-f96f-4f2f-b982-c26263dffccd,2026-08-30,irrigation_and_water_management,,Community Hall,Trainer 2,yes,full_attendance,,8777e7a7-2ba0-4cc8-93a8-92a9a7c1145b,2026-08-30 10:44:00,2026-08-30 10:41:00,tester_02,2026-08-30 10:44:11,https://www.commcarehq.org/a/commcare-learn-ahmad/reports/form_data/cfe853a7-f96f-4f2f-b982-c26263dffccd/,tester_02,3.0
484,035188dd-0bbd-40f0-a05d-b650de3750e4,2026-03-12,irrigation_and_water_management,,Community Hall,Trainer 5,yes,full_attendance,,77bebaca-f130-4fc7-aaf0-a137b8812c66,2026-03-12 14:43:00,2026-03-12 14:37:00,tester_04,2026-03-12 14:43:08,https://www.commcarehq.org/a/commcare-learn-ahmad/reports/form_data/035188dd-0bbd-40f0-a05d-b650de3750e4/,tester_04,6.0
485,53ddce7c-7a2e-421f-893d-75526adc0071,2026-06-29,pest_and_disease_management,,Extension Office,Trainer 4,no,,,e7d9b955-37a0-4d27-a289-d2f7310c17d7,2026-06-29 12:22:00,2026-06-29 12:16:00,tester_05,2026-06-29 12:22:09,https://www.commcarehq.org/a/commcare-learn-ahmad/reports/form_data/53ddce7c-7a2e-421f-893d-75526adc0071/,tester_05,6.0
486,25ac9772-8ef7-47ed-a0aa-b4f5d01bd604,2026-04-27,livestock_management,,Primary School,Trainer 5,yes,full_attendance,,2802401d-456a-4304-9786-f11ab178923c,2026-04-27 10:46:00,2026-04-27 10:40:00,tester_06,2026-04-27 10:46:09,https://www.commcarehq.org/a/commcare-learn-ahmad/reports/form_data/25ac9772-8ef7-47ed-a0aa-b4f5d01bd604/,tester_06,6.0
487,e2e1bb73-0988-4480-90b0-7cf0d4d9760f,2026-05-10,soil_fertility_management,,Farmer Cooperative Centre,Trainer 4,yes,full_attendance,,263d8a72-f684-4d78-8db8-8f730ebbd35a,2026-05-10 11:04:00,2026-05-10 10:58:00,tester_02,2026-05-10 11:04:18,https://www.commcarehq.org/a/commcare-learn-ahmad/reports/form_data/e2e1bb73-0988-4480-90b0-7cf0d4d9760f/,tester_02,6.0
488,8f97afa4-87cd-44a1-aad2-a04a8f7372bb,2026-09-13,good_agronomic_practices,,Village Square,Trainer 3,yes,full_attendance,,7e09f943-cd8e-436c-bc1a-aa550330f117,2026-09-13 12:25:00,2026-09-13 12:18:00,tester_01,2026-09-13 12:25:11,https://www.commcarehq.org/a/commcare-learn-ahmad/reports/form_data/8f97afa4-87cd-44a1-aad2-a04a8f7372bb/,tester_01,7.0
489,66a38ca1-e1a7-47c4-b8b5-8b3fb331e678,2026-06-09,irrigation_and_water_management,,Primary School,Trainer 2,yes,full_attendance,,d7adbcc5-d402-4113-b82c-9747609b7ee6,2026-06-09 12:13:00,2026-06-09 12:11:00,tester_06,2026-06-09 12:13:14,https://www.commcarehq.org/a/commcare-learn-ahmad/reports/form_data/66a38ca1-e1a7-47c4-b8b5-8b3fb331e678/,tester_06,2.0
490,f638d1e7-3497-46d8-bed1-3cd4a8f8f223,2026-02-05,other,Climate Smart Agriculture,Farmer Cooperative Centre,Trainer 4,no,,,e7e1631c-b63f-4c42-993e-ee555d9f61c1,2026-02-05 14:26:00,2026-02-05 14:24:00,tester_03,2026-02-05 14:26:14,https://www.commcarehq.org/a/commcare-learn-ahmad/reports/form_data/f638d1e7-3497-46d8-bed1-3cd4a8f8f223/,tester_03,2.0
491,0177121b-47e5-4f1f-9beb-7edd3109271a,2026-03-24,irrigation_and_water_management,,Community Hall,Trainer 5,yes,partial_attendance,left_early,42bfb5a7-e7e1-4ed3-8709-74ccd6577a24,2026-03-24 10:38:00,2026-03-24 10:32:00,tester_02,2026-03-24 10:38:12,https://www.commcarehq.org/a/commcare-learn-ahmad/reports/form_data/0177121b-47e5-4f1f-9beb-7edd3109271a/,tester_02,6.0
492,f80dadc4-51df-4761-b9e8-df54baff565d,2026-04-24,irrigation_and_water_management,,Farmer Cooperative Centre,Trainer 1,yes,partial_attendance,other,37513b47-9435-474b-ace8-b9eaaa4b2ae2,2026-04-24 15:38:00,2026-04-24 15:36:00,tester_02,2026-04-24 15:38:14,https://www.commcarehq.org/a/commcare-learn-ahmad/reports/form_data/f80dadc4-51df-4761-b9e8-df54baff565d/,tester_02,2.0
493,4c9f71e3-83d3-4a35-8a2c-9741fc1a863f,2026-03-31,livestock_management,,Village Square,Trainer 2,yes,full_attendance,,7ba07048-94a6-436a-94d9-3d9ade0a10fb,2026-03-31 10:18:00,2026-03-31 10:16:00,tester_06,2026-03-31 10:18:08,https://www.commcarehq.org/a/commcare-learn-ahmad/reports/form_data/4c9f71e3-83d3-4a35-8a2c-9741fc1a863f/,tester_06,2.0
494,0121b26f-a775-487f-a2c3-b31bc9d892c8,2026-07-06,livestock_management,,Primary School,Trainer 5,no,,,aef52823-8c89-49f7-92a3-ec663bdb358f,2026-07-06 10:05:00,2026-07-06 10:01:00,tester_05,2026-07-06 10:05:20,https://www.commcarehq.org/a/commcare-learn-ahmad/reports/form_data/0121b26f-a775-487f-a2c3-b31bc9d892c8/,tester_05,4.0
495,13cf99d2-5dfb-4b8b-9b74-e4954b1ed54c,2026-03-16,irrigation_and_water_management,,Farmer Cooperative Centre,Trainer 4,yes,partial_attendance,arrived_late,e1e63f11-1f6f-4ceb-b012-40873de1964c,2026-03-16 09:01:00,2026-03-16 08:53:00,tester_07,2026-03-16 09:01:07,https://www.commcarehq.org/a/commcare-learn-ahmad/reports/form_data/13cf99d2-5dfb-4b8b-9b74-e4954b1ed54c/,tester_07,8.0
496,0328be04-a8f2-4336-be78-0ae14fcc97c6,2026-09-20,soil_fertility_management,,Primary School,Trainer 5,yes,full_attendance,,9bdae151-f9ee-48d2-b545-3de176e2a7b8,2026-09-20 10:55:00,2026-09-20 10:48:00,tester_05,2026-09-20 10:55:06,https://www.commcarehq.org/a/commcare-learn-ahmad/reports/form_data/0328be04-a8f2-4336-be78-0ae14fcc97c6/,tester_05,7.0
497,b586770e-0dd0-4f16-ba3c-1453d5ccd5f6,2026-04-20,good_agronomic_practices,,Farmer Cooperative Centre,Trainer 5,yes,partial_attendance,personal_emergency,fd09ee29-a874-4a64-ab44-adcf0cfee0b7,2026-04-20 13:04:00,2026-04-20 12:58:00,tester_05,2026-04-20 13:04:19,https://www.commcarehq.org/a/commcare-learn-ahmad/reports/form_data/b586770e-0dd0-4f16-ba3c-1453d5ccd5f6/,tester_05,6.0
498,9b94c74e-fa2b-4a6a-80ba-a8ea7086e414,2026-08-12,good_agronomic_practices,,Primary School,Trainer 1,yes,partial_attendance,other,03e68dbb-dfe7-4c28-9353-6d138b12f775,2026-08-12 14:45:00,2026-08-12 14:40:00,tester_05,2026-08-12 14:45:15,https://www.commcarehq.org/a/commcare-learn-ahmad/reports/form_data/9b94c74e-fa2b-4a6a-80ba-a8ea7086e414/,tester_05,5.0
499,d2476941-318b-4f55-b005-78dda90489db,2026-03-30,good_agronomic_practices,,Extension Office,Trainer 1,yes,partial_attendance,left_early,09e1a17f-8f49-45fa-bd3a-2f2e7205ea87,2026-03-30 11:38:00,2026-03-30 11:36:00,tester_01,2026-03-30 11:38:09,https://www.commcarehq.org/a/commcare-learn-ahmad/reports/form_data/d2476941-318b-4f55-b005-78dda90489db/,tester_01,2.0
500,c622c15c-da8b-4108-8fb7-120e25312476,2026-06-26,soil_fertility_management,,Village Square,Trainer 2,yes,full_attendance,,a9502524-44ea-4ef1-9e45-8c6ac5ddb003,2026-06-26 10:35:00,2026-06-26 10:29:00,tester_06,2026-06-26 10:35:19,https://www.commcarehq.org/a/commcare-learn-ahmad/reports/form_data/c622c15c-da8b-4108-8fb7-120e25312476/,tester_06,6.0
501,2f9d6a66-5a4f-44dd-9e46-23c1f1bc19ea,2026-04-19,pest_and_disease_management,,Farmer Cooperative Centre,Trainer 1,yes,partial_attendance,personal_emergency,8d632e82-6fdf-4fc9-8503-2d084f49219b,2026-04-19 12:13:00,2026-04-19 12:09:00,tester_03,2026-04-19 12:13:16,https://www.commcarehq.org/a/commcare-learn-ahmad/reports/form_data/2f9d6a66-5a4f-44dd-9e46-23c1f1bc19ea/,tester_03,4.0
502,98c0b19e-a452-430d-ba22-1cf51e733320,2026-02-23,irrigation_and_water_management,,Extension Office,Trainer 4,yes,full_attendance,,6a3afe29-731e-43cc-8173-55f402047925,2026-02-23 10:18:00,2026-02-23 10:13:00,tester_04,2026-02-23 10:18:17,https://www.commcarehq.org/a/commcare-learn-ahmad/reports/form_data/98c0b19e-a452-430d-ba22-1cf51e733320/,tester_04,5.0
503,853355b3-b7dc-4645-ae5e-61cc5ca5706a,2026-09-03,record_keeping,,Village Square,Trainer 1,yes,full_attendance,,8a23a0d1-fc05-4a48-a6c7-3ac81a3184f3,2026-09-03 09:17:00,2026-09-03 09:12:00,tester_05,2026-09-03 09:17:12,https://www.commcarehq.org/a/commcare-learn-ahmad/reports/form_data/853355b3-b7dc-4645-ae5e-61cc5ca5706a/,tester_05,5.0
504,16471544-adda-43be-a46c-4e80aded72e7,2026-08-22,irrigation_and_water_management,,Extension Office,Trainer 4,yes,full_attendance,,948edde7-ceae-4cd9-8ac9-e3517ef38e40,2026-08-22 08:15:00,2026-08-22 08:08:00,tester_02,2026-08-22 08:15:05,https://www.commcarehq.org/a/commcare-learn-ahmad/reports/form_data/16471544-adda-43be-a46c-4e80aded72e7/,tester_02,7.0
505,cfff37c5-f557-4311-b200-4d48d95ca9f3,2026-04-10,soil_fertility_management,,Farmer Cooperative Centre,Trainer 3,yes,full_attendance,,510b0597-338a-4120-81d7-cec37b602221,2026-04-10 12:07:00,2026-04-10 12:04:00,tester_01,2026-04-10 12:07:08,https://www.commcarehq.org/a/commcare-learn-ahmad/reports/form_data/cfff37c5-f557-4311-b200-4d48d95ca9f3/,tester_01,3.0
506,95a48682-54c1-44d4-8212-38919dba356a,2026-09-07,record_keeping,,Farmer Cooperative Centre,Trainer 5,yes,full_attendance,,9b4ed987-1d7a-412d-8e30-be0bd46e9cc3,2026-09-07 09:08:00,2026-09-07 09:04:00,tester_04,2026-09-07 09:08:11,https://www.commcarehq.org/a/commcare-learn-ahmad/reports/form_data/95a48682-54c1-44d4-8212-38919dba356a/,tester_04,4.0
507,02e4b67a-8091-4f12-9eec-4c87cc6c2e80,2026-05-17,livestock_management,,Farmer Cooperative Centre,Trainer 3,yes,full_attendance,,e818f3c9-1988-4380-bdac-3212ab7b7d3e,2026-05-17 15:26:00,2026-05-17 15:24:00,tester_05,2026-05-17 15:26:20,https://www.commcarehq.org/a/commcare-learn-ahmad/reports/form_data/02e4b67a-8091-4f12-9eec-4c87cc6c2e80/,tester_05,2.0
508,6c52ebc1-3c88-4e8d-87e1-12ae7e0cb4e3,2026-06-04,livestock_management,,Village Square,Trainer 3,no,,,20f20810-e794-4404-b972-f3df0212a9cd,2026-06-04 15:29:00,2026-06-04 15:27:00,tester_01,2026-06-04 15:29:14,https://www.commcarehq.org/a/commcare-learn-ahmad/reports/form_data/6c52ebc1-3c88-4e8d-87e1-12ae7e0cb4e3/,tester_01,2.0
509,b4317168-97a7-49ad-ab48-fe1e24805852,2026-09-19,other,Financial Literacy,Extension Office,Trainer 2,no,,,eb81acda-7eed-4a2d-90a3-c8a676a56428,2026-09-19 13:17:00,2026-09-19 13:11:00,tester_01,2026-09-19 13:17:07,https://www.commcarehq.org/a/commcare-learn-ahmad/reports/form_data/b4317168-97a7-49ad-ab48-fe1e24805852/,tester_01,6.0
510,5efed05b-28a5-4df2-b131-71a404713b52,2026-05-30,other,Post Harvest Handling,Farmer Cooperative Centre,Trainer 4,yes,full_attendance,,8b6e35da-3ff1-4a43-873b-a91ef5e141d7,2026-05-30 11:55:00,2026-05-30 11:48:00,tester_03,2026-05-30 11:55:19,https://www.commcarehq.org/a/commcare-learn-ahmad/reports/form_data/5efed05b-28a5-4df2-b131-71a404713b52/,tester_03,7.0
511,b4960dcf-0c44-440b-a8b6-792ac690dffd,2026-07-29,other,Climate Smart Agriculture,Village Square,Trainer 4,no,,,1a4a9004-e968-4b91-b5d5-e3acc5a8484e,2026-07-29 12:13:00,2026-07-29 12:11:00,tester_06,2026-07-29 12:13:10,https://www.commcarehq.org/a/commcare-learn-ahmad/reports/form_data/b4960dcf-0c44-440b-a8b6-792ac690dffd/,tester_06,2.0
512,e5e525d6-6ed2-4eb3-ab28-be641dd83fd2,2026-02-11,other,Climate Smart Agriculture,Extension Office,Trainer 2,yes,full_attendance,,3e81ff6d-5dbe-4b09-b614-8099ccab8bc5,2026-02-11 12:52:00,2026-02-11 12:46:00,tester_07,2026-02-11 12:52:11,https://www.commcarehq.org/a/commcare-learn-ahmad/reports/form_data/e5e525d6-6ed2-4eb3-ab28-be641dd83fd2/,tester_07,6.0
513,0835cba4-b29a-4546-9c1c-8f728b959123,2026-07-12,good_agronomic_practices,,Primary School,Trainer 1,yes,full_attendance,,93818333-b1a0-4748-b1ef-6e4c5fc9bbfc,2026-07-12 09:17:00,2026-07-12 09:13:00,tester_01,2026-07-12 09:17:07,https://www.commcarehq.org/a/commcare-learn-ahmad/reports/form_data/0835cba4-b29a-4546-9c1c-8f728b959123/,tester_01,4.0
514,b66bc511-3dc1-4888-aa17-2bb3ace9fded,2026-06-13,pest_and_disease_management,,Primary School,Trainer 1,yes,full_attendance,,3e4f7a26-909d-46ec-8113-e7a154a1f4ac,2026-06-13 12:32:00,2026-06-13 12:24:00,tester_02,2026-06-13 12:32:05,https://www.commcarehq.org/a/commcare-learn-ahmad/reports/form_data/b66bc511-3dc1-4888-aa17-2bb3ace9fded/,tester_02,8.0
515,e6637fce-2abf-49b6-982e-8e9da7972615,2026-06-05,livestock_management,,Extension Office,Trainer 5,yes,partial_attendance,personal_emergency,683fe8b9-d44c-4b08-ba2b-9136be3755a1,2026-06-05 12:53:00,2026-06-05 12:45:00,tester_01,2026-06-05 12:53:17,https://www.commcarehq.org/a/commcare-learn-ahmad/reports/form_data/e6637fce-2abf-49b6-982e-8e9da7972615/,tester_01,8.0
516,8456dfb4-4bff-4de4-8477-5ae3f6345ad4,2026-04-15,irrigation_and_water_management,,Community Hall,Trainer 1,yes,full_attendance,,a5772f40-cedc-47dc-a0fe-336c5b83e392,2026-04-15 10:29:00,2026-04-15 10:27:00,tester_02,2026-04-15 10:29:05,https://www.commcarehq.org/a/commcare-learn-ahmad/reports/form_data/8456dfb4-4bff-4de4-8477-5ae3f6345ad4/,tester_02,2.0
517,7d3a15a6-9943-4481-ae71-852cf506d6d0,2026-04-08,livestock_management,,Extension Office,Trainer 4,yes,full_attendance,,c4205c4a-8f62-41e1-8b2e-b209501b76d9,2026-04-08 08:21:00,2026-04-08 08:15:00,tester_01,2026-04-08 08:21:13,https://www.commcarehq.org/a/commcare-learn-ahmad/reports/form_data/7d3a15a6-9943-4481-ae71-852cf506d6d0/,tester_01,6.0
518,28c30c21-b331-4e48-a289-aa758c302be8,2026-07-05,good_agronomic_practices,,Community Hall,Trainer 1,yes,full_attendance,,6e5123e5-9f71-461c-9778-085633104d36,2026-07-05 10:33:00,2026-07-05 10:31:00,tester_07,2026-07-05 10:33:05,https://www.commcarehq.org/a/commcare-learn-ahmad/reports/form_data/28c30c21-b331-4e48-a289-aa758c302be8/,tester_07,2.0
519,1c1f0141-87fb-445b-bac7-83a8e1cdea9a,2026-08-13,other,Financial Literacy,Farmer Cooperative Centre,Trainer 2,yes,full_attendance,,54a88163-6751-4f69-80b8-4719f31e34f8,2026-08-13 14:02:00,2026-08-13 13:58:00,tester_01,2026-08-13 14:02:19,https://www.commcarehq.org/a/commcare-learn-ahmad/reports/form_data/1c1f0141-87fb-445b-bac7-83a8e1cdea9a/,tester_01,4.0
520,f3888d3f-d818-4412-8889-f6878b38f8e3,2026-07-28,pest_and_disease_management,,Community Hall,Trainer 2,no,,,36e696f1-4e3a-43c4-9c78-8e9b13a37ffa,2026-07-28 15:55:00,2026-07-28 15:48:00,tester_03,2026-07-28 15:55:05,https://www.commcarehq.org/a/commcare-learn-ahmad/reports/form_data/f3888d3f-d818-4412-8889-f6878b38f8e3/,tester_03,7.0
521,1e6f8c88-5bd2-4c2f-a738-86b9ea900752,2026-10-08,livestock_management,,Extension Office,Trainer 4,yes,full_attendance,,98935c19-b8ac-4903-92b8-550791de35fb,2026-10-08 15:41:00,2026-10-08 15:34:00,tester_06,2026-10-08 15:41:07,https://www.commcarehq.org/a/commcare-learn-ahmad/reports/form_data/1e6f8c88-5bd2-4c2f-a738-86b9ea900752/,tester_06,7.0
522,7fe1cb11-aa09-4e0a-bea2-ef9022f51003,2026-05-25,pest_and_disease_management,,Extension Office,Trainer 3,yes,full_attendance,,95f216eb-c885-421b-bc19-7cf3d24db393,2026-05-25 13:19:00,2026-05-25 13:12:00,tester_02,2026-05-25 13:19:16,https://www.commcarehq.org/a/commcare-learn-ahmad/reports/form_data/7fe1cb11-aa09-4e0a-bea2-ef9022f51003/,tester_02,7.0
523,d79f292f-a0d7-421c-b902-fd8a4664ce14,2026-03-25,irrigation_and_water_management,,Extension Office,Trainer 2,no,,,c35238e2-d499-4e83-8ff6-6022525fc7a5,2026-03-25 14:54:00,2026-03-25 14:47:00,tester_07,2026-03-25 14:54:07,https://www.commcarehq.org/a/commcare-learn-ahmad/reports/form_data/d79f292f-a0d7-421c-b902-fd8a4664ce14/,tester_07,7.0
524,247508cd-0fba-4229-bdac-b2f8d771ed5d,2026-03-18,pest_and_disease_management,,Village Square,Trainer 2,no,,,7e4ea69c-029e-4c8a-9bac-fbe04eb120fb,2026-03-18 14:26:00,2026-03-18 14:19:00,tester_01,2026-03-18 14:26:06,https://www.commcarehq.org/a/commcare-learn-ahmad/reports/form_data/247508cd-0fba-4229-bdac-b2f8d771ed5d/,tester_01,7.0
525,ae2da2ad-df7a-4afd-988a-514b30673ffd,2026-03-10,livestock_management,,Extension Office,Trainer 3,yes,full_attendance,,7f6fe6c4-41ea-4d1c-b6d7-0a43904959de,2026-03-10 13:03:00,2026-03-10 12:56:00,tester_07,2026-03-10 13:03:13,https://www.commcarehq.org/a/commcare-learn-ahmad/reports/form_data/ae2da2ad-df7a-4afd-988a-514b30673ffd/,tester_07,7.0
526,16e78964-fff4-4346-8050-d3f15970f5f2,2026-04-12,record_keeping,,Extension Office,Trainer 3,yes,full_attendance,,7b0a4a95-030b-45bc-b020-fdc13e839689,2026-04-12 10:09:00,2026-04-12 10:04:00,tester_07,2026-04-12 10:09:14,https://www.commcarehq.org/a/commcare-learn-ahmad/reports/form_data/16e78964-fff4-4346-8050-d3f15970f5f2/,tester_07,5.0
527,8644f638-c3ad-4955-833a-71e39cb67b00,2026-04-16,other,Post Harvest Handling,Farmer Cooperative Centre,Trainer 1,yes,partial_attendance,other,15275a37-d93f-49d1-9d2c-19fffccd60dd,2026-04-16 15:54:00,2026-04-16 15:50:00,tester_03,2026-04-16 15:54:18,https://www.commcarehq.org/a/commcare-learn-ahmad/reports/form_data/8644f638-c3ad-4955-833a-71e39cb67b00/,tester_03,4.0
528,c0476aa2-1abb-463a-a3eb-80c6e17ca5cc,2026-07-30,other,Post Harvest Handling,Primary School,Trainer 1,yes,partial_attendance,arrived_late,ea346fd5-b824-4402-92e8-089e65209ea9,2026-07-30 13:15:00,2026-07-30 13:09:00,tester_01,2026-07-30 13:15:12,https://www.commcarehq.org/a/commcare-learn-ahmad/reports/form_data/c0476aa2-1abb-463a-a3eb-80c6e17ca5cc/,tester_01,6.0
529,53e1824a-532d-4db4-a57a-2591a7fa5c70,2026-08-20,livestock_management,,Primary School,Trainer 5,no,,,0dd943cf-fb26-44c9-9db7-6635fba01680,2026-08-20 11:38:00,2026-08-20 11:32:00,tester_04,2026-08-20 11:38:11,https://www.commcarehq.org/a/commcare-learn-ahmad/reports/form_data/53e1824a-532d-4db4-a57a-2591a7fa5c70/,tester_04,6.0
530,0883eaab-7b2c-437c-9446-3943ca0e3807,2026-04-08,record_keeping,,Primary School,Trainer 2,yes,partial_attendance,arrived_late,848eb4b3-99a5-4a46-b5ae-5484194fb25d,2026-04-08 15:25:00,2026-04-08 15:21:00,tester_04,2026-04-08 15:25:16,https://www.commcarehq.org/a/commcare-learn-ahmad/reports/form_data/0883eaab-7b2c-437c-9446-3943ca0e3807/,tester_04,4.0
531,22629b38-3d88-4113-94c4-6143559906cb,2026-06-29,pest_and_disease_management,,Community Hall,Trainer 1,yes,full_attendance,,89daf941-e34e-4295-9cc6-d2d3adc9eeac,2026-06-29 14:20:00,2026-06-29 14:14:00,tester_03,2026-06-29 14:20:15,https://www.commcarehq.org/a/commcare-learn-ahmad/reports/form_data/22629b38-3d88-4113-94c4-6143559906cb/,tester_03,6.0
532,7b53a52b-49d6-48a8-87bd-22c268bfcfe8,2026-07-10,livestock_management,,Farmer Cooperative Centre,Trainer 1,yes,partial_attendance,left_early,8db8a412-b6e8-4e8d-8114-46ac99cd98ae,2026-07-10 08:34:00,2026-07-10 08:31:00,tester_05,2026-07-10 08:34:20,https://www.commcarehq.org/a/commcare-learn-ahmad/reports/form_data/7b53a52b-49d6-48a8-87bd-22c268bfcfe8/,tester_05,3.0
533,b988c0ce-fcb4-4dfe-8f20-b9fe4b1a15d0,2026-07-07,good_agronomic_practices,,Village Square,Trainer 1,yes,full_attendance,,89907296-d7ee-42fe-ac5c-48aaa713d769,2026-07-07 10:33:00,2026-07-07 10:30:00,tester_04,2026-07-07 10:33:16,https://www.commcarehq.org/a/commcare-learn-ahmad/reports/form_data/b988c0ce-fcb4-4dfe-8f20-b9fe4b1a15d0/,tester_04,3.0
534,c6c90ee0-2fd0-4aef-8969-2c7ab4494962,2026-07-13,livestock_management,,Primary School,Trainer 2,no,,,bd1af306-4b4d-4a9e-8807-78a93c6930af,2026-07-13 11:30:00,2026-07-13 11:23:00,tester_03,2026-07-13 11:30:06,https://www.commcarehq.org/a/commcare-learn-ahmad/reports/form_data/c6c90ee0-2fd0-4aef-8969-2c7ab4494962/,tester_03,7.0
535,509eb313-c70b-401d-aed3-1adb4ab3c0f4,2026-03-09,livestock_management,,Farmer Cooperative Centre,Trainer 5,yes,full_attendance,,60819f85-2646-4fa5-ae09-d2d968f02b8d,2026-03-09 09:58:00,2026-03-09 09:51:00,tester_05,2026-03-09 09:58:13,https://www.commcarehq.org/a/commcare-learn-ahmad/reports/form_data/509eb313-c70b-401d-aed3-1adb4ab3c0f4/,tester_05,7.0
536,bfe1ffd2-8903-44a8-928d-0d55d7cf8869,2026-05-26,good_agronomic_practices,,Extension Office,Trainer 2,yes,full_attendance,,194cdf5b-ac24-4d4d-baf2-b5436977101e,2026-05-26 08:38:00,2026-05-26 08:30:00,tester_03,2026-05-26 08:38:10,https://www.commcarehq.org/a/commcare-learn-ahmad/reports/form_data/bfe1ffd2-8903-44a8-928d-0d55d7cf8869/,tester_03,8.0
537,1fcabd4b-e9b1-40ee-a4a3-a3aaed3b2c14,2026-09-18,irrigation_and_water_management,,Community Hall,Trainer 1,yes,partial_attendance,arrived_late,d3436caf-cfc8-430a-9b4d-65f6a3f84a2d,2026-09-18 10:39:00,2026-09-18 10:37:00,tester_04,2026-09-18 10:39:16,https://www.commcarehq.org/a/commcare-learn-ahmad/reports/form_data/1fcabd4b-e9b1-40ee-a4a3-a3aaed3b2c14/,tester_04,2.0
538,417e11f3-fc24-41eb-95e6-6f376659d512,2026-07-20,irrigation_and_water_management,,Primary School,Trainer 4,yes,full_attendance,,cd9d97bf-de62-440b-86d3-646e8eb21d52,2026-07-20 13:56:00,2026-07-20 13:51:00,tester_02,2026-07-20 13:56:18,https://www.commcarehq.org/a/commcare-learn-ahmad/reports/form_data/417e11f3-fc24-41eb-95e6-6f376659d512/,tester_02,5.0
539,aacd59ea-cbc5-4aa6-b930-0fef00ad553b,2026-07-22,irrigation_and_water_management,,Farmer Cooperative Centre,Trainer 3,yes,full_attendance,,2d002c39-a810-40c3-8bc3-a0436a0e8daf,2026-07-22 09:54:00,2026-07-22 09:51:00,tester_05,2026-07-22 09:54:18,https://www.commcarehq.org/a/commcare-learn-ahmad/reports/form_data/aacd59ea-cbc5-4aa6-b930-0fef00ad553b/,tester_05,3.0
540,70484aef-0148-46b1-a0c1-4ad284e393e2,2026-05-17,irrigation_and_water_management,,Primary School,Trainer 4,no,,,b34a89a9-fd3c-4dd3-bf20-a6316e4ce996,2026-05-17 08:49:00,2026-05-17 08:41:00,tester_03,2026-05-17 08:49:15,https://www.commcarehq.org/a/commcare-learn-ahmad/reports/form_data/70484aef-0148-46b1-a0c1-4ad284e393e2/,tester_03,8.0
541,446ddf92-c4d2-4b68-be7b-eb7506cb96b1,2026-07-11,record_keeping,,Primary School,Trainer 4,yes,full_attendance,,039323f6-9511-4a09-8a48-5f421ebd4e4d,2026-07-11 15:21:00,2026-07-11 15:13:00,tester_05,2026-07-11 15:21:06,https://www.commcarehq.org/a/commcare-learn-ahmad/reports/form_data/446ddf92-c4d2-4b68-be7b-eb7506cb96b1/,tester_05,8.0
542,df4bbc21-6b89-4762-8a19-d05f58f0ec4b,2026-04-11,other,Post Harvest Handling,Community Hall,Trainer 3,yes,full_attendance,,6ba5244e-d976-458e-a7e6-99102ac67d38,2026-04-11 13:06:00,2026-04-11 13:04:00,tester_04,2026-04-11 13:06:13,https://www.commcarehq.org/a/commcare-learn-ahmad/reports/form_data/df4bbc21-6b89-4762-8a19-d05f58f0ec4b/,tester_04,2.0
543,909fa42f-0a1e-4db7-9cf8-9eed390011f7,2026-03-25,good_agronomic_practices,,Community Hall,Trainer 1,yes,full_attendance,,57146ddf-13ae-4080-8304-ba0893b40540,2026-03-25 11:30:00,2026-03-25 11:28:00,tester_01,2026-03-25 11:30:17,https://www.commcarehq.org/a/commcare-learn-ahmad/reports/form_data/909fa42f-0a1e-4db7-9cf8-9eed390011f7/,tester_01,2.0
544,9f5d8707-da69-429d-9d0a-fda3fca23e7e,2026-10-12,livestock_management,,Community Hall,Trainer 3,yes,full_attendance,,734b5802-7d3b-415a-9ee8-b6406edd9000,2026-10-12 12:28:00,2026-10-12 12:21:00,tester_06,2026-10-12 12:28:07,https://www.commcarehq.org/a/commcare-learn-ahmad/reports/form_data/9f5d8707-da69-429d-9d0a-fda3fca23e7e/,tester_06,7.0
545,d9d0798e-50b5-47c9-a65e-b02fedfa4493,2026-09-01,other,Climate Smart Agriculture,Primary School,Trainer 5,yes,full_attendance,,c407a955-75ac-4361-bcd0-8d16d4cb958d,2026-09-01 13:30:00,2026-09-01 13:28:00,tester_03,2026-09-01 13:30:17,https://www.commcarehq.org/a/commcare-learn-ahmad/reports/form_data/d9d0798e-50b5-47c9-a65e-b02fedfa4493/,tester_03,2.0
546,79a6fd1d-15df-4726-81f2-e136feb89d1e,2026-08-17,other,Climate Smart Agriculture,Primary School,Trainer 5,yes,partial_attendance,left_early,ed67c670-5282-484b-93d1-5fcddb704429,2026-08-17 11:53:00,2026-08-17 11:46:00,tester_01,2026-08-17 11:53:06,https://www.commcarehq.org/a/commcare-learn-ahmad/reports/form_data/79a6fd1d-15df-4726-81f2-e136feb89d1e/,tester_01,7.0
547,65ed0936-c1f2-40a7-9a51-5260b0c24638,2026-08-05,pest_and_disease_management,,Primary School,Trainer 3,yes,full_attendance,,34ef1619-e08f-42d5-bfac-66b18bb6ea18,2026-08-05 12:12:00,2026-08-05 12:04:00,tester_02,2026-08-05 12:12:18,https://www.commcarehq.org/a/commcare-learn-ahmad/reports/form_data/65ed0936-c1f2-40a7-9a51-5260b0c24638/,tester_02,8.0
548,b6240ca9-b983-41df-8a11-f642e440a90e,2026-08-05,good_agronomic_practices,,Primary School,Trainer 3,yes,full_attendance,,9e6488ed-b138-4728-82fc-6343b97848f6,2026-08-05 10:43:00,2026-08-05 10:37:00,tester_02,2026-08-05 10:43:11,https://www.commcarehq.org/a/commcare-learn-ahmad/reports/form_data/b6240ca9-b983-41df-8a11-f642e440a90e/,tester_02,6.0
549,b5a59f08-0d05-4656-a393-48fd17737a28,2026-06-04,livestock_management,,Farmer Cooperative Centre,Trainer 2,yes,full_attendance,,ba648ad5-89a1-41ef-8ee2-ecbb3372d946,2026-06-04 13:30:00,2026-06-04 13:25:00,tester_02,2026-06-04 13:30:08,https://www.commcarehq.org/a/commcare-learn-ahmad/reports/form_data/b5a59f08-0d05-4656-a393-48fd17737a28/,tester_02,5.0
550,9aaff924-0482-4076-a63c-838f885075fb,2026-05-31,livestock_management,,Primary School,Trainer 2,yes,partial_attendance,other,2c38bac4-ca99-44fe-81fe-5593b1a1c0b5,2026-05-31 12:39:00,2026-05-31 12:37:00,tester_04,2026-05-31 12:39:18,https://www.commcarehq.org/a/commcare-learn-ahmad/reports/form_data/9aaff924-0482-4076-a63c-838f885075fb/,tester_04,2.0
551,97ecf21a-c079-44f6-91db-98f4d243221f,2026-03-04,good_agronomic_practices,,Extension Office,Trainer 2,yes,full_attendance,,2d755b3d-a474-4a36-a84a-f31527fc2148,2026-03-04 11:17:00,2026-03-04 11:14:00,tester_04,2026-03-04 11:17:14,https://www.commcarehq.org/a/commcare-learn-ahmad/reports/form_data/97ecf21a-c079-44f6-91db-98f4d243221f/,tester_04,3.0
552,2a3410a9-c6e1-4812-a1dc-09334b50424c,2026-07-10,pest_and_disease_management,,Village Square,Trainer 2,yes,full_attendance,,60054ab5-2f12-465f-9b55-90429e26f270,2026-07-10 14:43:00,2026-07-10 14:35:00,tester_01,2026-07-10 14:43:20,https://www.commcarehq.org/a/commcare-learn-ahmad/reports/form_data/2a3410a9-c6e1-4812-a1dc-09334b50424c/,tester_01,8.0
553,a84b28b3-93ad-47be-a84e-85099601ff8f,2026-04-16,record_keeping,,Primary School,Trainer 3,yes,full_attendance,,fb92ee0c-90c6-41b0-8513-d758584f2e03,2026-04-16 09:03:00,2026-04-16 08:56:00,tester_02,2026-04-16 09:03:08,https://www.commcarehq.org/a/commcare-learn-ahmad/reports/form_data/a84b28b3-93ad-47be-a84e-85099601ff8f/,tester_02,7.0
554,69df9be9-4147-47dc-ad83-288b8fa50a43,2026-06-09,pest_and_disease_management,,Extension Office,Trainer 4,yes,full_attendance,,c47464f1-0f3a-4d3f-acc0-036f84cdc48c,2026-06-09 13:23:00,2026-06-09 13:20:00,tester_01,2026-06-09 13:23:09,https://www.commcarehq.org/a/commcare-learn-ahmad/reports/form_data/69df9be9-4147-47dc-ad83-288b8fa50a43/,tester_01,3.0
555,d6972079-2412-477f-9cb7-f0dcfee37efc,2026-05-01,record_keeping,,Village Square,Trainer 4,yes,full_attendance,,a9ee97dc-86e4-4481-a603-395ba6200b08,2026-05-01 12:44:00,2026-05-01 12:38:00,tester_03,2026-05-01 12:44:05,https://www.commcarehq.org/a/commcare-learn-ahmad/reports/form_data/d6972079-2412-477f-9cb7-f0dcfee37efc/,tester_03,6.0
556,ea9b62fa-52d3-40e0-9b29-5be218f69b49,2026-07-29,soil_fertility_management,,Community Hall,Trainer 1,yes,full_attendance,,429c1b4c-a7b5-487f-9446-fb19721f7e45,2026-07-29 14:04:00,2026-07-29 14:02:00,tester_01,2026-07-29 14:04:06,https://www.commcarehq.org/a/commcare-learn-ahmad/reports/form_data/ea9b62fa-52d3-40e0-9b29-5be218f69b49/,tester_01,2.0
557,2ae00a99-ff56-44c3-9b10-1000572c2606,2026-06-19,livestock_management,,Community Hall,Trainer 4,yes,full_attendance,,530c7c87-8617-4e55-852a-b7e09bb1db2e,2026-06-19 12:41:00,2026-06-19 12:38:00,tester_01,2026-06-19 12:41:14,https://www.commcarehq.org/a/commcare-learn-ahmad/reports/form_data/2ae00a99-ff56-44c3-9b10-1000572c2606/,tester_01,3.0
558,57d22680-3f1d-4da5-a32d-51f5a3b813c2,2026-05-18,good_agronomic_practices,,Community Hall,Trainer 4,no,,,407b823a-d741-439d-b474-a0264af61449,2026-05-18 08:26:00,2026-05-18 08:18:00,tester_07,2026-05-18 08:26:16,https://www.commcarehq.org/a/commcare-learn-ahmad/reports/form_data/57d22680-3f1d-4da5-a32d-51f5a3b813c2/,tester_07,8.0
559,afd8b09b-bed1-4dec-8a0e-e640bcea8240,2026-06-10,other,Post Harvest Handling,Extension Office,Trainer 5,no,,,8718b3d4-6445-4a2c-94fe-999f29f47cb2,2026-06-10 09:11:00,2026-06-10 09:06:00,tester_06,2026-06-10 09:11:06,https://www.commcarehq.org/a/commcare-learn-ahmad/reports/form_data/afd8b09b-bed1-4dec-8a0e-e640bcea8240/,tester_06,5.0
560,854b0ecc-910a-40c9-9660-218bb7eefd7c,2026-02-21,other,Post Harvest Handling,Village Square,Trainer 2,yes,full_attendance,,74f3d82b-5c61-4195-981c-ffc3acca266c,2026-02-21 11:31:00,2026-02-21 11:24:00,tester_05,2026-02-21 11:31:10,https://www.commcarehq.org/a/commcare-learn-ahmad/reports/form_data/854b0ecc-910a-40c9-9660-218bb7eefd7c/,tester_05,7.0
561,40e8efab-ccd2-4241-adbe-888256decccc,2026-07-16,other,Financial Literacy,Primary School,Trainer 4,yes,full_attendance,,306daa36-3e23-46b3-bc9d-63ef0411d37e,2026-07-16 14:27:00,2026-07-16 14:21:00,tester_07,2026-07-16 14:27:12,https://www.commcarehq.org/a/commcare-learn-ahmad/reports/form_data/40e8efab-ccd2-4241-adbe-888256decccc/,tester_07,6.0
562,3baa330d-2755-4719-8058-067db6bd267e,2026-05-19,soil_fertility_management,,Farmer Cooperative Centre,Trainer 4,yes,partial_attendance,left_early,34c377f2-f191-4a0a-88a4-8a9961979c95,2026-05-19 10:22:00,2026-05-19 10:18:00,tester_06,2026-05-19 10:22:17,https://www.commcarehq.org/a/commcare-learn-ahmad/reports/form_data/3baa330d-2755-4719-8058-067db6bd267e/,tester_06,4.0
563,5dbbe632-3170-4e39-a831-37d8e213184b,2026-07-17,pest_and_disease_management,,Community Hall,Trainer 3,yes,partial_attendance,left_early,c5667472-388b-4bde-ad80-3a6f71302f18,2026-07-17 09:20:00,2026-07-17 09:17:00,tester_02,2026-07-17 09:20:15,https://www.commcarehq.org/a/commcare-learn-ahmad/reports/form_data/5dbbe632-3170-4e39-a831-37d8e213184b/,tester_02,3.0
564,0d9d6d59-2c41-4ddf-b55f-afb5c3b4a5b1,2026-06-30,irrigation_and_water_management,,Community Hall,Trainer 1,yes,partial_attendance,arrived_late,99d2d0d6-6915-457f-9331-7fd40831ad47,2026-06-30 13:51:00,2026-06-30 13:44:00,tester_02,2026-06-30 13:51:08,https://www.commcarehq.org/a/commcare-learn-ahmad/reports/form_data/0d9d6d59-2c41-4ddf-b55f-afb5c3b4a5b1/,tester_02,7.0
565,b8516f90-8f2c-44d9-8508-1eda79066caf,2026-05-04,record_keeping,,Primary School,Trainer 2,yes,partial_attendance,arrived_late,23d313ac-c48d-4f9e-85a5-0ecc13e90c23,2026-05-04 08:09:00,2026-05-04 08:02:00,tester_02,2026-05-04 08:09:05,https://www.commcarehq.org/a/commcare-learn-ahmad/reports/form_data/b8516f90-8f2c-44d9-8508-1eda79066caf/,tester_02,7.0
566,a849b025-fbdb-4a8f-926d-2ae325ee654c,2026-06-10,irrigation_and_water_management,,Farmer Cooperative Centre,Trainer 1,no,,,2b389826-4b2e-4aee-9d91-654ef2c58859,2026-06-10 13:37:00,2026-06-10 13:35:00,tester_04,2026-06-10 13:37:11,https://www.commcarehq.org/a/commcare-learn-ahmad/reports/form_data/a849b025-fbdb-4a8f-926d-2ae325ee654c/,tester_04,2.0
567,39e7f589-b78d-4ded-a7cc-bc0a12293bb5,2026-01-30,other,Climate Smart Agriculture,Village Square,Trainer 5,yes,full_attendance,,951f1813-3529-44b6-95ef-3a6c4b7355fb,2026-01-30 12:45:00,2026-01-30 12:42:00,tester_01,2026-01-30 12:45:19,https://www.commcarehq.org/a/commcare-learn-ahmad/reports/form_data/39e7f589-b78d-4ded-a7cc-bc0a12293bb5/,tester_01,3.0
568,662ac436-8074-4110-9dcf-86027bc2bb23,2026-07-01,irrigation_and_water_management,,Village Square,Trainer 4,yes,full_attendance,,e2544468-d90b-4178-9540-76cdbb64f3ec,2026-07-01 08:36:00,2026-07-01 08:30:00,tester_03,2026-07-01 08:36:14,https://www.commcarehq.org/a/commcare-learn-ahmad/reports/form_data/662ac436-8074-4110-9dcf-86027bc2bb23/,tester_03,6.0
569,c6b63503-a367-4126-a4d3-33bd4d802bd2,2026-07-09,record_keeping,,Farmer Cooperative Centre,Trainer 5,yes,partial_attendance,left_early,33d2af87-644c-4979-a7a8-80960c5e0133,2026-07-09 10:05:00,2026-07-09 10:03:00,tester_03,2026-07-09 10:05:08,https://www.commcarehq.org/a/commcare-learn-ahmad/reports/form_data/c6b63503-a367-4126-a4d3-33bd4d802bd2/,tester_03,2.0
570,848697a5-c340-4057-b5f4-e45928bf98d5,2026-07-17,soil_fertility_management,,Village Square,Trainer 3,no,,,46fc4fac-54ca-4692-9462-1cb36bdb4ee4,2026-07-17 09:07:00,2026-07-17 09:02:00,tester_02,2026-07-17 09:07:12,https://www.commcarehq.org/a/commcare-learn-ahmad/reports/form_data/848697a5-c340-4057-b5f4-e45928bf98d5/,tester_02,5.0
571,4a024681-9212-4941-b748-8b32ed17de47,2026-07-18,record_keeping,,Community Hall,Trainer 5,yes,full_attendance,,6a8a0adf-20af-4408-a764-4c3ea3fcb436,2026-07-18 08:03:00,2026-07-18 07:56:00,tester_02,2026-07-18 08:03:11,https://www.commcarehq.org/a/commcare-learn-ahmad/reports/form_data/4a024681-9212-4941-b748-8b32ed17de47/,tester_02,7.0
572,30ab97f3-fac4-45b1-a7a8-349a33158dca,2026-05-23,irrigation_and_water_management,,Extension Office,Trainer 3,no,,,d2ec7e6c-ed92-4839-8476-c7ed7d1f0598,2026-05-23 12:43:00,2026-05-23 12:35:00,tester_07,2026-05-23 12:43:10,https://www.commcarehq.org/a/commcare-learn-ahmad/reports/form_data/30ab97f3-fac4-45b1-a7a8-349a33158dca/,tester_07,8.0
573,e3c3f556-41ae-451c-869d-1810080ced67,2026-04-21,pest_and_disease_management,,Village Square,Trainer 3,yes,full_attendance,,73a4c45b-6a49-498d-abe4-8a4a00789b7d,2026-04-21 15:55:00,2026-04-21 15:51:00,tester_06,2026-04-21 15:55:17,https://www.commcarehq.org/a/commcare-learn-ahmad/reports/form_data/e3c3f556-41ae-451c-869d-1810080ced67/,tester_06,4.0
574,a3b12c6e-9ddf-450e-9221-5af581de252c,2026-04-02,livestock_management,,Primary School,Trainer 3,yes,full_attendance,,6bb4a7fc-0f1b-4975-87c8-b226c555cf49,2026-04-02 13:24:00,2026-04-02 13:19:00,tester_04,2026-04-02 13:24:17,https://www.commcarehq.org/a/commcare-learn-ahmad/reports/form_data/a3b12c6e-9ddf-450e-9221-5af581de252c/,tester_04,5.0
575,3a50cb67-bed2-4c61-8b4a-c078e29bb7bb,2026-06-22,irrigation_and_water_management,,Farmer Cooperative Centre,Trainer 3,yes,full_attendance,,30de4f89-543f-443b-bb31-61a660405ddb,2026-06-22 11:53:00,2026-06-22 11:51:00,tester_01,2026-06-22 11:53:09,https://www.commcarehq.org/a/commcare-learn-ahmad/reports/form_data/3a50cb67-bed2-4c61-8b4a-c078e29bb7bb/,tester_01,2.0
576,036d9789-ea62-4303-a967-a4092c2675c0,2026-04-19,good_agronomic_practices,,Community Hall,Trainer 3,yes,full_attendance,,635b042e-32e9-4482-889e-c3d7d995fd88,2026-04-19 08:04:00,2026-04-19 08:02:00,tester_03,2026-04-19 08:04:08,https://www.commcarehq.org/a/commcare-learn-ahmad/reports/form_data/036d9789-ea62-4303-a967-a4092c2675c0/,tester_03,2.0
577,fc9df7da-7cb7-4ed1-8fb6-c05b7b41d344,2026-06-21,other,Financial Literacy,Extension Office,Trainer 5,yes,partial_attendance,left_early,515f095a-ce56-4a4a-a417-cd57286dab02,2026-06-21 11:30:00,2026-06-21 11:24:00,tester_02,2026-06-21 11:30:14,https://www.commcarehq.org/a/commcare-learn-ahmad/reports/form_data/fc9df7da-7cb7-4ed1-8fb6-c05b7b41d344/,tester_02,6.0
578,0d131f5c-a9a8-4788-9b54-70514854dc18,2026-06-14,soil_fertility_management,,Community Hall,Trainer 4,yes,full_attendance,,e9e9fceb-afe0-4a6b-a183-4442e6d4c774,2026-06-14 11:37:00,2026-06-14 11:32:00,tester_06,2026-06-14 11:37:10,https://www.commcarehq.org/a/commcare-learn-ahmad/reports/form_data/0d131f5c-a9a8-4788-9b54-70514854dc18/,tester_06,5.0
579,2d073f94-ddf5-420b-ba02-31396b40cc32,2026-05-14,good_agronomic_practices,,Primary School,Trainer 4,yes,full_attendance,,75aaf0f4-49c3-4c18-9fe7-4efceeebf8cb,2026-05-14 09:04:00,2026-05-14 09:00:00,tester_04,2026-05-14 09:04:06,https://www.commcarehq.org/a/commcare-learn-ahmad/reports/form_data/2d073f94-ddf5-420b-ba02-31396b40cc32/,tester_04,4.0
580,5f8349dd-f739-4a04-ac25-61b4eb43f23a,2026-04-16,soil_fertility_management,,Village Square,Trainer 3,yes,partial_attendance,arrived_late,6583eb56-f09e-41e8-956a-4e1185946f5a,2026-04-16 13:53:00,2026-04-16 13:47:00,tester_05,2026-04-16 13:53:17,https://www.commcarehq.org/a/commcare-learn-ahmad/reports/form_data/5f8349dd-f739-4a04-ac25-61b4eb43f23a/,tester_05,6.0
581,210d5e81-2a7e-4db1-a997-39d16b27204e,2026-03-09,other,Post Harvest Handling,Farmer Cooperative Centre,Trainer 5,yes,partial_attendance,other,0a51a631-5b25-4717-97aa-677a517ea8fc,2026-03-09 10:53:00,2026-03-09 10:51:00,tester_03,2026-03-09 10:53:14,https://www.commcarehq.org/a/commcare-learn-ahmad/reports/form_data/210d5e81-2a7e-4db1-a997-39d16b27204e/,tester_03,2.0
582,e604f457-7f2a-41d7-9b4d-98991cc8916a,2026-05-09,record_keeping,,Extension Office,Trainer 4,yes,full_attendance,,5b96c39b-eb42-427f-b4fb-b2d5b8800619,2026-05-09 10:54:00,2026-05-09 10:52:00,tester_06,2026-05-09 10:54:20,https://www.commcarehq.org/a/commcare-learn-ahmad/reports/form_data/e604f457-7f2a-41d7-9b4d-98991cc8916a/,tester_06,2.0
583,ca70b770-6d67-43b0-b1b9-16c617dcad92,2026-06-13,pest_and_disease_management,,Village Square,Trainer 4,yes,full_attendance,,522470e9-c41d-46cd-82f4-c35ede60fceb,2026-06-13 15:05:00,2026-06-13 14:58:00,tester_05,2026-06-13 15:05:14,https://www.commcarehq.org/a/commcare-learn-ahmad/reports/form_data/ca70b770-6d67-43b0-b1b9-16c617dcad92/,tester_05,7.0
584,849e2b8d-eee7-4946-bcf9-bfc2456be385,2026-09-28,other,Post Harvest Handling,Village Square,Trainer 3,yes,partial_attendance,left_early,37214f4a-e405-4d69-a451-923dd95d07f1,2026-09-28 15:25:00,2026-09-28 15:20:00,tester_04,2026-09-28 15:25:07,https://www.commcarehq.org/a/commcare-learn-ahmad/reports/form_data/849e2b8d-eee7-4946-bcf9-bfc2456be385/,tester_04,5.0
585,c00fdaf4-dbb1-4316-bbfe-9aa3edaa781d,2026-09-12,irrigation_and_water_management,,Village Square,Trainer 3,yes,full_attendance,,6e3154df-866c-41f7-a5c3-cbc505f1ec63,2026-09-12 10:47:00,2026-09-12 10:41:00,tester_07,2026-09-12 10:47:17,https://www.commcarehq.org/a/commcare-learn-ahmad/reports/form_data/c00fdaf4-dbb1-4316-bbfe-9aa3edaa781d/,tester_07,6.0
586,566f05df-e1f4-4471-b680-4b60af5388dc,2026-06-01,irrigation_and_water_management,,Community Hall,Trainer 5,yes,full_attendance,,19c072d0-51cc-4f4e-a238-7ba73eb45060,2026-06-01 09:53:00,2026-06-01 09:50:00,tester_03,2026-06-01 09:53:19,https://www.commcarehq.org/a/commcare-learn-ahmad/reports/form_data/566f05df-e1f4-4471-b680-4b60af5388dc/,tester_03,3.0
587,5a28d2df-e779-41d6-bf0b-9181b8bf5204,2026-03-26,record_keeping,,Extension Office,Trainer 3,yes,full_attendance,,12e4bab6-d217-4781-91dd-19b432da0974,2026-03-26 10:45:00,2026-03-26 10:39:00,tester_03,2026-03-26 10:45:19,https://www.commcarehq.org/a/commcare-learn-ahmad/reports/form_data/5a28d2df-e779-41d6-bf0b-9181b8bf5204/,tester_03,6.0
588,7dcd7e75-1073-426a-b4fe-6bc2f689524f,2026-06-20,record_keeping,,Community Hall,Trainer 4,yes,partial_attendance,personal_emergency,69fc10d7-2d28-4da3-8a7e-86a7d050c2c3,2026-06-20 15:22:00,2026-06-20 15:19:00,tester_07,2026-06-20 15:22:17,https://www.commcarehq.org/a/commcare-learn-ahmad/reports/form_data/7dcd7e75-1073-426a-b4fe-6bc2f689524f/,tester_07,3.0
589,0c18a1a9-49fb-40c8-812a-18cffc0eddbe,2026-09-13,pest_and_disease_management,,Primary School,Trainer 1,yes,full_attendance,,3fc60077-062e-4bac-8609-aec0b6cefc1f,2026-09-13 11:37:00,2026-09-13 11:34:00,tester_03,2026-09-13 11:37:05,https://www.commcarehq.org/a/commcare-learn-ahmad/reports/form_data/0c18a1a9-49fb-40c8-812a-18cffc0eddbe/,tester_03,3.0
590,6b66f52e-3018-4f8a-8dd3-1d601b0596b7,2026-08-09,record_keeping,,Extension Office,Trainer 1,yes,full_attendance,,9900e61f-140a-4f19-908f-eba366822334,2026-08-09 08:24:00,2026-08-09 08:20:00,tester_05,2026-08-09 08:24:20,https://www.commcarehq.org/a/commcare-learn-ahmad/reports/form_data/6b66f52e-3018-4f8a-8dd3-1d601b0596b7/,tester_05,4.0
591,da505a15-89a7-43fe-935b-9f8c3bb9aca7,2026-05-08,good_agronomic_practices,,Village Square,Trainer 2,yes,partial_attendance,personal_emergency,82b89d1e-f879-49f7-bf94-1459b5d28288,2026-05-08 15:22:00,2026-05-08 15:19:00,tester_04,2026-05-08 15:22:18,https://www.commcarehq.org/a/commcare-learn-ahmad/reports/form_data/da505a15-89a7-43fe-935b-9f8c3bb9aca7/,tester_04,3.0
592,ca18885c-8a5e-467e-8c4d-d2e9f85b074f,2026-04-09,pest_and_disease_management,,Village Square,Trainer 3,no,,,5cfb1cff-713c-404d-bd76-a92ab5d0532d,2026-04-09 15:48:00,2026-04-09 15:43:00,tester_05,2026-04-09 15:48:16,https://www.commcarehq.org/a/commcare-learn-ahmad/reports/form_data/ca18885c-8a5e-467e-8c4d-d2e9f85b074f/,tester_05,5.0
593,b4ddf114-bb4d-4dfd-ba9c-f25c4250c9b4,2026-06-09,soil_fertility_management,,Primary School,Trainer 4,yes,full_attendance,,de51b237-0527-45e5-a96e-dc26fe329a92,2026-06-09 10:53:00,2026-06-09 10:49:00,tester_02,2026-06-09 10:53:12,https://www.commcarehq.org/a/commcare-learn-ahmad/reports/form_data/b4ddf114-bb4d-4dfd-ba9c-f25c4250c9b4/,tester_02,4.0
594,5820bda4-dd99-4116-afb7-d772d73b3d53,2026-06-16,livestock_management,,Community Hall,Trainer 3,yes,full_attendance,,4487a2c2-b3e5-4f5f-b4db-24dc0f21ff35,2026-06-16 08:26:00,2026-06-16 08:22:00,tester_01,2026-06-16 08:26:07,https://www.commcarehq.org/a/commcare-learn-ahmad/reports/form_data/5820bda4-dd99-4116-afb7-d772d73b3d53/,tester_01,4.0
595,1e2ce345-13f6-457e-9ed9-f6e210c574e0,2026-06-10,livestock_management,,Extension Office,Trainer 5,yes,full_attendance,,3487825a-0576-40e8-adfc-6cdc907a1a06,2026-06-10 09:13:00,2026-06-10 09:06:00,tester_05,2026-06-10 09:13:20,https://www.commcarehq.org/a/commcare-learn-ahmad/reports/form_data/1e2ce345-13f6-457e-9ed9-f6e210c574e0/,tester_05,7.0
596,7059a6ff-5fff-4e14-afe5-ba4fcbda38e2,2026-07-14,other,Financial Literacy,Village Square,Trainer 5,yes,full_attendance,,95a3e260-425d-4ea9-b3cc-2e87aa2d13d2,2026-07-14 12:55:00,2026-07-14 12:53:00,tester_01,2026-07-14 12:55:14,https://www.commcarehq.org/a/commcare-learn-ahmad/reports/form_data/7059a6ff-5fff-4e14-afe5-ba4fcbda38e2/,tester_01,2.0
597,afb0fa00-a3bc-4e2f-b4a2-034112a13924,2026-05-05,pest_and_disease_management,,Farmer Cooperative Centre,Trainer 1,no,,,7a0bcd8b-40c7-426e-9778-d61bee2db239,2026-05-05 15:43:00,2026-05-05 15:39:00,tester_01,2026-05-05 15:43:05,https://www.commcarehq.org/a/commcare-learn-ahmad/reports/form_data/afb0fa00-a3bc-4e2f-b4a2-034112a13924/,tester_01,4.0
598,b4db053b-a2e8-4d3d-86cc-0b5af6e68f2b,2026-03-19,record_keeping,,Community Hall,Trainer 5,yes,partial_attendance,left_early,f08f76e5-83ca-4c43-8460-0229b6d2806e,2026-03-19 12:22:00,2026-03-19 12:18:00,tester_02,2026-03-19 12:22:05,https://www.commcarehq.org/a/commcare-learn-ahmad/reports/form_data/b4db053b-a2e8-4d3d-86cc-0b5af6e68f2b/,tester_02,4.0
599,e122f866-7ad1-434e-bc79-94474a1e9779,2026-05-04,irrigation_and_water_management,,Community Hall,Trainer 2,yes,full_attendance,,cf4d65f9-6ad8-4b00-805e-523c4ddbe37d,2026-05-04 13:27:00,2026-05-04 13:21:00,tester_06,2026-05-04 13:27:19,https://www.commcarehq.org/a/commcare-learn-ahmad/reports/form_data/e122f866-7ad1-434e-bc79-94474a1e9779/,tester_06,6.0
600,642bdc5b-9cff-47ab-a856-2e5f7629e796,2026-06-30,livestock_management,,Village Square,Trainer 3,yes,partial_attendance,arrived_late,3c09f064-385b-4a52-9d5d-b9a58402b239,2026-06-30 15:13:00,2026-06-30 15:08:00,tester_06,2026-06-30 15:13:20,https://www.commcarehq.org/a/commcare-learn-ahmad/reports/form_data/642bdc5b-9cff-47ab-a856-2e5f7629e796/,tester_06,5.0
601,cde8b20b-34f6-45b7-a5dd-920fbb9f6e7b,2026-08-09,livestock_management,,Extension Office,Trainer 4,yes,full_attendance,,c05edc31-69fe-491d-b9b3-5e3a19ba9965,2026-08-09 12:46:00,2026-08-09 12:38:00,tester_03,2026-08-09 12:46:13,https://www.commcarehq.org/a/commcare-learn-ahmad/reports/form_data/cde8b20b-34f6-45b7-a5dd-920fbb9f6e7b/,tester_03,8.0
602,4d73b7d1-57c7-404d-99b0-9986125dbc18,2026-07-05,livestock_management,,Community Hall,Trainer 2,yes,full_attendance,,86ffc5d3-9a6c-4fd0-800f-5fd7cef95906,2026-07-05 11:52:00,2026-07-05 11:50:00,tester_03,2026-07-05 11:52:13,https://www.commcarehq.org/a/commcare-learn-ahmad/reports/form_data/4d73b7d1-57c7-404d-99b0-9986125dbc18/,tester_03,2.0
603,d33b2863-b674-4c6d-bda9-83b28b628000,2026-06-20,pest_and_disease_management,,Village Square,Trainer 1,yes,full_attendance,,7f8110ba-60b6-41db-8455-bab85f30a93d,2026-06-20 13:18:00,2026-06-20 13:13:00,tester_03,2026-06-20 13:18:11,https://www.commcarehq.org/a/commcare-learn-ahmad/reports/form_data/d33b2863-b674-4c6d-bda9-83b28b628000/,tester_03,5.0
604,017f3caa-042a-4f51-967d-e1f72406ef94,2026-06-25,other,Climate Smart Agriculture,Village Square,Trainer 4,no,,,2eaad51c-8451-43ed-b63d-3b30bbd3eee5,2026-06-25 12:10:00,2026-06-25 12:04:00,tester_04,2026-06-25 12:10:05,https://www.commcarehq.org/a/commcare-learn-ahmad/reports/form_data/017f3caa-042a-4f51-967d-e1f72406ef94/,tester_04,6.0
605,302c5312-a19f-4019-a42e-4e5c4482dbc8,2026-04-25,pest_and_disease_management,,Community Hall,Trainer 5,no,,,11255b56-53b8-4a40-9898-8f8bdd929ce2,2026-04-25 08:55:00,2026-04-25 08:48:00,tester_06,2026-04-25 08:55:05,https://www.commcarehq.org/a/commcare-learn-ahmad/reports/form_data/302c5312-a19f-4019-a42e-4e5c4482dbc8/,tester_06,7.0
606,2efc002d-821f-4bc8-ac79-19d64156298b,2026-04-16,livestock_management,,Extension Office,Trainer 5,yes,full_attendance,,7bc0c850-de02-4548-a4db-5c6946400fe0,2026-04-16 10:38:00,2026-04-16 10:33:00,tester_03,2026-04-16 10:38:18,https://www.commcarehq.org/a/commcare-learn-ahmad/reports/form_data/2efc002d-821f-4bc8-ac79-19d64156298b/,tester_03,5.0
607,d501d7e8-c8f1-414e-9ead-882e5159601b,2026-04-29,irrigation_and_water_management,,Extension Office,Trainer 3,yes,full_attendance,,0e0408a3-c26a-4bf0-ba45-cf1db248e8a3,2026-04-29 13:00:00,2026-04-29 12:58:00,tester_05,2026-04-29 13:00:16,https://www.commcarehq.org/a/commcare-learn-ahmad/reports/form_data/d501d7e8-c8f1-414e-9ead-882e5159601b/,tester_05,2.0
608,31515859-f943-4fbf-80c3-a559618bd39b,2026-04-07,irrigation_and_water_management,,Primary School,Trainer 4,yes,full_attendance,,509ca639-5e94-4234-a43e-fe507e07b582,2026-04-07 11:01:00,2026-04-07 10:53:00,tester_05,2026-04-07 11:01:05,https://www.commcarehq.org/a/commcare-learn-ahmad/reports/form_data/31515859-f943-4fbf-80c3-a559618bd39b/,tester_05,8.0
609,3fd71e60-dbd3-4bf5-a6aa-58af5ba97ad1,2026-07-27,irrigation_and_water_management,,Primary School,Trainer 1,yes,full_attendance,,50fced94-281f-4ec8-8509-890dcd45f72e,2026-07-27 15:15:00,2026-07-27 15:09:00,tester_02,2026-07-27 15:15:17,https://www.commcarehq.org/a/commcare-learn-ahmad/reports/form_data/3fd71e60-dbd3-4bf5-a6aa-58af5ba97ad1/,tester_02,6.0
610,f0c3052a-a37e-4d2a-92c7-0856bccb6394,2026-09-25,pest_and_disease_management,,Farmer Cooperative Centre,Trainer 4,yes,partial_attendance,left_early,91aeadc8-5b1d-4a5f-b57e-5a28326991c3,2026-09-25 10:56:00,2026-09-25 10:48:00,tester_07,2026-09-25 10:56:07,https://www.commcarehq.org/a/commcare-learn-ahmad/reports/form_data/f0c3052a-a37e-4d2a-92c7-0856bccb6394/,tester_07,8.0
611,683065c4-6983-4790-a0bf-7335fbd667e7,2026-09-15,livestock_management,,Farmer Cooperative Centre,Trainer 3,yes,full_attendance,,95569c04-3789-403d-a2e3-f068ae0f857e,2026-09-15 15:48:00,2026-09-15 15:42:00,tester_06,2026-09-15 15:48:06,https://www.commcarehq.org/a/commcare-learn-ahmad/reports/form_data/683065c4-6983-4790-a0bf-7335fbd667e7/,tester_06,6.0
612,dc7958a9-5cc2-44c0-b7da-4febb19ab79b,2026-07-22,pest_and_disease_management,,Extension Office,Trainer 2,yes,full_attendance,,16190c73-f2c4-46a1-becd-bba38bece6c1,2026-07-22 12:44:00,2026-07-22 12:42:00,tester_05,2026-07-22 12:44:20,https://www.commcarehq.org/a/commcare-learn-ahmad/reports/form_data/dc7958a9-5cc2-44c0-b7da-4febb19ab79b/,tester_05,2.0
613,5983d2fb-ab92-443d-9e47-6817fb8fcaeb,2026-05-11,irrigation_and_water_management,,Village Square,Trainer 5,yes,full_attendance,,a9390da4-719d-4c6a-9aaf-afbcd9262694,2026-05-11 08:32:00,2026-05-11 08:26:00,tester_04,2026-05-11 08:32:13,https://www.commcarehq.org/a/commcare-learn-ahmad/reports/form_data/5983d2fb-ab92-443d-9e47-6817fb8fcaeb/,tester_04,6.0
614,73f3494e-7208-4ee9-a8b4-4a75c212e38a,2026-06-06,other,Financial Literacy,Primary School,Trainer 1,yes,partial_attendance,personal_emergency,57790da2-c2fe-4dff-abbe-6168a2136ad5,2026-06-06 12:45:00,2026-06-06 12:43:00,tester_06,2026-06-06 12:45:11,https://www.commcarehq.org/a/commcare-learn-ahmad/reports/form_data/73f3494e-7208-4ee9-a8b4-4a75c212e38a/,tester_06,2.0
615,c0ebb71a-9b7f-4289-b251-95e0d19e484f,2026-07-11,pest_and_disease_management,,Community Hall,Trainer 4,yes,full_attendance,,9ed575ce-c062-47dd-8de1-dc31e4c9520f,2026-07-11 10:18:00,2026-07-11 10:16:00,tester_03,2026-07-11 10:18:12,https://www.commcarehq.org/a/commcare-learn-ahmad/reports/form_data/c0ebb71a-9b7f-4289-b251-95e0d19e484f/,tester_03,2.0
616,1b6c9896-1b6c-4d45-81c0-e8e91b4bc283,2026-06-22,good_agronomic_practices,,Primary School,Trainer 3,yes,full_attendance,,57c9c6be-76fd-489f-a4ad-054f60216823,2026-06-22 09:21:00,2026-06-22 09:16:00,tester_07,2026-06-22 09:21:12,https://www.commcarehq.org/a/commcare-learn-ahmad/reports/form_data/1b6c9896-1b6c-4d45-81c0-e8e91b4bc283/,tester_07,5.0
617,8933691d-48c8-475e-9ba4-b7f7a672b65c,2026-05-10,livestock_management,,Extension Office,Trainer 1,yes,full_attendance,,1abf9676-388e-4c39-ae2a-a82ec621e3c5,2026-05-10 08:13:00,2026-05-10 08:11:00,tester_03,2026-05-10 08:13:10,https://www.commcarehq.org/a/commcare-learn-ahmad/reports/form_data/8933691d-48c8-475e-9ba4-b7f7a672b65c/,tester_03,2.0
618,1c05aa80-57f8-47ad-a742-d41083dc8eb6,2026-07-08,good_agronomic_practices,,Community Hall,Trainer 2,yes,full_attendance,,727b8d2f-8e1a-4828-b918-5cf3f0752e38,2026-07-08 11:09:00,2026-07-08 11:03:00,tester_03,2026-07-08 11:09:17,https://www.commcarehq.org/a/commcare-learn-ahmad/reports/form_data/1c05aa80-57f8-47ad-a742-d41083dc8eb6/,tester_03,6.0
619,bc9c291c-3f80-4cad-9d96-e3a33734a5dc,2026-08-01,irrigation_and_water_management,,Community Hall,Trainer 4,yes,full_attendance,,9632bb4b-0845-4798-b202-71ddf8c70372,2026-08-01 14:51:00,2026-08-01 14:48:00,tester_02,2026-08-01 14:51:11,https://www.commcarehq.org/a/commcare-learn-ahmad/reports/form_data/bc9c291c-3f80-4cad-9d96-e3a33734a5dc/,tester_02,3.0
620,df4825ae-f4a5-46a1-8a97-c161f5077ac6,2026-08-13,irrigation_and_water_management,,Village Square,Trainer 3,yes,full_attendance,,97559633-e5ae-40a0-953f-60a3f80d8096,2026-08-13 08:36:00,2026-08-13 08:32:00,tester_04,2026-08-13 08:36:18,https://www.commcarehq.org/a/commcare-learn-ahmad/reports/form_data/df4825ae-f4a5-46a1-8a97-c161f5077ac6/,tester_04,4.0
621,37a5d756-bde1-428f-a694-269a9a53acc2,2026-05-03,record_keeping,,Extension Office,Trainer 3,yes,full_attendance,,b9f28c38-12c2-4faa-b01a-59ac0545905e,2026-05-03 13:05:00,2026-05-03 13:01:00,tester_07,2026-05-03 13:05:15,https://www.commcarehq.org/a/commcare-learn-ahmad/reports/form_data/37a5d756-bde1-428f-a694-269a9a53acc2/,tester_07,4.0
622,baa261bb-81b9-4edc-bf4f-b725e6f77263,2026-05-24,livestock_management,,Primary School,Trainer 1,no,,,35ff9d32-6d0a-4acf-acee-259f889f5759,2026-05-24 09:35:00,2026-05-24 09:28:00,tester_05,2026-05-24 09:35:07,https://www.commcarehq.org/a/commcare-learn-ahmad/reports/form_data/baa261bb-81b9-4edc-bf4f-b725e6f77263/,tester_05,7.0
623,89e33f90-5732-40fa-b321-274a2786f11d,2026-06-01,good_agronomic_practices,,Farmer Cooperative Centre,Trainer 2,yes,full_attendance,,42f35ebe-378d-4c0c-9445-b733080f839e,2026-06-01 13:07:00,2026-06-01 13:01:00,tester_01,2026-06-01 13:07:19,https://www.commcarehq.org/a/commcare-learn-ahmad/reports/form_data/89e33f90-5732-40fa-b321-274a2786f11d/,tester_01,6.0
624,05811dd3-9fbc-4f11-a003-bdd327de84f3,2026-05-05,good_agronomic_practices,,Extension Office,Trainer 2,yes,full_attendance,,abb1ccec-9c1d-434b-b56e-4c5ff0b3257c,2026-05-05 16:04:00,2026-05-05 16:00:00,tester_02,2026-05-05 16:04:12,https://www.commcarehq.org/a/commcare-learn-ahmad/reports/form_data/05811dd3-9fbc-4f11-a003-bdd327de84f3/,tester_02,4.0
625,fd162d76-e4b0-4034-973e-4489d0520d5d,2026-05-27,other,Post Harvest Handling,Farmer Cooperative Centre,Trainer 1,yes,full_attendance,,25898555-ee73-4b1b-8e7c-5cb36967f17e,2026-05-27 11:13:00,2026-05-27 11:08:00,tester_01,2026-05-27 11:13:06,https://www.commcarehq.org/a/commcare-learn-ahmad/reports/form_data/fd162d76-e4b0-4034-973e-4489d0520d5d/,tester_01,5.0
626,cfe48245-b468-4497-a4d1-3b04a317d0d0,2026-03-08,record_keeping,,Village Square,Trainer 3,yes,full_attendance,,27ffa93d-a75e-4c31-8b47-3bda1554b973,2026-03-08 09:22:00,2026-03-08 09:16:00,tester_05,2026-03-08 09:22:18,https://www.commcarehq.org/a/commcare-learn-ahmad/reports/form_data/cfe48245-b468-4497-a4d1-3b04a317d0d0/,tester_05,6.0
627,9b8674ee-d241-43e4-a384-dddfa142503f,2026-03-19,pest_and_disease_management,,Community Hall,Trainer 2,yes,full_attendance,,b54ea082-61e1-4cff-95c6-f71e762ec92d,2026-03-19 12:23:00,2026-03-19 12:18:00,tester_02,2026-03-19 12:23:08,https://www.commcarehq.org/a/commcare-learn-ahmad/reports/form_data/9b8674ee-d241-43e4-a384-dddfa142503f/,tester_02,5.0
628,b3fabf53-9b16-4a9d-83e3-c6a657725009,2026-03-19,livestock_management,,Farmer Cooperative Centre,Trainer 5,yes,full_attendance,,b96918e0-2ea7-4dac-acef-68f71c98389d,2026-03-19 12:52:00,2026-03-19 12:46:00,tester_04,2026-03-19 12:52:17,https://www.commcarehq.org/a/commcare-learn-ahmad/reports/form_data/b3fabf53-9b16-4a9d-83e3-c6a657725009/,tester_04,6.0
629,bc152d61-59ae-4da7-9ecd-fff08c3ba5d4,2026-06-18,soil_fertility_management,,Farmer Cooperative Centre,Trainer 4,yes,full_attendance,,51ebef32-4dea-428c-8e96-91306d2a75ea,2026-06-18 14:25:00,2026-06-18 14:23:00,tester_06,2026-06-18 14:25:06,https://www.commcarehq.org/a/commcare-learn-ahmad/reports/form_data/bc152d61-59ae-4da7-9ecd-fff08c3ba5d4/,tester_06,2.0
630,5f42d31f-a922-4317-9749-99e21053a8e6,2026-07-25,livestock_management,,Farmer Cooperative Centre,Trainer 4,yes,full_attendance,,67428001-50b8-42f8-82ea-58b9719e328c,2026-07-25 15:41:00,2026-07-25 15:39:00,tester_01,2026-07-25 15:41:08,https://www.commcarehq.org/a/commcare-learn-ahmad/reports/form_data/5f42d31f-a922-4317-9749-99e21053a8e6/,tester_01,2.0
631,707c77a5-c7d2-4049-bbbb-98f40beb496c,2026-02-04,livestock_management,,Primary School,Trainer 5,yes,partial_attendance,arrived_late,d467d815-1b4a-4ce4-a0fa-32eaf924348e,2026-02-04 10:06:00,2026-02-04 10:04:00,tester_03,2026-02-04 10:06:10,https://www.commcarehq.org/a/commcare-learn-ahmad/reports/form_data/707c77a5-c7d2-4049-bbbb-98f40beb496c/,tester_03,2.0
632,1bb56d83-ae3a-496c-a861-5c609d68e498,2026-08-17,pest_and_disease_management,,Village Square,Trainer 2,yes,full_attendance,,9c86fc92-596b-4c27-9df3-1a36d3406801,2026-08-17 13:22:00,2026-08-17 13:17:00,tester_03,2026-08-17 13:22:17,https://www.commcarehq.org/a/commcare-learn-ahmad/reports/form_data/1bb56d83-ae3a-496c-a861-5c609d68e498/,tester_03,5.0
633,c29f0938-d3f0-47c0-a6bf-514c671ac634,2026-06-19,good_agronomic_practices,,Village Square,Trainer 3,yes,full_attendance,,d7c12eb1-d493-46fe-9238-4f15ca247653,2026-06-19 10:27:00,2026-06-19 10:21:00,tester_02,2026-06-19 10:27:05,https://www.commcarehq.org/a/commcare-learn-ahmad/reports/form_data/c29f0938-d3f0-47c0-a6bf-514c671ac634/,tester_02,6.0
634,b843805f-71b8-4d87-a3f5-afbf2cc0f9ba,2026-07-14,livestock_management,,Primary School,Trainer 3,yes,partial_attendance,other,9942b7ba-d328-40b1-8f07-0fcf53be6a3e,2026-07-14 09:02:00,2026-07-14 08:59:00,tester_04,2026-07-14 09:02:18,https://www.commcarehq.org/a/commcare-learn-ahmad/reports/form_data/b843805f-71b8-4d87-a3f5-afbf2cc0f9ba/,tester_04,3.0
635,bd8cace7-68c9-422a-ae13-b1372f77a517,2026-07-14,record_keeping,,Primary School,Trainer 4,no,,,150a6009-1dde-476e-b921-d03d0ffa9e56,2026-07-14 15:02:00,2026-07-14 14:58:00,tester_06,2026-07-14 15:02:05,https://www.commcarehq.org/a/commcare-learn-ahmad/reports/form_data/bd8cace7-68c9-422a-ae13-b1372f77a517/,tester_06,4.0
636,cea5c44c-d856-4ef5-a920-2c67a667e12b,2026-08-31,irrigation_and_water_management,,Primary School,Trainer 1,yes,full_attendance,,6a0423f2-8396-4cb4-a409-6702de5bd4a2,2026-08-31 14:20:00,2026-08-31 14:17:00,tester_04,2026-08-31 14:20:07,https://www.commcarehq.org/a/commcare-learn-ahmad/reports/form_data/cea5c44c-d856-4ef5-a920-2c67a667e12b/,tester_04,3.0
637,cd19bc25-992a-4b8c-8239-cc54f334f206,2026-08-21,pest_and_disease_management,,Farmer Cooperative Centre,Trainer 2,yes,full_attendance,,d779e085-df18-4a7a-997d-e4f54bf68028,2026-08-21 14:19:00,2026-08-21 14:12:00,tester_03,2026-08-21 14:19:12,https://www.commcarehq.org/a/commcare-learn-ahmad/reports/form_data/cd19bc25-992a-4b8c-8239-cc54f334f206/,tester_03,7.0
638,e13552e1-a2a4-440e-a3fb-2de238c21d0c,2026-03-05,soil_fertility_management,,Farmer Cooperative Centre,Trainer 4,yes,full_attendance,,68c7a68a-c1ff-41e4-a625-4d562749b423,2026-03-05 11:17:00,2026-03-05 11:14:00,tester_03,2026-03-05 11:17:17,https://www.commcarehq.org/a/commcare-learn-ahmad/reports/form_data/e13552e1-a2a4-440e-a3fb-2de238c21d0c/,tester_03,3.0
639,22dd646d-c5d0-4b93-99ba-d20b98ec468c,2026-09-01,record_keeping,,Primary School,Trainer 4,yes,partial_attendance,arrived_late,55fe5345-d1e1-4bf9-a1c3-f52716370c5c,2026-09-01 11:33:00,2026-09-01 11:25:00,tester_07,2026-09-01 11:33:12,https://www.commcarehq.org/a/commcare-learn-ahmad/reports/form_data/22dd646d-c5d0-4b93-99ba-d20b98ec468c/,tester_07,8.0
640,76913a3f-3459-41d4-bb86-55fb1d6532cf,2026-10-20,pest_and_disease_management,,Extension Office,Trainer 1,yes,full_attendance,,6bf2ab9a-c917-4cac-8f04-a89a8d493119,2026-10-20 14:05:00,2026-10-20 13:59:00,tester_01,2026-10-20 14:05:18,https://www.commcarehq.org/a/commcare-learn-ahmad/reports/form_data/76913a3f-3459-41d4-bb86-55fb1d6532cf/,tester_01,6.0
641,536152af-27b7-496b-8a1a-82be7d0a3b0f,2026-05-13,soil_fertility_management,,Primary School,Trainer 1,yes,partial_attendance,arrived_late,8b6876dd-27c8-433d-9829-3388af092078,2026-05-13 11:54:00,2026-05-13 11:46:00,tester_02,2026-05-13 11:54:11,https://www.commcarehq.org/a/commcare-learn-ahmad/reports/form_data/536152af-27b7-496b-8a1a-82be7d0a3b0f/,tester_02,8.0
642,e20e6a28-24cd-4bcc-8041-8846a708a384,2026-06-29,good_agronomic_practices,,Primary School,Trainer 3,yes,full_attendance,,9024a455-1565-47c9-9d2b-99faf6e15344,2026-06-29 10:38:00,2026-06-29 10:36:00,tester_07,2026-06-29 10:38:07,https://www.commcarehq.org/a/commcare-learn-ahmad/reports/form_data/e20e6a28-24cd-4bcc-8041-8846a708a384/,tester_07,2.0
643,630a7897-17ec-4bec-bf0c-972836134321,2026-07-12,other,Post Harvest Handling,Extension Office,Trainer 1,yes,full_attendance,,b47f3971-4b9c-4739-b043-3b5ce4c4c4a2,2026-07-12 11:52:00,2026-07-12 11:48:00,tester_03,2026-07-12 11:52:14,https://www.commcarehq.org/a/commcare-learn-ahmad/reports/form_data/630a7897-17ec-4bec-bf0c-972836134321/,tester_03,4.0
644,4b6dca8c-d68d-4241-8e34-b6389d572325,2026-04-03,irrigation_and_water_management,,Village Square,Trainer 2,no,,,921ad48f-7c75-48e8-97eb-c80a93d21c02,2026-04-03 11:19:00,2026-04-03 11:17:00,tester_05,2026-04-03 11:19:14,https://www.commcarehq.org/a/commcare-learn-ahmad/reports/form_data/4b6dca8c-d68d-4241-8e34-b6389d572325/,tester_05,2.0
645,fe835c0a-47b4-4275-a33b-04610d76c117,2026-07-23,irrigation_and_water_management,,Farmer Cooperative Centre,Trainer 1,yes,partial_attendance,left_early,3711352d-c843-4232-99e0-af37b09db337,2026-07-23 15:03:00,2026-07-23 14:59:00,tester_03,2026-07-23 15:03:12,https://www.commcarehq.org/a/commcare-learn-ahmad/reports/form_data/fe835c0a-47b4-4275-a33b-04610d76c117/,tester_03,4.0
646,97c0302a-60a4-4fe7-aae9-247b8dfa6870,2026-05-13,record_keeping,,Extension Office,Trainer 5,yes,full_attendance,,c1d339a8-00cd-469f-84c7-52ebd3119e13,2026-05-13 08:35:00,2026-05-13 08:33:00,tester_01,2026-05-13 08:35:18,https://www.commcarehq.org/a/commcare-learn-ahmad/reports/form_data/97c0302a-60a4-4fe7-aae9-247b8dfa6870/,tester_01,2.0
647,f14c0071-0d18-480f-abee-b23339712220,2026-04-08,pest_and_disease_management,,Community Hall,Trainer 1,yes,partial_attendance,personal_emergency,1a242d3b-6c2c-444e-9e31-acc134726daa,2026-04-08 08:07:00,2026-04-08 08:01:00,tester_04,2026-04-08 08:07:17,https://www.commcarehq.org/a/commcare-learn-ahmad/reports/form_data/f14c0071-0d18-480f-abee-b23339712220/,tester_04,6.0
648,8951891a-80c8-40a3-add1-1446b70f183c,2026-05-07,irrigation_and_water_management,,Village Square,Trainer 2,yes,full_attendance,,f5aa4890-15ce-420b-ba7f-f67feaf478d5,2026-05-07 13:14:00,2026-05-07 13:07:00,tester_05,2026-05-07 13:14:18,https://www.commcarehq.org/a/commcare-learn-ahmad/reports/form_data/8951891a-80c8-40a3-add1-1446b70f183c/,tester_05,7.0
649,1920ed93-707b-4ba3-b01f-5bf67933a7b8,2026-05-03,livestock_management,,Primary School,Trainer 1,no,,,61a8b858-b526-4f79-b055-e401beb5c3af,2026-05-03 12:45:00,2026-05-03 12:42:00,tester_04,2026-05-03 12:45:07,https://www.commcarehq.org/a/commcare-learn-ahmad/reports/form_data/1920ed93-707b-4ba3-b01f-5bf67933a7b8/,tester_04,3.0
650,8e26643f-d1c9-47d3-8887-c4cc7d9734cc,2026-05-07,soil_fertility_management,,Extension Office,Trainer 1,yes,full_attendance,,51accdba-d66d-4945-8810-8ec09d9440af,2026-05-07 11:44:00,2026-05-07 11:41:00,tester_03,2026-05-07 11:44:08,https://www.commcarehq.org/a/commcare-learn-ahmad/reports/form_data/8e26643f-d1c9-47d3-8887-c4cc7d9734cc/,tester_03,3.0
651,ed666796-1a14-4ef0-917d-037086135b9a,2026-07-29,soil_fertility_management,,Farmer Cooperative Centre,Trainer 4,yes,full_attendance,,7ede8776-8991-4abc-87cf-10fd4a4138b1,2026-07-29 11:42:00,2026-07-29 11:37:00,tester_02,2026-07-29 11:42:09,https://www.commcarehq.org/a/commcare-learn-ahmad/reports/form_data/ed666796-1a14-4ef0-917d-037086135b9a/,tester_02,5.0
652,f30d5fb7-632f-42d9-bd16-a0d65a86e8a5,2026-05-06,record_keeping,,Farmer Cooperative Centre,Trainer 5,yes,full_attendance,,2e9b0e4d-f1bf-4c3e-be69-75275cdd24cd,2026-05-06 14:28:00,2026-05-06 14:20:00,tester_03,2026-05-06 14:28:15,https://www.commcarehq.org/a/commcare-learn-ahmad/reports/form_data/f30d5fb7-632f-42d9-bd16-a0d65a86e8a5/,tester_03,8.0
653,6cff8374-5e29-4a3f-8f72-374d9983c258,2026-07-07,livestock_management,,Village Square,Trainer 3,yes,full_attendance,,b777acbd-bb85-4995-8358-6c481e9aaccb,2026-07-07 15:51:00,2026-07-07 15:45:00,tester_01,2026-07-07 15:51:14,https://www.commcarehq.org/a/commcare-learn-ahmad/reports/form_data/6cff8374-5e29-4a3f-8f72-374d9983c258/,tester_01,6.0
654,87963e1a-d79f-4336-af29-5af363e448bc,2026-03-18,good_agronomic_practices,,Extension Office,Trainer 5,yes,full_attendance,,769116ea-7dcf-4e6f-ac7c-8a7a147e5223,2026-03-18 14:12:00,2026-03-18 14:07:00,tester_02,2026-03-18 14:12:18,https://www.commcarehq.org/a/commcare-learn-ahmad/reports/form_data/87963e1a-d79f-4336-af29-5af363e448bc/,tester_02,5.0
655,f5e7065c-0de3-4271-9367-6bee98c27855,2026-08-15,other,Climate Smart Agriculture,Village Square,Trainer 4,yes,partial_attendance,other,36e02ce7-6de1-4496-8e1a-3d017449b47b,2026-08-15 12:30:00,2026-08-15 12:28:00,tester_02,2026-08-15 12:30:20,https://www.commcarehq.org/a/commcare-learn-ahmad/reports/form_data/f5e7065c-0de3-4271-9367-6bee98c27855/,tester_02,2.0
656,9501e246-a828-4998-92e9-da7de2a3158b,2026-03-09,irrigation_and_water_management,,Primary School,Trainer 5,yes,partial_attendance,personal_emergency,ba9d7001-cb87-4ba4-af0b-fd995f25bade,2026-03-09 08:15:00,2026-03-09 08:09:00,tester_02,2026-03-09 08:15:07,https://www.commcarehq.org/a/commcare-learn-ahmad/reports/form_data/9501e246-a828-4998-92e9-da7de2a3158b/,tester_02,6.0
657,26dd8523-b605-4947-a46b-c598fb3a9539,2026-07-11,irrigation_and_water_management,,Primary School,Trainer 2,yes,partial_attendance,other,ef78078e-4d0d-4a34-987c-9c999141430d,2026-07-11 08:46:00,2026-07-11 08:38:00,tester_06,2026-07-11 08:46:10,https://www.commcarehq.org/a/commcare-learn-ahmad/reports/form_data/26dd8523-b605-4947-a46b-c598fb3a9539/,tester_06,8.0
658,9bccd20b-512b-4e8d-8cbb-e09fb2208541,2026-08-08,good_agronomic_practices,,Farmer Cooperative Centre,Trainer 3,yes,full_attendance,,e8971347-fb32-4d3e-bd00-f23344d742f3,2026-08-08 08:41:00,2026-08-08 08:39:00,tester_03,2026-08-08 08:41:17,https://www.commcarehq.org/a/commcare-learn-ahmad/reports/form_data/9bccd20b-512b-4e8d-8cbb-e09fb2208541/,tester_03,2.0
659,fd1dec1e-3772-4f15-bbbc-b96c3cfb46ca,2026-07-23,other,Financial Literacy,Community Hall,Trainer 4,yes,full_attendance,,0aa78ad7-936a-4803-b595-9e0d7192cdef,2026-07-23 11:59:00,2026-07-23 11:57:00,tester_03,2026-07-23 11:59:06,https://www.commcarehq.org/a/commcare-learn-ahmad/reports/form_data/fd1dec1e-3772-4f15-bbbc-b96c3cfb46ca/,tester_03,2.0
660,80444036-0d75-4e56-b174-fbd8d45774fc,2026-05-09,soil_fertility_management,,Extension Office,Trainer 4,yes,full_attendance,,f169cf29-5b62-4c00-b57a-5823f2a03d54,2026-05-09 12:52:00,2026-05-09 12:47:00,tester_01,2026-05-09 12:52:15,https://www.commcarehq.org/a/commcare-learn-ahmad/reports/form_data/80444036-0d75-4e56-b174-fbd8d45774fc/,tester_01,5.0
661,c321e493-e8c2-4a1f-b9dd-fcf397a118db,2026-04-14,other,Post Harvest Handling,Village Square,Trainer 3,yes,full_attendance,,6e53720d-b5a5-42b3-97e1-d9f3996c1e73,2026-04-14 13:53:00,2026-04-14 13:50:00,tester_06,2026-04-14 13:53:12,https://www.commcarehq.org/a/commcare-learn-ahmad/reports/form_data/c321e493-e8c2-4a1f-b9dd-fcf397a118db/,tester_06,3.0
662,1dcae5b7-5130-4606-9f3a-c56399197d51,2026-06-30,other,Post Harvest Handling,Primary School,Trainer 2,no,,,8d97d168-3a62-4792-8a52-8b28b3b059ec,2026-06-30 08:57:00,2026-06-30 08:50:00,tester_03,2026-06-30 08:57:11,https://www.commcarehq.org/a/commcare-learn-ahmad/reports/form_data/1dcae5b7-5130-4606-9f3a-c56399197d51/,tester_03,7.0
663,a4f03224-cb74-49ab-a8de-0f46468965c0,2026-03-19,livestock_management,,Village Square,Trainer 1,yes,full_attendance,,04091d4a-f298-4708-998d-0c4eb2d51e98,2026-03-19 08:12:00,2026-03-19 08:06:00,tester_02,2026-03-19 08:12:09,https://www.commcarehq.org/a/commcare-learn-ahmad/reports/form_data/a4f03224-cb74-49ab-a8de-0f46468965c0/,tester_02,6.0
664,338ee4eb-026c-4e43-984a-9e8eef1581c0,2026-08-28,record_keeping,,Primary School,Trainer 4,no,,,c82e344b-438d-429e-8608-bb821d20cdcb,2026-08-28 09:11:00,2026-08-28 09:07:00,tester_06,2026-08-28 09:11:12,https://www.commcarehq.org/a/commcare-learn-ahmad/reports/form_data/338ee4eb-026c-4e43-984a-9e8eef1581c0/,tester_06,4.0
665,469ab9c6-1939-4d1c-b54b-52c4b41c6f5f,2026-06-11,irrigation_and_water_management,,Village Square,Trainer 3,yes,full_attendance,,9e4e6883-c617-4634-bb1f-e662050e185b,2026-06-11 15:56:00,2026-06-11 15:50:00,tester_02,2026-06-11 15:56:20,https://www.commcarehq.org/a/commcare-learn-ahmad/reports/form_data/469ab9c6-1939-4d1c-b54b-52c4b41c6f5f/,tester_02,6.0
666,13cd3e02-37ea-470d-93cc-08ba7fde1bcf,2026-05-22,good_agronomic_practices,,Extension Office,Trainer 2,yes,full_attendance,,916ba989-1cf1-4782-b1bd-6a51b9f3c709,2026-05-22 15:49:00,2026-05-22 15:46:00,tester_04,2026-05-22 15:49:11,https://www.commcarehq.org/a/commcare-learn-ahmad/reports/form_data/13cd3e02-37ea-470d-93cc-08ba7fde1bcf/,tester_04,3.0
667,4220c2a3-d794-45d8-a988-b7bfcf64f2a2,2026-07-08,soil_fertility_management,,Extension Office,Trainer 1,yes,full_attendance,,5e4361dc-046c-4761-a1d6-347226a631cb,2026-07-08 14:37:00,2026-07-08 14:32:00,tester_06,2026-07-08 14:37:16,https://www.commcarehq.org/a/commcare-learn-ahmad/reports/form_data/4220c2a3-d794-45d8-a988-b7bfcf64f2a2/,tester_06,5.0
668,58e7f6f8-b160-48de-a033-5c3a4954a7d6,2026-08-12,soil_fertility_management,,Community Hall,Trainer 3,yes,full_attendance,,a345bf38-7f94-407a-888f-3fc8d8d02c69,2026-08-12 13:14:00,2026-08-12 13:10:00,tester_05,2026-08-12 13:14:06,https://www.commcarehq.org/a/commcare-learn-ahmad/reports/form_data/58e7f6f8-b160-48de-a033-5c3a4954a7d6/,tester_05,4.0
669,a4e5ec1b-4151-4ac4-9f55-a8104ace36fa,2026-06-11,soil_fertility_management,,Community Hall,Trainer 1,yes,full_attendance,,6557e504-79cc-4ea7-8c73-897d964d99ea,2026-06-11 12:25:00,2026-06-11 12:19:00,tester_07,2026-06-11 12:25:19,https://www.commcarehq.org/a/commcare-learn-ahmad/reports/form_data/a4e5ec1b-4151-4ac4-9f55-a8104ace36fa/,tester_07,6.0
670,703afb77-5f90-4e42-bac2-11f6fa84877f,2026-04-09,other,Climate Smart Agriculture,Farmer Cooperative Centre,Trainer 5,yes,full_attendance,,4bdbae31-c606-4bbb-83ab-aa9615c40824,2026-04-09 14:14:00,2026-04-09 14:06:00,tester_03,2026-04-09 14:14:09,https://www.commcarehq.org/a/commcare-learn-ahmad/reports/form_data/703afb77-5f90-4e42-bac2-11f6fa84877f/,tester_03,8.0
671,74fb7f00-0a75-4854-af66-a2355b03c699,2026-05-17,soil_fertility_management,,Extension Office,Trainer 5,yes,full_attendance,,5a4c18db-2bbf-4772-bd5a-66b1ba645bc0,2026-05-17 08:51:00,2026-05-17 08:48:00,tester_05,2026-05-17 08:51:08,https://www.commcarehq.org/a/commcare-learn-ahmad/reports/form_data/74fb7f00-0a75-4854-af66-a2355b03c699/,tester_05,3.0
672,7d762784-a4a7-42f8-9463-ff4bf6e91882,2026-08-17,soil_fertility_management,,Farmer Cooperative Centre,Trainer 2,no,,,6a79f8b0-98fd-477a-b914-633dd4669b19,2026-08-17 11:07:00,2026-08-17 11:05:00,tester_06,2026-08-17 11:07:10,https://www.commcarehq.org/a/commcare-learn-ahmad/reports/form_data/7d762784-a4a7-42f8-9463-ff4bf6e91882/,tester_06,2.0
673,05ae8a26-7a43-4d6a-99d1-5cb475bd8974,2026-04-20,livestock_management,,Primary School,Trainer 4,yes,full_attendance,,20daa355-d702-4bbe-83e7-c4ba4d9e8e02,2026-04-20 11:28:00,2026-04-20 11:23:00,tester_01,2026-04-20 11:28:05,https://www.commcarehq.org/a/commcare-learn-ahmad/reports/form_data/05ae8a26-7a43-4d6a-99d1-5cb475bd8974/,tester_01,5.0
674,c9968e1e-7a98-476c-9aa4-6f0f8d5099fc,2026-03-22,record_keeping,,Community Hall,Trainer 4,yes,full_attendance,,5ca37087-5a25-4023-b42f-f108463e10e4,2026-03-22 13:26:00,2026-03-22 13:23:00,tester_06,2026-03-22 13:26:14,https://www.commcarehq.org/a/commcare-learn-ahmad/reports/form_data/c9968e1e-7a98-476c-9aa4-6f0f8d5099fc/,tester_06,3.0
675,b9051131-73f9-4075-89d3-ab4e930de7c1,2026-02-12,livestock_management,,Extension Office,Trainer 1,yes,full_attendance,,a76d7469-2672-486a-833f-66b986669e1f,2026-02-12 14:00:00,2026-02-12 13:58:00,tester_04,2026-02-12 14:00:13,https://www.commcarehq.org/a/commcare-learn-ahmad/reports/form_data/b9051131-73f9-4075-89d3-ab4e930de7c1/,tester_04,2.0
676,92ece700-b683-4794-8325-6b8ea4cf99a9,2026-06-05,soil_fertility_management,,Community Hall,Trainer 3,yes,full_attendance,,d5ff0236-afe1-47a4-81b7-137ff199919a,2026-06-05 13:44:00,2026-06-05 13:36:00,tester_07,2026-06-05 13:44:10,https://www.commcarehq.org/a/commcare-learn-ahmad/reports/form_data/92ece700-b683-4794-8325-6b8ea4cf99a9/,tester_07,8.0
677,822254d1-f5da-4a3d-812b-0a6907d903b3,2026-06-19,livestock_management,,Village Square,Trainer 3,no,,,fd3d0210-d30d-4fa3-8130-c8e85bc891a3,2026-06-19 15:39:00,2026-06-19 15:34:00,tester_07,2026-06-19 15:39:06,https://www.commcarehq.org/a/commcare-learn-ahmad/reports/form_data/822254d1-f5da-4a3d-812b-0a6907d903b3/,tester_07,5.0
678,242362e8-ee31-414f-beb4-c0dcf9ea9bdc,2026-08-07,irrigation_and_water_management,,Primary School,Trainer 3,yes,full_attendance,,fa547fe5-7db5-4e2d-974e-f5c224b96af4,2026-08-07 13:23:00,2026-08-07 13:15:00,tester_05,2026-08-07 13:23:19,https://www.commcarehq.org/a/commcare-learn-ahmad/reports/form_data/242362e8-ee31-414f-beb4-c0dcf9ea9bdc/,tester_05,8.0
679,1496f28c-50fe-4e4e-8f6b-c78b148f3f78,2026-06-10,good_agronomic_practices,,Village Square,Trainer 4,yes,full_attendance,,a7c8c4e3-0160-4fd3-8b25-1c0e7a908b1d,2026-06-10 15:53:00,2026-06-10 15:51:00,tester_06,2026-06-10 15:53:17,https://www.commcarehq.org/a/commcare-learn-ahmad/reports/form_data/1496f28c-50fe-4e4e-8f6b-c78b148f3f78/,tester_06,2.0
680,15a13c24-e87c-445a-8327-914a2ed3ec33,2026-09-11,livestock_management,,Village Square,Trainer 1,yes,partial_attendance,personal_emergency,e0cbd91d-112b-4c39-895c-0f74d5badf94,2026-09-11 12:07:00,2026-09-11 12:03:00,tester_01,2026-09-11 12:07:14,https://www.commcarehq.org/a/commcare-learn-ahmad/reports/form_data/15a13c24-e87c-445a-8327-914a2ed3ec33/,tester_01,4.0
681,a97dee34-4797-4e17-853c-3932ef9111c4,2026-08-21,pest_and_disease_management,,Community Hall,Trainer 5,yes,partial_attendance,other,95eecf74-a0c3-4b8a-9946-f32cc9d0fe5e,2026-08-21 14:14:00,2026-08-21 14:07:00,tester_03,2026-08-21 14:14:07,https://www.commcarehq.org/a/commcare-learn-ahmad/reports/form_data/a97dee34-4797-4e17-853c-3932ef9111c4/,tester_03,7.0
682,6f31c36d-ab1f-466c-9631-c7b546050e6c,2026-03-28,pest_and_disease_management,,Farmer Cooperative Centre,Trainer 2,yes,full_attendance,,b4b1e71d-85ba-4b29-9867-ab5f69318919,2026-03-28 15:26:00,2026-03-28 15:20:00,tester_01,2026-03-28 15:26:07,https://www.commcarehq.org/a/commcare-learn-ahmad/reports/form_data/6f31c36d-ab1f-466c-9631-c7b546050e6c/,tester_01,6.0
683,6d73a253-e5c1-448c-825f-efea490e8b53,2026-04-14,soil_fertility_management,,Village Square,Trainer 2,yes,full_attendance,,2f0ce315-8193-4a3c-83d4-1cf4e1eb763f,2026-04-14 13:13:00,2026-04-14 13:11:00,tester_03,2026-04-14 13:13:17,https://www.commcarehq.org/a/commcare-learn-ahmad/reports/form_data/6d73a253-e5c1-448c-825f-efea490e8b53/,tester_03,2.0
684,ee2865c2-a767-4979-9ece-5781e6feaac7,2026-06-30,record_keeping,,Village Square,Trainer 5,yes,partial_attendance,other,7efbba04-a59b-4cb7-a2b6-5ecc3cc753e2,2026-06-30 09:06:00,2026-06-30 09:02:00,tester_04,2026-06-30 09:06:05,https://www.commcarehq.org/a/commcare-learn-ahmad/reports/form_data/ee2865c2-a767-4979-9ece-5781e6feaac7/,tester_04,4.0
685,80875519-dffd-4fe2-a454-212fa037f4e3,2026-05-04,soil_fertility_management,,Farmer Cooperative Centre,Trainer 3,yes,full_attendance,,78f011ea-1499-4d50-b37f-2f565d494685,2026-05-04 11:20:00,2026-05-04 11:14:00,tester_02,2026-05-04 11:20:16,https://www.commcarehq.org/a/commcare-learn-ahmad/reports/form_data/80875519-dffd-4fe2-a454-212fa037f4e3/,tester_02,6.0
686,95438e2e-c5b8-4a7d-814b-1d49cb505039,2026-02-20,other,Post Harvest Handling,Village Square,Trainer 5,yes,full_attendance,,97d3d6fd-9075-4eae-b295-fccecbe874f0,2026-02-20 10:06:00,2026-02-20 10:04:00,tester_04,2026-02-20 10:06:12,https://www.commcarehq.org/a/commcare-learn-ahmad/reports/form_data/95438e2e-c5b8-4a7d-814b-1d49cb505039/,tester_04,2.0
687,e9d2bc7d-01c7-4e0a-a593-6e148d87cb5d,2026-02-02,livestock_management,,Extension Office,Trainer 5,yes,full_attendance,,95b75942-3039-4a7a-8a49-dd4ac2e9d677,2026-02-02 10:42:00,2026-02-02 10:34:00,tester_02,2026-02-02 10:42:17,https://www.commcarehq.org/a/commcare-learn-ahmad/reports/form_data/e9d2bc7d-01c7-4e0a-a593-6e148d87cb5d/,tester_02,8.0
688,64ee04af-aabd-4642-a6b2-bdecaefb7af2,2026-05-28,other,Post Harvest Handling,Community Hall,Trainer 5,yes,full_attendance,,da86470f-7d13-4b70-a431-f0c9728de9ec,2026-05-28 15:58:00,2026-05-28 15:54:00,tester_01,2026-05-28 15:58:06,https://www.commcarehq.org/a/commcare-learn-ahmad/reports/form_data/64ee04af-aabd-4642-a6b2-bdecaefb7af2/,tester_01,4.0
689,f543412d-2ceb-4401-918e-ff81197c9914,2026-04-07,soil_fertility_management,,Farmer Cooperative Centre,Trainer 1,yes,full_attendance,,de9f894a-7573-4f2b-9e56-b85b8936fdfc,2026-04-07 12:17:00,2026-04-07 12:11:00,tester_03,2026-04-07 12:17:16,https://www.commcarehq.org/a/commcare-learn-ahmad/reports/form_data/f543412d-2ceb-4401-918e-ff81197c9914/,tester_03,6.0
690,00f6ae49-f5bf-4ad3-a93e-3b0543670fa2,2026-07-23,irrigation_and_water_management,,Extension Office,Trainer 5,yes,full_attendance,,78968063-a72f-4e3b-bfe1-cb89002ce970,2026-07-23 09:10:00,2026-07-23 09:08:00,tester_05,2026-07-23 09:10:20,https://www.commcarehq.org/a/commcare-learn-ahmad/reports/form_data/00f6ae49-f5bf-4ad3-a93e-3b0543670fa2/,tester_05,2.0
691,c613a188-70ee-4c8a-93f0-37998a03eb10,2026-10-03,livestock_management,,Primary School,Trainer 5,yes,full_attendance,,351f2323-cc41-4f6b-818d-3983350949d7,2026-10-03 15:32:00,2026-10-03 15:25:00,tester_05,2026-10-03 15:32:11,https://www.commcarehq.org/a/commcare-learn-ahmad/reports/form_data/c613a188-70ee-4c8a-93f0-37998a03eb10/,tester_05,7.0
692,af4b1bcb-038f-408e-9b18-ed63e18f0589,2026-07-21,livestock_management,,Community Hall,Trainer 5,yes,full_attendance,,d780d4d2-b25e-4b34-9df9-424815286330,2026-07-21 10:29:00,2026-07-21 10:27:00,tester_02,2026-07-21 10:29:12,https://www.commcarehq.org/a/commcare-learn-ahmad/reports/form_data/af4b1bcb-038f-408e-9b18-ed63e18f0589/,tester_02,2.0
693,a410c952-4247-49a4-8a66-c3e96bdf6cef,2026-09-25,pest_and_disease_management,,Farmer Cooperative Centre,Trainer 3,yes,full_attendance,,cc763b3d-f1ba-462b-b34d-2854a15ba2fa,2026-09-25 09:00:00,2026-09-25 08:57:00,tester_01,2026-09-25 09:00:15,https://www.commcarehq.org/a/commcare-learn-ahmad/reports/form_data/a410c952-4247-49a4-8a66-c3e96bdf6cef/,tester_01,3.0
694,8407a0e5-b3b3-45de-a716-0a8a7e8ee5b8,2026-03-25,record_keeping,,Village Square,Trainer 4,yes,full_attendance,,d0b9456f-8e86-4211-85be-b937e5887b18,2026-03-25 14:19:00,2026-03-25 14:13:00,tester_01,2026-03-25 14:19:19,https://www.commcarehq.org/a/commcare-learn-ahmad/reports/form_data/8407a0e5-b3b3-45de-a716-0a8a7e8ee5b8/,tester_01,6.0
695,eaafc485-e696-4ee5-8bc7-c07b837d3852,2026-06-05,irrigation_and_water_management,,Farmer Cooperative Centre,Trainer 1,yes,full_attendance,,a832a95c-6e0e-44c8-8791-fcb7ca70d57f,2026-06-05 15:38:00,2026-06-05 15:32:00,tester_02,2026-06-05 15:38:11,https://www.commcarehq.org/a/commcare-learn-ahmad/reports/form_data/eaafc485-e696-4ee5-8bc7-c07b837d3852/,tester_02,6.0
696,ae368118-4cc0-4950-8fcd-60e028bd9d78,2026-03-22,soil_fertility_management,,Farmer Cooperative Centre,Trainer 4,yes,full_attendance,,c47a164c-58b8-4b3e-9998-f3ccde59fcb0,2026-03-22 13:41:00,2026-03-22 13:33:00,tester_06,2026-03-22 13:41:18,https://www.commcarehq.org/a/commcare-learn-ahmad/reports/form_data/ae368118-4cc0-4950-8fcd-60e028bd9d78/,tester_06,8.0
697,3c1c9097-3c27-4415-86e6-605afee7ad6c,2026-08-24,good_agronomic_practices,,Farmer Cooperative Centre,Trainer 4,yes,partial_attendance,left_early,ed123977-aaa3-41a1-a42e-47ed2abd423b,2026-08-24 15:22:00,2026-08-24 15:17:00,tester_03,2026-08-24 15:22:16,https://www.commcarehq.org/a/commcare-learn-ahmad/reports/form_data/3c1c9097-3c27-4415-86e6-605afee7ad6c/,tester_03,5.0
698,9105b9b7-c0be-4f46-b8e5-5a0a01cefd6d,2026-08-18,good_agronomic_practices,,Village Square,Trainer 2,no,,,eb37d6d3-e612-4682-a098-ce1c30dc3c77,2026-08-18 15:33:00,2026-08-18 15:26:00,tester_05,2026-08-18 15:33:11,https://www.commcarehq.org/a/commcare-learn-ahmad/reports/form_data/9105b9b7-c0be-4f46-b8e5-5a0a01cefd6d/,tester_05,7.0
699,0f4fde8d-bd98-4810-85b6-96cc2713495f,2026-07-14,other,Post Harvest Handling,Extension Office,Trainer 2,yes,full_attendance,,9758b372-dc8f-4683-a3e9-3dd2218b1d9f,2026-07-14 15:46:00,2026-07-14 15:43:00,tester_07,2026-07-14 15:46:13,https://www.commcarehq.org/a/commcare-learn-ahmad/reports/form_data/0f4fde8d-bd98-4810-85b6-96cc2713495f/,tester_07,3.0
700,7425bf2a-ca11-451b-88f5-45631b9bd371,2026-08-09,soil_fertility_management,,Extension Office,Trainer 4,yes,partial_attendance,left_early,d4d700d0-df87-4704-a92d-52dd26989f9d,2026-08-09 11:30:00,2026-08-09 11:26:00,tester_03,2026-08-09 11:30:13,https://www.commcarehq.org/a/commcare-learn-ahmad/reports/form_data/7425bf2a-ca11-451b-88f5-45631b9bd371/,tester_03,4.0
701,4299abfa-82e8-4686-9dc4-5debb9f34b25,2026-04-13,soil_fertility_management,,Community Hall,Trainer 3,yes,partial_attendance,personal_emergency,5effb490-c53d-4d7c-8643-0e36dd354cb3,2026-04-13 14:30:00,2026-04-13 14:23:00,tester_01,2026-04-13 14:30:20,https://www.commcarehq.org/a/commcare-learn-ahmad/reports/form_data/4299abfa-82e8-4686-9dc4-5debb9f34b25/,tester_01,7.0
702,b8f26fe6-2c52-4597-af61-43910054f9ba,2026-04-05,irrigation_and_water_management,,Primary School,Trainer 1,yes,partial_attendance,left_early,a91faa21-d14e-4dcf-acd1-03238d11b3af,2026-04-05 11:10:00,2026-04-05 11:03:00,tester_01,2026-04-05 11:10:07,https://www.commcarehq.org/a/commcare-learn-ahmad/reports/form_data/b8f26fe6-2c52-4597-af61-43910054f9ba/,tester_01,7.0
703,35bef7e8-f1f9-41cf-b35d-05264be6958e,2026-08-20,livestock_management,,Primary School,Trainer 2,yes,full_attendance,,978fda04-d958-456b-a7ca-184d647c7b1f,2026-08-20 13:03:00,2026-08-20 12:58:00,tester_06,2026-08-20 13:03:11,https://www.commcarehq.org/a/commcare-learn-ahmad/reports/form_data/35bef7e8-f1f9-41cf-b35d-05264be6958e/,tester_06,5.0
704,e5534473-8d5a-481b-83f7-0ac96522a06c,2026-08-18,livestock_management,,Community Hall,Trainer 1,yes,partial_attendance,arrived_late,63ee3c4d-22f3-48d6-9ac9-ba42c53cf1d3,2026-08-18 12:17:00,2026-08-18 12:12:00,tester_03,2026-08-18 12:17:09,https://www.commcarehq.org/a/commcare-learn-ahmad/reports/form_data/e5534473-8d5a-481b-83f7-0ac96522a06c/,tester_03,5.0
705,5fef148c-1fa6-49b2-bd87-0bd4690c0fa9,2026-08-09,soil_fertility_management,,Extension Office,Trainer 4,yes,full_attendance,,775f9a4e-67e5-4a4f-9e79-717e97573a72,2026-08-09 13:35:00,2026-08-09 13:30:00,tester_07,2026-08-09 13:35:09,https://www.commcarehq.org/a/commcare-learn-ahmad/reports/form_data/5fef148c-1fa6-49b2-bd87-0bd4690c0fa9/,tester_07,5.0
706,e7783031-2d75-4387-af7b-91981408ac8f,2026-01-20,other,Post Harvest Handling,Farmer Cooperative Centre,Trainer 1,yes,partial_attendance,personal_emergency,3e4755d3-cdc5-4f51-be20-c64e922f0a30,2026-01-20 08:36:00,2026-01-20 08:30:00,tester_01,2026-01-20 08:36:09,https://www.commcarehq.org/a/commcare-learn-ahmad/reports/form_data/e7783031-2d75-4387-af7b-91981408ac8f/,tester_01,6.0
707,8efc49d2-f0b3-4e3f-a42f-7eefea2373b7,2026-06-03,other,Financial Literacy,Village Square,Trainer 5,yes,full_attendance,,7e7af03d-cf17-4443-83d7-eb06f24c60e0,2026-06-03 09:14:00,2026-06-03 09:08:00,tester_06,2026-06-03 09:14:08,https://www.commcarehq.org/a/commcare-learn-ahmad/reports/form_data/8efc49d2-f0b3-4e3f-a42f-7eefea2373b7/,tester_06,6.0
708,d76157f1-c120-4c4c-ad52-4595655c2dba,2026-07-02,pest_and_disease_management,,Extension Office,Trainer 4,no,,,9429b14c-738d-4121-9856-db71b2056ffb,2026-07-02 13:16:00,2026-07-02 13:12:00,tester_06,2026-07-02 13:16:09,https://www.commcarehq.org/a/commcare-learn-ahmad/reports/form_data/d76157f1-c120-4c4c-ad52-4595655c2dba/,tester_06,4.0
709,f1d99954-c65a-4848-bcb1-aefa16c78679,2026-06-16,irrigation_and_water_management,,Community Hall,Trainer 5,yes,full_attendance,,d051b189-b758-484e-8929-c0c7bfb0fc10,2026-06-16 14:58:00,2026-06-16 14:55:00,tester_03,2026-06-16 14:58:08,https://www.commcarehq.org/a/commcare-learn-ahmad/reports/form_data/f1d99954-c65a-4848-bcb1-aefa16c78679/,tester_03,3.0
710,3d7110ed-dc8d-43bd-99a4-6e4df2742fe0,2026-08-10,soil_fertility_management,,Community Hall,Trainer 5,yes,full_attendance,,f6a6441a-cb70-4268-ba37-47a5d696930d,2026-08-10 16:03:00,2026-08-10 16:00:00,tester_02,2026-08-10 16:03:16,https://www.commcarehq.org/a/commcare-learn-ahmad/reports/form_data/3d7110ed-dc8d-43bd-99a4-6e4df2742fe0/,tester_02,3.0
711,346184f0-7629-4787-b0ec-0b3857123a21,2026-05-15,good_agronomic_practices,,Farmer Cooperative Centre,Trainer 2,yes,full_attendance,,57308113-9620-4a23-97a5-61b8ebeaff72,2026-05-15 12:47:00,2026-05-15 12:43:00,tester_04,2026-05-15 12:47:10,https://www.commcarehq.org/a/commcare-learn-ahmad/reports/form_data/346184f0-7629-4787-b0ec-0b3857123a21/,tester_04,4.0
712,f6b5ab62-2d2a-439c-9f80-f7fccc87b01d,2026-10-08,record_keeping,,Primary School,Trainer 2,yes,full_attendance,,b7792ce0-45df-4dca-a772-c65bc118f7c2,2026-10-08 13:32:00,2026-10-08 13:25:00,tester_01,2026-10-08 13:32:17,https://www.commcarehq.org/a/commcare-learn-ahmad/reports/form_data/f6b5ab62-2d2a-439c-9f80-f7fccc87b01d/,tester_01,7.0
713,f4bb77cf-f36f-472d-9fea-e3da4cb0884b,2026-05-28,soil_fertility_management,,Community Hall,Trainer 5,yes,full_attendance,,832349f7-5921-47dc-a236-d4224f8f4465,2026-05-28 09:06:00,2026-05-28 09:04:00,tester_06,2026-05-28 09:06:18,https://www.commcarehq.org/a/commcare-learn-ahmad/reports/form_data/f4bb77cf-f36f-472d-9fea-e3da4cb0884b/,tester_06,2.0
714,ca75c5c9-718c-49b0-9421-87873e55e21a,2026-06-19,pest_and_disease_management,,Extension Office,Trainer 3,yes,full_attendance,,b1c4c6ac-812f-44c1-8c79-5cf49f32f5af,2026-06-19 12:55:00,2026-06-19 12:47:00,tester_05,2026-06-19 12:55:13,https://www.commcarehq.org/a/commcare-learn-ahmad/reports/form_data/ca75c5c9-718c-49b0-9421-87873e55e21a/,tester_05,8.0
715,267d2c73-5af1-407d-850d-d5a200670f8a,2026-04-01,good_agronomic_practices,,Farmer Cooperative Centre,Trainer 5,yes,full_attendance,,cd91124d-6b36-4e09-b9de-2e21529571b2,2026-04-01 14:46:00,2026-04-01 14:40:00,tester_01,2026-04-01 14:46:05,https://www.commcarehq.org/a/commcare-learn-ahmad/reports/form_data/267d2c73-5af1-407d-850d-d5a200670f8a/,tester_01,6.0
716,3f320595-2b8b-4092-aafa-0b2d40a96f2c,2026-01-16,livestock_management,,Primary School,Trainer 1,yes,full_attendance,,0eeb95f8-f46f-4c2e-a8ee-9458a51bbc30,2026-01-16 13:36:00,2026-01-16 13:32:00,tester_06,2026-01-16 13:36:12,https://www.commcarehq.org/a/commcare-learn-ahmad/reports/form_data/3f320595-2b8b-4092-aafa-0b2d40a96f2c/,tester_06,4.0
717,bf31647c-9777-4d63-9c0b-bf8ada3332d8,2026-01-26,livestock_management,,Village Square,Trainer 1,yes,full_attendance,,6e1b29ce-b4af-4aa7-9982-6d2a4dd921d2,2026-01-26 15:42:00,2026-01-26 15:40:00,tester_06,2026-01-26 15:42:17,https://www.commcarehq.org/a/commcare-learn-ahmad/reports/form_data/bf31647c-9777-4d63-9c0b-bf8ada3332d8/,tester_06,2.0
718,4b7c57e3-5aa9-4f23-9c66-7dad84b09262,2026-05-22,livestock_management,,Extension Office,Trainer 1,yes,full_attendance,,be096d12-18c8-4bc8-8e3f-31cfe67f3869,2026-05-22 08:20:00,2026-05-22 08:13:00,tester_02,2026-05-22 08:20:07,https://www.commcarehq.org/a/commcare-learn-ahmad/reports/form_data/4b7c57e3-5aa9-4f23-9c66-7dad84b09262/,tester_02,7.0
719,81bd851e-2648-4acd-94d7-6784f472f25a,2026-09-29,pest_and_disease_management,,Farmer Cooperative Centre,Trainer 1,yes,full_attendance,,13afc0b5-322c-498a-bfad-fd8835f6779c,2026-09-29 14:57:00,2026-09-29 14:49:00,tester_07,2026-09-29 14:57:13,https://www.commcarehq.org/a/commcare-learn-ahmad/reports/form_data/81bd851e-2648-4acd-94d7-6784f472f25a/,tester_07,8.0
720,55de4bb9-f679-4e3c-9e08-19af076e3479,2026-09-05,good_agronomic_practices,,Primary School,Trainer 1,no,,,8632cbf0-f779-440c-8419-1e3f487aa243,2026-09-05 09:24:00,2026-09-05 09:18:00,tester_06,2026-09-05 09:24:16,https://www.commcarehq.org/a/commcare-learn-ahmad/reports/form_data/55de4bb9-f679-4e3c-9e08-19af076e3479/,tester_06,6.0
721,7405829e-3838-4e0c-af06-146c30688bf0,2026-05-11,irrigation_and_water_management,,Farmer Cooperative Centre,Trainer 2,no,,,6ee66e0e-ad1f-44f2-91ba-fdb8f6c283ee,2026-05-11 10:20:00,2026-05-11 10:16:00,tester_06,2026-05-11 10:20:20,https://www.commcarehq.org/a/commcare-learn-ahmad/reports/form_data/7405829e-3838-4e0c-af06-146c30688bf0/,tester_06,4.0
722,c63f6cdd-3ecd-4ade-b317-352517456b10,2026-06-21,irrigation_and_water_management,,Village Square,Trainer 4,yes,partial_attendance,other,c556fbea-c6a7-4e04-bdc5-444bd12a08cd,2026-06-21 11:12:00,2026-06-21 11:07:00,tester_02,2026-06-21 11:12:15,https://www.commcarehq.org/a/commcare-learn-ahmad/reports/form_data/c63f6cdd-3ecd-4ade-b317-352517456b10/,tester_02,5.0
723,3d25a97f-c95f-4210-a701-7206387649b7,2026-05-25,pest_and_disease_management,,Extension Office,Trainer 5,yes,full_attendance,,c1bb815d-0b8c-4153-8b9e-6a74b477deab,2026-05-25 10:14:00,2026-05-25 10:12:00,tester_01,2026-05-25 10:14:09,https://www.commcarehq.org/a/commcare-learn-ahmad/reports/form_data/3d25a97f-c95f-4210-a701-7206387649b7/,tester_01,2.0
724,c04aafcd-49bb-40a0-8e8d-2759e6dfcd9a,2026-07-29,soil_fertility_management,,Farmer Cooperative Centre,Trainer 4,yes,partial_attendance,arrived_late,354c3ee0-32e0-4aa2-a3a5-0febe6494c3d,2026-07-29 09:54:00,2026-07-29 09:52:00,tester_05,2026-07-29 09:54:20,https://www.commcarehq.org/a/commcare-learn-ahmad/reports/form_data/c04aafcd-49bb-40a0-8e8d-2759e6dfcd9a/,tester_05,2.0
725,c177b8a2-e3be-4662-ba0f-89cdca6cb7f5,2026-04-17,pest_and_disease_management,,Farmer Cooperative Centre,Trainer 3,yes,full_attendance,,fefbcd29-8391-406d-84b5-3d5b72a221d8,2026-04-17 12:49:00,2026-04-17 12:45:00,tester_02,2026-04-17 12:49:15,https://www.commcarehq.org/a/commcare-learn-ahmad/reports/form_data/c177b8a2-e3be-4662-ba0f-89cdca6cb7f5/,tester_02,4.0
726,8a1f1b66-ee97-4ef8-9afa-d00c43efb479,2026-08-12,soil_fertility_management,,Community Hall,Trainer 4,yes,full_attendance,,6ce0ca69-786d-4386-b691-813640ab52fc,2026-08-12 12:24:00,2026-08-12 12:20:00,tester_01,2026-08-12 12:24:16,https://www.commcarehq.org/a/commcare-learn-ahmad/reports/form_data/8a1f1b66-ee97-4ef8-9afa-d00c43efb479/,tester_01,4.0
727,c7cdb0ad-39bc-4b96-a301-54fb6c01b816,2026-04-18,record_keeping,,Farmer Cooperative Centre,Trainer 3,yes,full_attendance,,cc217db6-ace6-4160-ac37-a703de206a6e,2026-04-18 10:07:00,2026-04-18 10:05:00,tester_02,2026-04-18 10:07:18,https://www.commcarehq.org/a/commcare-learn-ahmad/reports/form_data/c7cdb0ad-39bc-4b96-a301-54fb6c01b816/,tester_02,2.0
728,9b347ff4-b189-473d-9659-619f8283571e,2026-01-28,pest_and_disease_management,,Farmer Cooperative Centre,Trainer 1,yes,full_attendance,,883d8604-daae-405e-ae6f-63297e8a3280,2026-01-28 13:02:00,2026-01-28 12:57:00,tester_02,2026-01-28 13:02:12,https://www.commcarehq.org/a/commcare-learn-ahmad/reports/form_data/9b347ff4-b189-473d-9659-619f8283571e/,tester_02,5.0
729,d90efc3e-32dc-4105-8a8b-e11ebc473221,2026-05-01,irrigation_and_water_management,,Village Square,Trainer 5,yes,partial_attendance,other,e934bfb0-303f-4228-9a86-34b012f8da82,2026-05-01 15:06:00,2026-05-01 14:58:00,tester_04,2026-05-01 15:06:18,https://www.commcarehq.org/a/commcare-learn-ahmad/reports/form_data/d90efc3e-32dc-4105-8a8b-e11ebc473221/,tester_04,8.0
730,62507ca6-1838-462f-8158-f5a24f4d1019,2026-03-18,soil_fertility_management,,Community Hall,Trainer 4,yes,full_attendance,,f8f318bb-43dd-48b9-9bcc-e869fac665e9,2026-03-18 10:55:00,2026-03-18 10:53:00,tester_01,2026-03-18 10:55:17,https://www.commcarehq.org/a/commcare-learn-ahmad/reports/form_data/62507ca6-1838-462f-8158-f5a24f4d1019/,tester_01,2.0
731,c96a7cff-10a4-438a-8721-deb8684c6672,2026-03-02,good_agronomic_practices,,Primary School,Trainer 5,yes,partial_attendance,other,016297c9-ab41-42ab-8547-52d173fb3c2d,2026-03-02 08:14:00,2026-03-02 08:11:00,tester_05,2026-03-02 08:14:20,https://www.commcarehq.org/a/commcare-learn-ahmad/reports/form_data/c96a7cff-10a4-438a-8721-deb8684c6672/,tester_05,3.0
732,305cdf8c-80b9-40f1-8838-75e9f52f3562,2026-09-21,livestock_management,,Primary School,Trainer 2,yes,full_attendance,,8a9ef794-cc05-4ef1-89e3-132703702328,2026-09-21 08:33:00,2026-09-21 08:28:00,tester_01,2026-09-21 08:33:11,https://www.commcarehq.org/a/commcare-learn-ahmad/reports/form_data/305cdf8c-80b9-40f1-8838-75e9f52f3562/,tester_01,5.0
733,360e3433-88cc-4382-aceb-4dcb43b4b2cf,2026-08-16,other,Climate Smart Agriculture,Extension Office,Trainer 1,yes,full_attendance,,a1b946cf-f2de-49a8-b010-3f1432b30099,2026-08-16 10:36:00,2026-08-16 10:31:00,tester_07,2026-08-16 10:36:12,https://www.commcarehq.org/a/commcare-learn-ahmad/reports/form_data/360e3433-88cc-4382-aceb-4dcb43b4b2cf/,tester_07,5.0
734,c19025d9-ad8a-446d-8fe6-32076d0252ce,2026-08-12,irrigation_and_water_management,,Farmer Cooperative Centre,Trainer 5,yes,partial_attendance,arrived_late,a7cba75d-3f73-487b-8d89-2beb2037d17d,2026-08-12 13:23:00,2026-08-12 13:21:00,tester_06,2026-08-12 13:23:06,https://www.commcarehq.org/a/commcare-learn-ahmad/reports/form_data/c19025d9-ad8a-446d-8fe6-32076d0252ce/,tester_06,2.0
735,c107151b-dd2d-48ea-9ceb-174e5882f79b,2026-08-06,soil_fertility_management,,Extension Office,Trainer 2,yes,full_attendance,,c184e59a-dcb9-41ac-abe0-daea9f1f61b0,2026-08-06 15:08:00,2026-08-06 15:01:00,tester_06,2026-08-06 15:08:15,https://www.commcarehq.org/a/commcare-learn-ahmad/reports/form_data/c107151b-dd2d-48ea-9ceb-174e5882f79b/,tester_06,7.0
736,60ca5575-d66d-45fc-a316-a32181e23e6c,2026-05-08,record_keeping,,Community Hall,Trainer 4,yes,full_attendance,,ca4e650c-c432-41ab-b633-113d367aa115,2026-05-08 14:42:00,2026-05-08 14:37:00,tester_03,2026-05-08 14:42:16,https://www.commcarehq.org/a/commcare-learn-ahmad/reports/form_data/60ca5575-d66d-45fc-a316-a32181e23e6c/,tester_03,5.0
737,eeb15fa5-8bff-41bd-8b13-a90002338b0f,2026-03-25,good_agronomic_practices,,Community Hall,Trainer 5,yes,full_attendance,,65978f35-8dc5-48f9-80bf-607274bf1091,2026-03-25 15:19:00,2026-03-25 15:13:00,tester_01,2026-03-25 15:19:10,https://www.commcarehq.org/a/commcare-learn-ahmad/reports/form_data/eeb15fa5-8bff-41bd-8b13-a90002338b0f/,tester_01,6.0
738,aeb84051-24b9-4e55-9df7-8fe3a19da8c5,2026-09-10,irrigation_and_water_management,,Community Hall,Trainer 1,yes,full_attendance,,8669a8bc-b527-411e-8378-396d02a2c8f8,2026-09-10 12:35:00,2026-09-10 12:32:00,tester_04,2026-09-10 12:35:06,https://www.commcarehq.org/a/commcare-learn-ahmad/reports/form_data/aeb84051-24b9-4e55-9df7-8fe3a19da8c5/,tester_04,3.0
739,b6a52f83-dc68-4134-aef6-eee2cc1c0866,2026-06-13,livestock_management,,Farmer Cooperative Centre,Trainer 3,yes,partial_attendance,other,bdc3620d-7655-4fe2-8fdd-89394819e214,2026-06-13 11:39:00,2026-06-13 11:33:00,tester_04,2026-06-13 11:39:15,https://www.commcarehq.org/a/commcare-learn-ahmad/reports/form_data/b6a52f83-dc68-4134-aef6-eee2cc1c0866/,tester_04,6.0
740,acf5d462-a5b2-486d-9f0f-df59d2829b3b,2026-07-30,irrigation_and_water_management,,Extension Office,Trainer 4,yes,partial_attendance,personal_emergency,50904f46-32fd-42ad-8791-3df594696430,2026-07-30 11:17:00,2026-07-30 11:13:00,tester_04,2026-07-30 11:17:15,https://www.commcarehq.org/a/commcare-learn-ahmad/reports/form_data/acf5d462-a5b2-486d-9f0f-df59d2829b3b/,tester_04,4.0
741,1701da6b-6d2a-4015-af4e-542d9eb41d52,2026-03-09,livestock_management,,Primary School,Trainer 2,no,,,898251e9-0ce2-4ed0-9af7-5f2ab51ab72f,2026-03-09 11:52:00,2026-03-09 11:48:00,tester_05,2026-03-09 11:52:10,https://www.commcarehq.org/a/commcare-learn-ahmad/reports/form_data/1701da6b-6d2a-4015-af4e-542d9eb41d52/,tester_05,4.0
742,1e269f89-013d-44c6-91db-97136e9a1363,2026-04-21,soil_fertility_management,,Community Hall,Trainer 5,yes,full_attendance,,1b0b6a74-646c-4dc8-b880-0299274c0e54,2026-04-21 11:18:00,2026-04-21 11:13:00,tester_06,2026-04-21 11:18:18,https://www.commcarehq.org/a/commcare-learn-ahmad/reports/form_data/1e269f89-013d-44c6-91db-97136e9a1363/,tester_06,5.0
743,b3730669-56eb-4fa6-b597-24ccb75bcec4,2026-06-07,irrigation_and_water_management,,Extension Office,Trainer 4,no,,,c59006f1-005c-4273-9781-98ea8cf9750f,2026-06-07 10:29:00,2026-06-07 10:22:00,tester_02,2026-06-07 10:29:09,https://www.commcarehq.org/a/commcare-learn-ahmad/reports/form_data/b3730669-56eb-4fa6-b597-24ccb75bcec4/,tester_02,7.0
744,0dd99eb0-9bea-4bc5-8fa0-9ea291c83909,2026-05-01,good_agronomic_practices,,Farmer Cooperative Centre,Trainer 5,yes,full_attendance,,b19ee694-99ff-4281-9930-6d0a1ba4fe43,2026-05-01 12:10:00,2026-05-01 12:04:00,tester_05,2026-05-01 12:10:13,https://www.commcarehq.org/a/commcare-learn-ahmad/reports/form_data/0dd99eb0-9bea-4bc5-8fa0-9ea291c83909/,tester_05,6.0
745,af938299-4f83-40fd-b043-ab9af32a396a,2026-06-04,good_agronomic_practices,,Primary School,Trainer 2,yes,full_attendance,,d1789726-7b16-4836-afea-8bae7b6c38f4,2026-06-04 08:48:00,2026-06-04 08:41:00,tester_06,2026-06-04 08:48:15,https://www.commcarehq.org/a/commcare-learn-ahmad/reports/form_data/af938299-4f83-40fd-b043-ab9af32a396a/,tester_06,7.0
746,5e19896e-7a58-4ca4-8e2a-05779b7d2cb5,2026-08-15,good_agronomic_practices,,Extension Office,Trainer 1,yes,full_attendance,,73e18973-d331-4275-95ff-02daf5086b78,2026-08-15 12:17:00,2026-08-15 12:14:00,tester_02,2026-08-15 12:17:05,https://www.commcarehq.org/a/commcare-learn-ahmad/reports/form_data/5e19896e-7a58-4ca4-8e2a-05779b7d2cb5/,tester_02,3.0
747,03c6ae65-26aa-4a9a-b6ed-313e982dd677,2026-06-25,other,Financial Literacy,Farmer Cooperative Centre,Trainer 1,yes,full_attendance,,27cfe2bf-d892-4ef5-8610-3886f3b6fa80,2026-06-25 10:23:00,2026-06-25 10:17:00,tester_01,2026-06-25 10:23:13,https://www.commcarehq.org/a/commcare-learn-ahmad/reports/form_data/03c6ae65-26aa-4a9a-b6ed-313e982dd677/,tester_01,6.0
748,d0d5b429-2160-4c58-b9e5-cfd9cd9100b7,2026-07-27,pest_and_disease_management,,Primary School,Trainer 4,yes,full_attendance,,9a78ee8e-5d69-4f05-a2ea-30323adc91dd,2026-07-27 13:29:00,2026-07-27 13:24:00,tester_05,2026-07-27 13:29:13,https://www.commcarehq.org/a/commcare-learn-ahmad/reports/form_data/d0d5b429-2160-4c58-b9e5-cfd9cd9100b7/,tester_05,5.0
749,3bbf06a5-4eca-4a20-955b-1be1564b7b99,2026-06-19,record_keeping,,Primary School,Trainer 5,yes,full_attendance,,e4061f01-199e-457d-9bbc-77dae5736420,2026-06-19 11:41:00,2026-06-19 11:34:00,tester_03,2026-06-19 11:41:18,https://www.commcarehq.org/a/commcare-learn-ahmad/reports/form_data/3bbf06a5-4eca-4a20-955b-1be1564b7b99/,tester_03,7.0
750,11ab0178-7cd5-4444-95b2-9e0ef83809d1,2026-06-07,other,Post Harvest Handling,Community Hall,Trainer 2,yes,full_attendance,,913924d0-c249-4710-beed-412f45ee1c0a,2026-06-07 11:31:00,2026-06-07 11:28:00,tester_02,2026-06-07 11:31:06,https://www.commcarehq.org/a/commcare-learn-ahmad/reports/form_data/11ab0178-7cd5-4444-95b2-9e0ef83809d1/,tester_02,3.0
751,ec5f99f2-bc87-4270-b591-728fc04c2fc6,2026-08-05,irrigation_and_water_management,,Community Hall,Trainer 5,yes,full_attendance,,b169d519-39a4-4848-93e3-57f34ca0296e,2026-08-05 11:21:00,2026-08-05 11:13:00,tester_02,2026-08-05 11:21:15,https://www.commcarehq.org/a/commcare-learn-ahmad/reports/form_data/ec5f99f2-bc87-4270-b591-728fc04c2fc6/,tester_02,8.0
752,30917530-45a5-46f1-8f46-993c623dfe56,2026-05-20,livestock_management,,Farmer Cooperative Centre,Trainer 5,yes,partial_attendance,personal_emergency,dbc8e72f-3d7f-4079-a4c5-05e72d66ccff,2026-05-20 12:53:00,2026-05-20 12:45:00,tester_04,2026-05-20 12:53:11,https://www.commcarehq.org/a/commcare-learn-ahmad/reports/form_data/30917530-45a5-46f1-8f46-993c623dfe56/,tester_04,8.0
753,f2ba5019-6803-45ae-bc41-159f2e00c204,2026-06-15,soil_fertility_management,,Community Hall,Trainer 1,yes,full_attendance,,03acd2f9-c614-4bd6-b76a-d9e8e170d105,2026-06-15 15:25:00,2026-06-15 15:17:00,tester_01,2026-06-15 15:25:18,https://www.commcarehq.org/a/commcare-learn-ahmad/reports/form_data/f2ba5019-6803-45ae-bc41-159f2e00c204/,tester_01,8.0
754,729a4c8c-8a62-4c56-ad85-46eb02410498,2026-05-16,livestock_management,,Village Square,Trainer 5,yes,full_attendance,,7c01cc50-f537-473a-9d16-4f7bdd74f554,2026-05-16 11:23:00,2026-05-16 11:18:00,tester_01,2026-05-16 11:23:11,https://www.commcarehq.org/a/commcare-learn-ahmad/reports/form_data/729a4c8c-8a62-4c56-ad85-46eb02410498/,tester_01,5.0
755,0329ee31-acc5-403d-ba9a-d4f4923a6b2d,2026-06-22,other,Financial Literacy,Village Square,Trainer 1,yes,full_attendance,,279f0ed2-0e0d-407e-bee9-368f8f781099,2026-06-22 12:49:00,2026-06-22 12:44:00,tester_02,2026-06-22 12:49:12,https://www.commcarehq.org/a/commcare-learn-ahmad/reports/form_data/0329ee31-acc5-403d-ba9a-d4f4923a6b2d/,tester_02,5.0
756,9d0d1173-c382-481c-9a6e-d4dbb450f643,2026-08-06,record_keeping,,Extension Office,Trainer 2,yes,full_attendance,,b4f2ec28-5857-4f10-8d7a-a2eff64ccba1,2026-08-06 10:38:00,2026-08-06 10:31:00,tester_02,2026-08-06 10:38:07,https://www.commcarehq.org/a/commcare-learn-ahmad/reports/form_data/9d0d1173-c382-481c-9a6e-d4dbb450f643/,tester_02,7.0
757,d590f40f-9c9f-4854-bf17-067d4b720597,2026-07-02,other,Climate Smart Agriculture,Extension Office,Trainer 4,no,,,5e540f59-ac3e-4671-bc9e-5c5249b35193,2026-07-02 11:25:00,2026-07-02 11:21:00,tester_07,2026-07-02 11:25:12,https://www.commcarehq.org/a/commcare-learn-ahmad/reports/form_data/d590f40f-9c9f-4854-bf17-067d4b720597/,tester_07,4.0
758,8a348333-b5c4-4f23-9e29-bbc4bf52daec,2026-07-10,record_keeping,,Farmer Cooperative Centre,Trainer 3,yes,full_attendance,,cf928977-f49a-472b-9554-33e0da560263,2026-07-10 13:04:00,2026-07-10 12:58:00,tester_03,2026-07-10 13:04:07,https://www.commcarehq.org/a/commcare-learn-ahmad/reports/form_data/8a348333-b5c4-4f23-9e29-bbc4bf52daec/,tester_03,6.0
759,01115df2-6ca0-4420-bb2b-6a6e86f649f1,2026-02-14,other,Financial Literacy,Extension Office,Trainer 3,yes,full_attendance,,d2a5d71d-d830-4b3c-854d-74a4691381b8,2026-02-14 08:25:00,2026-02-14 08:20:00,tester_04,2026-02-14 08:25:10,https://www.commcarehq.org/a/commcare-learn-ahmad/reports/form_data/01115df2-6ca0-4420-bb2b-6a6e86f649f1/,tester_04,5.0
760,a81f3724-070f-42e1-b89c-12cc140f3bbe,2026-06-17,record_keeping,,Farmer Cooperative Centre,Trainer 4,yes,full_attendance,,5db6742a-9ba4-451d-9487-462ef848f7a0,2026-06-17 08:59:00,2026-06-17 08:56:00,tester_04,2026-06-17 08:59:20,https://www.commcarehq.org/a/commcare-learn-ahmad/reports/form_data/a81f3724-070f-42e1-b89c-12cc140f3bbe/,tester_04,3.0
761,885b4379-ec52-4df9-a88d-dbd407d03b8b,2026-06-18,other,Post Harvest Handling,Farmer Cooperative Centre,Trainer 5,yes,full_attendance,,50ca9f6a-3a2c-4ac6-9cbe-3f1e3d9d3612,2026-06-18 12:31:00,2026-06-18 12:27:00,tester_03,2026-06-18 12:31:16,https://www.commcarehq.org/a/commcare-learn-ahmad/reports/form_data/885b4379-ec52-4df9-a88d-dbd407d03b8b/,tester_03,4.0
762,d85bad7a-a1f7-41b3-aace-37c417423cbe,2026-06-19,record_keeping,,Extension Office,Trainer 4,yes,full_attendance,,7e3e15c0-a416-4468-a7f7-2ff28e20298a,2026-06-19 15:48:00,2026-06-19 15:40:00,tester_05,2026-06-19 15:48:13,https://www.commcarehq.org/a/commcare-learn-ahmad/reports/form_data/d85bad7a-a1f7-41b3-aace-37c417423cbe/,tester_05,8.0
763,b52ac534-406c-4cfd-9a9d-1aebdbbee863,2026-04-14,record_keeping,,Community Hall,Trainer 3,yes,full_attendance,,5cbd83db-8d54-4b7b-b904-6324336c3535,2026-04-14 12:26:00,2026-04-14 12:24:00,tester_02,2026-04-14 12:26:13,https://www.commcarehq.org/a/commcare-learn-ahmad/reports/form_data/b52ac534-406c-4cfd-9a9d-1aebdbbee863/,tester_02,2.0
764,70c6a4bc-702f-41da-aa2b-30f04ed2ee71,2026-05-07,good_agronomic_practices,,Farmer Cooperative Centre,Trainer 1,yes,full_attendance,,284e6239-e26d-43cb-82fb-ba32bdfce3b2,2026-05-07 15:45:00,2026-05-07 15:39:00,tester_02,2026-05-07 15:45:11,https://www.commcarehq.org/a/commcare-learn-ahmad/reports/form_data/70c6a4bc-702f-41da-aa2b-30f04ed2ee71/,tester_02,6.0
765,322867fe-df7b-44a2-96de-e43a5230e4aa,2026-06-04,other,Financial Literacy,Extension Office,Trainer 2,yes,full_attendance,,ef1c18d3-a67d-4e80-a978-9df07700fbc0,2026-06-04 11:56:00,2026-06-04 11:54:00,tester_02,2026-06-04 11:56:17,https://www.commcarehq.org/a/commcare-learn-ahmad/reports/form_data/322867fe-df7b-44a2-96de-e43a5230e4aa/,tester_02,2.0
766,d490ef5b-0285-40e9-be5d-e9422f69d81d,2026-04-11,pest_and_disease_management,,Primary School,Trainer 4,yes,full_attendance,,000946c6-71e2-4f56-b066-f717eec8c5c4,2026-04-11 11:12:00,2026-04-11 11:08:00,tester_01,2026-04-11 11:12:07,https://www.commcarehq.org/a/commcare-learn-ahmad/reports/form_data/d490ef5b-0285-40e9-be5d-e9422f69d81d/,tester_01,4.0
767,fe3fca8d-9302-4da7-9872-e60b120db0d6,2026-04-06,other,Climate Smart Agriculture,Village Square,Trainer 2,no,,,4d6a13de-e162-49de-830a-f593f8c4f5f9,2026-04-06 13:32:00,2026-04-06 13:30:00,tester_04,2026-04-06 13:32:15,https://www.commcarehq.org/a/commcare-learn-ahmad/reports/form_data/fe3fca8d-9302-4da7-9872-e60b120db0d6/,tester_04,2.0
768,ed9260c5-225e-41e3-b3bf-2adb5660b3cd,2026-06-20,pest_and_disease_management,,Community Hall,Trainer 2,yes,full_attendance,,014a2870-19ad-4489-a6e3-fc0b54704447,2026-06-20 12:59:00,2026-06-20 12:56:00,tester_01,2026-06-20 12:59:08,https://www.commcarehq.org/a/commcare-learn-ahmad/reports/form_data/ed9260c5-225e-41e3-b3bf-2adb5660b3cd/,tester_01,3.0
769,221c34ba-e2ff-4d1f-b1eb-9139c04dd194,2026-05-03,other,Post Harvest Handling,Extension Office,Trainer 5,yes,partial_attendance,left_early,133b8dd0-2937-4b42-b8b9-56d4734165a7,2026-05-03 14:03:00,2026-05-03 13:56:00,tester_06,2026-05-03 14:03:11,https://www.commcarehq.org/a/commcare-learn-ahmad/reports/form_data/221c34ba-e2ff-4d1f-b1eb-9139c04dd194/,tester_06,7.0
770,e2b7573a-99f1-49c5-a777-bdd275c8241d,2026-04-29,irrigation_and_water_management,,Community Hall,Trainer 5,yes,full_attendance,,e8ac9b48-8e2f-4ecb-b473-5d4dead72b49,2026-04-29 11:42:00,2026-04-29 11:35:00,tester_01,2026-04-29 11:42:14,https://www.commcarehq.org/a/commcare-learn-ahmad/reports/form_data/e2b7573a-99f1-49c5-a777-bdd275c8241d/,tester_01,7.0
771,d8b2a507-49e2-4ac5-b447-d8ac1369cc2d,2026-08-25,pest_and_disease_management,,Community Hall,Trainer 5,yes,partial_attendance,arrived_late,dc7187ea-97c5-4901-b484-5317445b6376,2026-08-25 08:22:00,2026-08-25 08:14:00,tester_02,2026-08-25 08:22:05,https://www.commcarehq.org/a/commcare-learn-ahmad/reports/form_data/d8b2a507-49e2-4ac5-b447-d8ac1369cc2d/,tester_02,8.0
772,8adab9cd-0161-45b0-b3e1-7ad6623e15fb,2026-06-28,irrigation_and_water_management,,Community Hall,Trainer 3,yes,full_attendance,,133b4b0e-58c8-4eb4-b8e9-fb6344eb884d,2026-06-28 13:52:00,2026-06-28 13:46:00,tester_01,2026-06-28 13:52:07,https://www.commcarehq.org/a/commcare-learn-ahmad/reports/form_data/8adab9cd-0161-45b0-b3e1-7ad6623e15fb/,tester_01,6.0
773,e0b3577d-0e3e-4b73-93ad-e39f6a6174ef,2026-05-17,good_agronomic_practices,,Community Hall,Trainer 4,yes,full_attendance,,d70dbbe9-4b01-44a5-8b94-505dbcf97af2,2026-05-17 12:02:00,2026-05-17 11:58:00,tester_04,2026-05-17 12:02:05,https://www.commcarehq.org/a/commcare-learn-ahmad/reports/form_data/e0b3577d-0e3e-4b73-93ad-e39f6a6174ef/,tester_04,4.0
774,adc7501b-d463-4261-a8e1-4d131caf9da3,2026-07-09,irrigation_and_water_management,,Village Square,Trainer 1,yes,full_attendance,,895b5801-07d1-4e9f-902b-bd922fe9b50c,2026-07-09 11:40:00,2026-07-09 11:32:00,tester_04,2026-07-09 11:40:08,https://www.commcarehq.org/a/commcare-learn-ahmad/reports/form_data/adc7501b-d463-4261-a8e1-4d131caf9da3/,tester_04,8.0
775,d365a83e-b83c-4a64-b10b-bacfc38e9e83,2026-03-01,soil_fertility_management,,Farmer Cooperative Centre,Trainer 1,yes,full_attendance,,2a3ffe55-d7b1-45e3-8166-4879032dc870,2026-03-01 13:24:00,2026-03-01 13:17:00,tester_01,2026-03-01 13:24:06,https://www.commcarehq.org/a/commcare-learn-ahmad/reports/form_data/d365a83e-b83c-4a64-b10b-bacfc38e9e83/,tester_01,7.0
776,4d7a3956-3c47-4788-9b23-20ff5fb034ae,2026-05-14,irrigation_and_water_management,,Extension Office,Trainer 3,yes,full_attendance,,a16fb4fe-f134-4f47-8208-23a22cde3b77,2026-05-14 13:36:00,2026-05-14 13:33:00,tester_04,2026-05-14 13:36:14,https://www.commcarehq.org/a/commcare-learn-ahmad/reports/form_data/4d7a3956-3c47-4788-9b23-20ff5fb034ae/,tester_04,3.0
777,4a47b2bd-655d-4238-be2a-4950762a728a,2026-06-20,other,Climate Smart Agriculture,Primary School,Trainer 1,yes,full_attendance,,5a74b14b-59f7-472b-a79c-ae07c2db7ca2,2026-06-20 13:40:00,2026-06-20 13:35:00,tester_01,2026-06-20 13:40:12,https://www.commcarehq.org/a/commcare-learn-ahmad/reports/form_data/4a47b2bd-655d-4238-be2a-4950762a728a/,tester_01,5.0
778,6f663d0f-d2d1-48bc-ba09-abf29832a9b7,2026-04-18,livestock_management,,Primary School,Trainer 3,yes,full_attendance,,a79994f7-35d1-4a14-acf8-6d28fe77c64f,2026-04-18 15:33:00,2026-04-18 15:29:00,tester_02,2026-04-18 15:33:07,https://www.commcarehq.org/a/commcare-learn-ahmad/reports/form_data/6f663d0f-d2d1-48bc-ba09-abf29832a9b7/,tester_02,4.0
779,eb649418-ebfb-4e5c-81c1-195eb547a005,2026-03-27,livestock_management,,Farmer Cooperative Centre,Trainer 2,no,,,0e8221b9-8905-426c-8541-db08d8842187,2026-03-27 10:54:00,2026-03-27 10:47:00,tester_01,2026-03-27 10:54:11,https://www.commcarehq.org/a/commcare-learn-ahmad/reports/form_data/eb649418-ebfb-4e5c-81c1-195eb547a005/,tester_01,7.0
780,88fc2d13-385a-4c05-a310-4b72708b2ddd,2026-06-16,other,Financial Literacy,Farmer Cooperative Centre,Trainer 4,yes,partial_attendance,other,9d78af5a-ec45-48e9-aa5b-d9007a86eb6a,2026-06-16 08:44:00,2026-06-16 08:37:00,tester_02,2026-06-16 08:44:06,https://www.commcarehq.org/a/commcare-learn-ahmad/reports/form_data/88fc2d13-385a-4c05-a310-4b72708b2ddd/,tester_02,7.0
781,17e8a33a-c166-4293-bf42-403d8cb25c5e,2026-07-04,pest_and_disease_management,,Farmer Cooperative Centre,Trainer 3,no,,,90310c12-5ad9-4051-981e-8577b120241f,2026-07-04 10:43:00,2026-07-04 10:39:00,tester_03,2026-07-04 10:43:16,https://www.commcarehq.org/a/commcare-learn-ahmad/reports/form_data/17e8a33a-c166-4293-bf42-403d8cb25c5e/,tester_03,4.0
782,2bcc5582-e011-45af-a486-e93dc36fcae6,2026-01-30,pest_and_disease_management,,Village Square,Trainer 4,no,,,e14dabeb-5865-4c9e-9c7b-db58ceb9be78,2026-01-30 08:17:00,2026-01-30 08:11:00,tester_01,2026-01-30 08:17:08,https://www.commcarehq.org/a/commcare-learn-ahmad/reports/form_data/2bcc5582-e011-45af-a486-e93dc36fcae6/,tester_01,6.0
783,e864e864-3c30-49f7-90f9-a143f1e430eb,2026-08-08,soil_fertility_management,,Extension Office,Trainer 1,no,,,d9d594d4-44a4-406f-a317-c8cceaa53689,2026-08-08 08:52:00,2026-08-08 08:44:00,tester_02,2026-08-08 08:52:06,https://www.commcarehq.org/a/commcare-learn-ahmad/reports/form_data/e864e864-3c30-49f7-90f9-a143f1e430eb/,tester_02,8.0
784,69d361a8-c216-4057-8eb9-69b29796c7d1,2026-06-07,livestock_management,,Village Square,Trainer 1,yes,full_attendance,,8c7173a6-f810-490e-9d9b-db1a1fc884ef,2026-06-07 13:58:00,2026-06-07 13:50:00,tester_05,2026-06-07 13:58:13,https://www.commcarehq.org/a/commcare-learn-ahmad/reports/form_data/69d361a8-c216-4057-8eb9-69b29796c7d1/,tester_05,8.0
785,3c1a196e-e94b-4a7d-bd87-5e75a198337e,2026-07-21,soil_fertility_management,,Farmer Cooperative Centre,Trainer 2,yes,full_attendance,,c606ef11-4b54-43c6-b0cc-1f1b7ac83b31,2026-07-21 10:51:00,2026-07-21 10:43:00,tester_05,2026-07-21 10:51:15,https://www.commcarehq.org/a/commcare-learn-ahmad/reports/form_data/3c1a196e-e94b-4a7d-bd87-5e75a198337e/,tester_05,8.0
786,dea4b21d-034e-43e0-a23e-37ab9ea51f18,2026-05-22,soil_fertility_management,,Extension Office,Trainer 2,yes,full_attendance,,1de595e0-3f8a-4994-8bea-600a0b1c3bb9,2026-05-22 11:58:00,2026-05-22 11:51:00,tester_04,2026-05-22 11:58:10,https://www.commcarehq.org/a/commcare-learn-ahmad/reports/form_data/dea4b21d-034e-43e0-a23e-37ab9ea51f18/,tester_04,7.0
787,00f0257e-7248-4357-9fd8-621befa2c204,2026-07-24,other,Financial Literacy,Community Hall,Trainer 2,yes,full_attendance,,d52ff775-3349-41fe-a333-f5f60b7c9262,2026-07-24 09:52:00,2026-07-24 09:50:00,tester_03,2026-07-24 09:52:19,https://www.commcarehq.org/a/commcare-learn-ahmad/reports/form_data/00f0257e-7248-4357-9fd8-621befa2c204/,tester_03,2.0
788,4cd526c2-0b2c-4a63-9d2e-1b039de15297,2026-10-01,soil_fertility_management,,Extension Office,Trainer 2,yes,full_attendance,,bca1d8f1-ab74-4f09-b690-323409c60923,2026-10-01 14:52:00,2026-10-01 14:50:00,tester_01,2026-10-01 14:52:07,https://www.commcarehq.org/a/commcare-learn-ahmad/reports/form_data/4cd526c2-0b2c-4a63-9d2e-1b039de15297/,tester_01,2.0
789,70adb0c8-92df-4d61-8ffc-385c22cac843,2026-04-13,irrigation_and_water_management,,Primary School,Trainer 3,yes,full_attendance,,28eaf10e-c521-4a41-8409-a14c00292a66,2026-04-13 15:52:00,2026-04-13 15:45:00,tester_06,2026-04-13 15:52:19,https://www.commcarehq.org/a/commcare-learn-ahmad/reports/form_data/70adb0c8-92df-4d61-8ffc-385c22cac843/,tester_06,7.0
790,02f045c5-eab0-4702-9adb-5496cbe7908e,2026-03-16,other,Post Harvest Handling,Primary School,Trainer 3,yes,partial_attendance,other,0768c9f0-a45b-4c0b-adf9-47e00aff4ebf,2026-03-16 15:10:00,2026-03-16 15:07:00,tester_02,2026-03-16 15:10:14,https://www.commcarehq.org/a/commcare-learn-ahmad/reports/form_data/02f045c5-eab0-4702-9adb-5496cbe7908e/,tester_02,3.0
791,a5aa00fe-e064-4108-a897-093c6c6bee63,2026-07-09,livestock_management,,Extension Office,Trainer 1,yes,full_attendance,,0e05201d-9c07-47a0-a135-bdf37f059b58,2026-07-09 11:02:00,2026-07-09 10:55:00,tester_03,2026-07-09 11:02:19,https://www.commcarehq.org/a/commcare-learn-ahmad/reports/form_data/a5aa00fe-e064-4108-a897-093c6c6bee63/,tester_03,7.0
792,17081989-5a52-4b1a-8549-514c54719092,2026-03-09,pest_and_disease_management,,Community Hall,Trainer 4,yes,full_attendance,,c3f1b264-a57e-4f7e-8069-240bb9fa0682,2026-03-09 13:55:00,2026-03-09 13:47:00,tester_04,2026-03-09 13:55:07,https://www.commcarehq.org/a/commcare-learn-ahmad/reports/form_data/17081989-5a52-4b1a-8549-514c54719092/,tester_04,8.0
793,dce411ef-62db-4067-a06f-8d042f1ab1e9,2026-07-13,record_keeping,,Village Square,Trainer 2,yes,full_attendance,,903d4061-d93c-4b9d-8acd-68642ab5ac1a,2026-07-13 09:03:00,2026-07-13 08:57:00,tester_05,2026-07-13 09:03:07,https://www.commcarehq.org/a/commcare-learn-ahmad/reports/form_data/dce411ef-62db-4067-a06f-8d042f1ab1e9/,tester_05,6.0
794,acb7e4ad-5ec9-46b0-ab34-1b4abc15a00c,2026-05-09,soil_fertility_management,,Farmer Cooperative Centre,Trainer 2,yes,full_attendance,,027b5c8f-7679-418b-b686-a21a5e8b9f27,2026-05-09 15:57:00,2026-05-09 15:54:00,tester_02,2026-05-09 15:57:12,https://www.commcarehq.org/a/commcare-learn-ahmad/reports/form_data/acb7e4ad-5ec9-46b0-ab34-1b4abc15a00c/,tester_02,3.0
795,a67b977d-a4fa-429c-a91f-7554c656c2a2,2026-04-16,soil_fertility_management,,Farmer Cooperative Centre,Trainer 5,yes,partial_attendance,arrived_late,b591592f-f5a2-4964-ab92-2cd91abdb585,2026-04-16 11:18:00,2026-04-16 11:10:00,tester_03,2026-04-16 11:18:07,https://www.commcarehq.org/a/commcare-learn-ahmad/reports/form_data/a67b977d-a4fa-429c-a91f-7554c656c2a2/,tester_03,8.0
796,ffd1ca14-8737-40ea-bde2-10958cabf7e3,2026-08-05,pest_and_disease_management,,Primary School,Trainer 3,yes,full_attendance,,ad1583a0-b36c-4f11-9017-f4daa06ee598,2026-08-05 10:10:00,2026-08-05 10:08:00,tester_07,2026-08-05 10:10:16,https://www.commcarehq.org/a/commcare-learn-ahmad/reports/form_data/ffd1ca14-8737-40ea-bde2-10958cabf7e3/,tester_07,2.0
797,432ef16c-3989-47a3-b46f-719809c2b8ae,2026-06-02,record_keeping,,Extension Office,Trainer 2,yes,partial_attendance,other,d26d83c9-af88-4c6c-ac48-18bf7b97607e,2026-06-02 12:56:00,2026-06-02 12:48:00,tester_05,2026-06-02 12:56:13,https://www.commcarehq.org/a/commcare-learn-ahmad/reports/form_data/432ef16c-3989-47a3-b46f-719809c2b8ae/,tester_05,8.0
798,667dedce-101a-44f6-a0fc-11e9c0b45c5f,2026-05-26,other,Post Harvest Handling,Village Square,Trainer 3,yes,full_attendance,,6a7a0c99-cf85-4e66-b767-9fe74e83211f,2026-05-26 15:45:00,2026-05-26 15:43:00,tester_06,2026-05-26 15:45:20,https://www.commcarehq.org/a/commcare-learn-ahmad/reports/form_data/667dedce-101a-44f6-a0fc-11e9c0b45c5f/,tester_06,2.0
799,da771ba3-150a-448a-a620-b1eb67c94862,2026-05-03,livestock_management,,Community Hall,Trainer 1,yes,full_attendance,,cbc85581-7678-4cc5-b93c-db05728a8cbb,2026-05-03 14:40:00,2026-05-03 14:36:00,tester_05,2026-05-03 14:40:14,https://www.commcarehq.org/a/commcare-learn-ahmad/reports/form_data/da771ba3-150a-448a-a620-b1eb67c94862/,tester_05,4.0
800,d9a38604-f452-4f2c-98ca-b6e62533e525,2026-10-05,good_agronomic_practices,,Village Square,Trainer 1,yes,full_attendance,,c45f3e55-7c5b-4911-974e-155adfac32c2,2026-10-05 14:28:00,2026-10-05 14:23:00,tester_03,2026-10-05 14:28:18,https://www.commcarehq.org/a/commcare-learn-ahmad/reports/form_data/d9a38604-f452-4f2c-98ca-b6e62533e525/,tester_03,5.0
801,79335d14-b74f-45ff-bd14-adf24d1c8b1e,2026-06-18,soil_fertility_management,,Extension Office,Trainer 3,yes,full_attendance,,257f1432-f0a8-475c-912e-0147b7cc20c8,2026-06-18 15:29:00,2026-06-18 15:24:00,tester_06,2026-06-18 15:29:16,https://www.commcarehq.org/a/commcare-learn-ahmad/reports/form_data/79335d14-b74f-45ff-bd14-adf24d1c8b1e/,tester_06,5.0
802,fb3ce87f-a3bb-4bc4-8c6b-03da3cf40550,2026-03-11,irrigation_and_water_management,,Community Hall,Trainer 5,yes,partial_attendance,personal_emergency,9bd7d9d8-3fe4-489a-99f4-d9106bba11f0,2026-03-11 12:32:00,2026-03-11 12:24:00,tester_01,2026-03-11 12:32:10,https://www.commcarehq.org/a/commcare-learn-ahmad/reports/form_data/fb3ce87f-a3bb-4bc4-8c6b-03da3cf40550/,tester_01,8.0
803,81c9e54a-167b-4b10-88b0-3dbcd8b0e871,2026-07-14,pest_and_disease_management,,Primary School,Trainer 2,no,,,97b838b7-5cef-4543-be18-97400855dcc8,2026-07-14 08:15:00,2026-07-14 08:09:00,tester_03,2026-07-14 08:15:09,https://www.commcarehq.org/a/commcare-learn-ahmad/reports/form_data/81c9e54a-167b-4b10-88b0-3dbcd8b0e871/,tester_03,6.0
804,66d2dfc1-274c-4ec1-8ee4-e704c34292ad,2026-07-07,other,Post Harvest Handling,Farmer Cooperative Centre,Trainer 1,yes,full_attendance,,d941422d-10d7-44c9-9c46-5129152a6568,2026-07-07 13:59:00,2026-07-07 13:51:00,tester_04,2026-07-07 13:59:05,https://www.commcarehq.org/a/commcare-learn-ahmad/reports/form_data/66d2dfc1-274c-4ec1-8ee4-e704c34292ad/,tester_04,8.0
805,1fab8317-adae-405c-a2db-f892db2cc3cc,2026-06-25,good_agronomic_practices,,Farmer Cooperative Centre,Trainer 4,yes,full_attendance,,ccde82aa-2764-46e3-87bb-9543d358e15c,2026-06-25 11:29:00,2026-06-25 11:27:00,tester_07,2026-06-25 11:29:20,https://www.commcarehq.org/a/commcare-learn-ahmad/reports/form_data/1fab8317-adae-405c-a2db-f892db2cc3cc/,tester_07,2.0
806,11f4d0f7-fd5f-40ce-9fbd-8c5073f32467,2026-05-22,pest_and_disease_management,,Extension Office,Trainer 5,yes,full_attendance,,83b97586-9e72-428b-8254-5c60495c4d57,2026-05-22 08:26:00,2026-05-22 08:18:00,tester_01,2026-05-22 08:26:19,https://www.commcarehq.org/a/commcare-learn-ahmad/reports/form_data/11f4d0f7-fd5f-40ce-9fbd-8c5073f32467/,tester_01,8.0
807,7f8b1804-445b-43b3-a46e-e1697959bd27,2026-05-11,other,Climate Smart Agriculture,Village Square,Trainer 4,no,,,6984c36d-0aa1-41c5-bcdd-25d0098986d2,2026-05-11 08:36:00,2026-05-11 08:33:00,tester_03,2026-05-11 08:36:10,https://www.commcarehq.org/a/commcare-learn-ahmad/reports/form_data/7f8b1804-445b-43b3-a46e-e1697959bd27/,tester_03,3.0
808,d788fb05-111b-4e0f-95ae-ea16dbe77089,2026-05-17,pest_and_disease_management,,Extension Office,Trainer 2,yes,full_attendance,,8150f6ba-cd01-45c0-a79b-bf44d82ee1fc,2026-05-17 09:38:00,2026-05-17 09:34:00,tester_01,2026-05-17 09:38:18,https://www.commcarehq.org/a/commcare-learn-ahmad/reports/form_data/d788fb05-111b-4e0f-95ae-ea16dbe77089/,tester_01,4.0
809,6a94ca7b-6880-4fa9-9b03-a5c203824307,2026-09-21,irrigation_and_water_management,,Extension Office,Trainer 3,yes,full_attendance,,0c91e53d-6814-4264-876e-65353859af4c,2026-09-21 08:44:00,2026-09-21 08:40:00,tester_06,2026-09-21 08:44:20,https://www.commcarehq.org/a/commcare-learn-ahmad/reports/form_data/6a94ca7b-6880-4fa9-9b03-a5c203824307/,tester_06,4.0
810,7cdb0667-456d-4eae-8412-655dbd15f4e3,2026-05-09,irrigation_and_water_management,,Extension Office,Trainer 4,yes,full_attendance,,433eeedb-273f-4ab5-8c36-1c0de93c8298,2026-05-09 10:38:00,2026-05-09 10:35:00,tester_06,2026-05-09 10:38:09,https://www.commcarehq.org/a/commcare-learn-ahmad/reports/form_data/7cdb0667-456d-4eae-8412-655dbd15f4e3/,tester_06,3.0
811,b871c172-c0d5-4a82-a454-35b9cfcf7a7d,2026-09-03,irrigation_and_water_management,,Extension Office,Trainer 5,yes,full_attendance,,ef6a7bbe-136d-4193-9c10-4ee605434521,2026-09-03 14:45:00,2026-09-03 14:37:00,tester_03,2026-09-03 14:45:08,https://www.commcarehq.org/a/commcare-learn-ahmad/reports/form_data/b871c172-c0d5-4a82-a454-35b9cfcf7a7d/,tester_03,8.0
812,451d846a-016b-435d-bfd2-51e01819c59b,2026-09-07,irrigation_and_water_management,,Primary School,Trainer 2,yes,full_attendance,,77c61b57-b5db-4f0e-8811-a97dcc0b7b30,2026-09-07 08:29:00,2026-09-07 08:27:00,tester_02,2026-09-07 08:29:08,https://www.commcarehq.org/a/commcare-learn-ahmad/reports/form_data/451d846a-016b-435d-bfd2-51e01819c59b/,tester_02,2.0
813,e8a144c5-c44d-48ac-af5f-f9a3c6b5b4c6,2026-05-30,record_keeping,,Village Square,Trainer 1,no,,,db9395fb-83cf-43cc-af00-7c31e07ace66,2026-05-30 11:42:00,2026-05-30 11:37:00,tester_01,2026-05-30 11:42:19,https://www.commcarehq.org/a/commcare-learn-ahmad/reports/form_data/e8a144c5-c44d-48ac-af5f-f9a3c6b5b4c6/,tester_01,5.0
814,be970495-127e-40fa-9ff6-7c9063127905,2026-08-11,other,Climate Smart Agriculture,Farmer Cooperative Centre,Trainer 4,yes,partial_attendance,personal_emergency,3ad08405-609a-4127-8507-d71b182fe4b2,2026-08-11 14:50:00,2026-08-11 14:46:00,tester_05,2026-08-11 14:50:08,https://www.commcarehq.org/a/commcare-learn-ahmad/reports/form_data/be970495-127e-40fa-9ff6-7c9063127905/,tester_05,4.0
815,ddfb61e9-d22b-413a-8f27-bfc9ce1471d2,2026-06-29,soil_fertility_management,,Extension Office,Trainer 3,yes,full_attendance,,c4186a88-11ba-40b1-af01-0b87e9be360e,2026-06-29 10:41:00,2026-06-29 10:35:00,tester_06,2026-06-29 10:41:20,https://www.commcarehq.org/a/commcare-learn-ahmad/reports/form_data/ddfb61e9-d22b-413a-8f27-bfc9ce1471d2/,tester_06,6.0
816,559b7daa-e282-4be3-82ea-62cce239c087,2026-02-04,soil_fertility_management,,Extension Office,Trainer 3,yes,partial_attendance,left_early,7c25793e-e925-488b-9fa4-094bedd6582b,2026-02-04 13:11:00,2026-02-04 13:09:00,tester_03,2026-02-04 13:11:13,https://www.commcarehq.org/a/commcare-learn-ahmad/reports/form_data/559b7daa-e282-4be3-82ea-62cce239c087/,tester_03,2.0
817,04c29c6e-2d84-4f98-86a8-c0d52eb946b2,2026-02-15,good_agronomic_practices,,Village Square,Trainer 4,yes,full_attendance,,60406fbe-fa33-44ce-b711-726adedfad51,2026-02-15 15:59:00,2026-02-15 15:53:00,tester_02,2026-02-15 15:59:06,https://www.commcarehq.org/a/commcare-learn-ahmad/reports/form_data/04c29c6e-2d84-4f98-86a8-c0d52eb946b2/,tester_02,6.0
818,3b4865ea-71ef-48c8-90a1-7303e1babfb9,2026-07-02,irrigation_and_water_management,,Extension Office,Trainer 3,yes,full_attendance,,c89c8c21-ad41-4833-85a8-6fa14bf81bfe,2026-07-02 10:17:00,2026-07-02 10:11:00,tester_06,2026-07-02 10:17:20,https://www.commcarehq.org/a/commcare-learn-ahmad/reports/form_data/3b4865ea-71ef-48c8-90a1-7303e1babfb9/,tester_06,6.0
819,861dec42-617e-4d47-99d5-e67fa7abcab7,2026-04-09,pest_and_disease_management,,Community Hall,Trainer 5,yes,full_attendance,,164d9dfe-40ee-4a43-863f-b4635ae07cca,2026-04-09 10:24:00,2026-04-09 10:22:00,tester_02,2026-04-09 10:24:09,https://www.commcarehq.org/a/commcare-learn-ahmad/reports/form_data/861dec42-617e-4d47-99d5-e67fa7abcab7/,tester_02,2.0
820,4c96d089-f05a-434a-b6d4-0aac0f4de8f5,2026-04-27,livestock_management,,Village Square,Trainer 1,yes,full_attendance,,11cd5836-40e3-403a-9672-1b307d5cf652,2026-04-27 12:57:00,2026-04-27 12:49:00,tester_07,2026-04-27 12:57:15,https://www.commcarehq.org/a/commcare-learn-ahmad/reports/form_data/4c96d089-f05a-434a-b6d4-0aac0f4de8f5/,tester_07,8.0
821,162d4f88-8302-4bff-912f-b00f61700c0f,2026-09-10,livestock_management,,Farmer Cooperative Centre,Trainer 1,yes,full_attendance,,6062a516-0cdd-4d0e-bce8-ad818223d093,2026-09-10 14:17:00,2026-09-10 14:14:00,tester_06,2026-09-10 14:17:11,https://www.commcarehq.org/a/commcare-learn-ahmad/reports/form_data/162d4f88-8302-4bff-912f-b00f61700c0f/,tester_06,3.0
822,587728a1-80e4-4957-a03d-3caafdbcc75c,2026-06-15,pest_and_disease_management,,Extension Office,Trainer 1,no,,,434ab9a7-ad08-47a8-9282-7b0326c173a1,2026-06-15 13:33:00,2026-06-15 13:29:00,tester_02,2026-06-15 13:33:13,https://www.commcarehq.org/a/commcare-learn-ahmad/reports/form_data/587728a1-80e4-4957-a03d-3caafdbcc75c/,tester_02,4.0
823,e7ac2c0f-2f26-453b-9550-7ca3350d0dd6,2026-06-28,soil_fertility_management,,Extension Office,Trainer 2,yes,full_attendance,,a918f6a7-68b6-44c7-a82b-94f983893b1e,2026-06-28 08:32:00,2026-06-28 08:25:00,tester_02,2026-06-28 08:32:12,https://www.commcarehq.org/a/commcare-learn-ahmad/reports/form_data/e7ac2c0f-2f26-453b-9550-7ca3350d0dd6/,tester_02,7.0
824,d2499110-0a34-47d3-814a-c8cc65f399f4,2026-06-28,irrigation_and_water_management,,Primary School,Trainer 5,yes,full_attendance,,f7647dda-64c4-4c0f-a1db-51603250a909,2026-06-28 13:13:00,2026-06-28 13:09:00,tester_07,2026-06-28 13:13:06,https://www.commcarehq.org/a/commcare-learn-ahmad/reports/form_data/d2499110-0a34-47d3-814a-c8cc65f399f4/,tester_07,4.0
825,8e430f94-c1fe-40fa-bcd5-a8784b2edfae,2026-07-03,other,Post Harvest Handling,Extension Office,Trainer 3,no,,,50877ec1-b06f-4a3d-a3f3-f5199d080b44,2026-07-03 08:15:00,2026-07-03 08:13:00,tester_03,2026-07-03 08:15:05,https://www.commcarehq.org/a/commcare-learn-ahmad/reports/form_data/8e430f94-c1fe-40fa-bcd5-a8784b2edfae/,tester_03,2.0
826,0150623e-fc79-4437-a0e6-3bb3743a75a9,2026-07-08,pest_and_disease_management,,Extension Office,Trainer 2,yes,full_attendance,,7ab92647-fab1-4fcd-a9b7-408812465afa,2026-07-08 15:48:00,2026-07-08 15:43:00,tester_01,2026-07-08 15:48:20,https://www.commcarehq.org/a/commcare-learn-ahmad/reports/form_data/0150623e-fc79-4437-a0e6-3bb3743a75a9/,tester_01,5.0
827,fb2fc24c-e46d-4af2-83e4-467bc915865b,2026-03-21,irrigation_and_water_management,,Farmer Cooperative Centre,Trainer 3,yes,full_attendance,,e7a1447d-9a4e-4e59-9f76-3d417417fb49,2026-03-21 13:47:00,2026-03-21 13:45:00,tester_01,2026-03-21 13:47:08,https://www.commcarehq.org/a/commcare-learn-ahmad/reports/form_data/fb2fc24c-e46d-4af2-83e4-467bc915865b/,tester_01,2.0
828,63725b7e-4bc4-4dfd-9642-f3d20991d260,2026-07-21,pest_and_disease_management,,Extension Office,Trainer 5,yes,full_attendance,,043e7114-2fbc-44bd-9505-bebbdb32b248,2026-07-21 11:46:00,2026-07-21 11:38:00,tester_05,2026-07-21 11:46:12,https://www.commcarehq.org/a/commcare-learn-ahmad/reports/form_data/63725b7e-4bc4-4dfd-9642-f3d20991d260/,tester_05,8.0
829,d7b0af51-3912-4a33-9ef0-f96835a1bf1a,2026-02-22,soil_fertility_management,,Village Square,Trainer 3,yes,full_attendance,,77fdc364-5ade-436c-8d4f-888557c07d92,2026-02-22 08:50:00,2026-02-22 08:46:00,tester_07,2026-02-22 08:50:16,https://www.commcarehq.org/a/commcare-learn-ahmad/reports/form_data/d7b0af51-3912-4a33-9ef0-f96835a1bf1a/,tester_07,4.0
830,6626523a-2770-4a73-8ffb-3f3716482048,2026-05-06,record_keeping,,Primary School,Trainer 3,yes,full_attendance,,cd886f99-a1d3-4145-86d6-b8173f23aee1,2026-05-06 11:30:00,2026-05-06 11:25:00,tester_04,2026-05-06 11:30:05,https://www.commcarehq.org/a/commcare-learn-ahmad/reports/form_data/6626523a-2770-4a73-8ffb-3f3716482048/,tester_04,5.0
831,00d5fcdc-c136-4a0e-8a82-f7c4935d5e1a,2026-08-10,irrigation_and_water_management,,Extension Office,Trainer 1,yes,full_attendance,,c8b43ebc-1cbb-4585-8337-4c9344b72a2c,2026-08-10 08:29:00,2026-08-10 08:26:00,tester_02,2026-08-10 08:29:16,https://www.commcarehq.org/a/commcare-learn-ahmad/reports/form_data/00d5fcdc-c136-4a0e-8a82-f7c4935d5e1a/,tester_02,3.0
832,224aff91-3ddc-456d-8ce5-abf53d4e5fcd,2026-07-27,other,Financial Literacy,Village Square,Trainer 5,no,,,96c19dbc-c570-4cfb-9b18-22b2f1f59e75,2026-07-27 08:44:00,2026-07-27 08:42:00,tester_07,2026-07-27 08:44:20,https://www.commcarehq.org/a/commcare-learn-ahmad/reports/form_data/224aff91-3ddc-456d-8ce5-abf53d4e5fcd/,tester_07,2.0
833,a5c97940-32a1-41a8-b38c-8711c366d541,2026-04-04,irrigation_and_water_management,,Community Hall,Trainer 2,yes,full_attendance,,10acc861-8be0-4c85-872a-3ebbe76bed89,2026-04-04 11:04:00,2026-04-04 10:56:00,tester_02,2026-04-04 11:04:12,https://www.commcarehq.org/a/commcare-learn-ahmad/reports/form_data/a5c97940-32a1-41a8-b38c-8711c366d541/,tester_02,8.0
834,1aa146ed-a101-4f0b-8067-561677dc956e,2026-04-10,good_agronomic_practices,,Community Hall,Trainer 4,yes,partial_attendance,personal_emergency,89282000-cd78-42d1-ae29-0f2a478faa3e,2026-04-10 11:30:00,2026-04-10 11:27:00,tester_01,2026-04-10 11:30:06,https://www.commcarehq.org/a/commcare-learn-ahmad/reports/form_data/1aa146ed-a101-4f0b-8067-561677dc956e/,tester_01,3.0
835,b410c783-5297-4c66-b520-2da21f32fa7e,2026-02-24,record_keeping,,Village Square,Trainer 4,yes,full_attendance,,5edf8724-cdb2-4037-96de-82a2fde09ac6,2026-02-24 15:10:00,2026-02-24 15:06:00,tester_03,2026-02-24 15:10:11,https://www.commcarehq.org/a/commcare-learn-ahmad/reports/form_data/b410c783-5297-4c66-b520-2da21f32fa7e/,tester_03,4.0
836,82521a23-18f9-4158-b3eb-5681ed6524ab,2026-06-09,livestock_management,,Extension Office,Trainer 2,yes,full_attendance,,a2db4e4b-4b70-4d20-b4d9-3f205499576c,2026-06-09 15:41:00,2026-06-09 15:37:00,tester_05,2026-06-09 15:41:13,https://www.commcarehq.org/a/commcare-learn-ahmad/reports/form_data/82521a23-18f9-4158-b3eb-5681ed6524ab/,tester_05,4.0
837,506160c9-5b4c-40fd-94df-c0142c0b624c,2026-09-11,irrigation_and_water_management,,Extension Office,Trainer 4,yes,full_attendance,,302d6535-f2d0-4db0-a7be-886e6df11810,2026-09-11 09:34:00,2026-09-11 09:30:00,tester_05,2026-09-11 09:34:12,https://www.commcarehq.org/a/commcare-learn-ahmad/reports/form_data/506160c9-5b4c-40fd-94df-c0142c0b624c/,tester_05,4.0
838,16babde7-2a22-45e5-bb20-c170c398ba20,2026-02-25,good_agronomic_practices,,Primary School,Trainer 1,yes,full_attendance,,bf8a4a5d-b558-4f5d-b4c8-a5f7a627d65f,2026-02-25 13:05:00,2026-02-25 12:57:00,tester_04,2026-02-25 13:05:16,https://www.commcarehq.org/a/commcare-learn-ahmad/reports/form_data/16babde7-2a22-45e5-bb20-c170c398ba20/,tester_04,8.0
839,3b22f824-ccba-4e22-8c41-64e8531b2498,2026-06-08,soil_fertility_management,,Primary School,Trainer 3,yes,full_attendance,,bb2f2fba-7553-4001-a878-41628eb18d52,2026-06-08 09:26:00,2026-06-08 09:19:00,tester_04,2026-06-08 09:26:12,https://www.commcarehq.org/a/commcare-learn-ahmad/reports/form_data/3b22f824-ccba-4e22-8c41-64e8531b2498/,tester_04,7.0
840,408423d3-80a4-4cc5-897a-708c35b76024,2026-03-31,irrigation_and_water_management,,Farmer Cooperative Centre,Trainer 4,yes,full_attendance,,abc4c134-3823-408a-9456-4d5028b424df,2026-03-31 15:38:00,2026-03-31 15:33:00,tester_02,2026-03-31 15:38:13,https://www.commcarehq.org/a/commcare-learn-ahmad/reports/form_data/408423d3-80a4-4cc5-897a-708c35b76024/,tester_02,5.0
841,bae69ee7-e0c6-4646-8661-078111a29a2e,2026-02-27,record_keeping,,Community Hall,Trainer 3,yes,full_attendance,,bce27719-4ca6-4dae-b832-0d7f6c91289a,2026-02-27 15:47:00,2026-02-27 15:44:00,tester_07,2026-02-27 15:47:16,https://www.commcarehq.org/a/commcare-learn-ahmad/reports/form_data/bae69ee7-e0c6-4646-8661-078111a29a2e/,tester_07,3.0
842,137c443c-2618-4d81-be1f-dfd5e65cd6b1,2026-05-10,pest_and_disease_management,,Primary School,Trainer 2,yes,partial_attendance,personal_emergency,e691ad3d-d2a0-4138-beba-63ddfcac9707,2026-05-10 14:04:00,2026-05-10 13:58:00,tester_01,2026-05-10 14:04:08,https://www.commcarehq.org/a/commcare-learn-ahmad/reports/form_data/137c443c-2618-4d81-be1f-dfd5e65cd6b1/,tester_01,6.0
843,4835b6d2-689e-41c6-8234-573117e7506e,2026-04-03,soil_fertility_management,,Farmer Cooperative Centre,Trainer 4,yes,full_attendance,,e4869484-01df-4181-b464-252265c7fce0,2026-04-03 09:59:00,2026-04-03 09:55:00,tester_06,2026-04-03 09:59:11,https://www.commcarehq.org/a/commcare-learn-ahmad/reports/form_data/4835b6d2-689e-41c6-8234-573117e7506e/,tester_06,4.0
844,e0084022-beb9-4168-99af-5c2321504f12,2026-05-02,record_keeping,,Farmer Cooperative Centre,Trainer 1,yes,full_attendance,,3f718d97-c244-4e14-a445-f245b4c6e680,2026-05-02 09:03:00,2026-05-02 08:57:00,tester_06,2026-05-02 09:03:08,https://www.commcarehq.org/a/commcare-learn-ahmad/reports/form_data/e0084022-beb9-4168-99af-5c2321504f12/,tester_06,6.0
845,b9aa7393-7881-4ec4-93c0-0d40ba182930,2026-02-24,soil_fertility_management,,Primary School,Trainer 5,yes,full_attendance,,ad6fdda4-c5de-4e33-b56e-e5003bb545ff,2026-02-24 11:23:00,2026-02-24 11:18:00,tester_07,2026-02-24 11:23:19,https://www.commcarehq.org/a/commcare-learn-ahmad/reports/form_data/b9aa7393-7881-4ec4-93c0-0d40ba182930/,tester_07,5.0
846,0e20f7c7-39e7-4889-8ae2-bef2ac6f70f5,2026-06-29,livestock_management,,Extension Office,Trainer 2,yes,partial_attendance,arrived_late,84a11a8d-1788-4c01-8cc6-f7c163a9b79c,2026-06-29 11:43:00,2026-06-29 11:41:00,tester_07,2026-06-29 11:43:15,https://www.commcarehq.org/a/commcare-learn-ahmad/reports/form_data/0e20f7c7-39e7-4889-8ae2-bef2ac6f70f5/,tester_07,2.0
847,d38539a2-7fdc-455c-8254-58cc1dca5704,2026-09-10,record_keeping,,Extension Office,Trainer 5,yes,full_attendance,,951a3b7a-4701-4307-9a23-43adcfeada68,2026-09-10 08:58:00,2026-09-10 08:53:00,tester_07,2026-09-10 08:58:11,https://www.commcarehq.org/a/commcare-learn-ahmad/reports/form_data/d38539a2-7fdc-455c-8254-58cc1dca5704/,tester_07,5.0
848,0e91640d-2493-45b8-9bcc-d2128ce89b1e,2026-06-27,irrigation_and_water_management,,Farmer Cooperative Centre,Trainer 4,yes,partial_attendance,left_early,1e02d15f-828c-4fc2-94c0-9047986abd37,2026-06-27 11:20:00,2026-06-27 11:14:00,tester_04,2026-06-27 11:20:06,https://www.commcarehq.org/a/commcare-learn-ahmad/reports/form_data/0e91640d-2493-45b8-9bcc-d2128ce89b1e/,tester_04,6.0
849,29f3c161-9ed4-4885-acaf-9c9a5644ba26,2026-04-18,record_keeping,,Farmer Cooperative Centre,Trainer 2,yes,full_attendance,,559ce5d2-e08c-43e2-b027-8997db2b2107,2026-04-18 09:38:00,2026-04-18 09:35:00,tester_06,2026-04-18 09:38:13,https://www.commcarehq.org/a/commcare-learn-ahmad/reports/form_data/29f3c161-9ed4-4885-acaf-9c9a5644ba26/,tester_06,3.0
850,7ac32b08-88f5-4443-9297-fd6df19341b3,2026-04-10,soil_fertility_management,,Extension Office,Trainer 1,yes,partial_attendance,left_early,066c6a91-2c7c-4fa0-803d-9d4aefe959b9,2026-04-10 13:14:00,2026-04-10 13:08:00,tester_03,2026-04-10 13:14:12,https://www.commcarehq.org/a/commcare-learn-ahmad/reports/form_data/7ac32b08-88f5-4443-9297-fd6df19341b3/,tester_03,6.0
851,8e931ba9-4c13-4a0c-844e-c013acdee102,2026-02-19,livestock_management,,Primary School,Trainer 3,yes,full_attendance,,910f3447-73a4-4ba7-8239-6f28a079dfae,2026-02-19 12:35:00,2026-02-19 12:32:00,tester_05,2026-02-19 12:35:05,https://www.commcarehq.org/a/commcare-learn-ahmad/reports/form_data/8e931ba9-4c13-4a0c-844e-c013acdee102/,tester_05,3.0
852,327bf169-178d-4ce4-88b1-e7f9ea531057,2026-07-25,livestock_management,,Extension Office,Trainer 4,yes,full_attendance,,7fcc0eae-fb9a-4824-ba89-6399985be0c3,2026-07-25 15:08:00,2026-07-25 15:05:00,tester_07,2026-07-25 15:08:20,https://www.commcarehq.org/a/commcare-learn-ahmad/reports/form_data/327bf169-178d-4ce4-88b1-e7f9ea531057/,tester_07,3.0
853,1f39a555-bd6d-40d9-a2bc-021c956e175b,2026-04-08,other,Financial Literacy,Community Hall,Trainer 3,no,,,3f264d7a-a60f-4826-b679-9845122a1dd9,2026-04-08 14:58:00,2026-04-08 14:54:00,tester_04,2026-04-08 14:58:11,https://www.commcarehq.org/a/commcare-learn-ahmad/reports/form_data/1f39a555-bd6d-40d9-a2bc-021c956e175b/,tester_04,4.0
854,865e6fd1-0eaa-4e55-8237-40c072e45953,2026-07-17,other,Financial Literacy,Extension Office,Trainer 1,yes,full_attendance,,78c3d995-556e-41b3-a9d0-8a3127e03e78,2026-07-17 12:49:00,2026-07-17 12:45:00,tester_02,2026-07-17 12:49:19,https://www.commcarehq.org/a/commcare-learn-ahmad/reports/form_data/865e6fd1-0eaa-4e55-8237-40c072e45953/,tester_02,4.0
855,5be62887-2403-496c-958c-f6974bc5f616,2026-08-04,livestock_management,,Village Square,Trainer 2,yes,full_attendance,,9033ef68-176e-4bdb-ad43-f73e48211e18,2026-08-04 11:07:00,2026-08-04 11:00:00,tester_02,2026-08-04 11:07:09,https://www.commcarehq.org/a/commcare-learn-ahmad/reports/form_data/5be62887-2403-496c-958c-f6974bc5f616/,tester_02,7.0
856,81d2bee6-92aa-47d2-8962-f1265f980b68,2026-05-11,record_keeping,,Community Hall,Trainer 4,no,,,c702172c-3323-4ba0-99b3-1e8ebad6981c,2026-05-11 09:48:00,2026-05-11 09:44:00,tester_04,2026-05-11 09:48:10,https://www.commcarehq.org/a/commcare-learn-ahmad/reports/form_data/81d2bee6-92aa-47d2-8962-f1265f980b68/,tester_04,4.0
857,b6ccfa1b-a5ab-4496-a078-0be0a11d5a05,2026-09-30,irrigation_and_water_management,,Farmer Cooperative Centre,Trainer 1,yes,full_attendance,,bcec9459-0eac-47c7-af37-5eb0c1d0fc41,2026-09-30 13:35:00,2026-09-30 13:32:00,tester_04,2026-09-30 13:35:18,https://www.commcarehq.org/a/commcare-learn-ahmad/reports/form_data/b6ccfa1b-a5ab-4496-a078-0be0a11d5a05/,tester_04,3.0
858,2e3bae66-5bb6-444e-8a9e-9d9d73ebf7ec,2026-09-21,irrigation_and_water_management,,Village Square,Trainer 2,yes,full_attendance,,6221da4f-de75-414c-9a9e-cc54d8efd325,2026-09-21 15:50:00,2026-09-21 15:45:00,tester_05,2026-09-21 15:50:14,https://www.commcarehq.org/a/commcare-learn-ahmad/reports/form_data/2e3bae66-5bb6-444e-8a9e-9d9d73ebf7ec/,tester_05,5.0
859,d7cf44d9-d41c-4d1a-99ae-1b943ae5e47e,2026-06-01,livestock_management,,Primary School,Trainer 2,yes,full_attendance,,e8cd5a0b-6ebb-41c4-8fac-e9eb2290cfb9,2026-06-01 11:48:00,2026-06-01 11:45:00,tester_04,2026-06-01 11:48:12,https://www.commcarehq.org/a/commcare-learn-ahmad/reports/form_data/d7cf44d9-d41c-4d1a-99ae-1b943ae5e47e/,tester_04,3.0
860,27ec6429-1d83-41f3-b32e-dc2e09d29bb6,2026-08-17,other,Financial Literacy,Farmer Cooperative Centre,Trainer 1,yes,full_attendance,,914b1c65-6b49-4da0-9a92-8d425016e074,2026-08-17 09:46:00,2026-08-17 09:44:00,tester_04,2026-08-17 09:46:13,https://www.commcarehq.org/a/commcare-learn-ahmad/reports/form_data/27ec6429-1d83-41f3-b32e-dc2e09d29bb6/,tester_04,2.0
861,c7a64d16-5a70-4862-88e6-553eaddb1099,2026-06-24,other,Financial Literacy,Community Hall,Trainer 1,yes,full_attendance,,c3c1f419-0450-41fb-a5a5-3a05bf8fb8bc,2026-06-24 09:55:00,2026-06-24 09:51:00,tester_03,2026-06-24 09:55:11,https://www.commcarehq.org/a/commcare-learn-ahmad/reports/form_data/c7a64d16-5a70-4862-88e6-553eaddb1099/,tester_03,4.0
862,eb7ab917-cc30-4909-89f9-2cfd4b868210,2026-04-18,irrigation_and_water_management,,Village Square,Trainer 5,yes,full_attendance,,57e765f4-14a1-44b6-a1c6-29ddc875506b,2026-04-18 12:26:00,2026-04-18 12:23:00,tester_03,2026-04-18 12:26:20,https://www.commcarehq.org/a/commcare-learn-ahmad/reports/form_data/eb7ab917-cc30-4909-89f9-2cfd4b868210/,tester_03,3.0
863,a4cedbc7-e00b-4377-911b-7b763d0acc3b,2026-08-09,pest_and_disease_management,,Primary School,Trainer 2,yes,partial_attendance,other,4ec71545-210f-4cd4-b1e6-6a21553c1ede,2026-08-09 15:47:00,2026-08-09 15:41:00,tester_02,2026-08-09 15:47:12,https://www.commcarehq.org/a/commcare-learn-ahmad/reports/form_data/a4cedbc7-e00b-4377-911b-7b763d0acc3b/,tester_02,6.0
864,6711ebbf-d307-4ef8-91f2-ca3bfa68c378,2026-05-21,livestock_management,,Village Square,Trainer 4,yes,full_attendance,,f4c1afb4-c494-4d5f-a3eb-0542675880e7,2026-05-21 15:56:00,2026-05-21 15:49:00,tester_01,2026-05-21 15:56:12,https://www.commcarehq.org/a/commcare-learn-ahmad/reports/form_data/6711ebbf-d307-4ef8-91f2-ca3bfa68c378/,tester_01,7.0
865,6a5c77aa-e07f-4bb3-93d5-3e3e270b7ce4,2026-08-23,livestock_management,,Village Square,Trainer 4,yes,full_attendance,,1a3bd8f1-79f5-4c2a-949c-d3716a6db0ac,2026-08-23 15:43:00,2026-08-23 15:40:00,tester_02,2026-08-23 15:43:10,https://www.commcarehq.org/a/commcare-learn-ahmad/reports/form_data/6a5c77aa-e07f-4bb3-93d5-3e3e270b7ce4/,tester_02,3.0
866,3914c613-d26d-4436-8a81-7fc6b0fddb7b,2026-06-23,good_agronomic_practices,,Community Hall,Trainer 2,yes,full_attendance,,5cd0bb82-2bfa-4676-b030-ba31aaa72f3e,2026-06-23 10:01:00,2026-06-23 09:59:00,tester_04,2026-06-23 10:01:13,https://www.commcarehq.org/a/commcare-learn-ahmad/reports/form_data/3914c613-d26d-4436-8a81-7fc6b0fddb7b/,tester_04,2.0
867,f1d5bb8d-b2f9-42fd-93fd-1aa64a6a8028,2026-05-27,soil_fertility_management,,Extension Office,Trainer 1,yes,partial_attendance,other,d9b754a7-68e9-47ee-8dc6-5602f0afdd0a,2026-05-27 14:55:00,2026-05-27 14:48:00,tester_02,2026-05-27 14:55:09,https://www.commcarehq.org/a/commcare-learn-ahmad/reports/form_data/f1d5bb8d-b2f9-42fd-93fd-1aa64a6a8028/,tester_02,7.0
868,cfe06555-3a5d-4ce7-87fc-3a312620d666,2026-04-04,pest_and_disease_management,,Primary School,Trainer 3,yes,partial_attendance,arrived_late,c0732c46-8da1-4bdc-9a55-2d3af90608e4,2026-04-04 14:42:00,2026-04-04 14:36:00,tester_03,2026-04-04 14:42:15,https://www.commcarehq.org/a/commcare-learn-ahmad/reports/form_data/cfe06555-3a5d-4ce7-87fc-3a312620d666/,tester_03,6.0
869,d4f008a9-ba51-4f7a-b772-63b0d621e448,2026-04-14,other,Financial Literacy,Community Hall,Trainer 2,no,,,6e436ec3-4e0d-46d3-8065-d54d0219fc8a,2026-04-14 15:45:00,2026-04-14 15:42:00,tester_04,2026-04-14 15:45:09,https://www.commcarehq.org/a/commcare-learn-ahmad/reports/form_data/d4f008a9-ba51-4f7a-b772-63b0d621e448/,tester_04,3.0
870,4be312ce-b129-4024-b2d6-63363fe40063,2026-07-15,good_agronomic_practices,,Extension Office,Trainer 1,yes,full_attendance,,c18dac94-886b-47ca-bf06-ca3cf85aa9dc,2026-07-15 10:44:00,2026-07-15 10:36:00,tester_06,2026-07-15 10:44:16,https://www.commcarehq.org/a/commcare-learn-ahmad/reports/form_data/4be312ce-b129-4024-b2d6-63363fe40063/,tester_06,8.0
871,f66e7bbd-9230-413b-9b22-e84d5c02336e,2026-10-09,record_keeping,,Community Hall,Trainer 1,yes,full_attendance,,ba3dda75-3c05-44e8-a1e6-91129b2c8da9,2026-10-09 15:24:00,2026-10-09 15:21:00,tester_06,2026-10-09 15:24:16,https://www.commcarehq.org/a/commcare-learn-ahmad/reports/form_data/f66e7bbd-9230-413b-9b22-e84d5c02336e/,tester_06,3.0
872,96b21988-d210-43dd-af34-964ea60cebde,2026-04-17,record_keeping,,Community Hall,Trainer 3,yes,full_attendance,,56792874-299f-43c8-adcf-5658f1f75944,2026-04-17 14:48:00,2026-04-17 14:45:00,tester_03,2026-04-17 14:48:17,https://www.commcarehq.org/a/commcare-learn-ahmad/reports/form_data/96b21988-d210-43dd-af34-964ea60cebde/,tester_03,3.0
873,6eea7ce6-dfc1-4659-b55f-7caeb727c838,2026-01-22,irrigation_and_water_management,,Village Square,Trainer 1,yes,partial_attendance,left_early,201626df-eafd-4e3f-9cec-4c303f0d7eaf,2026-01-22 15:42:00,2026-01-22 15:38:00,tester_07,2026-01-22 15:42:12,https://www.commcarehq.org/a/commcare-learn-ahmad/reports/form_data/6eea7ce6-dfc1-4659-b55f-7caeb727c838/,tester_07,4.0
874,0138d38a-e586-4c65-9965-3e94d3b2102b,2026-03-26,irrigation_and_water_management,,Extension Office,Trainer 5,yes,full_attendance,,b1c1586d-25dc-46f5-a0f5-c9ac8d9a13a2,2026-03-26 13:29:00,2026-03-26 13:25:00,tester_06,2026-03-26 13:29:11,https://www.commcarehq.org/a/commcare-learn-ahmad/reports/form_data/0138d38a-e586-4c65-9965-3e94d3b2102b/,tester_06,4.0
875,be5f1269-33d8-4298-a9c0-a1b95b5227d7,2026-10-04,irrigation_and_water_management,,Village Square,Trainer 4,yes,full_attendance,,b0187664-60ab-49ef-b70a-2ec91ab1e0c7,2026-10-04 08:21:00,2026-10-04 08:19:00,tester_03,2026-10-04 08:21:07,https://www.commcarehq.org/a/commcare-learn-ahmad/reports/form_data/be5f1269-33d8-4298-a9c0-a1b95b5227d7/,tester_03,2.0
876,95685736-2d1c-4720-9a1b-06b2ebbc9006,2026-06-06,soil_fertility_management,,Village Square,Trainer 5,yes,partial_attendance,arrived_late,90b9eccb-3c90-4ea4-9292-e308dd751cbb,2026-06-06 11:30:00,2026-06-06 11:24:00,tester_06,2026-06-06 11:30:19,https://www.commcarehq.org/a/commcare-learn-ahmad/reports/form_data/95685736-2d1c-4720-9a1b-06b2ebbc9006/,tester_06,6.0
877,36a7e7f1-b815-4c1d-b04e-8b42f093614d,2026-05-21,irrigation_and_water_management,,Village Square,Trainer 4,yes,full_attendance,,2b3923cc-f280-4f7a-ab3b-b9540764fba1,2026-05-21 10:07:00,2026-05-21 10:01:00,tester_04,2026-05-21 10:07:14,https://www.commcarehq.org/a/commcare-learn-ahmad/reports/form_data/36a7e7f1-b815-4c1d-b04e-8b42f093614d/,tester_04,6.0
878,6316bf0a-e17a-4271-86d4-e5d217dbecfc,2026-06-14,good_agronomic_practices,,Farmer Cooperative Centre,Trainer 2,yes,full_attendance,,c1dbfd9f-4e13-4448-9f92-64df784eb248,2026-06-14 14:19:00,2026-06-14 14:13:00,tester_07,2026-06-14 14:19:09,https://www.commcarehq.org/a/commcare-learn-ahmad/reports/form_data/6316bf0a-e17a-4271-86d4-e5d217dbecfc/,tester_07,6.0
879,88833766-03f2-4c1c-afb5-cc74288b5fc5,2026-06-30,soil_fertility_management,,Village Square,Trainer 1,yes,full_attendance,,2eb697fa-a9f0-4810-a5b6-b7bf97a51a71,2026-06-30 15:22:00,2026-06-30 15:14:00,tester_07,2026-06-30 15:22:16,https://www.commcarehq.org/a/commcare-learn-ahmad/reports/form_data/88833766-03f2-4c1c-afb5-cc74288b5fc5/,tester_07,8.0
880,5e33e543-3a50-4558-9f31-f80599d41ac7,2026-07-26,pest_and_disease_management,,Primary School,Trainer 2,yes,full_attendance,,1e639620-f452-4bbf-99ec-9db24945fb24,2026-07-26 12:41:00,2026-07-26 12:34:00,tester_07,2026-07-26 12:41:13,https://www.commcarehq.org/a/commcare-learn-ahmad/reports/form_data/5e33e543-3a50-4558-9f31-f80599d41ac7/,tester_07,7.0
881,dd66be24-dc66-4d9e-a53b-3f604bc4454a,2026-07-31,soil_fertility_management,,Village Square,Trainer 4,yes,full_attendance,,dbecff4c-ffc0-4b9b-a7b4-f5b321a13748,2026-07-31 14:31:00,2026-07-31 14:26:00,tester_04,2026-07-31 14:31:20,https://www.commcarehq.org/a/commcare-learn-ahmad/reports/form_data/dd66be24-dc66-4d9e-a53b-3f604bc4454a/,tester_04,5.0
882,adafff64-3fdf-4998-bd6c-d8ee701f686c,2026-05-21,soil_fertility_management,,Extension Office,Trainer 5,no,,,2c7b0153-bf29-42b8-8f07-616c87c1dd5e,2026-05-21 09:21:00,2026-05-21 09:13:00,tester_03,2026-05-21 09:21:18,https://www.commcarehq.org/a/commcare-learn-ahmad/reports/form_data/adafff64-3fdf-4998-bd6c-d8ee701f686c/,tester_03,8.0
883,32dad33a-6d0f-49b8-8141-e0767d9a2381,2026-05-12,other,Post Harvest Handling,Village Square,Trainer 5,yes,full_attendance,,e66d01f5-18a6-4a01-b617-e84e5cefabf7,2026-05-12 09:07:00,2026-05-12 09:00:00,tester_02,2026-05-12 09:07:15,https://www.commcarehq.org/a/commcare-learn-ahmad/reports/form_data/32dad33a-6d0f-49b8-8141-e0767d9a2381/,tester_02,7.0
884,912fc871-5515-4e96-91fa-9b31572248e2,2026-07-26,good_agronomic_practices,,Community Hall,Trainer 3,yes,full_attendance,,794d102c-f453-4bdd-b3af-645c9c96841d,2026-07-26 13:43:00,2026-07-26 13:36:00,tester_07,2026-07-26 13:43:19,https://www.commcarehq.org/a/commcare-learn-ahmad/reports/form_data/912fc871-5515-4e96-91fa-9b31572248e2/,tester_07,7.0
885,8c6221ff-76a1-48bd-a314-ee4c991071c8,2026-08-11,good_agronomic_practices,,Village Square,Trainer 5,yes,full_attendance,,116f38e4-aa0e-4902-a5f7-81f7c8565873,2026-08-11 15:38:00,2026-08-11 15:33:00,tester_05,2026-08-11 15:38:07,https://www.commcarehq.org/a/commcare-learn-ahmad/reports/form_data/8c6221ff-76a1-48bd-a314-ee4c991071c8/,tester_05,5.0
886,656baf4d-6e78-43d3-8f62-c73ad5516d01,2026-05-31,record_keeping,,Community Hall,Trainer 3,yes,partial_attendance,left_early,91ae0ff9-a447-4b71-8a7a-3ac346bf079a,2026-05-31 12:38:00,2026-05-31 12:36:00,tester_03,2026-05-31 12:38:06,https://www.commcarehq.org/a/commcare-learn-ahmad/reports/form_data/656baf4d-6e78-43d3-8f62-c73ad5516d01/,tester_03,2.0
887,3c162220-c943-453e-8416-eda5f244f119,2026-09-21,pest_and_disease_management,,Village Square,Trainer 5,yes,full_attendance,,ee990b8a-dc4e-4286-b666-ae9aaf4d9085,2026-09-21 11:53:00,2026-09-21 11:46:00,tester_05,2026-09-21 11:53:09,https://www.commcarehq.org/a/commcare-learn-ahmad/reports/form_data/3c162220-c943-453e-8416-eda5f244f119/,tester_05,7.0
888,91643f4b-e4a1-4e93-9f70-386f9af68354,2026-09-13,soil_fertility_management,,Village Square,Trainer 2,yes,partial_attendance,personal_emergency,30bdd7b9-60a4-41dd-a8e7-d23b93d7353b,2026-09-13 08:19:00,2026-09-13 08:16:00,tester_06,2026-09-13 08:19:20,https://www.commcarehq.org/a/commcare-learn-ahmad/reports/form_data/91643f4b-e4a1-4e93-9f70-386f9af68354/,tester_06,3.0
889,d22af3d1-4b64-4ee3-b06f-05a4f4c804ff,2026-07-21,record_keeping,,Farmer Cooperative Centre,Trainer 1,yes,full_attendance,,550e6c90-05ef-43c6-a330-975e5d7729f0,2026-07-21 14:43:00,2026-07-21 14:39:00,tester_04,2026-07-21 14:43:14,https://www.commcarehq.org/a/commcare-learn-ahmad/reports/form_data/d22af3d1-4b64-4ee3-b06f-05a4f4c804ff/,tester_04,4.0
