number,formid,form.section_1_farmer_identification.community,form.section_1_farmer_identification.first_name,form.section_1_farmer_identification.last_name,form.section_1_farmer_identification.gender,form.section_1_farmer_identification.date_of_birth,form.section_1_farmer_identification.national_id,form.section_1_farmer_identification.phone_number,form.section_1_farmer_identification.farmer_photograph,form.section_2_household_information.household_size,form.section_2_household_information.primary_occupation,form.section_2_household_information.farming_experience_years,form.section_3_farm_information.farm_ownership,form.section_3_farm_information.number_of_farm_plots,form.section_3_farm_information.primary_or_main_irrigation_source.choice,form.section_3_farm_information.primary_or_main_irrigation_source.specify_other,form.section_4_crops_cultivated.crops_cultivated_and_areas_hectares.choice,form.section_4_crops_cultivated.crops_cultivated_and_areas_hectares.area_under_groundnuts_hectares,form.section_4_crops_cultivated.crops_cultivated_and_areas_hectares.area_under_maize_hectares,form.section_4_crops_cultivated.crops_cultivated_and_areas_hectares.area_under_rice_hectares,form.section_5_livestock.livestock_and_number_kept_integer.choice,form.section_5_livestock.livestock_and_number_kept_integer.number_of_goats,form.section_5_livestock.livestock_and_number_kept_integer.number_of_rabbits,form.section_6_farm_location.farm_gps_location,form.section_7_consent.farmer_accepts_or_decline_to_participate_in_the_programme.choice,form.case.@case_id,completed_time,started_time,username,received_on,form_link,hq_user,gps_valid
1,504b273b-1c39-4521-bc2c-537b609fed58,community_05,Amina,Balogun,male,1994-07-28,,08055002657,https://www.commcarehq.org/photos/farmer_1.jpg,8,mixed_farming,13,leased,1,rain-fed,---,groundnuts,2.9,---,---,goats,4,---,10.3435918 7.3375823 0.0 20.0,yes,c39e0858-e6f4-4ee0-846e-152e4bfecf8b,2026-01-12 00:07:00,2026-01-12,tester,2026-01-12 00:07:19,https://www.commcarehq.org/form/504b273b-1c39-4521-bc2c-537b609fed58,tester,True
2,4dd0e615-baa3-453b-a6b0-6e639fbd99d9,community_04,Elizabeth,David,male,1987-01-07,21616047600.0,08002202126,https://www.commcarehq.org/photos/farmer_2.jpg,5,mixed_farming,21,owned,6,rain-fed,---,maize rice,---,6.4,2.7,---,---,---,10.5371408 7.5104 0.0 20.0,yes,c30fc189-b791-4f63-b2d6-49a72c4fe71d,2026-01-09 00:08:00,2026-01-09,tester,2026-01-09 00:08:15,https://www.commcarehq.org/form/4dd0e615-baa3-453b-a6b0-6e639fbd99d9,tester,True
3,1dcc0533-97d8-44d0-a82f-c9326eb83590,community_03,Fatima,Daniel,female,1981-03-26,,08039422525,https://www.commcarehq.org/photos/farmer_3.jpg,7,livestock_farming,17,owned,1,rain-fed,---,rice,---,---,2.0,goats,14,---,10.38722 7.3005656 0.0 20.0,yes,10a9512f-dd34-4978-8957-ac16b014c195,2026-01-03 00:07:00,2026-01-03,tester,2026-01-03 00:07:08,https://www.commcarehq.org/form/1dcc0533-97d8-44d0-a82f-c9326eb83590,tester,True
4,4157fc06-ce3d-49f3-8ee3-56ff8232ace5,community_05,Mercy,Lawal,male,1985-02-11,11948728483.0,08098251982,https://www.commcarehq.org/photos/farmer_4.jpg,8,crop_farming,6,owned,3,rain-fed,---,groundnuts rice,2.8,---,3.6,---,---,---,10.2231701 7.5512038 0.0 20.0,yes,ba5dee4f-67a1-416d-8d06-f4ad5da62772,2026-01-22 00:07:00,2026-01-22,tester,2026-01-22 00:07:20,https://www.commcarehq.org/form/4157fc06-ce3d-49f3-8ee3-56ff8232ace5,tester,True
5,cde677db-aeaa-4c39-b995-c361dd8d4e93,community_06,Emmanuel,Sani,female,2000-09-29,68439875878.0,08099767363,https://www.commcarehq.org/photos/farmer_5.jpg,7,crop_farming,1,owned,1,rain-fed,---,rice groundnuts maize,0.7,0.7,1.7,---,---,---,10.3941658 7.4156936 0.0 20.0,yes,86b635ee-2517-4b6b-a599-c18c5409623e,2026-05-27 00:06:00,2026-05-27,tester,2026-05-27 00:06:20,https://www.commcarehq.org/form/cde677db-aeaa-4c39-b995-c361dd8d4e93,tester,True
6,2807fab7-64e7-4172-896f-44a911032d0c,community_02,Ruth,Abdullahi,male,1997-11-30,71895212988.0,08080660781,https://www.commcarehq.org/photos/farmer_6.jpg,4,crop_farming,5,owned,1,river_stream,---,groundnuts rice maize,2.9,6.1,3.5,goats,17,---,10.5458602 7.5609771 0.0 20.0,yes,62a5ae93-6c9e-4392-a560-30cde2f92f97,2026-01-01 00:05:00,2026-01-01,tester,2026-01-01 00:05:13,https://www.commcarehq.org/form/2807fab7-64e7-4172-896f-44a911032d0c,tester,True
7,5d9b5a60-17da-4181-94eb-e5851b440db7,community_07,Paul,Ali,male,1977-08-09,,08012955705,https://www.commcarehq.org/photos/farmer_7.jpg,7,crop_farming,17,owned,4,borehole,---,maize,---,1.2,---,---,---,---,10.4378077 7.4477526 0.0 20.0,yes,b8906c5d-ae97-4715-9856-b28644ad25ad,2026-05-30 00:06:00,2026-05-30,tester,2026-05-30 00:06:15,https://www.commcarehq.org/form/5d9b5a60-17da-4181-94eb-e5851b440db7,tester,True
8,b63e5c48-dded-457c-8902-f1ee139e19ec,community_07,John,Adeyemi,female,1990-05-04,,08023704990,https://www.commcarehq.org/photos/farmer_8.jpg,4,crop_farming,3,leased,2,rain-fed,---,rice maize groundnuts,2.2,3.8,3.8,goats,6,---,10.5558851 7.4969667 0.0 20.0,yes,e2f688f3-6d9a-46b3-a040-4c4f2a822ab9,2026-03-14 00:06:00,2026-03-14,tester,2026-03-14 00:06:11,https://www.commcarehq.org/form/b63e5c48-dded-457c-8902-f1ee139e19ec,tester,True
9,30a17e68-8bb2-4251-bce4-c10c3b2bd2d3,community_05,John,Adeyemi,female,1989-03-04,,08080420762,https://www.commcarehq.org/photos/farmer_9.jpg,8,mixed_farming,4,owned,3,rain-fed,---,rice groundnuts,1.6,---,0.6,goats,3,---,10.2840306 7.2998119 0.0 20.0,yes,ae09330c-798d-4279-aba0-6adcd695d482,2026-05-24 00:08:00,2026-05-24,tester,2026-05-24 00:08:18,https://www.commcarehq.org/form/30a17e68-8bb2-4251-bce4-c10c3b2bd2d3,tester,True
10,10a18aeb-1a17-437d-bcf8-6059bd3370a5,community_07,Suleiman,Peter,female,1994-04-10,,08007398882,https://www.commcarehq.org/photos/farmer_10.jpg,1,crop_farming,14,leased,2,borehole,---,groundnuts,0.6,---,---,goats,12,---,10.2277683 7.5093307 0.0 20.0,yes,0bc038b7-b91f-47e4-bb56-d0de7b2076e7,2026-05-11 00:05:00,2026-05-11,tester,2026-05-11 00:05:15,https://www.commcarehq.org/form/10a18aeb-1a17-437d-bcf8-6059bd3370a5,tester,True
11,c30c2a5a-ef0e-4809-a575-900197872e46,community_07,Mary,Michael,female,2004-06-17,59111077388.0,08073653527,https://www.commcarehq.org/photos/farmer_11.jpg,3,mixed_farming,2,owned,1,irrigation_scheme,---,maize groundnuts rice,1.8,4.5,1.6,---,---,---,10.276736 7.4659718 0.0 20.0,yes,3d498f69-0b1e-480d-8d20-0839027d43e4,2026-02-14 00:06:00,2026-02-14,tester,2026-02-14 00:06:14,https://www.commcarehq.org/form/c30c2a5a-ef0e-4809-a575-900197872e46,tester,True
12,da4bb7e7-adc3-4f4e-bc46-e6419e3f62cf,community_03,Joy,Yusuf,male,1986-09-04,,08044249710,https://www.commcarehq.org/photos/farmer_12.jpg,7,crop_farming,8,family_land,1,rain-fed,---,groundnuts,3.0,---,---,---,---,---,10.3821665 7.5544548 0.0 20.0,yes,cd99a9c0-2d78-4c70-b0ce-12609330c483,2026-06-28 00:05:00,2026-06-28,tester,2026-06-28 00:05:20,https://www.commcarehq.org/form/da4bb7e7-adc3-4f4e-bc46-e6419e3f62cf,tester,True
13,ce86b6f4-4de7-42ea-a08e-120deb92920e,community_03,Sarah,Ojo,female,1962-12-12,81708395052.0,08045911455,https://www.commcarehq.org/photos/farmer_13.jpg,5,mixed_farming,33,owned,3,rain-fed,---,maize rice,---,5.0,3.4,goats,18,---,10.2956983 7.375949 0.0 20.0,yes,78e9fb0d-fa88-4db6-a4c4-61c6f12919a1,2026-03-02 00:04:00,2026-03-02,tester,2026-03-02 00:04:15,https://www.commcarehq.org/form/ce86b6f4-4de7-42ea-a08e-120deb92920e,tester,True
14,199d4caa-9656-4eba-873c-35581b76cb56,community_02,Mercy,Bello,male,1993-07-13,67616418900.0,08034083790,https://www.commcarehq.org/photos/farmer_14.jpg,11,crop_farming,7,leased,2,borehole,---,groundnuts maize rice,1.2,3.4,1.9,---,---,---,10.4896726 7.5362023 0.0 20.0,yes,1ba16c4f-7d7e-410a-aba2-76d69e3e6d92,2026-06-09 00:06:00,2026-06-09,tester,2026-06-09 00:06:05,https://www.commcarehq.org/form/199d4caa-9656-4eba-873c-35581b76cb56,tester,True
15,90e65ce7-d80a-421d-b2be-e9ae12467a3d,community_07,Blessing,Okafor,female,2002-04-29,,08012343829,https://www.commcarehq.org/photos/farmer_15.jpg,9,mixed_farming,1,leased,2,rain-fed,---,groundnuts rice maize,1.0,0.6,1.0,goats rabbits,23,15,10.3860136 7.3024975 0.0 20.0,yes,67303a66-a625-4cbc-b811-f7b1011cc0d3,2026-06-05 00:06:00,2026-06-05,tester,2026-06-05 00:06:08,https://www.commcarehq.org/form/90e65ce7-d80a-421d-b2be-e9ae12467a3d,tester,True
16,3d5a0895-fdcd-4272-9bf2-13fc1172ec06,community_06,Rebecca,Ahmed,male,2003-09-16,,08093706617,https://www.commcarehq.org/photos/farmer_16.jpg,8,livestock_farming,1,owned,2,rain-fed,---,maize groundnuts rice,2.6,1.1,3.9,---,---,---,10.4829235 7.3741949 0.0 20.0,yes,b802fdc1-1dd2-4f2f-982d-5c1840e570c7,2026-06-16 00:04:00,2026-06-16,tester,2026-06-16 00:04:20,https://www.commcarehq.org/form/3d5a0895-fdcd-4272-9bf2-13fc1172ec06,tester,True
17,a7c59c62-ed01-4e09-afb3-a8b5e4124493,community_03,Joy,Balogun,female,1993-05-26,42000950925.0,08075634343,https://www.commcarehq.org/photos/farmer_17.jpg,5,mixed_farming,5,owned,3,rain-fed,---,maize rice groundnuts,2.2,4.4,2.2,rabbits,---,16,10.3617605 7.2973221 0.0 20.0,yes,4c45b160-dab9-4cb2-b55e-4175698d86c5,2026-04-05 00:05:00,2026-04-05,tester,2026-04-05 00:05:16,https://www.commcarehq.org/form/a7c59c62-ed01-4e09-afb3-a8b5e4124493,tester,True
18,36a99e83-4be6-4b9e-906e-4dff04207e00,community_03,Suleiman,Sani,male,1982-02-06,53776816193.0,08015712479,https://www.commcarehq.org/photos/farmer_18.jpg,7,mixed_farming,10,owned,1,borehole,---,maize,---,0.8,---,goats,11,---,10.2505118 7.5473845 0.0 20.0,yes,77373be8-edc2-43ec-9ffa-79c939c95c6f,2026-01-04 00:06:00,2026-01-04,tester,2026-01-04 00:06:14,https://www.commcarehq.org/form/36a99e83-4be6-4b9e-906e-4dff04207e00,tester,True
19,afe77526-b126-4bf4-bcbf-e89e729cde6d,community_03,Samuel,Johnson,male,2001-05-10,,08040601539,https://www.commcarehq.org/photos/farmer_19.jpg,3,mixed_farming,5,owned,3,irrigation_scheme,---,rice maize,---,2.3,2.7,---,---,---,10.5790361 7.2831152 0.0 20.0,yes,8fa2c0d4-2512-4eb5-bd81-abc14f04646d,2026-06-19 00:02:00,2026-06-19,tester,2026-06-19 00:02:10,https://www.commcarehq.org/form/afe77526-b126-4bf4-bcbf-e89e729cde6d,tester,True
20,6555fdb6-f1f3-4b24-8104-9acbca513333,community_02,Mercy,Bello,male,1986-11-13,49648888517.0,08077469766,https://www.commcarehq.org/photos/farmer_20.jpg,4,mixed_farming,9,family_land,5,rain-fed,---,maize rice groundnuts,1.7,2.3,1.9,goats,19,---,10.2321767 7.2159443 0.0 20.0,yes,80ea3e23-35d4-418f-adef-8e350765783d,2026-03-24 00:06:00,2026-03-24,tester,2026-03-24 00:06:13,https://www.commcarehq.org/form/6555fdb6-f1f3-4b24-8104-9acbca513333,tester,True
21,f6659c8c-6708-474b-8c9d-a093400aaf8b,community_01,Peter,Adeyemi,female,1985-08-01,,08057154294,https://www.commcarehq.org/photos/farmer_21.jpg,6,crop_farming,11,family_land,1,borehole,---,rice maize,---,5.4,2.4,---,---,---,10.3293095 7.5880739 0.0 20.0,yes,7ecc8845-887a-4760-86d8-f3c70ee041b4,2026-05-12 00:08:00,2026-05-12,tester,2026-05-12 00:08:05,https://www.commcarehq.org/form/f6659c8c-6708-474b-8c9d-a093400aaf8b,tester,True
22,8fe27988-988b-41e9-a86e-1ab5401bc735,community_05,Mercy,Ali,male,1990-08-26,,08067259461,https://www.commcarehq.org/photos/farmer_22.jpg,8,crop_farming,18,owned,4,rain-fed,---,rice,---,---,3.4,---,---,---,10.4035488 7.30937 0.0 20.0,yes,643aff25-1b59-415e-a4c7-a42833ed5b25,2026-05-01 00:03:00,2026-05-01,tester,2026-05-01 00:03:19,https://www.commcarehq.org/form/8fe27988-988b-41e9-a86e-1ab5401bc735,tester,True
23,902089dc-dfab-417b-a481-4e8e58935359,community_04,Joseph,Daniel,female,1984-06-06,54731837094.0,08095822594,https://www.commcarehq.org/photos/farmer_23.jpg,4,crop_farming,18,owned,2,other,Rainwater Harvesting,maize groundnuts rice,0.6,5.0,3.0,---,---,---,10.4654755 7.528299 0.0 20.0,yes,09100f87-9622-40dc-9c18-66e1fe1c0d3e,2026-05-07 00:02:00,2026-05-07,tester,2026-05-07 00:02:09,https://www.commcarehq.org/form/902089dc-dfab-417b-a481-4e8e58935359,tester,True
24,ad5f4f50-aab0-4435-9aa3-3c73e9ec081a,community_04,Blessing,Johnson,female,1969-05-25,11962491159.0,08074614936,https://www.commcarehq.org/photos/farmer_24.jpg,2,livestock_farming,25,leased,3,borehole,---,groundnuts rice maize,2.1,6.0,4.0,---,---,---,10.2393773 7.4534991 0.0 20.0,yes,86ecf7ec-768f-4c4c-a53e-116365e7199b,2026-04-24 00:03:00,2026-04-24,tester,2026-04-24 00:03:14,https://www.commcarehq.org/form/ad5f4f50-aab0-4435-9aa3-3c73e9ec081a,tester,True
25,164c8cc2-aeb4-463a-8184-f39ef3834c5b,community_07,Grace,Johnson,female,1990-12-02,68115916826.0,08057108629,https://www.commcarehq.org/photos/farmer_25.jpg,4,crop_farming,1,leased,2,borehole,---,groundnuts,1.6,---,---,goats,20,---,10.5848116 7.4761254 0.0 20.0,yes,f94c0818-8ad3-40b6-93d6-ab21169cc93b,2026-03-19 00:03:00,2026-03-19,tester,2026-03-19 00:03:17,https://www.commcarehq.org/form/164c8cc2-aeb4-463a-8184-f39ef3834c5b,tester,True
26,63a672c9-e58c-44bb-8f9a-0999c1cd63ab,community_06,Mary,Garba,male,1991-07-17,64366683091.0,08025670649,https://www.commcarehq.org/photos/farmer_26.jpg,5,mixed_farming,8,family_land,3,borehole,---,rice groundnuts maize,2.8,4.4,1.6,goats,20,---,10.2525647 7.5638511 0.0 20.0,yes,5a0ebce9-b6ec-4832-9482-47152fa0dde8,2026-04-17 00:03:00,2026-04-17,tester,2026-04-17 00:03:11,https://www.commcarehq.org/form/63a672c9-e58c-44bb-8f9a-0999c1cd63ab,tester,True
27,de879636-b4e7-4dec-ad0c-afc4b03a5d7c,community_01,Mercy,Michael,female,1982-04-19,52118547373.0,08073191987,https://www.commcarehq.org/photos/farmer_27.jpg,6,crop_farming,26,owned,2,rain-fed,---,rice maize groundnuts,2.6,6.1,0.9,goats,2,---,10.5772677 7.3312025 0.0 20.0,yes,aa75b7cc-da8d-458b-a0f1-8509c9bc41b1,2026-06-15 00:02:00,2026-06-15,tester,2026-06-15 00:02:19,https://www.commcarehq.org/form/de879636-b4e7-4dec-ad0c-afc4b03a5d7c,tester,True
28,c02018bd-2723-4d5d-b349-73f34fc3f1d3,community_07,Musa,Ojo,male,2008-02-01,,08012533965,https://www.commcarehq.org/photos/farmer_28.jpg,7,crop_farming,1,family_land,3,dam_reservoir,---,rice,---,---,1.8,goats,9,---,10.2397418 7.4742721 0.0 20.0,yes,968adadc-f237-449b-a77c-4ac6542cd0b8,2026-06-15 00:04:00,2026-06-15,tester,2026-06-15 00:04:06,https://www.commcarehq.org/form/c02018bd-2723-4d5d-b349-73f34fc3f1d3,tester,True
29,6d4fd5d2-0b84-46ad-bc4e-f108b475eddf,community_03,John,James,female,1974-08-09,94350979790.0,08090397285,https://www.commcarehq.org/photos/farmer_29.jpg,7,crop_farming,10,family_land,4,other,Spring Water,groundnuts rice,2.2,---,0.6,goats,9,---,10.2063124 7.306147 0.0 20.0,yes,4fb1316d-0dff-4257-a3fc-0c3c50ac83e8,2026-04-18 00:06:00,2026-04-18,tester,2026-04-18 00:06:08,https://www.commcarehq.org/form/6d4fd5d2-0b84-46ad-bc4e-f108b475eddf,tester,True
30,f1e20be8-2dba-48ff-83e1-dbed7248e906,community_05,Ruth,Ali,female,1984-11-22,95664907881.0,08007854904,https://www.commcarehq.org/photos/farmer_30.jpg,6,mixed_farming,15,owned,1,rain-fed,---,maize,---,4.2,---,---,---,---,10.3523618 7.4389567 0.0 20.0,yes,6e4ef053-9c44-47dc-a81e-a6f46c160c7e,2026-05-10 00:06:00,2026-05-10,tester,2026-05-10 00:06:18,https://www.commcarehq.org/form/f1e20be8-2dba-48ff-83e1-dbed7248e906,tester,True
31,484d2f33-6715-4acf-9cb5-3e023205a92b,community_01,Yusuf,James,female,1978-03-25,43879092961.0,08048373329,https://www.commcarehq.org/photos/farmer_31.jpg,9,crop_farming,4,family_land,2,rain-fed,---,rice maize groundnuts,1.5,5.7,3.8,goats rabbits,25,20,10.440164 7.3406585 0.0 20.0,yes,3b44b75a-0f09-4665-b844-8b89311c7f9a,2026-02-24 00:03:00,2026-02-24,tester,2026-02-24 00:03:20,https://www.commcarehq.org/form/484d2f33-6715-4acf-9cb5-3e023205a92b,tester,True
32,4c3eb22a-3ada-4bfc-8564-2240a16ec795,community_02,Mary,Samuel,female,1991-09-20,94274662027.0,08065666027,https://www.commcarehq.org/photos/farmer_32.jpg,5,crop_farming,13,owned,3,rain-fed,---,rice groundnuts maize,1.5,2.5,1.8,---,---,---,10.4270374 7.2339828 0.0 20.0,yes,e5e4411a-cd63-4528-8f63-3b382d77708b,2026-02-10 00:08:00,2026-02-10,tester,2026-02-10 00:08:06,https://www.commcarehq.org/form/4c3eb22a-3ada-4bfc-8564-2240a16ec795,tester,True
33,6b7becb5-9002-4e92-b686-51c00f905255,community_05,James,Ali,female,1978-12-13,81961932838.0,08014264603,https://www.commcarehq.org/photos/farmer_33.jpg,1,crop_farming,5,family_land,2,rain-fed,---,maize groundnuts rice,1.5,4.7,2.3,---,---,---,10.2288302 7.5447057 0.0 20.0,yes,59635c28-1d82-43a3-b13a-7a490fdd9d9c,2026-01-05 00:05:00,2026-01-05,tester,2026-01-05 00:05:07,https://www.commcarehq.org/form/6b7becb5-9002-4e92-b686-51c00f905255,tester,True
34,71755b91-eade-4f7c-82d8-e66fd093c0ab,community_06,Blessing,Usman,female,1980-02-15,32869705212.0,08086890825,https://www.commcarehq.org/photos/farmer_34.jpg,2,crop_farming,25,owned,3,rain-fed,---,maize,---,2.6,---,---,---,---,10.2590759 7.2411218 0.0 20.0,yes,e34e93f4-8d20-44f3-8a33-49ae9101daa3,2026-02-14 00:06:00,2026-02-14,tester,2026-02-14 00:06:09,https://www.commcarehq.org/form/71755b91-eade-4f7c-82d8-e66fd093c0ab,tester,True
35,d8138c8f-5f58-4c4d-bf36-0779365738e9,community_06,Binta,Bello,male,1968-11-20,,08074956686,https://www.commcarehq.org/photos/farmer_35.jpg,4,mixed_farming,18,owned,2,rain-fed,---,groundnuts rice,1.4,---,1.5,---,---,---,10.2361186 7.4376319 0.0 20.0,yes,ee1ef6ba-3ee2-44ed-9267-f1cb34f023fe,2026-05-29 00:06:00,2026-05-29,tester,2026-05-29 00:06:06,https://www.commcarehq.org/form/d8138c8f-5f58-4c4d-bf36-0779365738e9,tester,True
36,513190d3-bab1-4d66-b8d8-9226b21819e3,community_03,Paul,Okafor,female,1988-10-27,70395287678.0,08018375124,https://www.commcarehq.org/photos/farmer_36.jpg,6,crop_farming,10,owned,2,rain-fed,---,rice maize groundnuts,1.3,3.8,1.9,goats,23,---,10.4410803 7.2601493 0.0 20.0,yes,ebbabe22-6de1-4521-bd20-c0982f73f2ce,2026-06-19 00:03:00,2026-06-19,tester,2026-06-19 00:03:16,https://www.commcarehq.org/form/513190d3-bab1-4d66-b8d8-9226b21819e3,tester,True
37,96f47b62-d16a-4db8-be1b-5b9840bb177f,community_02,Binta,Ogunleye,female,1997-05-26,97517171228.0,08078687656,https://www.commcarehq.org/photos/farmer_37.jpg,11,crop_farming,4,owned,4,rain-fed,---,groundnuts rice,2.2,---,3.6,---,---,---,10.2617011 7.2723384 0.0 20.0,yes,6a9a7b2d-01fc-46b5-b207-0941e1d23920,2026-06-09 00:08:00,2026-06-09,tester,2026-06-09 00:08:10,https://www.commcarehq.org/form/96f47b62-d16a-4db8-be1b-5b9840bb177f,tester,True
38,34e80cc7-d5c3-4cde-be3b-379b66378f73,community_05,Grace,Usman,male,1968-09-06,41992901998.0,08053848399,https://www.commcarehq.org/photos/farmer_38.jpg,6,mixed_farming,27,leased,1,rain-fed,---,groundnuts maize,2.7,3.8,---,goats,18,---,10.3140252 7.5052467 0.0 20.0,yes,345c8102-7337-499b-afca-54edd80b4ba7,2026-05-12 00:03:00,2026-05-12,tester,2026-05-12 00:03:18,https://www.commcarehq.org/form/34e80cc7-d5c3-4cde-be3b-379b66378f73,tester,True
39,3247f8e8-527d-464c-9b8a-d5eeb8c2d1d9,community_01,Elizabeth,Garba,female,1975-12-14,59400744392.0,08029309867,https://www.commcarehq.org/photos/farmer_39.jpg,2,crop_farming,31,owned,1,rain-fed,---,groundnuts,1.9,---,---,---,---,---,10.2444747 7.3152406 0.0 20.0,yes,bb7ce744-de84-430d-81d5-0509ba27e0f0,2026-01-13 00:03:00,2026-01-13,tester,2026-01-13 00:03:18,https://www.commcarehq.org/form/3247f8e8-527d-464c-9b8a-d5eeb8c2d1d9,tester,True
40,a2b46b34-6bf6-4ebe-b95c-ed17f48ea5a3,community_05,Hauwa,Ali,male,1968-09-13,81433702538.0,08057203516,https://www.commcarehq.org/photos/farmer_40.jpg,9,crop_farming,31,owned,2,rain-fed,---,maize,---,5.2,---,goats,25,---,10.2414655 7.4327613 0.0 20.0,yes,e6d477ee-8c21-42e0-8e10-d5defce1fb0e,2026-02-04 00:02:00,2026-02-04,tester,2026-02-04 00:02:16,https://www.commcarehq.org/form/a2b46b34-6bf6-4ebe-b95c-ed17f48ea5a3,tester,True
41,1f1cda89-05f7-4926-8819-3ee89f51b87c,community_04,Joy,Ojo,male,1968-07-24,19169122031.0,08079027833,https://www.commcarehq.org/photos/farmer_41.jpg,6,crop_farming,13,owned,1,rain-fed,---,maize,---,3.1,---,goats,16,---,10.3546579 7.5894894 0.0 20.0,yes,0767c9f4-7fbd-486c-91a6-bf07da6446af,2026-05-08 00:04:00,2026-05-08,tester,2026-05-08 00:04:13,https://www.commcarehq.org/form/1f1cda89-05f7-4926-8819-3ee89f51b87c,tester,True
42,b1d36552-85f1-4ccf-aab7-3c9470112c26,community_06,Suleiman,Usman,male,1983-10-06,19030589268.0,08032471447,https://www.commcarehq.org/photos/farmer_42.jpg,5,mixed_farming,2,owned,3,rain-fed,---,rice groundnuts maize,0.9,4.1,3.2,goats,4,---,10.4580652 7.3448602 0.0 20.0,yes,2ae14ce5-32bd-44ec-9b51-2ecbd930ec3d,2026-01-09 00:06:00,2026-01-09,tester,2026-01-09 00:06:09,https://www.commcarehq.org/form/b1d36552-85f1-4ccf-aab7-3c9470112c26,tester,True
43,77dd0722-f333-4c57-95ff-736ca89653f9,community_05,Daniel,Samuel,male,2005-10-08,97249621106.0,08029015917,https://www.commcarehq.org/photos/farmer_43.jpg,8,crop_farming,2,owned,1,rain-fed,---,maize groundnuts rice,2.2,4.8,2.4,goats,11,---,10.4847236 7.5709298 0.0 20.0,yes,b77dc8b2-e0a0-4b14-a7a2-64f067628e83,2026-04-03 00:06:00,2026-04-03,tester,2026-04-03 00:06:12,https://www.commcarehq.org/form/77dd0722-f333-4c57-95ff-736ca89653f9,tester,True
44,5ccc3404-eeb5-4454-91ba-f3be1fcecab4,community_01,John,Abdullahi,male,1976-01-11,71714003551.0,08085603975,https://www.commcarehq.org/photos/farmer_44.jpg,11,mixed_farming,29,owned,3,river_stream,---,rice groundnuts maize,1.6,6.0,0.7,goats,6,---,10.2647868 7.5738951 0.0 20.0,yes,278ffa82-e440-4aa7-ba30-d050c7535a7e,2026-05-13 00:04:00,2026-05-13,tester,2026-05-13 00:04:07,https://www.commcarehq.org/form/5ccc3404-eeb5-4454-91ba-f3be1fcecab4,tester,True
45,205e11d2-5d02-48ed-9ce8-3075c2fdf93d,community_02,Binta,Sani,male,1976-10-13,34227856531.0,08055169390,https://www.commcarehq.org/photos/farmer_45.jpg,2,mixed_farming,27,family_land,1,rain-fed,---,rice maize,---,3.4,3.3,---,---,---,10.2291892 7.2239652 0.0 20.0,yes,78441b15-6465-49fd-997d-d93ed6a21704,2026-05-04 00:05:00,2026-05-04,tester,2026-05-04 00:05:11,https://www.commcarehq.org/form/205e11d2-5d02-48ed-9ce8-3075c2fdf93d,tester,True
46,5a326c17-e941-4593-bf2c-684942943854,community_03,Sarah,Johnson,female,1990-12-18,80310934766.0,08053422023,https://www.commcarehq.org/photos/farmer_46.jpg,7,livestock_farming,11,leased,3,borehole,---,rice maize,---,3.5,1.6,goats,14,---,10.5866747 7.2860578 0.0 20.0,yes,928e489f-063b-4cfc-a181-f7a0b65914bf,2026-01-13 00:04:00,2026-01-13,tester,2026-01-13 00:04:20,https://www.commcarehq.org/form/5a326c17-e941-4593-bf2c-684942943854,tester,True
47,74849224-1fc9-4e20-beb7-b32bf163de3e,community_04,Joy,Ojo,female,1996-05-14,48149856894.0,08077345150,https://www.commcarehq.org/photos/farmer_47.jpg,7,mixed_farming,10,family_land,4,rain-fed,---,rice maize,---,5.0,1.2,---,---,---,10.2181213 7.2548145 0.0 20.0,yes,4e0f8419-84d5-4dbe-be7c-94612577fee5,2026-05-02 00:06:00,2026-05-02,tester,2026-05-02 00:06:19,https://www.commcarehq.org/form/74849224-1fc9-4e20-beb7-b32bf163de3e,tester,True
48,a2e7852f-2fc4-44b2-9396-d226da7393ae,community_01,Naomi,Yakubu,male,1956-04-26,52273653396.0,08055545403,https://www.commcarehq.org/photos/farmer_48.jpg,3,mixed_farming,47,leased,5,rain-fed,---,rice groundnuts maize,2.0,1.5,2.7,---,---,---,10.2591103 7.4722908 0.0 20.0,yes,685479e1-db1c-4506-9180-d2e155cf9402,2026-06-29 00:02:00,2026-06-29,tester,2026-06-29 00:02:11,https://www.commcarehq.org/form/a2e7852f-2fc4-44b2-9396-d226da7393ae,tester,True
49,98e3e79e-f7aa-43d3-acdb-9ef7549fbf70,community_01,Ibrahim,Usman,male,1979-10-30,,08098701236,https://www.commcarehq.org/photos/farmer_49.jpg,7,crop_farming,18,owned,2,river_stream,---,rice maize groundnuts,1.0,2.0,2.5,goats,11,---,10.4819604 7.476096 0.0 20.0,yes,fc4edcd4-4401-482e-9055-77c9f1f38ee2,2026-05-03 00:04:00,2026-05-03,tester,2026-05-03 00:04:13,https://www.commcarehq.org/form/98e3e79e-f7aa-43d3-acdb-9ef7549fbf70,tester,True
50,90c4aae9-d243-4767-885f-907fdd66870d,community_02,Blessing,Adeyemi,male,1954-01-24,,08082273424,https://www.commcarehq.org/photos/farmer_50.jpg,4,mixed_farming,18,owned,3,rain-fed,---,rice,---,---,3.7,goats rabbits,9,28,10.3321174 7.3889616 0.0 20.0,yes,ca4229e9-06b1-498b-a217-73deeaab598b,2026-02-05 00:02:00,2026-02-05,tester,2026-02-05 00:02:10,https://www.commcarehq.org/form/90c4aae9-d243-4767-885f-907fdd66870d,tester,True
51,d55597d0-cc70-495c-8ae6-c88e6ffb0ab1,community_03,Elizabeth,Michael,female,1983-02-15,17069077735.0,08090557991,https://www.commcarehq.org/photos/farmer_51.jpg,12,mixed_farming,6,leased,2,rain-fed,---,rice groundnuts maize,1.2,6.4,2.4,---,---,---,10.5404239 7.3872083 0.0 20.0,yes,991f1383-6664-460e-af3f-3e10ff2ef7a2,2026-01-29 00:04:00,2026-01-29,tester,2026-01-29 00:04:10,https://www.commcarehq.org/form/d55597d0-cc70-495c-8ae6-c88e6ffb0ab1,tester,True
52,d18cecef-3821-4158-9dc5-fd61a54c8900,community_05,Binta,Mohammed,female,2003-02-06,39022308426.0,08018885061,https://www.commcarehq.org/photos/farmer_52.jpg,4,crop_farming,4,owned,2,rain-fed,---,rice groundnuts maize,2.1,4.7,0.7,goats rabbits,11,34,10.5692424 7.5551206 0.0 20.0,yes,fad5ab51-6785-44f6-b96c-7065bd57f6d5,2026-06-26 00:02:00,2026-06-26,tester,2026-06-26 00:02:14,https://www.commcarehq.org/form/d18cecef-3821-4158-9dc5-fd61a54c8900,tester,True
53,fe5cf38e-1b32-43e1-afc8-9af282ee72e4,community_03,Peter,Garba,female,1978-09-06,86029256503.0,08097887657,https://www.commcarehq.org/photos/farmer_53.jpg,7,crop_farming,19,owned,3,rain-fed,---,groundnuts rice maize,2.6,3.2,2.9,---,---,---,10.5595557 7.3781931 0.0 20.0,yes,091a6d20-f4af-4f3d-82dc-d1621e6f1714,2026-02-03 00:06:00,2026-02-03,tester,2026-02-03 00:06:18,https://www.commcarehq.org/form/fe5cf38e-1b32-43e1-afc8-9af282ee72e4,tester,True
54,f550d62c-a3b1-40ac-9f91-efad7026578a,community_03,Grace,Sani,male,1975-12-24,88245290322.0,08004750894,https://www.commcarehq.org/photos/farmer_54.jpg,5,mixed_farming,27,owned,2,irrigation_scheme,---,maize groundnuts,2.2,4.5,---,---,---,---,10.339108 7.2713895 0.0 20.0,yes,9b2539f5-e77c-4571-9632-1980b9119c90,2026-05-16 00:03:00,2026-05-16,tester,2026-05-16 00:03:12,https://www.commcarehq.org/form/f550d62c-a3b1-40ac-9f91-efad7026578a,tester,True
55,b0fc6309-d78c-4a9b-9689-668e50ac17c7,community_06,Emmanuel,Yusuf,female,1977-12-08,43601077243.0,08023297184,https://www.commcarehq.org/photos/farmer_55.jpg,9,crop_farming,22,family_land,1,rain-fed,---,groundnuts rice,2.4,---,3.2,goats,11,---,10.5665588 7.4304441 0.0 20.0,yes,ff3c923b-4247-4f3f-896b-9981d710e279,2026-06-22 00:08:00,2026-06-22,tester,2026-06-22 00:08:15,https://www.commcarehq.org/form/b0fc6309-d78c-4a9b-9689-668e50ac17c7,tester,True
56,aef8800e-5612-4c0e-bedf-947c96a427e5,community_02,Naomi,Peter,female,1980-02-10,96651537241.0,08065036356,https://www.commcarehq.org/photos/farmer_56.jpg,2,mixed_farming,8,family_land,2,rain-fed,---,groundnuts maize,2.9,3.8,---,goats,9,---,10.3321052 7.2316282 0.0 20.0,yes,dbace2a9-c3f0-4240-90af-02b30ea1ddf8,2026-04-05 00:02:00,2026-04-05,tester,2026-04-05 00:02:11,https://www.commcarehq.org/form/aef8800e-5612-4c0e-bedf-947c96a427e5,tester,True
57,d6434f64-26c7-47a3-9975-48bc421c6273,community_01,Joseph,Adeyemi,female,2007-04-01,,08056229392,https://www.commcarehq.org/photos/farmer_57.jpg,4,livestock_farming,1,leased,3,rain-fed,---,rice,---,---,1.6,goats,16,---,10.3437038 7.3046247 0.0 20.0,yes,eb89f1f1-f9ff-4237-bcd6-dba345669317,2026-05-08 00:05:00,2026-05-08,tester,2026-05-08 00:05:08,https://www.commcarehq.org/form/d6434f64-26c7-47a3-9975-48bc421c6273,tester,True
58,001a03a9-9053-4bb3-84ea-fa26d2c1d097,community_06,Suleiman,Ibrahim,female,1993-01-01,87505757671.0,08087055721,https://www.commcarehq.org/photos/farmer_58.jpg,4,crop_farming,11,leased,2,river_stream,---,rice maize groundnuts,0.9,5.3,1.1,---,---,---,10.5667598 7.4168547 0.0 20.0,yes,67ca18fc-40c8-4e38-a365-71c3a6dfbca9,2026-01-16 00:06:00,2026-01-16,tester,2026-01-16 00:06:06,https://www.commcarehq.org/form/001a03a9-9053-4bb3-84ea-fa26d2c1d097,tester,True
59,9fe5839f-78d2-4844-847d-c401f30d27de,community_06,Fatima,Haruna,female,1970-05-06,,08027053666,https://www.commcarehq.org/photos/farmer_59.jpg,12,crop_farming,34,family_land,3,rain-fed,---,rice maize groundnuts,0.8,1.1,1.0,goats,18,---,10.3417764 7.5179745 0.0 20.0,yes,8953b641-81d4-469d-8a82-f2277ae959cd,2026-04-14 00:05:00,2026-04-14,tester,2026-04-14 00:05:12,https://www.commcarehq.org/form/9fe5839f-78d2-4844-847d-c401f30d27de,tester,True
60,92c5a407-f2a1-4f52-afe2-718961cd2117,community_07,Peter,Ahmed,female,1976-05-27,84634375004.0,08046708639,https://www.commcarehq.org/photos/farmer_60.jpg,3,crop_farming,31,owned,1,rain-fed,---,rice groundnuts maize,2.8,2.4,3.9,---,---,---,10.4850846 7.3593184 0.0 20.0,yes,b4c226b6-9b5e-4ba5-9ba3-a34cc66d9db3,2026-02-11 00:06:00,2026-02-11,tester,2026-02-11 00:06:12,https://www.commcarehq.org/form/92c5a407-f2a1-4f52-afe2-718961cd2117,tester,True
61,097d5792-7f36-4886-946d-3d0214b49806,community_04,Deborah,David,female,1980-05-02,,08060730206,https://www.commcarehq.org/photos/farmer_61.jpg,7,mixed_farming,1,family_land,2,rain-fed,---,maize groundnuts,2.2,4.5,---,goats,21,---,10.2985799 7.2294027 0.0 20.0,yes,decf17a7-cf15-4688-9d81-4b9717c3878a,2026-04-08 00:07:00,2026-04-08,tester,2026-04-08 00:07:09,https://www.commcarehq.org/form/097d5792-7f36-4886-946d-3d0214b49806,tester,True
62,f1724152-4ccf-4ad1-9e2f-71e2faab99eb,community_05,Ibrahim,Samuel,male,2003-11-22,24043539950.0,08011454030,https://www.commcarehq.org/photos/farmer_62.jpg,7,crop_farming,4,owned,1,rain-fed,---,rice,---,---,2.3,rabbits,---,19,10.3204525 7.3972496 0.0 20.0,yes,a661b116-7de3-4a7e-8f68-a2a2fe673961,2026-04-22 00:04:00,2026-04-22,tester,2026-04-22 00:04:18,https://www.commcarehq.org/form/f1724152-4ccf-4ad1-9e2f-71e2faab99eb,tester,True
63,24982be7-9919-4743-9d0d-c676b3311363,community_02,Paul,Bello,male,1950-09-19,24851402655.0,08010383844,https://www.commcarehq.org/photos/farmer_63.jpg,8,crop_farming,45,owned,5,dam_reservoir,---,rice maize,---,6.3,3.2,goats,10,---,10.3571741 7.2455551 0.0 20.0,yes,72f3ddcd-3fd7-45ed-9e5b-2a1e559e30f2,2026-06-01 00:06:00,2026-06-01,tester,2026-06-01 00:06:10,https://www.commcarehq.org/form/24982be7-9919-4743-9d0d-c676b3311363,tester,True
64,4d976167-eabf-48ad-a593-0e3cce653019,community_05,Mercy,Yusuf,female,1982-11-30,,08080876132,https://www.commcarehq.org/photos/farmer_64.jpg,4,crop_farming,20,owned,2,irrigation_scheme,---,maize groundnuts rice,2.3,5.4,2.6,rabbits,---,17,10.4630407 7.3420035 0.0 20.0,yes,20bae5f4-50a3-412d-8420-2c9778062919,2026-01-12 00:06:00,2026-01-12,tester,2026-01-12 00:06:17,https://www.commcarehq.org/form/4d976167-eabf-48ad-a593-0e3cce653019,tester,True
65,1de09cce-59f0-45a6-a826-c82794ef7845,community_07,Ibrahim,Abdullahi,male,2004-03-15,85242663481.0,08055437553,https://www.commcarehq.org/photos/farmer_65.jpg,3,livestock_farming,1,owned,5,rain-fed,---,rice,---,---,2.2,---,---,---,10.4787053 7.3275638 0.0 20.0,yes,27f0c7ef-c394-4fe7-9a04-c04c42f84d94,2026-01-30 00:02:00,2026-01-30,tester,2026-01-30 00:02:15,https://www.commcarehq.org/form/1de09cce-59f0-45a6-a826-c82794ef7845,tester,True
66,40fa8f4c-89ab-4c6c-99f9-e64738086283,community_05,Ahmed,Abdullahi,male,1958-10-27,53637450593.0,08059241640,https://www.commcarehq.org/photos/farmer_66.jpg,7,crop_farming,1,family_land,1,borehole,---,rice,---,---,0.9,rabbits,---,22,10.2788297 7.245582 0.0 20.0,yes,2ef496aa-31e8-45e3-b17e-bf8e42d44fc9,2026-05-06 00:06:00,2026-05-06,tester,2026-05-06 00:06:15,https://www.commcarehq.org/form/40fa8f4c-89ab-4c6c-99f9-e64738086283,tester,True
67,ebf9be1d-1ee0-4944-a6f5-43b5cfefd6d7,community_04,Hauwa,David,female,1988-08-28,52093313968.0,08095632131,https://www.commcarehq.org/photos/farmer_67.jpg,6,crop_farming,6,owned,3,rain-fed,---,rice,---,---,1.1,goats,7,---,10.3804004 7.2214445 0.0 20.0,yes,c6d20a16-7fde-43d0-851d-28a438028084,2026-01-03 00:05:00,2026-01-03,tester,2026-01-03 00:05:09,https://www.commcarehq.org/form/ebf9be1d-1ee0-4944-a6f5-43b5cfefd6d7,tester,True
68,d3b31eea-5f4a-4b4e-ab1c-d0d8d8dd65fc,community_02,Joseph,Sani,male,1978-12-13,,08041572022,https://www.commcarehq.org/photos/farmer_68.jpg,6,crop_farming,17,owned,1,rain-fed,---,rice groundnuts,2.4,---,2.0,goats rabbits,15,17,10.3190836 7.5997251 0.0 20.0,yes,bee87214-f825-4f43-a632-0c624f30fdeb,2026-03-31 00:08:00,2026-03-31,tester,2026-03-31 00:08:07,https://www.commcarehq.org/form/d3b31eea-5f4a-4b4e-ab1c-d0d8d8dd65fc,tester,True
69,5233b38d-2830-445a-9305-64943d09c3db,community_03,Mary,Lawal,female,1986-07-24,94657043626.0,08061122032,https://www.commcarehq.org/photos/farmer_69.jpg,7,crop_farming,19,owned,3,borehole,---,groundnuts,2.9,---,---,---,---,---,10.5969945 7.546819 0.0 20.0,yes,9cb3c689-9642-4071-84c7-24ae221dc2b6,2026-02-03 00:03:00,2026-02-03,tester,2026-02-03 00:03:09,https://www.commcarehq.org/form/5233b38d-2830-445a-9305-64943d09c3db,tester,True
70,90bfb0bd-5280-4efb-86c6-8dcf439c39be,community_05,Joy,Garba,female,1979-05-02,97053477282.0,08044680529,https://www.commcarehq.org/photos/farmer_70.jpg,5,mixed_farming,28,family_land,5,rain-fed,---,maize groundnuts rice,1.0,3.1,1.2,goats,11,---,10.4311735 7.4264568 0.0 20.0,yes,0c647f8e-53ad-4d6b-b0fb-f20d95ddb9b0,2026-03-29 00:07:00,2026-03-29,tester,2026-03-29 00:07:06,https://www.commcarehq.org/form/90bfb0bd-5280-4efb-86c6-8dcf439c39be,tester,True
71,67393e30-c9c7-4c2b-8d6c-79fbf486ff6b,community_01,Binta,Abdullahi,female,2005-11-23,37607187789.0,08099838803,https://www.commcarehq.org/photos/farmer_71.jpg,3,crop_farming,2,family_land,3,rain-fed,---,groundnuts rice maize,1.0,1.0,2.6,---,---,---,10.203225 7.3374297 0.0 20.0,yes,62a8cbfb-5a42-4e42-9e23-bf453295971b,2026-04-19 00:07:00,2026-04-19,tester,2026-04-19 00:07:09,https://www.commcarehq.org/form/67393e30-c9c7-4c2b-8d6c-79fbf486ff6b,tester,True
72,ba5131cc-160e-4f98-b775-dee133d6728e,community_03,Peter,David,male,1975-02-04,28465161052.0,08038866056,https://www.commcarehq.org/photos/farmer_72.jpg,4,mixed_farming,10,leased,3,river_stream,---,groundnuts,0.9,---,---,goats,25,---,10.5852995 7.3258015 0.0 20.0,yes,5e919152-98e9-4799-ba22-3e6f219d3257,2026-03-12 00:07:00,2026-03-12,tester,2026-03-12 00:07:07,https://www.commcarehq.org/form/ba5131cc-160e-4f98-b775-dee133d6728e,tester,True
73,d4485733-e924-48e4-860a-8bfc7e69f8f2,community_02,Hauwa,Eze,female,1995-08-06,,08026136772,https://www.commcarehq.org/photos/farmer_73.jpg,2,crop_farming,1,leased,6,rain-fed,---,rice groundnuts maize,2.9,5.1,0.6,goats,10,---,10.5690317 7.579472 0.0 20.0,yes,5f0a0081-960e-4e89-8899-f63b77572573,2026-03-15 00:07:00,2026-03-15,tester,2026-03-15 00:07:18,https://www.commcarehq.org/form/d4485733-e924-48e4-860a-8bfc7e69f8f2,tester,True
74,53d9cd16-fa9c-4ef7-8737-e4379e49b0dc,community_03,Joseph,Bello,female,1984-02-20,79058871749.0,08099135766,https://www.commcarehq.org/photos/farmer_74.jpg,5,mixed_farming,2,owned,6,rain-fed,---,rice groundnuts,0.8,---,3.0,rabbits,---,24,10.4092021 7.5131948 0.0 20.0,yes,cbbf8e35-08e5-4592-8c54-e4ce2820c0e1,2026-02-12 00:04:00,2026-02-12,tester,2026-02-12 00:04:09,https://www.commcarehq.org/form/53d9cd16-fa9c-4ef7-8737-e4379e49b0dc,tester,True
75,5b41433f-2fe4-444e-b066-8c85e52382a2,community_05,Deborah,Mohammed,female,2008-01-16,,08020750434,https://www.commcarehq.org/photos/farmer_75.jpg,7,mixed_farming,1,owned,4,rain-fed,---,maize rice,---,6.0,1.1,rabbits,---,28,10.2898061 7.2993053 0.0 20.0,yes,03798def-d7ba-410e-8e3c-b276a33496b3,2026-03-23 00:04:00,2026-03-23,tester,2026-03-23 00:04:07,https://www.commcarehq.org/form/5b41433f-2fe4-444e-b066-8c85e52382a2,tester,True
76,024abb98-0813-44eb-9078-e74c3a881673,community_04,Mary,Yakubu,female,2004-10-15,,08090428350,https://www.commcarehq.org/photos/farmer_76.jpg,4,mixed_farming,2,owned,3,other,Rainwater Harvesting,rice groundnuts maize,0.5,3.0,1.3,goats,24,---,10.5803961 7.2005848 0.0 20.0,yes,45d23312-74f0-4300-9959-89db03aec786,2026-03-20 00:02:00,2026-03-20,tester,2026-03-20 00:02:11,https://www.commcarehq.org/form/024abb98-0813-44eb-9078-e74c3a881673,tester,True
77,81891237-6802-46c2-8271-6a661b573c8b,community_04,Peter,Usman,male,2005-07-07,82350889774.0,08048475563,https://www.commcarehq.org/photos/farmer_77.jpg,7,livestock_farming,1,owned,2,rain-fed,---,maize rice groundnuts,1.2,0.9,1.2,---,---,---,10.2621642 7.26575 0.0 20.0,yes,afee7d98-d0e7-4538-a7a4-bcff4b94acf7,2026-04-15 00:02:00,2026-04-15,tester,2026-04-15 00:02:16,https://www.commcarehq.org/form/81891237-6802-46c2-8271-6a661b573c8b,tester,True
78,9095cfcf-0f10-4694-a5aa-7c841431226f,community_07,John,Ali,male,1995-05-24,51601288789.0,08086083023,https://www.commcarehq.org/photos/farmer_78.jpg,2,livestock_farming,1,leased,2,rain-fed,---,maize,---,1.1,---,rabbits,---,5,10.5321489 7.5930269 0.0 20.0,yes,987ec6e8-9f6e-4a31-ba4e-eac0651f776d,2026-04-13 00:04:00,2026-04-13,tester,2026-04-13 00:04:07,https://www.commcarehq.org/form/9095cfcf-0f10-4694-a5aa-7c841431226f,tester,True
79,9f9e3c08-510c-4eea-8013-4cf0415755d0,community_04,James,Philip,female,2007-03-27,,08041983041,https://www.commcarehq.org/photos/farmer_79.jpg,7,crop_farming,1,family_land,1,irrigation_scheme,---,maize rice,---,5.8,0.6,---,---,---,10.3180421 7.3647969 0.0 20.0,yes,18478cf5-2def-4028-a1d1-1920db98e18c,2026-01-16 00:02:00,2026-01-16,tester,2026-01-16 00:02:13,https://www.commcarehq.org/form/9f9e3c08-510c-4eea-8013-4cf0415755d0,tester,True
80,fdf62b87-6a42-4aca-a412-20a11c183e96,community_03,David,Daniel,female,1972-08-26,,08050374735,https://www.commcarehq.org/photos/farmer_80.jpg,5,crop_farming,15,owned,5,rain-fed,---,groundnuts rice maize,1.1,1.9,2.4,---,---,---,10.5056199 7.579121 0.0 20.0,yes,977084a6-32c0-4074-9489-336326598955,2026-04-10 00:04:00,2026-04-10,tester,2026-04-10 00:04:10,https://www.commcarehq.org/form/fdf62b87-6a42-4aca-a412-20a11c183e96,tester,True
81,6cbcd55c-9954-4f1b-8ebe-c555b00a9201,community_01,Blessing,Johnson,female,1977-06-29,,08035198895,https://www.commcarehq.org/photos/farmer_81.jpg,10,mixed_farming,1,owned,1,rain-fed,---,maize,---,4.8,---,---,---,---,10.3294355 7.2087652 0.0 20.0,yes,16a7146b-9dbc-4ea5-bc7c-d76ba8b412d8,2026-02-06 00:08:00,2026-02-06,tester,2026-02-06 00:08:08,https://www.commcarehq.org/form/6cbcd55c-9954-4f1b-8ebe-c555b00a9201,tester,True
82,c03ac4ad-e128-444d-bc8b-bcd48d041d1f,community_06,Deborah,Samuel,female,1989-09-13,54245744424.0,08011979619,https://www.commcarehq.org/photos/farmer_82.jpg,8,crop_farming,19,family_land,2,borehole,---,groundnuts,2.3,---,---,---,---,---,10.3566406 7.5977133 0.0 20.0,yes,7f826f62-90ca-4429-b260-2f481c043d86,2026-01-09 00:03:00,2026-01-09,tester,2026-01-09 00:03:15,https://www.commcarehq.org/form/c03ac4ad-e128-444d-bc8b-bcd48d041d1f,tester,True
83,2019b118-593c-4233-ac88-379c93324484,community_07,Hauwa,Garba,female,2001-04-26,40398948041.0,08033698673,https://www.commcarehq.org/photos/farmer_83.jpg,3,crop_farming,3,family_land,5,rain-fed,---,groundnuts maize,1.7,2.8,---,rabbits,---,32,10.515492 7.4312222 0.0 20.0,yes,546025c7-8a18-4107-984d-c7da59a7dad7,2026-02-27 00:03:00,2026-02-27,tester,2026-02-27 00:03:19,https://www.commcarehq.org/form/2019b118-593c-4233-ac88-379c93324484,tester,True
84,d20b3d6d-f08a-42ca-b209-2e690e396d93,community_01,Deborah,Musa,male,1995-06-02,65353243316.0,08010993987,https://www.commcarehq.org/photos/farmer_84.jpg,6,livestock_farming,3,owned,2,rain-fed,---,rice maize groundnuts,1.2,1.1,1.9,---,---,---,10.2218019 7.2015262 0.0 20.0,yes,6eb65903-5beb-42c0-9d22-9e632e5cd2e2,2026-06-19 00:07:00,2026-06-19,tester,2026-06-19 00:07:20,https://www.commcarehq.org/form/d20b3d6d-f08a-42ca-b209-2e690e396d93,tester,True
85,146b0168-a4fa-40c7-9daa-36f1f1ffbba6,community_02,Amina,Daniel,male,1994-11-09,,08033460518,https://www.commcarehq.org/photos/farmer_85.jpg,12,crop_farming,4,family_land,6,borehole,---,rice,---,---,1.7,---,---,---,10.4358906 7.4214408 0.0 20.0,yes,45e9406b-b51c-4caf-9113-84731ed4bb1c,2026-05-14 00:05:00,2026-05-14,tester,2026-05-14 00:05:20,https://www.commcarehq.org/form/146b0168-a4fa-40c7-9daa-36f1f1ffbba6,tester,True
86,81402c3e-ac65-4f58-a535-0830a58fca6e,community_04,Peter,Ibrahim,male,1995-10-25,95825278204.0,08019491210,https://www.commcarehq.org/photos/farmer_86.jpg,3,livestock_farming,11,owned,3,irrigation_scheme,---,groundnuts,1.5,---,---,goats,12,---,10.4078753 7.5668648 0.0 20.0,no,8649fb8d-1261-409a-a367-bdaa70054091,2026-06-29 00:06:00,2026-06-29,tester,2026-06-29 00:06:18,https://www.commcarehq.org/form/81402c3e-ac65-4f58-a535-0830a58fca6e,tester,True
87,74be7bab-033f-4fbb-b9b4-7fadad47e2a7,community_01,Sarah,Peter,female,1985-05-18,46124497642.0,08034602166,https://www.commcarehq.org/photos/farmer_87.jpg,3,mixed_farming,2,family_land,2,rain-fed,---,maize rice,---,5.6,3.5,---,---,---,10.291183 7.3201922 0.0 20.0,yes,7469c9f0-9fb7-4d24-808c-70e8721cc85e,2026-03-24 00:04:00,2026-03-24,tester,2026-03-24 00:04:18,https://www.commcarehq.org/form/74be7bab-033f-4fbb-b9b4-7fadad47e2a7,tester,True
88,cd77fece-8bc2-4c92-abcf-87edacac3816,community_04,Fatima,Daniel,male,1952-11-13,,08088513518,https://www.commcarehq.org/photos/farmer_88.jpg,1,crop_farming,4,owned,5,borehole,---,maize rice,---,3.5,2.7,goats,2,---,10.3955147 7.3784414 0.0 20.0,yes,38a8f52e-e2cd-41a0-9fb4-a972e25a7ab6,2026-05-02 00:06:00,2026-05-02,tester,2026-05-02 00:06:16,https://www.commcarehq.org/form/cd77fece-8bc2-4c92-abcf-87edacac3816,tester,True
89,acae1c9e-1914-47ed-a6aa-a4a4b819e65a,community_03,Joy,Michael,male,1975-02-19,31688086108.0,08087222265,https://www.commcarehq.org/photos/farmer_89.jpg,1,mixed_farming,1,owned,3,rain-fed,---,rice maize groundnuts,2.7,5.6,2.1,goats,11,---,10.5297243 7.358861 0.0 20.0,yes,3ed7ae4d-e1b6-42f6-915b-906c76aa6feb,2026-05-11 00:07:00,2026-05-11,tester,2026-05-11 00:07:16,https://www.commcarehq.org/form/acae1c9e-1914-47ed-a6aa-a4a4b819e65a,tester,True
90,44231503-55a1-48bf-adbd-9cb2e045d81f,community_04,Hauwa,Eze,male,1979-06-11,97086832438.0,08032696152,https://www.commcarehq.org/photos/farmer_90.jpg,3,mixed_farming,22,owned,1,borehole,---,maize rice,---,2.9,3.1,---,---,---,10.5264059 7.3372668 0.0 20.0,yes,01ad4d22-2d3e-4c0f-a363-4eec32acfbbc,2026-06-25 00:06:00,2026-06-25,tester,2026-06-25 00:06:20,https://www.commcarehq.org/form/44231503-55a1-48bf-adbd-9cb2e045d81f,tester,True
91,dc962433-b9ff-43af-9a6e-3ddab4277ad2,community_07,Ahmed,Samuel,male,1968-04-14,29201857661.0,08077599862,https://www.commcarehq.org/photos/farmer_91.jpg,4,mixed_farming,22,owned,3,river_stream,---,groundnuts rice,1.7,---,1.2,goats,23,---,10.3193423 7.2216248 0.0 20.0,yes,8a7d7b0d-533b-442e-8176-dee88e83a2b9,2026-02-05 00:03:00,2026-02-05,tester,2026-02-05 00:03:15,https://www.commcarehq.org/form/dc962433-b9ff-43af-9a6e-3ddab4277ad2,tester,True
92,0801d754-09d3-48ef-8b51-cef82f28b2f4,community_03,Blessing,Michael,female,1991-04-09,,08046160271,https://www.commcarehq.org/photos/farmer_92.jpg,4,crop_farming,14,family_land,2,rain-fed,---,groundnuts,1.8,---,---,---,---,---,10.5568026 7.5027391 0.0 20.0,yes,48c26c4d-4f9f-45d7-8918-c005f15a72e2,2026-01-05 00:07:00,2026-01-05,tester,2026-01-05 00:07:05,https://www.commcarehq.org/form/0801d754-09d3-48ef-8b51-cef82f28b2f4,tester,True
93,cc4eb69d-7e5f-42fe-acb7-dce7156c002a,community_05,Peter,Garba,female,1994-05-18,51183027018.0,08018227538,https://www.commcarehq.org/photos/farmer_93.jpg,4,crop_farming,4,owned,4,borehole,---,groundnuts,2.3,---,---,rabbits,---,25,10.484444 7.5168509 0.0 20.0,yes,b7b20ffc-eedc-4e23-a115-ed9c62dc8501,2026-06-13 00:04:00,2026-06-13,tester,2026-06-13 00:04:06,https://www.commcarehq.org/form/cc4eb69d-7e5f-42fe-acb7-dce7156c002a,tester,True
94,2585dffc-9976-4bf9-bf26-6fb59b100d92,community_04,Grace,Adeyemi,male,1975-07-26,63447922883.0,08012726041,https://www.commcarehq.org/photos/farmer_94.jpg,7,crop_farming,7,owned,4,borehole,---,groundnuts rice,2.4,---,3.4,---,---,---,10.3639025 7.2641494 0.0 20.0,yes,0705ce20-0d5f-4048-869b-0dd26ceff4a4,2026-02-23 00:07:00,2026-02-23,tester,2026-02-23 00:07:20,https://www.commcarehq.org/form/2585dffc-9976-4bf9-bf26-6fb59b100d92,tester,True
95,4d275c52-22e1-41b9-af11-7178ae1e4436,community_02,Amina,Yusuf,female,1951-05-05,,08070796492,https://www.commcarehq.org/photos/farmer_95.jpg,1,livestock_farming,24,family_land,2,rain-fed,---,groundnuts,2.6,---,---,rabbits,---,24,10.557811 7.5820357 0.0 20.0,yes,3b604370-575d-4846-b025-2ff8868db4c2,2026-01-24 00:04:00,2026-01-24,tester,2026-01-24 00:04:15,https://www.commcarehq.org/form/4d275c52-22e1-41b9-af11-7178ae1e4436,tester,True
96,5c1b5816-a8ae-487b-8d67-19c908e300d8,community_02,Joseph,David,female,1989-07-22,,08076716091,https://www.commcarehq.org/photos/farmer_96.jpg,6,mixed_farming,15,owned,2,rain-fed,---,rice groundnuts maize,2.8,1.2,1.9,goats,10,---,10.2049441 7.5473329 0.0 20.0,yes,d049deb1-6332-4463-b3ef-5e3b187aad37,2026-05-28 00:07:00,2026-05-28,tester,2026-05-28 00:07:12,https://www.commcarehq.org/form/5c1b5816-a8ae-487b-8d67-19c908e300d8,tester,True
97,a50deca9-ef59-42e8-ad1c-84458abc8b68,community_07,Ahmed,Tanko,male,1977-05-26,43185717519.0,08046618860,https://www.commcarehq.org/photos/farmer_97.jpg,4,crop_farming,6,owned,2,rain-fed,---,groundnuts rice,1.9,---,1.8,rabbits,---,30,10.5205045 7.3792394 0.0 20.0,yes,d8ae4924-5036-4eab-86dc-92ee15cbee9e,2026-04-25 00:04:00,2026-04-25,tester,2026-04-25 00:04:08,https://www.commcarehq.org/form/a50deca9-ef59-42e8-ad1c-84458abc8b68,tester,True
98,c97dc099-ea24-4bfe-9bfa-a6cb79c8fe18,community_07,Suleiman,Ojo,male,1995-09-27,22137185725.0,08079685643,https://www.commcarehq.org/photos/farmer_98.jpg,3,crop_farming,13,family_land,2,rain-fed,---,groundnuts rice,2.4,---,1.3,goats,22,---,10.3167934 7.408794 0.0 20.0,yes,97059b73-6547-481e-a756-862d5d3d06a1,2026-01-12 00:03:00,2026-01-12,tester,2026-01-12 00:03:20,https://www.commcarehq.org/form/c97dc099-ea24-4bfe-9bfa-a6cb79c8fe18,tester,True
99,ee78108c-dc8d-48b7-a2e6-d01496058709,community_01,Yusuf,Balogun,female,1999-03-30,37457281372.0,08047714985,https://www.commcarehq.org/photos/farmer_99.jpg,6,mixed_farming,8,owned,5,river_stream,---,rice groundnuts,2.2,---,1.1,rabbits,---,40,10.4424643 7.3287375 0.0 20.0,yes,ec76fdd9-2962-417f-ba15-8a423a02bc94,2026-04-18 00:06:00,2026-04-18,tester,2026-04-18 00:06:12,https://www.commcarehq.org/form/ee78108c-dc8d-48b7-a2e6-d01496058709,tester,True
100,f691434f-f31e-4286-b5f7-7bd98b7a2a91,community_02,Ibrahim,Ahmed,male,2001-09-02,,08072787962,https://www.commcarehq.org/photos/farmer_100.jpg,7,livestock_farming,2,leased,3,rain-fed,---,rice maize groundnuts,2.4,3.9,2.5,---,---,---,10.4696974 7.5575464 0.0 20.0,yes,33a2a19a-42d4-42c8-be64-86bc96cd4de3,2026-04-19 00:08:00,2026-04-19,tester,2026-04-19 00:08:05,https://www.commcarehq.org/form/f691434f-f31e-4286-b5f7-7bd98b7a2a91,tester,True
101,bab9e815-11e5-4be3-a3d8-81e99c6c5d35,community_04,Amina,David,male,1983-02-26,,08012286270,https://www.commcarehq.org/photos/farmer_101.jpg,1,mixed_farming,8,owned,3,borehole,---,maize rice,---,6.2,3.9,goats rabbits,19,18,10.2812349 7.54754 0.0 20.0,yes,f374499a-703e-4814-9a5e-64e631640b0d,2026-04-24 00:08:00,2026-04-24,tester,2026-04-24 00:08:12,https://www.commcarehq.org/form/bab9e815-11e5-4be3-a3d8-81e99c6c5d35,tester,True
102,f89e2fbe-3c10-4ba8-afb5-b04cc8319c7d,community_07,Yusuf,Ogunleye,female,1967-09-11,49485772012.0,08049097102,https://www.commcarehq.org/photos/farmer_102.jpg,12,mixed_farming,10,owned,2,borehole,---,rice maize groundnuts,2.5,3.8,0.8,---,---,---,10.5827951 7.4082425 0.0 20.0,yes,c58f2e60-6030-404e-a60b-ef0d65b32ee6,2026-02-10 00:05:00,2026-02-10,tester,2026-02-10 00:05:17,https://www.commcarehq.org/form/f89e2fbe-3c10-4ba8-afb5-b04cc8319c7d,tester,True
103,66387328-5580-474b-9cc9-ab7beab01b69,community_01,Peter,Michael,male,1991-02-10,94837010202.0,08059890649,https://www.commcarehq.org/photos/farmer_103.jpg,7,crop_farming,11,owned,1,rain-fed,---,groundnuts maize,1.8,3.6,---,---,---,---,10.4606113 7.3281251 0.0 20.0,yes,1406139d-07d2-4bd3-a06b-20bb45b9f319,2026-01-25 00:03:00,2026-01-25,tester,2026-01-25 00:03:05,https://www.commcarehq.org/form/66387328-5580-474b-9cc9-ab7beab01b69,tester,True
104,1e85e298-6e68-40da-83b9-ef4ee5750ccc,community_05,John,Adeyemi,female,1990-05-18,97768677875.0,08080607001,https://www.commcarehq.org/photos/farmer_104.jpg,5,crop_farming,9,owned,2,rain-fed,---,maize,---,4.5,---,---,---,---,10.4473397 7.5023842 0.0 20.0,yes,fc267fea-3686-4a64-a41c-d8cfa1991a39,2026-06-29 00:08:00,2026-06-29,tester,2026-06-29 00:08:07,https://www.commcarehq.org/form/1e85e298-6e68-40da-83b9-ef4ee5750ccc,tester,True
105,c3636f3a-f056-43e2-990b-28998d784770,community_03,Esther,James,male,1977-05-30,74109649171.0,08038012778,https://www.commcarehq.org/photos/farmer_105.jpg,5,mixed_farming,30,leased,3,dam_reservoir,---,rice,---,---,3.6,goats rabbits,3,40,10.3576327 7.4190102 0.0 20.0,yes,7fdb2dff-2b51-44f6-809b-1323c8076bb7,2026-02-23 00:07:00,2026-02-23,tester,2026-02-23 00:07:16,https://www.commcarehq.org/form/c3636f3a-f056-43e2-990b-28998d784770,tester,True
106,e36d7572-ccfa-4e77-b6ac-802a3f88b806,community_02,Naomi,Ojo,female,2006-03-15,36855321468.0,08016507956,https://www.commcarehq.org/photos/farmer_106.jpg,9,crop_farming,2,leased,6,rain-fed,---,rice groundnuts,2.8,---,1.6,---,---,---,10.3222702 7.433668 0.0 20.0,yes,8c227e44-665c-4dd3-81d9-b616fe82549e,2026-04-04 00:08:00,2026-04-04,tester,2026-04-04 00:08:15,https://www.commcarehq.org/form/e36d7572-ccfa-4e77-b6ac-802a3f88b806,tester,True
107,84195789-fb2b-4d8c-96b5-ac0d6ea16355,community_07,Rebecca,Yusuf,male,1970-02-24,,08017843351,https://www.commcarehq.org/photos/farmer_107.jpg,2,crop_farming,35,owned,3,rain-fed,---,groundnuts,2.6,---,---,---,---,---,10.4315603 7.5076801 0.0 20.0,yes,55b749fe-bedd-44e3-a828-809d3272b00f,2026-01-10 00:06:00,2026-01-10,tester,2026-01-10 00:06:13,https://www.commcarehq.org/form/84195789-fb2b-4d8c-96b5-ac0d6ea16355,tester,True
108,c3c5c298-d0c2-4c27-9095-4a274d3da52b,community_04,Mercy,Ibrahim,female,2002-03-15,,08058150302,https://www.commcarehq.org/photos/farmer_108.jpg,7,crop_farming,2,owned,3,dam_reservoir,---,rice maize groundnuts,0.6,5.1,1.3,goats rabbits,9,15,10.4071541 7.5165842 0.0 20.0,yes,76ac8b51-39c3-494a-960b-445e7b87f9b9,2026-04-27 00:02:00,2026-04-27,tester,2026-04-27 00:02:06,https://www.commcarehq.org/form/c3c5c298-d0c2-4c27-9095-4a274d3da52b,tester,True
109,085e9acd-f2af-44b1-9c7f-b4b3c20571a9,community_07,Ibrahim,James,female,1982-02-28,33923655686.0,08033580292,https://www.commcarehq.org/photos/farmer_109.jpg,6,crop_farming,16,leased,1,rain-fed,---,groundnuts,0.7,---,---,---,---,---,10.2747623 7.3448892 0.0 20.0,yes,890ca7ea-9376-43d5-8cb8-0256d4391045,2026-01-31 00:07:00,2026-01-31,tester,2026-01-31 00:07:12,https://www.commcarehq.org/form/085e9acd-f2af-44b1-9c7f-b4b3c20571a9,tester,True
110,512e088e-a85d-46bd-adf8-ecfb503788be,community_03,Ibrahim,Balogun,male,1979-03-28,11764798660.0,08021515811,https://www.commcarehq.org/photos/farmer_110.jpg,4,livestock_farming,21,owned,3,river_stream,---,groundnuts,1.6,---,---,---,---,---,10.2682267 7.5321454 0.0 20.0,yes,3d28989a-ad3e-4a7b-91a5-ff77fcf047f8,2026-05-30 00:08:00,2026-05-30,tester,2026-05-30 00:08:10,https://www.commcarehq.org/form/512e088e-a85d-46bd-adf8-ecfb503788be,tester,True
111,2dcd2ef2-0459-4e2c-85d5-9479dcfae5d6,community_04,Esther,Mohammed,male,1978-09-11,62526650242.0,08031285410,https://www.commcarehq.org/photos/farmer_111.jpg,6,livestock_farming,18,owned,6,rain-fed,---,rice groundnuts maize,1.8,2.7,0.7,---,---,---,10.5209201 7.5158222 0.0 20.0,yes,41cf8c9c-9b63-4184-adb1-f3199f3e978e,2026-05-31 00:08:00,2026-05-31,tester,2026-05-31 00:08:08,https://www.commcarehq.org/form/2dcd2ef2-0459-4e2c-85d5-9479dcfae5d6,tester,True
112,9b227156-f6b3-4434-9bed-bc4fabf47898,community_03,James,Ibrahim,female,1964-02-22,68169881816.0,08020705532,https://www.commcarehq.org/photos/farmer_112.jpg,5,crop_farming,38,owned,3,rain-fed,---,rice maize,---,5.0,1.9,---,---,---,10.3480852 7.4219645 0.0 20.0,yes,5c33440c-5f50-41a4-af79-11d37b48e72a,2026-03-20 00:06:00,2026-03-20,tester,2026-03-20 00:06:16,https://www.commcarehq.org/form/9b227156-f6b3-4434-9bed-bc4fabf47898,tester,True
113,2107a6a9-9fa3-4fa9-bf20-f1394ca047b6,community_06,Joseph,Balogun,male,1975-03-19,23579806655.0,08024356719,https://www.commcarehq.org/photos/farmer_113.jpg,3,crop_farming,28,owned,2,rain-fed,---,rice,---,---,1.8,---,---,---,10.4084022 7.4846423 0.0 20.0,yes,cab453e6-bc5c-4bff-8ca9-518ec5a5828f,2026-02-14 00:07:00,2026-02-14,tester,2026-02-14 00:07:20,https://www.commcarehq.org/form/2107a6a9-9fa3-4fa9-bf20-f1394ca047b6,tester,True
114,0e685aae-3808-479d-9ca4-0e2686499725,community_03,John,Tanko,female,1972-04-06,81294373670.0,08052102019,https://www.commcarehq.org/photos/farmer_114.jpg,6,mixed_farming,34,owned,4,rain-fed,---,rice maize groundnuts,2.9,2.2,2.6,goats,14,---,10.304443 7.3628539 0.0 20.0,yes,3b14fe69-8e51-454f-890b-c834870ab0e9,2026-01-19 00:06:00,2026-01-19,tester,2026-01-19 00:06:14,https://www.commcarehq.org/form/0e685aae-3808-479d-9ca4-0e2686499725,tester,True
115,1a412440-2bc4-44d9-84ce-5c5faba2013c,community_02,Mary,Abdullahi,male,1987-09-20,88928958800.0,08042376884,https://www.commcarehq.org/photos/farmer_115.jpg,1,crop_farming,11,owned,2,rain-fed,---,groundnuts maize,0.7,4.5,---,rabbits,---,13,10.3906222 7.3414152 0.0 20.0,yes,8537f91d-0e7f-4d55-b428-b90fa245c962,2026-03-10 00:03:00,2026-03-10,tester,2026-03-10 00:03:11,https://www.commcarehq.org/form/1a412440-2bc4-44d9-84ce-5c5faba2013c,tester,True
116,4d6fb4a0-7139-4359-ac17-73ca2a406b50,community_04,John,Garba,female,1973-03-19,59901493709.0,08011966675,https://www.commcarehq.org/photos/farmer_116.jpg,3,crop_farming,18,owned,3,rain-fed,---,groundnuts rice maize,1.7,3.7,2.3,goats,23,---,10.3828784 7.2481473 0.0 20.0,yes,69b9af77-e3b5-495d-8a63-b6c23c1b7f52,2026-03-22 00:07:00,2026-03-22,tester,2026-03-22 00:07:05,https://www.commcarehq.org/form/4d6fb4a0-7139-4359-ac17-73ca2a406b50,tester,True
117,3ce908c8-afff-41e6-8975-38e92f677283,community_01,John,David,female,1987-03-01,41193699086.0,08029314473,https://www.commcarehq.org/photos/farmer_117.jpg,6,crop_farming,19,family_land,1,river_stream,---,maize rice groundnuts,0.9,6.3,1.0,rabbits,---,33,10.2537887 7.5573082 0.0 20.0,yes,9d6aa59f-0f22-46e8-a9cb-7229a84c28f9,2026-05-17 00:07:00,2026-05-17,tester,2026-05-17 00:07:15,https://www.commcarehq.org/form/3ce908c8-afff-41e6-8975-38e92f677283,tester,True
118,b51c94fd-ccb0-4801-b351-37cd721f7f9c,community_06,Musa,Mohammed,female,1980-05-23,,08008464335,https://www.commcarehq.org/photos/farmer_118.jpg,5,crop_farming,22,leased,1,rain-fed,---,groundnuts maize rice,1.3,3.6,3.2,goats,4,---,10.3146094 7.4526849 0.0 20.0,yes,e0d8c06c-173c-4f13-a10c-0c3f558b8004,2026-02-12 00:07:00,2026-02-12,tester,2026-02-12 00:07:15,https://www.commcarehq.org/form/b51c94fd-ccb0-4801-b351-37cd721f7f9c,tester,True
119,cfa7316a-9f47-4d1b-8627-b1523ae39199,community_03,Hauwa,Okafor,male,1964-04-25,54296068163.0,08067638797,https://www.commcarehq.org/photos/farmer_119.jpg,7,crop_farming,2,owned,1,dam_reservoir,---,rice groundnuts maize,0.9,1.1,0.7,---,---,---,10.210546 7.358805 0.0 20.0,yes,4b263737-8340-4103-9d2f-e893fc491a94,2026-01-22 00:02:00,2026-01-22,tester,2026-01-22 00:02:13,https://www.commcarehq.org/form/cfa7316a-9f47-4d1b-8627-b1523ae39199,tester,True
120,89a901ae-9ac7-4aa1-9ed2-7b5ef7ef913d,community_04,Fatima,Ojo,female,1993-03-05,,08041510398,https://www.commcarehq.org/photos/farmer_120.jpg,6,crop_farming,8,owned,3,rain-fed,---,rice maize,---,3.6,2.7,goats,13,---,10.2908514 7.2358216 0.0 20.0,yes,58e50fb1-d970-485b-ac5d-629e3a7d1a16,2026-04-16 00:04:00,2026-04-16,tester,2026-04-16 00:04:09,https://www.commcarehq.org/form/89a901ae-9ac7-4aa1-9ed2-7b5ef7ef913d,tester,True
121,334ec971-a654-4e9a-9ad7-14f7fb9f1515,community_02,Amina,Yakubu,female,1971-02-19,78384848954.0,08094042203,https://www.commcarehq.org/photos/farmer_121.jpg,6,crop_farming,25,family_land,1,rain-fed,---,rice,---,---,3.2,---,---,---,10.4738561 7.3138707 0.0 20.0,yes,469c21fe-b5b4-49fa-93ea-22d3dac60983,2026-03-10 00:05:00,2026-03-10,tester,2026-03-10 00:05:11,https://www.commcarehq.org/form/334ec971-a654-4e9a-9ad7-14f7fb9f1515,tester,True
122,67cce97a-665d-4161-95b9-6394f9a914a2,community_06,Rebecca,Peter,male,1976-11-24,77099216564.0,08010051127,https://www.commcarehq.org/photos/farmer_122.jpg,1,crop_farming,22,owned,2,rain-fed,---,maize,---,1.0,---,rabbits,---,19,10.5102612 7.2285539 0.0 20.0,yes,037053a2-c5de-4df3-8c46-bc6dd783a660,2026-02-19 00:08:00,2026-02-19,tester,2026-02-19 00:08:13,https://www.commcarehq.org/form/67cce97a-665d-4161-95b9-6394f9a914a2,tester,True
123,738eee6f-1e02-441e-9304-e31c109c2d1e,community_06,Joy,Yusuf,male,1972-12-29,,08047047594,https://www.commcarehq.org/photos/farmer_123.jpg,8,crop_farming,3,family_land,3,rain-fed,---,maize groundnuts rice,2.7,5.7,1.3,goats,22,---,10.2060271 7.5177562 0.0 20.0,yes,8452ec73-0e13-4981-96ec-76fef7e77d94,2026-04-12 00:08:00,2026-04-12,tester,2026-04-12 00:08:12,https://www.commcarehq.org/form/738eee6f-1e02-441e-9304-e31c109c2d1e,tester,True
124,9cb450e2-a265-492e-b119-6b9143d4e679,community_01,Grace,Okafor,female,1977-04-25,40449084336.0,08010699606,https://www.commcarehq.org/photos/farmer_124.jpg,8,crop_farming,11,leased,3,river_stream,---,rice groundnuts,0.6,---,1.8,---,---,---,10.2157954 7.4826504 0.0 20.0,yes,66ad62cd-d586-4ff5-ad43-21e8ef4dfc55,2026-05-19 00:07:00,2026-05-19,tester,2026-05-19 00:07:20,https://www.commcarehq.org/form/9cb450e2-a265-492e-b119-6b9143d4e679,tester,True
125,d4a89ceb-9093-4674-a502-762674da9edc,community_02,Rebecca,Sani,male,1971-09-12,,08050122306,https://www.commcarehq.org/photos/farmer_125.jpg,6,mixed_farming,24,family_land,1,rain-fed,---,maize groundnuts rice,2.4,1.4,1.5,goats rabbits,12,35,10.4635564 7.2175109 0.0 20.0,yes,ed07b102-0ba5-4cb6-869b-a16e34611a0f,2026-02-15 00:08:00,2026-02-15,tester,2026-02-15 00:08:06,https://www.commcarehq.org/form/d4a89ceb-9093-4674-a502-762674da9edc,tester,True
126,b76a1a06-7c38-4a80-b5ff-03a1f87dc408,community_02,Ruth,Daniel,male,1979-08-11,46895061501.0,08002709698,https://www.commcarehq.org/photos/farmer_126.jpg,12,mixed_farming,26,family_land,3,rain-fed,---,maize,---,1.0,---,goats rabbits,18,16,10.4126644 7.2757842 0.0 20.0,yes,77ad80c6-1819-4dc9-88a6-7ab82d22e9b9,2026-03-05 00:06:00,2026-03-05,tester,2026-03-05 00:06:10,https://www.commcarehq.org/form/b76a1a06-7c38-4a80-b5ff-03a1f87dc408,tester,True
127,f1bab4ac-f7b5-4fa4-8d4c-ce22d9735d4a,community_04,Mercy,Usman,female,1967-01-14,,08074175565,https://www.commcarehq.org/photos/farmer_127.jpg,7,crop_farming,21,family_land,2,rain-fed,---,maize groundnuts rice,1.4,3.8,3.1,goats,16,---,10.3588362 7.4905253 0.0 20.0,yes,a4ad17ff-c68b-42d2-8b5a-f598c7b1cb77,2026-06-02 00:02:00,2026-06-02,tester,2026-06-02 00:02:09,https://www.commcarehq.org/form/f1bab4ac-f7b5-4fa4-8d4c-ce22d9735d4a,tester,True
128,f1f4cec1-9f25-4f8d-a147-8e065d56463d,community_07,Musa,Yusuf,male,1991-06-29,,08098955504,https://www.commcarehq.org/photos/farmer_128.jpg,2,crop_farming,9,family_land,1,rain-fed,---,rice,---,---,0.8,goats rabbits,17,38,10.5278061 7.2381456 0.0 20.0,yes,faee8775-d93b-40d6-bfd5-be621c840fe5,2026-01-10 00:07:00,2026-01-10,tester,2026-01-10 00:07:17,https://www.commcarehq.org/form/f1f4cec1-9f25-4f8d-a147-8e065d56463d,tester,True
129,9dd036c4-20ab-4dd6-ad23-4a6ae3157713,community_01,Grace,Philip,female,1989-12-09,,08017789660,https://www.commcarehq.org/photos/farmer_129.jpg,1,mixed_farming,5,owned,3,other,Spring Water,rice groundnuts maize,1.6,5.2,1.0,goats,17,---,10.2197244 7.3596765 0.0 20.0,yes,03412751-46f1-4031-9338-11c83e99296e,2026-05-09 00:05:00,2026-05-09,tester,2026-05-09 00:05:09,https://www.commcarehq.org/form/9dd036c4-20ab-4dd6-ad23-4a6ae3157713,tester,True
130,1fa2427f-bf36-4dad-934e-9b88ca090aa9,community_06,Ruth,Sani,male,1987-04-02,42316398164.0,08022465143,https://www.commcarehq.org/photos/farmer_130.jpg,4,crop_farming,10,owned,2,other,Community Well,groundnuts maize rice,2.8,1.9,2.9,goats,25,---,10.2449487 7.2218152 0.0 20.0,yes,2b5cc80d-adfc-46ba-9584-00bc51bf0155,2026-02-07 00:08:00,2026-02-07,tester,2026-02-07 00:08:14,https://www.commcarehq.org/form/1fa2427f-bf36-4dad-934e-9b88ca090aa9,tester,True
131,3e1d92ad-bbd0-4776-928a-1a71b2f50eea,community_01,Yusuf,Abdullahi,male,1996-01-21,38080519624.0,08025247160,https://www.commcarehq.org/photos/farmer_131.jpg,7,crop_farming,1,owned,3,rain-fed,---,groundnuts rice maize,2.2,4.5,3.7,goats rabbits,5,26,10.2924674 7.3522805 0.0 20.0,yes,1afc21cc-bd04-4f0d-8afb-d1fd06c84f53,2026-01-26 00:04:00,2026-01-26,tester,2026-01-26 00:04:20,https://www.commcarehq.org/form/3e1d92ad-bbd0-4776-928a-1a71b2f50eea,tester,True
132,2aedbb74-fe4b-42b6-b95e-f5fcb1154db3,community_06,Mercy,Bello,male,1978-09-29,,08002533133,https://www.commcarehq.org/photos/farmer_132.jpg,8,livestock_farming,9,family_land,3,rain-fed,---,rice,---,---,3.8,goats,12,---,10.4627727 7.235118 0.0 20.0,yes,055b52cc-5840-4158-93a1-00256ac09ec8,2026-06-23 00:06:00,2026-06-23,tester,2026-06-23 00:06:12,https://www.commcarehq.org/form/2aedbb74-fe4b-42b6-b95e-f5fcb1154db3,tester,True
133,6c8774e3-49cc-4635-a40b-a13ee80d9949,community_03,Blessing,Peter,male,1987-01-24,36335760771.0,08065621689,https://www.commcarehq.org/photos/farmer_133.jpg,6,crop_farming,19,leased,6,dam_reservoir,---,groundnuts,1.3,---,---,---,---,---,10.506174 7.5520528 0.0 20.0,yes,37d12977-45f5-44cf-ae7e-4760d71e5505,2026-04-16 00:04:00,2026-04-16,tester,2026-04-16 00:04:19,https://www.commcarehq.org/form/6c8774e3-49cc-4635-a40b-a13ee80d9949,tester,True
134,f8559b56-659c-4cbb-9fae-86cf5fb22140,community_05,Joy,Michael,female,1974-04-09,10793480168.0,08076252263,https://www.commcarehq.org/photos/farmer_134.jpg,8,mixed_farming,31,family_land,5,rain-fed,---,groundnuts,1.0,---,---,goats,2,---,10.5800792 7.2890217 0.0 20.0,yes,1688b2e8-e4df-4b9b-975a-145f165779db,2026-02-21 00:08:00,2026-02-21,tester,2026-02-21 00:08:11,https://www.commcarehq.org/form/f8559b56-659c-4cbb-9fae-86cf5fb22140,tester,True
135,622fb0e0-7b27-4cb1-b54f-615be1419714,community_01,Elizabeth,Ali,female,1980-11-20,,08047687395,https://www.commcarehq.org/photos/farmer_135.jpg,7,mixed_farming,17,owned,2,rain-fed,---,rice,---,---,2.4,rabbits,---,26,10.4064507 7.4522594 0.0 20.0,yes,3774bdb2-bc02-4e17-925b-1af6187b5b25,2026-03-16 00:05:00,2026-03-16,tester,2026-03-16 00:05:17,https://www.commcarehq.org/form/622fb0e0-7b27-4cb1-b54f-615be1419714,tester,True
136,e210abd9-c470-489e-bbaf-f388f15e9c76,community_06,Emmanuel,Haruna,male,2003-08-28,,08069460515,https://www.commcarehq.org/photos/farmer_136.jpg,8,crop_farming,1,owned,3,irrigation_scheme,---,groundnuts maize,1.3,4.4,---,rabbits,---,9,10.2364765 7.4824907 0.0 20.0,yes,298310cb-454f-49e5-9cb6-f083544cd13d,2026-01-22 00:06:00,2026-01-22,tester,2026-01-22 00:06:17,https://www.commcarehq.org/form/e210abd9-c470-489e-bbaf-f388f15e9c76,tester,True
137,99dea428-3a6f-4e3b-88d0-04bbf79902cc,community_05,Esther,Eze,female,1990-06-18,,08095618174,https://www.commcarehq.org/photos/farmer_137.jpg,5,crop_farming,6,owned,1,rain-fed,---,groundnuts maize,1.7,3.5,---,---,---,---,10.3973867 7.2867495 0.0 20.0,yes,231cf260-5d1d-467e-a9f4-b507f7fe7264,2026-04-27 00:05:00,2026-04-27,tester,2026-04-27 00:05:19,https://www.commcarehq.org/form/99dea428-3a6f-4e3b-88d0-04bbf79902cc,tester,True
138,847e560d-56b6-452b-b4df-b20c650e8000,community_01,Hauwa,Yusuf,male,1976-08-26,39314236296.0,08001608682,https://www.commcarehq.org/photos/farmer_138.jpg,2,crop_farming,19,family_land,3,rain-fed,---,groundnuts maize rice,2.8,1.1,1.5,goats,14,---,10.5033768 7.5373239 0.0 20.0,yes,e6d85df3-f20b-4761-a59a-af853f055a95,2026-05-01 00:03:00,2026-05-01,tester,2026-05-01 00:03:08,https://www.commcarehq.org/form/847e560d-56b6-452b-b4df-b20c650e8000,tester,True
139,90b78749-f011-4bac-bd12-bd1299bfb906,community_05,James,Johnson,male,1982-09-02,74801048121.0,08076774825,https://www.commcarehq.org/photos/farmer_139.jpg,7,mixed_farming,17,family_land,2,rain-fed,---,groundnuts maize rice,0.5,0.6,2.7,goats,8,---,10.5995948 7.3656165 0.0 20.0,yes,dd7ba8f3-0f33-4fb6-a2aa-e843377f80b0,2026-05-24 00:08:00,2026-05-24,tester,2026-05-24 00:08:11,https://www.commcarehq.org/form/90b78749-f011-4bac-bd12-bd1299bfb906,tester,True
140,e1390aeb-58d6-4a2e-94f9-3b44432396b3,community_01,John,Ogunleye,male,1972-02-12,22911235485.0,08063760133,https://www.commcarehq.org/photos/farmer_140.jpg,8,crop_farming,9,owned,3,river_stream,---,maize rice,---,6.1,0.7,---,---,---,10.471279 7.4220709 0.0 20.0,no,6f413093-7875-43ba-9112-3a99fad7884a,2026-05-28 00:07:00,2026-05-28,tester,2026-05-28 00:07:15,https://www.commcarehq.org/form/e1390aeb-58d6-4a2e-94f9-3b44432396b3,tester,True
141,5889242b-b3c2-4db7-a61d-8d9d863adeb8,community_06,Naomi,Abdullahi,male,1958-07-03,97510992796.0,08051611738,https://www.commcarehq.org/photos/farmer_141.jpg,10,crop_farming,20,owned,5,borehole,---,groundnuts,1.6,---,---,goats,17,---,10.2616311 7.3360464 0.0 20.0,yes,bee1eab4-f37f-4051-b16c-bc142c8c23ae,2026-05-15 00:04:00,2026-05-15,tester,2026-05-15 00:04:15,https://www.commcarehq.org/form/5889242b-b3c2-4db7-a61d-8d9d863adeb8,tester,True
142,eb0a5a70-cdf4-4d07-848a-8cf4ca733481,community_01,Deborah,James,female,1962-04-03,,08047509650,https://www.commcarehq.org/photos/farmer_142.jpg,6,mixed_farming,20,owned,2,rain-fed,---,groundnuts,1.2,---,---,---,---,---,10.4684496 7.3090617 0.0 20.0,yes,82aef987-cc77-4a02-8665-d318d61b97c1,2026-01-30 00:02:00,2026-01-30,tester,2026-01-30 00:02:08,https://www.commcarehq.org/form/eb0a5a70-cdf4-4d07-848a-8cf4ca733481,tester,True
143,6d7cd3ca-a511-4e1c-9e4a-fd531cd1f1b4,community_02,Daniel,Sani,male,1997-02-13,19325555021.0,08038500903,https://www.commcarehq.org/photos/farmer_143.jpg,3,mixed_farming,10,family_land,3,rain-fed,---,maize groundnuts,2.3,4.5,---,---,---,---,10.5022972 7.3862781 0.0 20.0,yes,97260eb4-7530-478c-934d-e6e5fa0a006b,2026-06-28 00:05:00,2026-06-28,tester,2026-06-28 00:05:08,https://www.commcarehq.org/form/6d7cd3ca-a511-4e1c-9e4a-fd531cd1f1b4,tester,True
144,9c7f4689-5255-40ca-82db-86a886e3895a,community_03,Ahmed,Ojo,female,1983-03-20,95451384522.0,08023193834,https://www.commcarehq.org/photos/farmer_144.jpg,3,crop_farming,6,owned,2,rain-fed,---,maize,---,5.4,---,---,---,---,10.4597806 7.5169724 0.0 20.0,yes,2afdf97a-acca-4c06-999a-92f5db48c753,2026-04-13 00:06:00,2026-04-13,tester,2026-04-13 00:06:18,https://www.commcarehq.org/form/9c7f4689-5255-40ca-82db-86a886e3895a,tester,True
145,0a8ebf07-d23f-483b-935f-b3536c6ea5b2,community_02,Peter,Sani,male,1985-01-18,90290375722.0,08049536167,https://www.commcarehq.org/photos/farmer_145.jpg,8,mixed_farming,15,owned,1,rain-fed,---,groundnuts rice,2.2,---,2.6,---,---,---,10.4579956 7.2245929 0.0 20.0,yes,1bdde5ae-253a-450f-a049-6e7896d705f5,2026-02-05 00:06:00,2026-02-05,tester,2026-02-05 00:06:05,https://www.commcarehq.org/form/0a8ebf07-d23f-483b-935f-b3536c6ea5b2,tester,True
146,63f99bc9-4fc7-47a2-8d1c-e24c36f645db,community_05,Ahmed,Peter,male,1986-09-19,56718186147.0,08027699799,https://www.commcarehq.org/photos/farmer_146.jpg,2,livestock_farming,2,owned,3,rain-fed,---,maize groundnuts rice,2.7,1.9,3.0,goats,12,---,10.3624131 7.374076 0.0 20.0,yes,2a8d3692-8866-4eb6-b5f0-b475abe4171a,2026-02-14 00:05:00,2026-02-14,tester,2026-02-14 00:05:09,https://www.commcarehq.org/form/63f99bc9-4fc7-47a2-8d1c-e24c36f645db,tester,True
147,8b5fe5d5-2347-4315-a1f1-b263395fd38a,community_02,Joseph,Haruna,female,1974-02-17,,08061007449,https://www.commcarehq.org/photos/farmer_147.jpg,2,livestock_farming,28,family_land,2,rain-fed,---,maize rice,---,1.9,2.0,goats,17,---,10.2947 7.4006915 0.0 20.0,yes,374cf10a-9e23-46db-8ba5-ff8d7e5158a5,2026-05-20 00:06:00,2026-05-20,tester,2026-05-20 00:06:16,https://www.commcarehq.org/form/8b5fe5d5-2347-4315-a1f1-b263395fd38a,tester,True
148,f72400f6-c47f-4899-bec1-743694262bfd,community_01,Grace,Okafor,male,1986-11-07,,08007587255,https://www.commcarehq.org/photos/farmer_148.jpg,2,mixed_farming,22,owned,3,rain-fed,---,groundnuts maize rice,1.7,3.6,2.1,---,---,---,10.5842325 7.5192893 0.0 20.0,yes,6f49be22-54b2-4a9c-adbd-e54ec541f9ce,2026-01-10 00:07:00,2026-01-10,tester,2026-01-10 00:07:14,https://www.commcarehq.org/form/f72400f6-c47f-4899-bec1-743694262bfd,tester,True
149,0936eea2-3aa6-458e-b48e-22e20f7b5c07,community_05,Blessing,Mohammed,male,1983-09-22,52908290237.0,08086205821,https://www.commcarehq.org/photos/farmer_149.jpg,5,mixed_farming,20,owned,3,borehole,---,groundnuts maize,2.5,1.9,---,goats,18,---,10.3371392 7.2337606 0.0 20.0,yes,b430c54a-b32a-454e-b970-13ada33898c9,2026-02-09 00:08:00,2026-02-09,tester,2026-02-09 00:08:20,https://www.commcarehq.org/form/0936eea2-3aa6-458e-b48e-22e20f7b5c07,tester,True
150,cec2daf5-4921-4bc6-8b5d-847a33c783ce,community_05,David,Lawal,male,1984-03-26,60860285603.0,08002804449,https://www.commcarehq.org/photos/farmer_150.jpg,7,crop_farming,9,owned,5,rain-fed,---,rice groundnuts,0.7,---,2.4,goats,15,---,10.4608264 7.3090362 0.0 20.0,yes,1526185d-88a7-434e-92cb-7e2218f6640a,2026-01-26 00:04:00,2026-01-26,tester,2026-01-26 00:04:17,https://www.commcarehq.org/form/cec2daf5-4921-4bc6-8b5d-847a33c783ce,tester,True
151,1011a5b0-43f1-4e69-84db-f273104ea447,community_03,Ahmed,Balogun,male,1982-10-19,53722409092.0,08056800142,https://www.commcarehq.org/photos/farmer_151.jpg,9,crop_farming,20,family_land,1,rain-fed,---,groundnuts rice maize,1.4,5.1,2.8,rabbits,---,9,10.4782615 7.3013343 0.0 20.0,yes,9342f375-a849-4025-a50a-972b8ebde004,2026-01-20 00:07:00,2026-01-20,tester,2026-01-20 00:07:19,https://www.commcarehq.org/form/1011a5b0-43f1-4e69-84db-f273104ea447,tester,True
152,0dc0e45c-f10f-451b-84ea-61382a0c0b21,community_07,James,Lawal,male,1956-03-09,44677553341.0,08073309244,https://www.commcarehq.org/photos/farmer_152.jpg,4,crop_farming,10,owned,2,rain-fed,---,rice maize,---,1.1,0.8,---,---,---,10.3783528 7.558605 0.0 20.0,yes,c5b02f09-7bd7-4954-8581-19958acdc767,2026-06-13 00:02:00,2026-06-13,tester,2026-06-13 00:02:06,https://www.commcarehq.org/form/0dc0e45c-f10f-451b-84ea-61382a0c0b21,tester,True
153,4cdd757b-6f75-44c4-8cf6-52eeeab12d32,community_05,James,Peter,female,1965-10-26,,08074478023,https://www.commcarehq.org/photos/farmer_153.jpg,8,mixed_farming,23,owned,2,rain-fed,---,groundnuts maize rice,0.7,3.3,3.2,rabbits,---,4,10.5870052 7.4642936 0.0 20.0,yes,e4385cf2-ca23-4970-84a4-a8dc70ad876e,2026-04-10 00:02:00,2026-04-10,tester,2026-04-10 00:02:16,https://www.commcarehq.org/form/4cdd757b-6f75-44c4-8cf6-52eeeab12d32,tester,True
154,452ae78d-37dd-445f-9a8c-ef0e0c8f9d10,community_04,Naomi,Ojo,male,1996-04-01,91588846120.0,08023764989,https://www.commcarehq.org/photos/farmer_154.jpg,1,mixed_farming,7,owned,3,rain-fed,---,rice groundnuts maize,2.8,0.7,1.0,---,---,---,10.5672076 7.2183207 0.0 20.0,yes,26fcc4a2-9c3c-44f8-a971-dc7074c76f72,2026-02-03 00:02:00,2026-02-03,tester,2026-02-03 00:02:10,https://www.commcarehq.org/form/452ae78d-37dd-445f-9a8c-ef0e0c8f9d10,tester,True
155,8633bec3-3c02-4a27-b87f-f574c8e75edf,community_05,Naomi,Ahmed,female,1999-04-12,,08008156023,https://www.commcarehq.org/photos/farmer_155.jpg,8,livestock_farming,9,owned,1,rain-fed,---,groundnuts rice,1.2,---,3.2,goats,13,---,10.3754645 7.5702702 0.0 20.0,yes,cb72f22b-c48a-4164-aabd-b5a1293f981d,2026-01-26 00:08:00,2026-01-26,tester,2026-01-26 00:08:17,https://www.commcarehq.org/form/8633bec3-3c02-4a27-b87f-f574c8e75edf,tester,True
156,0c3ed6a1-acf7-4ffb-a22d-8413012028e8,community_06,Amina,Michael,male,2006-05-22,,08052674112,https://www.commcarehq.org/photos/farmer_156.jpg,6,mixed_farming,1,owned,3,dam_reservoir,---,maize rice groundnuts,0.5,1.9,0.9,rabbits,---,25,10.5450924 7.5947128 0.0 20.0,yes,a521b98b-0e20-40af-a5e4-244e2ab505d7,2026-04-29 00:08:00,2026-04-29,tester,2026-04-29 00:08:11,https://www.commcarehq.org/form/0c3ed6a1-acf7-4ffb-a22d-8413012028e8,tester,True
157,9c817f84-16de-45bb-a10c-9c880d152e43,community_02,John,James,female,1978-11-01,14480147404.0,08062438707,https://www.commcarehq.org/photos/farmer_157.jpg,7,crop_farming,4,owned,1,rain-fed,---,maize groundnuts,2.4,5.9,---,goats,5,---,10.2392257 7.4950991 0.0 20.0,yes,f57d4249-ce5e-43dd-ba1d-4fe7a2f8fdcd,2026-04-07 00:03:00,2026-04-07,tester,2026-04-07 00:03:07,https://www.commcarehq.org/form/9c817f84-16de-45bb-a10c-9c880d152e43,tester,True
158,2748acca-0acb-4d79-acd8-bf20de7a40bd,community_03,Ruth,Musa,female,1998-11-18,28783975392.0,08041323052,https://www.commcarehq.org/photos/farmer_158.jpg,3,crop_farming,6,owned,2,borehole,---,rice groundnuts maize,0.7,5.6,2.2,---,---,---,10.5347956 7.3116684 0.0 20.0,yes,6e80c5e2-7c67-46c9-9c26-5ee3781f94fc,2026-03-05 00:03:00,2026-03-05,tester,2026-03-05 00:03:15,https://www.commcarehq.org/form/2748acca-0acb-4d79-acd8-bf20de7a40bd,tester,True
159,0897d6fa-f259-47f3-8eed-f622d8d057e3,community_03,Peter,Michael,female,1965-12-15,,08004705478,https://www.commcarehq.org/photos/farmer_159.jpg,9,mixed_farming,27,leased,1,rain-fed,---,groundnuts,1.7,---,---,goats,24,---,10.4281523 7.433464 0.0 20.0,yes,5f529bb1-b0f8-4917-a701-126abcb11965,2026-04-29 00:08:00,2026-04-29,tester,2026-04-29 00:08:09,https://www.commcarehq.org/form/0897d6fa-f259-47f3-8eed-f622d8d057e3,tester,True
160,46fec2f8-b271-4be5-a457-fc4a42a4004c,community_06,Joseph,Isa,female,1988-07-15,99594661248.0,08008304295,https://www.commcarehq.org/photos/farmer_160.jpg,11,mixed_farming,2,owned,3,rain-fed,---,maize rice,---,4.2,1.8,goats,19,---,10.4243033 7.5094302 0.0 20.0,yes,1b0a8801-0de3-4105-94dd-787f461b9dd9,2026-03-27 00:03:00,2026-03-27,tester,2026-03-27 00:03:08,https://www.commcarehq.org/form/46fec2f8-b271-4be5-a457-fc4a42a4004c,tester,True
161,de6ed771-8715-411f-8b2b-91dc97a89c1b,community_05,Suleiman,Lawal,female,1960-03-24,48216331406.0,08054034584,https://www.commcarehq.org/photos/farmer_161.jpg,7,crop_farming,40,owned,3,river_stream,---,groundnuts,2.7,---,---,rabbits,---,13,10.3153491 7.5826508 0.0 20.0,yes,eaaadfe7-cdd2-4f14-8b5d-e1db10377a1c,2026-03-12 00:02:00,2026-03-12,tester,2026-03-12 00:02:09,https://www.commcarehq.org/form/de6ed771-8715-411f-8b2b-91dc97a89c1b,tester,True
162,fd57a1c3-5fea-4393-9f48-a5def2ff7fc5,community_04,Deborah,Daniel,male,1981-12-11,,08051346208,https://www.commcarehq.org/photos/farmer_162.jpg,4,crop_farming,19,owned,3,rain-fed,---,rice maize groundnuts,1.3,1.3,3.3,goats,10,---,10.3487609 7.3152585 0.0 20.0,yes,43e83128-8d2a-4bc8-b5c7-b47b06ef4cf4,2026-02-07 00:04:00,2026-02-07,tester,2026-02-07 00:04:14,https://www.commcarehq.org/form/fd57a1c3-5fea-4393-9f48-a5def2ff7fc5,tester,True
163,64ad1609-db37-4469-8868-5b6df164b310,community_03,Rebecca,Eze,female,1972-04-12,,08086612031,https://www.commcarehq.org/photos/farmer_163.jpg,5,mixed_farming,21,leased,1,rain-fed,---,rice,---,---,1.6,---,---,---,10.3997668 7.2581536 0.0 20.0,yes,14ddc573-44d4-4d1e-9804-423517c669a2,2026-03-23 00:03:00,2026-03-23,tester,2026-03-23 00:03:05,https://www.commcarehq.org/form/64ad1609-db37-4469-8868-5b6df164b310,tester,True
164,7082ef44-5542-4663-83e3-374769091ffb,community_07,Mercy,Yakubu,male,1979-02-15,,08079677931,https://www.commcarehq.org/photos/farmer_164.jpg,6,mixed_farming,10,owned,3,rain-fed,---,maize,---,0.8,---,---,---,---,10.2888575 7.574266 0.0 20.0,yes,89bebbdd-6e22-4d3b-8934-4e9267c7fd71,2026-01-06 00:02:00,2026-01-06,tester,2026-01-06 00:02:19,https://www.commcarehq.org/form/7082ef44-5542-4663-83e3-374769091ffb,tester,True
165,34348635-518a-43e5-b018-3b2903a1ef60,community_05,Fatima,Yakubu,male,1976-09-07,60108380090.0,08037430334,https://www.commcarehq.org/photos/farmer_165.jpg,2,crop_farming,29,owned,3,rain-fed,---,groundnuts rice,0.9,---,1.6,---,---,---,10.3341667 7.5732612 0.0 20.0,yes,a2a3b0bf-9619-4501-8450-4fa5c5d1097a,2026-04-07 00:02:00,2026-04-07,tester,2026-04-07 00:02:05,https://www.commcarehq.org/form/34348635-518a-43e5-b018-3b2903a1ef60,tester,True
166,14166e4c-8a02-40f2-a049-c5122ab45b90,community_03,Elizabeth,Mohammed,male,1977-05-04,65114238912.0,08024835472,https://www.commcarehq.org/photos/farmer_166.jpg,3,mixed_farming,21,owned,3,rain-fed,---,maize,---,5.9,---,rabbits,---,19,10.3972201 7.5882501 0.0 20.0,yes,93606e26-d49d-42dc-8684-c10ea5072104,2026-04-03 00:06:00,2026-04-03,tester,2026-04-03 00:06:20,https://www.commcarehq.org/form/14166e4c-8a02-40f2-a049-c5122ab45b90,tester,True
167,d1fe5031-bb16-4d2d-a2de-946ed6446b73,community_04,Deborah,Mohammed,female,1985-01-01,12470738735.0,08081038112,https://www.commcarehq.org/photos/farmer_167.jpg,6,crop_farming,10,owned,1,borehole,---,groundnuts,2.0,---,---,goats,12,---,10.5307288 7.4739869 0.0 20.0,yes,fe5bd813-5540-4aba-86a5-1af85ec57855,2026-06-25 00:07:00,2026-06-25,tester,2026-06-25 00:07:16,https://www.commcarehq.org/form/d1fe5031-bb16-4d2d-a2de-946ed6446b73,tester,True
168,be57af89-d9c4-4a5b-a2c6-ff2008658bba,community_01,Blessing,Samuel,female,2000-02-14,67917200288.0,08039112186,https://www.commcarehq.org/photos/farmer_168.jpg,7,mixed_farming,2,owned,4,irrigation_scheme,---,maize rice,---,4.6,1.0,goats,21,---,10.5880446 7.2688829 0.0 20.0,yes,cb1c4257-fa7f-4e07-bb79-48fee6c4f724,2026-01-31 00:03:00,2026-01-31,tester,2026-01-31 00:03:09,https://www.commcarehq.org/form/be57af89-d9c4-4a5b-a2c6-ff2008658bba,tester,True
169,34067744-a059-47ea-a7de-dd81d462bd5f,community_06,Sarah,Ogunleye,male,2006-05-27,19069777766.0,08004410654,https://www.commcarehq.org/photos/farmer_169.jpg,2,mixed_farming,1,leased,1,rain-fed,---,maize groundnuts rice,0.9,5.0,1.5,---,---,---,10.5420552 7.5123209 0.0 20.0,yes,1d548681-b45f-44f6-91d7-68a1de92ccfb,2026-05-10 00:06:00,2026-05-10,tester,2026-05-10 00:06:07,https://www.commcarehq.org/form/34067744-a059-47ea-a7de-dd81d462bd5f,tester,True
170,2087b6c6-d061-492c-93a1-5d5b76ebf757,community_01,Blessing,Lawal,male,1993-02-15,86252926140.0,08007998461,https://www.commcarehq.org/photos/farmer_170.jpg,8,crop_farming,7,owned,3,rain-fed,---,groundnuts maize,0.8,1.3,---,---,---,---,10.4228528 7.2162434 0.0 20.0,yes,230b975d-4608-46f9-9d18-425c0816344b,2026-01-30 00:05:00,2026-01-30,tester,2026-01-30 00:05:14,https://www.commcarehq.org/form/2087b6c6-d061-492c-93a1-5d5b76ebf757,tester,True
171,ccd8cfa8-955f-4684-8306-d952ca10dcb3,community_03,Suleiman,Ahmed,female,1972-10-04,37607885145.0,08088893066,https://www.commcarehq.org/photos/farmer_171.jpg,6,crop_farming,10,owned,3,rain-fed,---,groundnuts,1.4,---,---,goats,8,---,10.5962645 7.2491049 0.0 20.0,yes,ae4860a2-6c1a-446a-99c1-7f172147a1b5,2026-05-08 00:04:00,2026-05-08,tester,2026-05-08 00:04:13,https://www.commcarehq.org/form/ccd8cfa8-955f-4684-8306-d952ca10dcb3,tester,True
172,b29b3f6e-63c9-4a1f-bc47-347d9da4ebed,community_05,Paul,Ojo,female,1986-12-16,,08051414290,https://www.commcarehq.org/photos/farmer_172.jpg,1,crop_farming,6,owned,3,rain-fed,---,groundnuts rice maize,2.5,1.7,2.8,---,---,---,10.3374463 7.5438689 0.0 20.0,yes,b050be85-2549-4ae8-af70-75f27d480dca,2026-01-09 00:05:00,2026-01-09,tester,2026-01-09 00:05:08,https://www.commcarehq.org/form/b29b3f6e-63c9-4a1f-bc47-347d9da4ebed,tester,True
173,d1363ae0-81bf-497c-b2be-38bdf2b008a7,community_03,Ibrahim,Tanko,male,1996-04-09,34507337695.0,08041741666,https://www.commcarehq.org/photos/farmer_173.jpg,7,crop_farming,1,owned,2,rain-fed,---,maize rice groundnuts,0.7,4.0,0.9,goats,25,---,10.5060776 7.4500612 0.0 20.0,yes,284040fb-3e7a-441c-b167-3e96798506c0,2026-04-20 00:04:00,2026-04-20,tester,2026-04-20 00:04:16,https://www.commcarehq.org/form/d1363ae0-81bf-497c-b2be-38bdf2b008a7,tester,True
174,c40fabcf-cc17-47e2-8030-026015e5c01b,community_03,Grace,Adeyemi,male,1991-09-10,21544834587.0,08081150645,https://www.commcarehq.org/photos/farmer_174.jpg,6,mixed_farming,11,owned,2,rain-fed,---,groundnuts rice,1.3,---,2.3,---,---,---,10.4459311 7.3453337 0.0 20.0,yes,186383f9-6dbe-441c-8d14-8ed2fff26c00,2026-05-08 00:07:00,2026-05-08,tester,2026-05-08 00:07:07,https://www.commcarehq.org/form/c40fabcf-cc17-47e2-8030-026015e5c01b,tester,True
175,be79290d-a719-4c35-bebe-a57ae113ea32,community_06,Mercy,Daniel,male,1998-12-15,,08069755255,https://www.commcarehq.org/photos/farmer_175.jpg,6,mixed_farming,5,owned,2,rain-fed,---,maize,---,2.9,---,---,---,---,10.5053769 7.2722403 0.0 20.0,no,dd64a619-95d1-4776-aca2-25063e78da9f,2026-06-30 00:06:00,2026-06-30,tester,2026-06-30 00:06:10,https://www.commcarehq.org/form/be79290d-a719-4c35-bebe-a57ae113ea32,tester,True
176,ec0fb540-c3ef-4688-80c3-a33b162e360c,community_04,John,Adeyemi,female,1969-02-28,,08056745653,https://www.commcarehq.org/photos/farmer_176.jpg,4,mixed_farming,28,owned,1,river_stream,---,maize groundnuts,1.1,4.1,---,goats rabbits,5,3,10.2982346 7.5308915 0.0 20.0,yes,7fb04b0d-c53b-4ca9-99a3-e9b5bc6a6cfe,2026-05-24 00:05:00,2026-05-24,tester,2026-05-24 00:05:18,https://www.commcarehq.org/form/ec0fb540-c3ef-4688-80c3-a33b162e360c,tester,True
177,9822a891-312d-4397-bbce-102fe7aa1dc9,community_05,Grace,Daniel,male,2004-02-15,,08018940806,https://www.commcarehq.org/photos/farmer_177.jpg,3,crop_farming,1,owned,3,rain-fed,---,rice groundnuts maize,1.7,1.0,2.6,---,---,---,10.5329337 7.4948945 0.0 20.0,yes,709a4d48-41b3-4e6c-966a-b0ae6f463d36,2026-03-02 00:05:00,2026-03-02,tester,2026-03-02 00:05:11,https://www.commcarehq.org/form/9822a891-312d-4397-bbce-102fe7aa1dc9,tester,True
178,8225fda6-f746-4c6b-803d-b461823420c9,community_01,Rebecca,Daniel,female,1991-09-12,59535876341.0,08061542271,https://www.commcarehq.org/photos/farmer_178.jpg,6,crop_farming,2,family_land,3,rain-fed,---,groundnuts maize rice,1.3,6.3,1.8,rabbits,---,17,10.5430589 7.3553884 0.0 20.0,yes,1a081e07-fd02-4f3c-bfe6-b151b9419a08,2026-04-11 00:04:00,2026-04-11,tester,2026-04-11 00:04:14,https://www.commcarehq.org/form/8225fda6-f746-4c6b-803d-b461823420c9,tester,True
179,f105169b-d244-437d-8795-263ed03c0d4c,community_01,Joy,Lawal,male,1993-11-27,99192473014.0,08040889448,https://www.commcarehq.org/photos/farmer_179.jpg,8,crop_farming,3,family_land,5,rain-fed,---,rice maize groundnuts,2.2,5.1,2.7,goats,16,---,10.2544369 7.3602647 0.0 20.0,yes,6df0bdad-b635-4281-8ca9-a289bb34ee38,2026-03-22 00:06:00,2026-03-22,tester,2026-03-22 00:06:07,https://www.commcarehq.org/form/f105169b-d244-437d-8795-263ed03c0d4c,tester,True
180,aad7ce7f-8e4c-4c71-8cc9-358085ee13b6,community_01,Peter,Yakubu,female,1973-09-13,,08073472687,https://www.commcarehq.org/photos/farmer_180.jpg,2,livestock_farming,15,owned,1,rain-fed,---,groundnuts rice maize,1.0,4.7,1.1,goats,15,---,10.2597005 7.5832131 0.0 20.0,yes,ac5a934f-2738-4c22-b84b-978465d7f3d2,2026-05-26 00:02:00,2026-05-26,tester,2026-05-26 00:02:05,https://www.commcarehq.org/form/aad7ce7f-8e4c-4c71-8cc9-358085ee13b6,tester,True
181,3ca2b764-4b1d-46ea-ba7d-fc5186a02476,community_05,David,Lawal,female,1989-05-11,36642306493.0,08098273422,https://www.commcarehq.org/photos/farmer_181.jpg,5,crop_farming,5,owned,2,rain-fed,---,maize,---,4.0,---,rabbits,---,32,10.253282 7.3292984 0.0 20.0,yes,5fba5560-a95d-43e9-88d6-9dceec2cce4f,2026-06-25 00:03:00,2026-06-25,tester,2026-06-25 00:03:17,https://www.commcarehq.org/form/3ca2b764-4b1d-46ea-ba7d-fc5186a02476,tester,True
182,da6cff73-0fab-4180-8239-23816ab5db06,community_05,Suleiman,Eze,male,2008-06-09,75433145755.0,08099995702,https://www.commcarehq.org/photos/farmer_182.jpg,7,mixed_farming,1,leased,4,rain-fed,---,maize rice groundnuts,0.8,2.4,2.4,goats,5,---,10.5914066 7.3996842 0.0 20.0,yes,3efe481f-557b-447d-b361-5b20b1bc7942,2026-03-13 00:07:00,2026-03-13,tester,2026-03-13 00:07:16,https://www.commcarehq.org/form/da6cff73-0fab-4180-8239-23816ab5db06,tester,True
183,de4ae81a-594a-4deb-9da1-d50005546b71,community_07,Musa,Michael,female,1981-10-21,35308832733.0,08039718670,https://www.commcarehq.org/photos/farmer_183.jpg,11,crop_farming,15,owned,5,other,Spring Water,maize rice,---,1.2,3.0,goats rabbits,13,20,10.272262 7.267318 0.0 20.0,yes,fd7f6c5a-b5e3-4388-bbe7-c66f06276be7,2026-03-11 00:06:00,2026-03-11,tester,2026-03-11 00:06:11,https://www.commcarehq.org/form/de4ae81a-594a-4deb-9da1-d50005546b71,tester,True
184,8281e819-9b5f-46b1-8028-0ff379699ba4,community_04,Amina,Yakubu,female,1995-03-05,,08068066359,https://www.commcarehq.org/photos/farmer_184.jpg,12,crop_farming,5,owned,1,rain-fed,---,maize rice groundnuts,1.0,0.8,2.8,goats,3,---,10.4188625 7.4409166 0.0 20.0,yes,6c0b4d92-ffd8-4bb1-a78a-4c6ffee2ac65,2026-03-07 00:03:00,2026-03-07,tester,2026-03-07 00:03:12,https://www.commcarehq.org/form/8281e819-9b5f-46b1-8028-0ff379699ba4,tester,True
185,ff8eb2a0-4eff-4021-a88b-6c71f7fbdc53,community_07,Deborah,David,male,1973-12-28,,08027614483,https://www.commcarehq.org/photos/farmer_185.jpg,8,crop_farming,24,owned,2,rain-fed,---,rice maize,---,1.0,2.0,goats,7,---,10.3704068 7.2161752 0.0 20.0,yes,e653bdef-051f-4738-a721-4e902ac10387,2026-04-29 00:07:00,2026-04-29,tester,2026-04-29 00:07:12,https://www.commcarehq.org/form/ff8eb2a0-4eff-4021-a88b-6c71f7fbdc53,tester,True
186,bf309eac-d4a7-44e8-9b53-09dac8f8360e,community_05,Yusuf,Peter,female,1978-06-01,20468362271.0,08094119852,https://www.commcarehq.org/photos/farmer_186.jpg,3,mixed_farming,17,owned,1,borehole,---,maize rice,---,4.0,3.2,goats,25,---,10.2718209 7.2728833 0.0 20.0,yes,2a67427a-3760-453a-b93b-7ef314f8b354,2026-01-22 00:05:00,2026-01-22,tester,2026-01-22 00:05:14,https://www.commcarehq.org/form/bf309eac-d4a7-44e8-9b53-09dac8f8360e,tester,True
187,3572ca51-35ef-437f-985f-8bbeafafd7ea,community_02,Suleiman,Ali,female,1992-01-17,,08081176815,https://www.commcarehq.org/photos/farmer_187.jpg,12,crop_farming,13,leased,3,rain-fed,---,rice maize groundnuts,2.5,1.0,1.0,goats,2,---,10.2752884 7.2107261 0.0 20.0,yes,a0e78958-3c14-4252-aefd-b6d9cb3c9b07,2026-02-07 00:07:00,2026-02-07,tester,2026-02-07 00:07:12,https://www.commcarehq.org/form/3572ca51-35ef-437f-985f-8bbeafafd7ea,tester,True
188,107fcd52-a2b2-4cbf-a2da-45f43282294a,community_03,Binta,Tanko,female,1991-11-15,11811957488.0,08019744042,https://www.commcarehq.org/photos/farmer_188.jpg,5,crop_farming,1,owned,3,rain-fed,---,rice maize,---,0.7,1.9,---,---,---,10.5741124 7.5620293 0.0 20.0,yes,64710e93-b999-4aa5-9ed1-9d25d0b180a1,2026-03-01 00:07:00,2026-03-01,tester,2026-03-01 00:07:06,https://www.commcarehq.org/form/107fcd52-a2b2-4cbf-a2da-45f43282294a,tester,True
189,a5d4e56a-3fe6-45a5-b913-389dd7136582,community_04,David,Okafor,male,1997-12-07,,08016644174,https://www.commcarehq.org/photos/farmer_189.jpg,6,livestock_farming,6,leased,3,rain-fed,---,rice maize,---,6.3,3.4,---,---,---,10.5183891 7.519902 0.0 20.0,yes,2232fd10-b98a-43ab-834c-e50656004358,2026-06-09 00:03:00,2026-06-09,tester,2026-06-09 00:03:14,https://www.commcarehq.org/form/a5d4e56a-3fe6-45a5-b913-389dd7136582,tester,True
190,bcc945f9-a77d-40e3-8f39-3891667d8efc,community_05,Fatima,Adeyemi,male,2005-08-30,69242556032.0,08094259326,https://www.commcarehq.org/photos/farmer_190.jpg,4,crop_farming,1,owned,1,rain-fed,---,maize,---,2.0,---,goats,13,---,10.508038 7.4228089 0.0 20.0,yes,634fde85-a57c-4f44-92c0-8adfdc5d9073,2026-06-26 00:08:00,2026-06-26,tester,2026-06-26 00:08:08,https://www.commcarehq.org/form/bcc945f9-a77d-40e3-8f39-3891667d8efc,tester,True
191,32f26bb9-81e1-4543-b73e-2689e3896a81,community_05,Elizabeth,Ali,female,1963-05-24,,08068155112,https://www.commcarehq.org/photos/farmer_191.jpg,5,crop_farming,33,owned,5,rain-fed,---,groundnuts,2.6,---,---,goats,15,---,10.202635 7.5339253 0.0 20.0,yes,1ec7329a-7efe-4d89-ad83-f235c2bfa41b,2026-03-15 00:06:00,2026-03-15,tester,2026-03-15 00:06:10,https://www.commcarehq.org/form/32f26bb9-81e1-4543-b73e-2689e3896a81,tester,True
192,30888a22-dd2f-4447-857d-cf1dc27ce8e4,community_01,Daniel,Ogunleye,female,1993-04-23,,08057149895,https://www.commcarehq.org/photos/farmer_192.jpg,10,mixed_farming,12,family_land,5,rain-fed,---,maize,---,0.9,---,---,---,---,10.4565863 7.5610045 0.0 20.0,yes,7e4ec57d-d1ac-4494-82ca-2590e537f532,2026-06-11 00:07:00,2026-06-11,tester,2026-06-11 00:07:14,https://www.commcarehq.org/form/30888a22-dd2f-4447-857d-cf1dc27ce8e4,tester,True
193,a8e17997-1759-44da-9fb1-4c10eae44e7e,community_03,Naomi,Adeyemi,female,1971-01-20,93871226876.0,08097425766,https://www.commcarehq.org/photos/farmer_193.jpg,8,crop_farming,3,owned,2,borehole,---,rice,---,---,4.0,goats,4,---,10.324901 7.3362836 0.0 20.0,yes,9c89c164-35b6-4848-8871-a91726e91dc7,2026-01-06 00:02:00,2026-01-06,tester,2026-01-06 00:02:13,https://www.commcarehq.org/form/a8e17997-1759-44da-9fb1-4c10eae44e7e,tester,True
194,ad3e1e2b-8e2b-441c-abee-9f468fbd526b,community_02,Emmanuel,Ahmed,female,1963-06-17,,08025179450,https://www.commcarehq.org/photos/farmer_194.jpg,5,livestock_farming,37,family_land,3,river_stream,---,maize,---,2.3,---,---,---,---,10.4291063 7.2559886 0.0 20.0,yes,6c9c91c1-397a-4908-8930-3bf3d2b37708,2026-03-05 00:02:00,2026-03-05,tester,2026-03-05 00:02:15,https://www.commcarehq.org/form/ad3e1e2b-8e2b-441c-abee-9f468fbd526b,tester,True
195,3577b87d-cf91-40d4-990e-92cbb91b41c8,community_04,John,Haruna,female,1993-07-10,20359688573.0,08004120645,https://www.commcarehq.org/photos/farmer_195.jpg,6,mixed_farming,8,family_land,2,rain-fed,---,groundnuts,1.8,---,---,---,---,---,10.5872127 7.4052742 0.0 20.0,yes,ab0938a5-420c-4014-a457-02b17d759b05,2026-06-27 00:03:00,2026-06-27,tester,2026-06-27 00:03:19,https://www.commcarehq.org/form/3577b87d-cf91-40d4-990e-92cbb91b41c8,tester,True
196,9cc09b78-9c11-426d-a1ea-7be6aba808d8,community_03,Suleiman,Isa,female,1994-09-04,,08013251332,https://www.commcarehq.org/photos/farmer_196.jpg,3,mixed_farming,1,leased,2,rain-fed,---,maize groundnuts rice,1.9,0.9,0.7,---,---,---,10.3809498 7.3351293 0.0 20.0,yes,cbd14a69-3120-439a-aed1-4a011e485450,2026-06-05 00:03:00,2026-06-05,tester,2026-06-05 00:03:09,https://www.commcarehq.org/form/9cc09b78-9c11-426d-a1ea-7be6aba808d8,tester,True
197,61c4ec5c-1e21-4950-8eaa-1ecfe3f5cc53,community_04,Samuel,Lawal,male,1991-05-26,,08064235987,https://www.commcarehq.org/photos/farmer_197.jpg,1,mixed_farming,10,owned,1,rain-fed,---,rice groundnuts maize,2.4,3.5,0.6,---,---,---,10.5849507 7.309985 0.0 20.0,yes,1bfa1eb6-509c-40c3-93b8-f9b99c5bcc94,2026-06-30 00:08:00,2026-06-30,tester,2026-06-30 00:08:19,https://www.commcarehq.org/form/61c4ec5c-1e21-4950-8eaa-1ecfe3f5cc53,tester,True
198,7d64c822-79d0-41d8-a5b9-dc46576c1f8a,community_01,Mercy,Eze,male,1979-07-02,66609850824.0,08005309521,https://www.commcarehq.org/photos/farmer_198.jpg,3,mixed_farming,2,family_land,6,rain-fed,---,groundnuts maize,0.9,5.9,---,goats rabbits,5,17,10.5008535 7.4344116 0.0 20.0,yes,74f81c30-f9a1-41ae-b5a8-6360aa6ec2de,2026-05-10 00:05:00,2026-05-10,tester,2026-05-10 00:05:08,https://www.commcarehq.org/form/7d64c822-79d0-41d8-a5b9-dc46576c1f8a,tester,True
199,169ca05f-a13a-40b3-a15a-f0966fa04c5f,community_02,Ibrahim,Ali,male,2007-12-10,44439722839.0,08055176154,https://www.commcarehq.org/photos/farmer_199.jpg,8,crop_farming,1,family_land,3,dam_reservoir,---,maize groundnuts rice,2.5,6.3,2.7,rabbits,---,5,10.5734027 7.3928745 0.0 20.0,yes,790cb2c1-9f62-40d4-affb-f61631ead3ee,2026-06-24 00:05:00,2026-06-24,tester,2026-06-24 00:05:16,https://www.commcarehq.org/form/169ca05f-a13a-40b3-a15a-f0966fa04c5f,tester,True
200,677f95c0-a195-4325-8978-afe59ba9a8f9,community_06,John,Okafor,female,1993-10-09,19881166487.0,08031152469,https://www.commcarehq.org/photos/farmer_200.jpg,5,mixed_farming,13,family_land,2,other,Community Well,maize,---,6.3,---,goats rabbits,24,2,10.4435147 7.2017117 0.0 20.0,no,67c7a09b-3848-43d5-8170-2c1b3acfaa28,2026-02-14 00:05:00,2026-02-14,tester,2026-02-14 00:05:20,https://www.commcarehq.org/form/677f95c0-a195-4325-8978-afe59ba9a8f9,tester,True
201,74db481c-cc5b-48be-b365-a17b1b84dac1,community_06,Mercy,Bello,female,1984-10-09,73014098354.0,08063883176,https://www.commcarehq.org/photos/farmer_201.jpg,2,crop_farming,8,family_land,2,borehole,---,groundnuts,2.5,---,---,---,---,---,10.2884591 7.5920476 0.0 20.0,yes,0911e6bc-7c89-404b-acbe-c199f439dafc,2026-01-10 00:04:00,2026-01-10,tester,2026-01-10 00:04:20,https://www.commcarehq.org/form/74db481c-cc5b-48be-b365-a17b1b84dac1,tester,True
202,c2f15661-a10b-43ff-af19-4c2915522722,community_07,Yusuf,Eze,male,1990-05-15,,08054565650,https://www.commcarehq.org/photos/farmer_202.jpg,4,livestock_farming,8,leased,3,rain-fed,---,groundnuts maize rice,0.5,3.1,2.9,---,---,---,10.3291997 7.5377366 0.0 20.0,yes,27909eec-3b7b-45dc-9caa-7613f5007546,2026-02-01 00:07:00,2026-02-01,tester,2026-02-01 00:07:19,https://www.commcarehq.org/form/c2f15661-a10b-43ff-af19-4c2915522722,tester,True
203,490842ee-443d-4264-845c-f096287a8e66,community_04,Esther,Lawal,male,1976-02-22,,08053338892,https://www.commcarehq.org/photos/farmer_203.jpg,10,crop_farming,22,owned,3,rain-fed,---,groundnuts maize,2.6,2.0,---,---,---,---,10.533007 7.5286535 0.0 20.0,yes,46814abc-71b6-4342-a586-2ba608feae16,2026-03-02 00:02:00,2026-03-02,tester,2026-03-02 00:02:19,https://www.commcarehq.org/form/490842ee-443d-4264-845c-f096287a8e66,tester,True
204,e50fd1a4-29af-42a4-9bb8-c53c3b2fd12c,community_06,Binta,Ali,female,2008-06-18,21567908867.0,08070806410,https://www.commcarehq.org/photos/farmer_204.jpg,3,crop_farming,1,owned,3,rain-fed,---,maize rice,---,5.3,3.6,---,---,---,10.5750339 7.5131717 0.0 20.0,yes,ed957f3a-1e82-4ba6-870b-1b7d88e82426,2026-03-26 00:06:00,2026-03-26,tester,2026-03-26 00:06:11,https://www.commcarehq.org/form/e50fd1a4-29af-42a4-9bb8-c53c3b2fd12c,tester,True
205,f34c676a-eba2-4ccb-93cf-06ea9473e823,community_01,Amina,Eze,female,1982-09-22,46545438659.0,08034611015,https://www.commcarehq.org/photos/farmer_205.jpg,7,crop_farming,18,family_land,1,rain-fed,---,maize groundnuts,1.8,4.4,---,goats,9,---,10.53407 7.5434809 0.0 20.0,yes,96b8c3eb-d545-4464-8a8f-193e57ca3a11,2026-02-20 00:03:00,2026-02-20,tester,2026-02-20 00:03:11,https://www.commcarehq.org/form/f34c676a-eba2-4ccb-93cf-06ea9473e823,tester,True
206,61294991-609c-423f-9f7d-10dfeba53c1e,community_06,Ibrahim,Daniel,female,1978-09-09,,08085323189,https://www.commcarehq.org/photos/farmer_206.jpg,10,mixed_farming,15,family_land,1,borehole,---,rice maize,---,1.7,1.1,---,---,---,10.2294925 7.212007 0.0 20.0,yes,418e1cb9-4166-4014-88cf-d7b5254a49cc,2026-03-16 00:05:00,2026-03-16,tester,2026-03-16 00:05:11,https://www.commcarehq.org/form/61294991-609c-423f-9f7d-10dfeba53c1e,tester,True
207,dc06425a-a559-420e-93e9-b12571c5bf74,community_05,Elizabeth,Lawal,male,1960-04-07,53698219274.0,08082112181,https://www.commcarehq.org/photos/farmer_207.jpg,8,livestock_farming,20,owned,2,borehole,---,rice maize groundnuts,0.8,5.8,1.0,goats,19,---,10.3497021 7.4398197 0.0 20.0,yes,c1843ec7-8c91-4e41-9c3b-27944aa408ad,2026-03-04 00:02:00,2026-03-04,tester,2026-03-04 00:02:11,https://www.commcarehq.org/form/dc06425a-a559-420e-93e9-b12571c5bf74,tester,True
208,05c681ed-7bd2-4172-8d7c-16520e72167d,community_06,Musa,Abdullahi,male,1992-05-06,,08098204605,https://www.commcarehq.org/photos/farmer_208.jpg,8,mixed_farming,6,owned,2,rain-fed,---,maize rice,---,4.0,2.7,---,---,---,10.2828798 7.5579539 0.0 20.0,yes,a0eacba7-3265-4ae7-8b4d-c8b79199a91a,2026-03-02 00:05:00,2026-03-02,tester,2026-03-02 00:05:11,https://www.commcarehq.org/form/05c681ed-7bd2-4172-8d7c-16520e72167d,tester,True
209,e07bc5bb-5374-4434-a941-9e955dfe2955,community_02,Naomi,David,female,1955-03-11,49015603832.0,08043546444,https://www.commcarehq.org/photos/farmer_209.jpg,6,crop_farming,15,owned,1,rain-fed,---,rice groundnuts maize,2.8,1.1,0.7,goats,8,---,10.4700429 7.3000095 0.0 20.0,yes,c774cac4-dd8f-4e57-bee0-8e7c6918b266,2026-06-24 00:08:00,2026-06-24,tester,2026-06-24 00:08:13,https://www.commcarehq.org/form/e07bc5bb-5374-4434-a941-9e955dfe2955,tester,True
210,4ff54db6-27e9-413a-a1a9-39801deeb104,community_02,Hauwa,Peter,female,1968-03-04,49940937355.0,08087445645,https://www.commcarehq.org/photos/farmer_210.jpg,4,mixed_farming,14,owned,3,rain-fed,---,rice maize,---,2.5,0.8,---,---,---,10.5767719 7.3670751 0.0 20.0,yes,721efd29-195d-4d88-a506-2504886d498c,2026-05-23 00:02:00,2026-05-23,tester,2026-05-23 00:02:16,https://www.commcarehq.org/form/4ff54db6-27e9-413a-a1a9-39801deeb104,tester,True
211,50c4c29e-cca7-4c14-a12e-38b05495dddd,community_01,Deborah,Peter,male,1968-08-12,,08034647530,https://www.commcarehq.org/photos/farmer_211.jpg,3,livestock_farming,22,owned,3,rain-fed,---,maize groundnuts,2.9,0.9,---,goats rabbits,17,38,10.5847753 7.4556013 0.0 20.0,yes,979ff48d-55f9-4edc-8c67-4ab2358de817,2026-02-13 00:02:00,2026-02-13,tester,2026-02-13 00:02:10,https://www.commcarehq.org/form/50c4c29e-cca7-4c14-a12e-38b05495dddd,tester,True
212,09294399-a5c7-4c25-a4ff-54a764aa4d75,community_01,Yusuf,Eze,male,1994-12-24,49655602393.0,08060051841,https://www.commcarehq.org/photos/farmer_212.jpg,2,crop_farming,14,owned,1,river_stream,---,maize groundnuts rice,2.0,3.5,2.9,goats,2,---,10.3782926 7.529833 0.0 20.0,yes,33389469-a373-4301-9660-14b834795298,2026-03-05 00:06:00,2026-03-05,tester,2026-03-05 00:06:15,https://www.commcarehq.org/form/09294399-a5c7-4c25-a4ff-54a764aa4d75,tester,True
213,4b45c41c-3e45-4173-aa55-b3bc774930fe,community_07,Naomi,Ibrahim,male,1985-02-14,74076169840.0,08038738841,https://www.commcarehq.org/photos/farmer_213.jpg,7,livestock_farming,6,family_land,1,dam_reservoir,---,groundnuts,1.2,---,---,---,---,---,10.5665185 7.4792176 0.0 20.0,yes,780ab9f0-2829-47ef-8f7c-d691f934f2ea,2026-02-25 00:05:00,2026-02-25,tester,2026-02-25 00:05:18,https://www.commcarehq.org/form/4b45c41c-3e45-4173-aa55-b3bc774930fe,tester,True
214,d5957b20-ff5e-4e11-b3b9-e2f2ca4d61b3,community_07,Mercy,James,female,2006-10-21,,08034254067,https://www.commcarehq.org/photos/farmer_214.jpg,6,crop_farming,1,owned,1,rain-fed,---,rice maize groundnuts,1.7,1.0,2.8,---,---,---,10.3883151 7.3116568 0.0 20.0,yes,8f8aba7c-9e0d-45d4-8b61-4c253be61e3b,2026-01-05 00:06:00,2026-01-05,tester,2026-01-05 00:06:08,https://www.commcarehq.org/form/d5957b20-ff5e-4e11-b3b9-e2f2ca4d61b3,tester,True
215,affc2587-ddaf-497b-ad85-e8db641fb8b3,community_01,Mary,Sani,female,1998-07-03,,08013206268,https://www.commcarehq.org/photos/farmer_215.jpg,7,livestock_farming,7,family_land,4,rain-fed,---,groundnuts rice,1.4,---,1.3,goats rabbits,15,2,10.3348467 7.2768607 0.0 20.0,yes,aebe70b6-b95f-4499-bb9c-cef3328739aa,2026-02-26 00:02:00,2026-02-26,tester,2026-02-26 00:02:10,https://www.commcarehq.org/form/affc2587-ddaf-497b-ad85-e8db641fb8b3,tester,True
216,80611e76-0335-451f-b80c-6586f9b5d07e,community_05,Grace,Usman,male,1970-10-01,38452755404.0,08093421306,https://www.commcarehq.org/photos/farmer_216.jpg,3,crop_farming,18,family_land,4,rain-fed,---,maize groundnuts rice,1.1,1.1,1.6,---,---,---,10.5698214 7.5085626 0.0 20.0,yes,e66140a9-4f7f-49b0-8c91-0d0f14bfd184,2026-02-14 00:07:00,2026-02-14,tester,2026-02-14 00:07:15,https://www.commcarehq.org/form/80611e76-0335-451f-b80c-6586f9b5d07e,tester,True
217,7b8063a4-6946-4ea6-b4fb-dc5a36f8ef25,community_07,Ahmed,Ibrahim,male,1998-11-21,79717736545.0,08059268377,https://www.commcarehq.org/photos/farmer_217.jpg,1,crop_farming,3,owned,6,rain-fed,---,rice maize,---,1.3,1.6,rabbits,---,28,10.4592186 7.315382 0.0 20.0,yes,59153e75-4eb8-4980-a808-ab9c159082ae,2026-03-26 00:04:00,2026-03-26,tester,2026-03-26 00:04:12,https://www.commcarehq.org/form/7b8063a4-6946-4ea6-b4fb-dc5a36f8ef25,tester,True
218,229f26f9-73f6-4507-a862-41de17a505d3,community_02,Grace,Philip,female,1958-09-10,,08051604909,https://www.commcarehq.org/photos/farmer_218.jpg,1,mixed_farming,14,owned,1,rain-fed,---,rice,---,---,1.2,goats,21,---,10.3141412 7.3793085 0.0 20.0,yes,5351f277-49aa-4fdd-a333-030d4e0e69d0,2026-03-11 00:08:00,2026-03-11,tester,2026-03-11 00:08:20,https://www.commcarehq.org/form/229f26f9-73f6-4507-a862-41de17a505d3,tester,True
219,508777a0-b188-483d-bf84-c8d8a3bc6af8,community_01,Daniel,David,male,1979-10-28,12070177372.0,08074093551,https://www.commcarehq.org/photos/farmer_219.jpg,6,crop_farming,20,owned,5,rain-fed,---,groundnuts,0.5,---,---,---,---,---,10.3965815 7.5702764 0.0 20.0,yes,55acd946-f713-429d-a0ac-7587840b0c6b,2026-04-06 00:05:00,2026-04-06,tester,2026-04-06 00:05:20,https://www.commcarehq.org/form/508777a0-b188-483d-bf84-c8d8a3bc6af8,tester,True
220,d42f64d1-1eb8-4c28-8518-4da8912b1eac,community_02,Blessing,Bello,male,2006-12-21,,08017977376,https://www.commcarehq.org/photos/farmer_220.jpg,5,livestock_farming,1,owned,1,rain-fed,---,rice groundnuts maize,1.2,3.2,2.9,goats,21,---,10.4650419 7.264571 0.0 20.0,yes,f22b0cfc-a35c-48cb-a212-f62cb3b37383,2026-01-24 00:07:00,2026-01-24,tester,2026-01-24 00:07:17,https://www.commcarehq.org/form/d42f64d1-1eb8-4c28-8518-4da8912b1eac,tester,True
221,5596615d-8b8e-46d6-83d8-5d8e35630882,community_03,Blessing,Michael,male,1953-04-26,,08023963348,https://www.commcarehq.org/photos/farmer_221.jpg,8,mixed_farming,52,owned,1,rain-fed,---,maize rice groundnuts,3.0,5.4,0.5,goats,24,---,10.3667369 7.3153361 0.0 20.0,yes,62b7ea67-8b20-4296-8a9b-27f81747b422,2026-02-15 00:04:00,2026-02-15,tester,2026-02-15 00:04:10,https://www.commcarehq.org/form/5596615d-8b8e-46d6-83d8-5d8e35630882,tester,True
222,837b35c3-7c98-4823-94e3-025feeb74ed3,community_05,John,Ibrahim,male,1951-10-03,,08010172946,https://www.commcarehq.org/photos/farmer_222.jpg,9,crop_farming,18,owned,1,rain-fed,---,groundnuts rice maize,1.2,6.2,2.8,rabbits,---,15,10.4089338 7.2029048 0.0 20.0,yes,41379ef8-3915-4c76-af97-04bacaccb66e,2026-03-10 00:05:00,2026-03-10,tester,2026-03-10 00:05:20,https://www.commcarehq.org/form/837b35c3-7c98-4823-94e3-025feeb74ed3,tester,True
223,a8384bbd-cf61-4773-896e-0066bc856bff,community_05,Hauwa,Usman,male,1981-02-01,,08096303314,https://www.commcarehq.org/photos/farmer_223.jpg,8,livestock_farming,1,family_land,3,borehole,---,maize,---,3.2,---,---,---,---,10.4059656 7.4640914 0.0 20.0,no,1a088085-e736-4104-97f0-b26aad8acfa7,2026-06-13 00:08:00,2026-06-13,tester,2026-06-13 00:08:15,https://www.commcarehq.org/form/a8384bbd-cf61-4773-896e-0066bc856bff,tester,True
224,f52fe0a3-1fbe-46e9-a914-b12c3f3be13c,community_01,Daniel,Tanko,male,1970-08-02,77030536743.0,08046049998,https://www.commcarehq.org/photos/farmer_224.jpg,3,crop_farming,10,leased,3,borehole,---,groundnuts,1.7,---,---,goats,23,---,10.5948878 7.3867212 0.0 20.0,yes,25f01625-86c8-43ac-adc5-f7dae6a2f003,2026-01-30 00:05:00,2026-01-30,tester,2026-01-30 00:05:12,https://www.commcarehq.org/form/f52fe0a3-1fbe-46e9-a914-b12c3f3be13c,tester,True
225,38159d85-8b31-445f-aa79-1f229e26afe8,community_02,Rebecca,Lawal,female,1984-12-01,,08009332769,https://www.commcarehq.org/photos/farmer_225.jpg,1,mixed_farming,16,owned,3,rain-fed,---,rice groundnuts maize,1.4,4.8,3.1,goats,22,---,10.5864992 7.3747849 0.0 20.0,yes,cbcab94e-0299-4a56-88c4-672185d8abeb,2026-03-08 00:02:00,2026-03-08,tester,2026-03-08 00:02:14,https://www.commcarehq.org/form/38159d85-8b31-445f-aa79-1f229e26afe8,tester,True
226,7c7e0da1-60b5-4cc2-91f8-66d951b47563,community_01,Fatima,Johnson,female,1962-09-27,56614698720.0,08095005893,https://www.commcarehq.org/photos/farmer_226.jpg,5,crop_farming,43,family_land,4,rain-fed,---,maize groundnuts,2.5,2.3,---,goats,23,---,10.4405862 7.2583483 0.0 20.0,yes,48df6a35-94e7-4032-9ccd-98c0b7743def,2026-06-29 00:02:00,2026-06-29,tester,2026-06-29 00:02:15,https://www.commcarehq.org/form/7c7e0da1-60b5-4cc2-91f8-66d951b47563,tester,True
227,36b9390b-7e43-4bc0-88b3-f34a428d8fb1,community_02,Yusuf,James,male,1966-11-14,75350955632.0,08029081789,https://www.commcarehq.org/photos/farmer_227.jpg,10,livestock_farming,26,owned,3,rain-fed,---,rice,---,---,1.9,goats,17,---,10.5030857 7.3564252 0.0 20.0,yes,7f0a4ec6-fae6-4956-85ae-40e3fd111669,2026-03-14 00:04:00,2026-03-14,tester,2026-03-14 00:04:11,https://www.commcarehq.org/form/36b9390b-7e43-4bc0-88b3-f34a428d8fb1,tester,True
228,0200471f-6f8a-4deb-96d3-a6d3bfc5e839,community_05,Mercy,David,male,1987-06-14,,08074116212,https://www.commcarehq.org/photos/farmer_228.jpg,8,crop_farming,19,owned,1,other,Spring Water,groundnuts,0.7,---,---,rabbits,---,5,10.2469387 7.4061741 0.0 20.0,yes,d5d3fa38-332c-4ec2-9f4b-5520052a85af,2026-04-22 00:03:00,2026-04-22,tester,2026-04-22 00:03:17,https://www.commcarehq.org/form/0200471f-6f8a-4deb-96d3-a6d3bfc5e839,tester,True
229,1429ef68-05f3-4ab8-b440-8048a4fd981d,community_02,Mary,Garba,male,1987-04-14,,08036767862,https://www.commcarehq.org/photos/farmer_229.jpg,9,crop_farming,16,family_land,3,rain-fed,---,maize rice groundnuts,2.5,1.6,2.2,---,---,---,10.4285692 7.2397765 0.0 20.0,yes,0d9f4eeb-4a2b-4481-9097-7590dff86263,2026-05-18 00:03:00,2026-05-18,tester,2026-05-18 00:03:17,https://www.commcarehq.org/form/1429ef68-05f3-4ab8-b440-8048a4fd981d,tester,True
230,1ed851e9-e46c-40fa-a4d8-758f3c148721,community_06,Amina,David,male,1977-11-05,90904917173.0,08058672618,https://www.commcarehq.org/photos/farmer_230.jpg,8,mixed_farming,4,owned,3,rain-fed,---,maize groundnuts rice,2.9,3.5,1.8,---,---,---,10.5780914 7.2000342 0.0 20.0,yes,0493c9c6-7ee5-40df-9f97-9b7cec6a5013,2026-05-13 00:08:00,2026-05-13,tester,2026-05-13 00:08:14,https://www.commcarehq.org/form/1ed851e9-e46c-40fa-a4d8-758f3c148721,tester,True
231,99fa9328-8dce-4409-88c4-53edf865bd3f,community_05,Samuel,Peter,female,1978-01-14,37962772622.0,08066001821,https://www.commcarehq.org/photos/farmer_231.jpg,7,crop_farming,20,owned,3,rain-fed,---,maize,---,3.2,---,---,---,---,10.5760797 7.2572976 0.0 20.0,yes,ccbd625a-8b65-47e6-9d50-c44ffb2a5c01,2026-06-11 00:07:00,2026-06-11,tester,2026-06-11 00:07:13,https://www.commcarehq.org/form/99fa9328-8dce-4409-88c4-53edf865bd3f,tester,True
232,5ee28059-98fb-4075-a8c6-296bd13bf7d0,community_07,Yusuf,Ojo,male,1987-09-05,30708476039.0,08037392256,https://www.commcarehq.org/photos/farmer_232.jpg,1,crop_farming,9,owned,1,rain-fed,---,maize,---,6.2,---,rabbits,---,35,10.491331 7.3226198 0.0 20.0,yes,63d1dee5-3564-429b-83b7-e025da8e2856,2026-05-06 00:02:00,2026-05-06,tester,2026-05-06 00:02:16,https://www.commcarehq.org/form/5ee28059-98fb-4075-a8c6-296bd13bf7d0,tester,True
233,dbb2149f-d6b7-4dda-b9b4-f7e95fb5b025,community_05,Deborah,Ahmed,male,1986-04-15,64768877128.0,08018675845,https://www.commcarehq.org/photos/farmer_233.jpg,1,crop_farming,19,family_land,1,rain-fed,---,rice groundnuts,2.2,---,2.0,---,---,---,10.3416006 7.3874663 0.0 20.0,yes,0ff6a6fd-383d-44bb-b09b-8b40db5d1626,2026-04-20 00:06:00,2026-04-20,tester,2026-04-20 00:06:12,https://www.commcarehq.org/form/dbb2149f-d6b7-4dda-b9b4-f7e95fb5b025,tester,True
234,e5a66f63-e5c3-44a9-ac69-687f3bfa512b,community_02,Deborah,Bello,female,1991-05-25,31876989787.0,08050298096,https://www.commcarehq.org/photos/farmer_234.jpg,2,livestock_farming,4,owned,6,rain-fed,---,rice maize,---,2.0,3.1,---,---,---,10.5521328 7.4112446 0.0 20.0,yes,0be275d5-a504-4cb5-90a4-50323bab4d68,2026-06-05 00:05:00,2026-06-05,tester,2026-06-05 00:05:10,https://www.commcarehq.org/form/e5a66f63-e5c3-44a9-ac69-687f3bfa512b,tester,True
235,dfdd409f-950d-44b0-9e4e-a4aedfcd0dfb,community_05,Naomi,Lawal,male,1995-01-03,,08059433192,https://www.commcarehq.org/photos/farmer_235.jpg,7,crop_farming,8,owned,6,rain-fed,---,maize,---,6.1,---,---,---,---,10.5573671 7.5741658 0.0 20.0,yes,ae7ac6c1-1d9b-4f04-b7d8-65ed7a47695c,2026-05-05 00:02:00,2026-05-05,tester,2026-05-05 00:02:16,https://www.commcarehq.org/form/dfdd409f-950d-44b0-9e4e-a4aedfcd0dfb,tester,True
236,86088de5-cba2-4dfb-815e-6dbc5ab3ee5c,community_01,Samuel,Johnson,male,2003-04-03,22922971351.0,08041584907,https://www.commcarehq.org/photos/farmer_236.jpg,5,crop_farming,4,leased,3,rain-fed,---,rice maize,---,1.5,1.7,goats,13,---,10.4836878 7.2442663 0.0 20.0,yes,7b6237a4-4577-4fef-9360-39f8b42e084d,2026-02-04 00:05:00,2026-02-04,tester,2026-02-04 00:05:18,https://www.commcarehq.org/form/86088de5-cba2-4dfb-815e-6dbc5ab3ee5c,tester,True
237,9564791e-fc56-487a-8e1a-333f4d9de3e5,community_05,Naomi,Musa,male,1988-08-04,,08014461773,https://www.commcarehq.org/photos/farmer_237.jpg,8,crop_farming,4,leased,5,rain-fed,---,groundnuts rice maize,1.6,4.1,0.5,---,---,---,10.233046 7.3715808 0.0 20.0,yes,5bc5b7b7-1cc5-4557-9f4a-d53e63086e82,2026-05-11 00:03:00,2026-05-11,tester,2026-05-11 00:03:12,https://www.commcarehq.org/form/9564791e-fc56-487a-8e1a-333f4d9de3e5,tester,True
238,9f2b0c8b-ac6e-4807-9cd7-e6cf0c6ba688,community_02,Mary,Tanko,male,1980-04-02,81856764442.0,08061861142,https://www.commcarehq.org/photos/farmer_238.jpg,4,mixed_farming,3,leased,2,rain-fed,---,groundnuts rice maize,1.6,0.9,2.0,goats,5,---,10.3122224 7.3404098 0.0 20.0,yes,e602cbdf-566b-4e9d-91b5-52c38298c078,2026-03-23 00:02:00,2026-03-23,tester,2026-03-23 00:02:10,https://www.commcarehq.org/form/9f2b0c8b-ac6e-4807-9cd7-e6cf0c6ba688,tester,True
239,5d0231d1-9860-489c-b2ed-deeb68ff5e06,community_01,Grace,Adeyemi,female,1989-02-17,,08011933005,https://www.commcarehq.org/photos/farmer_239.jpg,4,crop_farming,19,owned,2,rain-fed,---,maize groundnuts rice,0.8,5.0,0.9,---,---,---,10.4617421 7.2761734 0.0 20.0,yes,88254441-b0bb-4d68-802c-f0c60bcf2f5f,2026-01-26 00:02:00,2026-01-26,tester,2026-01-26 00:02:15,https://www.commcarehq.org/form/5d0231d1-9860-489c-b2ed-deeb68ff5e06,tester,True
240,b57d5eb1-056e-4a53-a918-504c1862e571,community_02,Ruth,Lawal,male,1976-05-09,86909184154.0,08098479049,https://www.commcarehq.org/photos/farmer_240.jpg,7,crop_farming,9,owned,6,rain-fed,---,maize groundnuts,0.9,5.0,---,goats,14,---,10.3085977 7.2736265 0.0 20.0,yes,f8233de5-2d80-424b-8a56-51fc6738e4e6,2026-02-25 00:06:00,2026-02-25,tester,2026-02-25 00:06:05,https://www.commcarehq.org/form/b57d5eb1-056e-4a53-a918-504c1862e571,tester,True
241,1c72561d-9c61-49a4-9e88-cd78c80a1a79,community_06,Paul,Yakubu,male,1978-03-03,49601042989.0,08075102018,https://www.commcarehq.org/photos/farmer_241.jpg,4,mixed_farming,8,leased,1,rain-fed,---,rice maize,---,2.4,3.8,---,---,---,10.2534446 7.5593343 0.0 20.0,yes,7db3c639-6cc5-4d7b-aefc-cb0cb94291ac,2026-01-15 00:07:00,2026-01-15,tester,2026-01-15 00:07:05,https://www.commcarehq.org/form/1c72561d-9c61-49a4-9e88-cd78c80a1a79,tester,True
242,1a39bc3b-5a1f-466b-9115-687cd65b993d,community_06,Peter,Balogun,female,2007-10-04,,08089576926,https://www.commcarehq.org/photos/farmer_242.jpg,7,crop_farming,1,owned,3,borehole,---,maize,---,1.9,---,---,---,---,10.5608673 7.2374764 0.0 20.0,yes,9490f537-4e60-4e09-983a-e04e48eff1e0,2026-02-17 00:08:00,2026-02-17,tester,2026-02-17 00:08:10,https://www.commcarehq.org/form/1a39bc3b-5a1f-466b-9115-687cd65b993d,tester,True
243,779f0944-745a-45d4-9b23-778567306218,community_02,Ruth,Balogun,male,1992-04-17,,08086114464,https://www.commcarehq.org/photos/farmer_243.jpg,8,mixed_farming,4,owned,4,borehole,---,groundnuts rice maize,2.4,2.1,3.8,---,---,---,10.2037585 7.5166643 0.0 20.0,yes,4ae8aa46-740f-4887-9bbf-e2844997bdfe,2026-03-28 00:08:00,2026-03-28,tester,2026-03-28 00:08:07,https://www.commcarehq.org/form/779f0944-745a-45d4-9b23-778567306218,tester,True
244,40c7e59e-80bb-4d1b-9ed0-d5376f93cc8e,community_02,Ruth,Lawal,female,1994-02-02,40728400736.0,08006618125,https://www.commcarehq.org/photos/farmer_244.jpg,12,crop_farming,6,family_land,1,borehole,---,rice groundnuts maize,0.9,1.2,0.9,---,---,---,10.4462787 7.2473404 0.0 20.0,yes,14466b38-4a11-402e-b7ed-999ec0fe24fb,2026-01-22 00:02:00,2026-01-22,tester,2026-01-22 00:02:09,https://www.commcarehq.org/form/40c7e59e-80bb-4d1b-9ed0-d5376f93cc8e,tester,True
245,af67d3bd-29cb-46d3-87ef-0f26e58446d0,community_01,Esther,Johnson,female,1983-08-05,,08062824329,https://www.commcarehq.org/photos/farmer_245.jpg,3,livestock_farming,25,family_land,5,borehole,---,groundnuts rice,1.9,---,3.9,goats,4,---,10.2510143 7.5070142 0.0 20.0,yes,e699b88c-cc0b-4686-a8d5-439e8cf59fbe,2026-05-07 00:05:00,2026-05-07,tester,2026-05-07 00:05:20,https://www.commcarehq.org/form/af67d3bd-29cb-46d3-87ef-0f26e58446d0,tester,True
246,231da3d8-3c58-446a-950e-fa0d653c9c1b,community_05,David,Eze,female,1992-12-25,85149482121.0,08055835456,https://www.commcarehq.org/photos/farmer_246.jpg,11,crop_farming,1,owned,2,irrigation_scheme,---,maize,---,2.7,---,---,---,---,10.2557397 7.3841554 0.0 20.0,yes,2135a153-df12-46bf-ac12-1a3bff0782b6,2026-05-22 00:05:00,2026-05-22,tester,2026-05-22 00:05:12,https://www.commcarehq.org/form/231da3d8-3c58-446a-950e-fa0d653c9c1b,tester,True
247,b7b75c36-be70-4b9d-96cd-e677894e8ed9,community_02,Peter,Musa,female,1996-07-13,13148561166.0,08064015451,https://www.commcarehq.org/photos/farmer_247.jpg,9,crop_farming,7,owned,1,rain-fed,---,rice maize groundnuts,1.5,2.5,3.2,---,---,---,10.2623549 7.5524629 0.0 20.0,yes,9fc28f0a-7901-4934-bb66-c9ea17b0fe1c,2026-02-14 00:06:00,2026-02-14,tester,2026-02-14 00:06:10,https://www.commcarehq.org/form/b7b75c36-be70-4b9d-96cd-e677894e8ed9,tester,True
248,486edb80-9534-4af0-8ab6-c4567cbabe3f,community_01,Joy,Usman,female,1967-07-17,,08095741959,https://www.commcarehq.org/photos/farmer_248.jpg,4,crop_farming,26,owned,3,rain-fed,---,rice,---,---,2.1,goats,22,---,10.352188 7.2218687 0.0 20.0,yes,ee767fca-ab20-4a3a-98fc-ed7d77f28b0c,2026-04-19 00:03:00,2026-04-19,tester,2026-04-19 00:03:13,https://www.commcarehq.org/form/486edb80-9534-4af0-8ab6-c4567cbabe3f,tester,True
249,ad548a63-256e-46a2-af9d-4a1d10a32cab,community_01,Fatima,Samuel,female,1976-03-13,25210918377.0,08005735602,https://www.commcarehq.org/photos/farmer_249.jpg,7,mixed_farming,3,owned,1,rain-fed,---,maize rice,---,3.5,1.6,goats,13,---,10.4810627 7.2389519 0.0 20.0,yes,4162182b-0d3b-4f32-8310-b2f254ccf1c4,2026-05-09 00:02:00,2026-05-09,tester,2026-05-09 00:02:09,https://www.commcarehq.org/form/ad548a63-256e-46a2-af9d-4a1d10a32cab,tester,True
250,18939fd7-588a-45d1-a2d9-fd9fbc29a412,community_01,Paul,David,male,1976-02-16,73060316089.0,08006922617,https://www.commcarehq.org/photos/farmer_250.jpg,7,mixed_farming,22,owned,1,rain-fed,---,groundnuts maize,1.1,6.5,---,---,---,---,10.4267603 7.5977618 0.0 20.0,yes,6ab2b3d2-d0fe-4d48-adaf-3e4ccfc61541,2026-01-04 00:03:00,2026-01-04,tester,2026-01-04 00:03:14,https://www.commcarehq.org/form/18939fd7-588a-45d1-a2d9-fd9fbc29a412,tester,True
251,e4234e54-8f24-4843-8fb9-98dc178a9c77,community_04,Paul,Abdullahi,female,1979-02-03,32744463946.0,08005307499,https://www.commcarehq.org/photos/farmer_251.jpg,6,crop_farming,19,owned,2,rain-fed,---,rice groundnuts maize,1.4,5.6,3.8,goats,23,---,10.3800369 7.5509634 0.0 20.0,yes,c24aefb7-da4c-4e66-a950-12dd697e34d5,2026-01-11 00:06:00,2026-01-11,tester,2026-01-11 00:06:06,https://www.commcarehq.org/form/e4234e54-8f24-4843-8fb9-98dc178a9c77,tester,True
252,8a93cd4c-581b-47b5-a3cb-8977da3a9eb4,community_05,Peter,Ogunleye,female,2007-02-08,63988313275.0,08082863458,https://www.commcarehq.org/photos/farmer_252.jpg,1,livestock_farming,1,owned,5,other,Community Well,rice,---,---,3.1,goats rabbits,16,11,10.5794135 7.2582055 0.0 20.0,yes,d4eb9f8c-cf79-479c-ba7d-f4e4fb0a1ac1,2026-05-26 00:02:00,2026-05-26,tester,2026-05-26 00:02:17,https://www.commcarehq.org/form/8a93cd4c-581b-47b5-a3cb-8977da3a9eb4,tester,True
253,72babfd8-dcbd-450a-a034-651d3592bc67,community_01,Paul,Samuel,female,1960-06-20,46176167454.0,08021120844,https://www.commcarehq.org/photos/farmer_253.jpg,4,mixed_farming,6,leased,2,borehole,---,groundnuts,1.4,---,---,goats,17,---,10.513543 7.5862359 0.0 20.0,yes,734cd8f1-a014-4091-9d0c-c2fd21b82bb3,2026-06-27 00:06:00,2026-06-27,tester,2026-06-27 00:06:17,https://www.commcarehq.org/form/72babfd8-dcbd-450a-a034-651d3592bc67,tester,True
254,9f57d307-2d15-4883-bedc-bba3aef5c24a,community_06,Mercy,Abdullahi,female,1986-08-30,56098427837.0,08008943762,https://www.commcarehq.org/photos/farmer_254.jpg,2,livestock_farming,21,owned,4,borehole,---,maize,---,4.7,---,---,---,---,10.2864549 7.2839052 0.0 20.0,yes,fdeb850e-1a7b-41e3-b5c3-8d0b1e553a4f,2026-06-23 00:06:00,2026-06-23,tester,2026-06-23 00:06:05,https://www.commcarehq.org/form/9f57d307-2d15-4883-bedc-bba3aef5c24a,tester,True
255,baac0d73-8a64-487d-a2a5-fbb6bbbf215a,community_03,Daniel,Yusuf,male,1994-07-16,74420421366.0,08043849394,https://www.commcarehq.org/photos/farmer_255.jpg,5,mixed_farming,7,owned,3,rain-fed,---,rice groundnuts,3.0,---,3.3,goats rabbits,22,28,10.2414701 7.4999775 0.0 20.0,yes,4ed7ab5f-fadc-4828-a729-743ab552ff73,2026-05-20 00:02:00,2026-05-20,tester,2026-05-20 00:02:19,https://www.commcarehq.org/form/baac0d73-8a64-487d-a2a5-fbb6bbbf215a,tester,True
256,b2256959-62b6-4a96-9b18-92c0687335be,community_04,Paul,Musa,female,1973-03-22,,08051893749,https://www.commcarehq.org/photos/farmer_256.jpg,8,crop_farming,24,family_land,3,river_stream,---,maize rice,---,4.5,0.5,rabbits,---,3,10.2613501 7.3497623 0.0 20.0,yes,ccad39d8-0c10-4a86-af5c-746edc08cd4f,2026-06-03 00:04:00,2026-06-03,tester,2026-06-03 00:04:15,https://www.commcarehq.org/form/b2256959-62b6-4a96-9b18-92c0687335be,tester,True
257,a1e51bb4-b885-46b4-9a8e-a1277dfb5fc6,community_01,Blessing,Usman,male,1959-09-06,17853562047.0,08085169195,https://www.commcarehq.org/photos/farmer_257.jpg,6,crop_farming,8,family_land,2,rain-fed,---,rice groundnuts,2.9,---,1.2,goats rabbits,15,39,10.2612194 7.4472399 0.0 20.0,yes,c0c86130-7869-473f-a42e-ef331363fc8f,2026-01-21 00:06:00,2026-01-21,tester,2026-01-21 00:06:17,https://www.commcarehq.org/form/a1e51bb4-b885-46b4-9a8e-a1277dfb5fc6,tester,True
258,e843d481-2454-4b57-8a2b-516c2734bbf2,community_01,Suleiman,Peter,female,1981-04-08,43921261900.0,08025277762,https://www.commcarehq.org/photos/farmer_258.jpg,4,mixed_farming,4,owned,4,rain-fed,---,groundnuts,0.7,---,---,---,---,---,10.283189 7.2402687 0.0 20.0,yes,0b4ca613-ee77-4647-92f3-b432455dafcd,2026-04-16 00:02:00,2026-04-16,tester,2026-04-16 00:02:20,https://www.commcarehq.org/form/e843d481-2454-4b57-8a2b-516c2734bbf2,tester,True
259,58dc68cd-a11f-4a43-a505-2076c98ebda0,community_07,Fatima,Daniel,female,1990-08-20,,08081015609,https://www.commcarehq.org/photos/farmer_259.jpg,5,mixed_farming,6,owned,2,rain-fed,---,rice,---,---,0.6,rabbits,---,25,10.2459154 7.2867831 0.0 20.0,yes,90936de9-0c98-4c1e-a8cc-65d57b59879d,2026-02-26 00:02:00,2026-02-26,tester,2026-02-26 00:02:09,https://www.commcarehq.org/form/58dc68cd-a11f-4a43-a505-2076c98ebda0,tester,True
260,241bc0d7-cead-4d69-9596-589d5a460034,community_02,Ruth,Daniel,female,1987-08-12,67964026963.0,08053116823,https://www.commcarehq.org/photos/farmer_260.jpg,7,crop_farming,7,leased,2,rain-fed,---,rice maize groundnuts,2.1,4.1,2.0,---,---,---,10.4530794 7.2257065 0.0 20.0,yes,4b5f0be2-d0df-45f7-a29b-14cbc1c7f9b2,2026-01-09 00:06:00,2026-01-09,tester,2026-01-09 00:06:13,https://www.commcarehq.org/form/241bc0d7-cead-4d69-9596-589d5a460034,tester,True
261,fd38af23-da75-4d81-8ed4-8af9b4ac14a1,community_04,Musa,Eze,female,1978-01-14,31967254280.0,08084122313,https://www.commcarehq.org/photos/farmer_261.jpg,11,crop_farming,19,family_land,1,rain-fed,---,groundnuts rice maize,1.9,4.8,3.8,---,---,---,10.4295794 7.458508 0.0 20.0,yes,94bd5aef-49f6-4974-9602-b822c53dffa9,2026-04-22 00:04:00,2026-04-22,tester,2026-04-22 00:04:15,https://www.commcarehq.org/form/fd38af23-da75-4d81-8ed4-8af9b4ac14a1,tester,True
262,60d9c36c-806a-4b3d-aea7-3a18b9634948,community_02,Grace,Abdullahi,male,2003-12-04,33419533723.0,08065200750,https://www.commcarehq.org/photos/farmer_262.jpg,6,crop_farming,5,leased,1,rain-fed,---,groundnuts maize,2.3,2.1,---,---,---,---,10.4225801 7.3252699 0.0 20.0,yes,851c1a75-5268-4742-b2aa-37da8d5107be,2026-04-11 00:04:00,2026-04-11,tester,2026-04-11 00:04:19,https://www.commcarehq.org/form/60d9c36c-806a-4b3d-aea7-3a18b9634948,tester,True
263,aa0da337-6d96-49d8-8c09-3d92381f8d84,community_04,Binta,Philip,male,1987-05-20,27224519780.0,08013641193,https://www.commcarehq.org/photos/farmer_263.jpg,7,livestock_farming,9,leased,5,rain-fed,---,rice maize,---,2.1,1.1,goats rabbits,16,22,10.544758 7.5012139 0.0 20.0,yes,7ea128a2-dac4-47a4-a9d0-de87ef7c6344,2026-04-16 00:07:00,2026-04-16,tester,2026-04-16 00:07:19,https://www.commcarehq.org/form/aa0da337-6d96-49d8-8c09-3d92381f8d84,tester,True
264,590fd8b0-22cd-4089-a44d-a630b8ede81c,community_05,Esther,Yakubu,male,1979-02-20,77563548926.0,08022205867,https://www.commcarehq.org/photos/farmer_264.jpg,12,crop_farming,1,family_land,2,rain-fed,---,maize,---,1.8,---,---,---,---,10.5433835 7.5041952 0.0 20.0,yes,c3854dd4-c974-4c65-a1a8-3bd7379029d9,2026-04-27 00:07:00,2026-04-27,tester,2026-04-27 00:07:09,https://www.commcarehq.org/form/590fd8b0-22cd-4089-a44d-a630b8ede81c,tester,True
265,69e4b69f-988d-4c37-bb1d-41c6761555bb,community_06,Mary,Philip,male,1953-11-30,,08057121386,https://www.commcarehq.org/photos/farmer_265.jpg,4,crop_farming,2,leased,1,rain-fed,---,maize rice groundnuts,0.8,3.8,1.7,goats,14,---,10.4031707 7.2212628 0.0 20.0,yes,eca13f64-376e-4b6f-8b7f-f9ba6620df47,2026-01-26 00:02:00,2026-01-26,tester,2026-01-26 00:02:17,https://www.commcarehq.org/form/69e4b69f-988d-4c37-bb1d-41c6761555bb,tester,True
266,df28e76a-c78d-4c66-a476-cc46dbe29013,community_05,David,Daniel,male,1987-02-20,80839542298.0,08046692002,https://www.commcarehq.org/photos/farmer_266.jpg,3,livestock_farming,13,owned,1,river_stream,---,maize rice groundnuts,0.9,1.7,2.7,---,---,---,10.2012427 7.2740315 0.0 20.0,yes,995556a4-6082-4bc1-97d0-73706bd0c4bf,2026-06-09 00:05:00,2026-06-09,tester,2026-06-09 00:05:14,https://www.commcarehq.org/form/df28e76a-c78d-4c66-a476-cc46dbe29013,tester,True
267,65921b37-e781-44cb-a15c-62571a4c937d,community_06,Yusuf,Garba,male,1984-04-07,29135008396.0,08096409817,https://www.commcarehq.org/photos/farmer_267.jpg,3,mixed_farming,16,leased,4,rain-fed,---,groundnuts rice,2.4,---,3.2,goats,25,---,10.3962647 7.3403124 0.0 20.0,yes,8c677c6c-5d57-42b8-a651-796292860e2b,2026-06-19 00:05:00,2026-06-19,tester,2026-06-19 00:05:13,https://www.commcarehq.org/form/65921b37-e781-44cb-a15c-62571a4c937d,tester,True
268,3f104d77-c870-499c-9809-f933cd2f0b43,community_03,Amina,Haruna,male,1967-08-11,,08095167098,https://www.commcarehq.org/photos/farmer_268.jpg,8,crop_farming,37,family_land,2,borehole,---,maize,---,4.3,---,---,---,---,10.4715206 7.5596886 0.0 20.0,yes,b6b2d6f6-9747-4281-8084-10b2ebcdcd6a,2026-05-15 00:03:00,2026-05-15,tester,2026-05-15 00:03:13,https://www.commcarehq.org/form/3f104d77-c870-499c-9809-f933cd2f0b43,tester,True
269,d348d0ce-f7b1-4861-809e-680afd0b8932,community_07,Daniel,Michael,male,1982-02-04,81208482577.0,08078175731,https://www.commcarehq.org/photos/farmer_269.jpg,3,crop_farming,5,owned,2,borehole,---,maize rice,---,0.9,1.5,---,---,---,10.5301882 7.2493743 0.0 20.0,yes,490bacf0-b91e-4483-9a19-c96e363af877,2026-01-02 00:05:00,2026-01-02,tester,2026-01-02 00:05:16,https://www.commcarehq.org/form/d348d0ce-f7b1-4861-809e-680afd0b8932,tester,True
270,7640d1da-7b1f-4dcf-8878-eaeafbc6ad77,community_05,Amina,Musa,male,1991-10-26,,08071029150,https://www.commcarehq.org/photos/farmer_270.jpg,2,mixed_farming,13,owned,1,irrigation_scheme,---,maize groundnuts rice,2.2,2.4,2.5,rabbits,---,10,10.3665249 7.2798093 0.0 20.0,yes,b9b27aa2-1ab1-43a4-a147-24fbdf72436b,2026-03-18 00:06:00,2026-03-18,tester,2026-03-18 00:06:19,https://www.commcarehq.org/form/7640d1da-7b1f-4dcf-8878-eaeafbc6ad77,tester,True
271,4df7581b-da80-498c-904b-ba1565f08fd1,community_04,Joseph,Abdullahi,female,1993-10-13,80064920161.0,08097444405,https://www.commcarehq.org/photos/farmer_271.jpg,1,crop_farming,4,owned,6,irrigation_scheme,---,groundnuts maize,0.8,4.5,---,---,---,---,10.4072033 7.5356792 0.0 20.0,yes,6cded78f-34b0-4654-b2d7-87336d083d49,2026-03-11 00:08:00,2026-03-11,tester,2026-03-11 00:08:08,https://www.commcarehq.org/form/4df7581b-da80-498c-904b-ba1565f08fd1,tester,True
272,0d0da742-db31-4a51-a40e-787c64c58abd,community_02,Mary,Haruna,male,1981-06-11,17374250039.0,08075591861,https://www.commcarehq.org/photos/farmer_272.jpg,8,crop_farming,16,family_land,4,rain-fed,---,rice,---,---,0.8,goats rabbits,17,34,10.3775263 7.2222613 0.0 20.0,yes,940f5b85-b20b-40d5-bd7d-3e60ffb515c2,2026-04-14 00:05:00,2026-04-14,tester,2026-04-14 00:05:10,https://www.commcarehq.org/form/0d0da742-db31-4a51-a40e-787c64c58abd,tester,True
273,53e53c53-f49e-4166-b012-737f854d3523,community_06,Joy,Tanko,male,1968-08-13,29036814176.0,08061861754,https://www.commcarehq.org/photos/farmer_273.jpg,5,mixed_farming,24,family_land,2,borehole,---,maize rice,---,1.4,1.5,goats rabbits,14,21,10.2136334 7.4601689 0.0 20.0,yes,bb9b0bb7-59f4-46d7-97b7-0885bc9b765d,2026-04-24 00:02:00,2026-04-24,tester,2026-04-24 00:02:16,https://www.commcarehq.org/form/53e53c53-f49e-4166-b012-737f854d3523,tester,True
274,48b8e0ad-b4af-4890-9fd8-4ce7b43b3765,community_07,Samuel,Michael,female,1994-01-07,82417538760.0,08029551165,https://www.commcarehq.org/photos/farmer_274.jpg,6,crop_farming,13,family_land,6,rain-fed,---,rice groundnuts,1.9,---,3.7,---,---,---,10.2517688 7.3296306 0.0 20.0,yes,95dbd701-7cfe-4661-af38-0f62a7b96082,2026-03-31 00:06:00,2026-03-31,tester,2026-03-31 00:06:17,https://www.commcarehq.org/form/48b8e0ad-b4af-4890-9fd8-4ce7b43b3765,tester,True
275,8bdacf12-1ad0-453a-936d-938c7f059a38,community_01,Amina,Tanko,female,1994-10-27,,08047987281,https://www.commcarehq.org/photos/farmer_275.jpg,6,crop_farming,10,owned,1,rain-fed,---,rice groundnuts,2.8,---,1.6,---,---,---,10.5955483 7.4295119 0.0 20.0,yes,baaa227d-1ae8-409e-a7f1-9aa33e689692,2026-03-06 00:05:00,2026-03-06,tester,2026-03-06 00:05:19,https://www.commcarehq.org/form/8bdacf12-1ad0-453a-936d-938c7f059a38,tester,True
276,d10c23cb-deb1-4271-b4f0-b4503d66995b,community_05,Peter,Daniel,female,1988-04-03,96003469046.0,08090010758,https://www.commcarehq.org/photos/farmer_276.jpg,5,livestock_farming,17,owned,1,rain-fed,---,maize groundnuts,2.5,3.1,---,---,---,---,10.427661 7.250877 0.0 20.0,yes,b865fb73-491f-46d7-b0ac-2e31e1bcd073,2026-01-26 00:02:00,2026-01-26,tester,2026-01-26 00:02:20,https://www.commcarehq.org/form/d10c23cb-deb1-4271-b4f0-b4503d66995b,tester,True
277,3648491c-db0b-4bf0-b3c6-ccd882a1ec6e,community_02,Hauwa,Sani,male,1992-03-03,20127125726.0,08081252563,https://www.commcarehq.org/photos/farmer_277.jpg,1,livestock_farming,9,family_land,1,rain-fed,---,groundnuts rice,1.0,---,3.4,goats,23,---,10.2249314 7.397422 0.0 20.0,yes,af395d9e-facf-49f6-8cbd-b650cbfe414d,2026-05-25 00:06:00,2026-05-25,tester,2026-05-25 00:06:06,https://www.commcarehq.org/form/3648491c-db0b-4bf0-b3c6-ccd882a1ec6e,tester,True
278,a4cff4f2-ac25-4e0e-973a-6af408ebc904,community_03,Fatima,Usman,female,1984-10-02,44915784501.0,08071423478,https://www.commcarehq.org/photos/farmer_278.jpg,10,mixed_farming,13,family_land,5,rain-fed,---,rice groundnuts,1.6,---,2.0,goats rabbits,16,25,10.3407156 7.3372503 0.0 20.0,yes,9e08e36f-c274-4026-8550-4b1cb9f6897c,2026-03-02 00:03:00,2026-03-02,tester,2026-03-02 00:03:07,https://www.commcarehq.org/form/a4cff4f2-ac25-4e0e-973a-6af408ebc904,tester,True
279,2dfdebaa-cbf3-414a-8123-ab73476ad851,community_04,Peter,Usman,female,1967-09-29,13443563465.0,08082004236,https://www.commcarehq.org/photos/farmer_279.jpg,4,crop_farming,8,family_land,1,rain-fed,---,rice maize,---,5.9,3.5,goats,11,---,10.5120834 7.3170734 0.0 20.0,yes,7b8af178-f76f-4810-bb73-0cba6aa767a7,2026-05-15 00:04:00,2026-05-15,tester,2026-05-15 00:04:15,https://www.commcarehq.org/form/2dfdebaa-cbf3-414a-8123-ab73476ad851,tester,True
280,b0cef6b5-dfd8-4875-b9fb-0da11c8e8e2f,community_05,Esther,James,male,1951-02-27,31097090725.0,08085351770,https://www.commcarehq.org/photos/farmer_280.jpg,4,crop_farming,8,owned,1,rain-fed,---,groundnuts rice,1.2,---,2.6,---,---,---,10.3538653 7.2177662 0.0 20.0,yes,a1c153c3-a997-4ffb-88b3-fb73d26152ef,2026-02-17 00:07:00,2026-02-17,tester,2026-02-17 00:07:18,https://www.commcarehq.org/form/b0cef6b5-dfd8-4875-b9fb-0da11c8e8e2f,tester,True
281,55ceee50-4361-409b-9283-737d9b9c6043,community_04,Ahmed,Ahmed,male,1975-09-06,,08038272076,https://www.commcarehq.org/photos/farmer_281.jpg,6,mixed_farming,7,owned,3,rain-fed,---,maize rice groundnuts,0.9,2.8,3.1,rabbits,---,2,10.3122801 7.4730395 0.0 20.0,yes,ce669baf-b89f-4fea-8181-f2a332643be3,2026-03-05 00:08:00,2026-03-05,tester,2026-03-05 00:08:14,https://www.commcarehq.org/form/55ceee50-4361-409b-9283-737d9b9c6043,tester,True
282,6e3797dd-5003-40eb-954d-b74d686226e9,community_02,Joseph,Musa,female,1991-08-10,,08061532144,https://www.commcarehq.org/photos/farmer_282.jpg,2,mixed_farming,7,owned,3,rain-fed,---,rice maize groundnuts,1.6,2.0,3.3,goats rabbits,17,13,10.2587607 7.4471797 0.0 20.0,yes,f2f0bad6-6843-4bee-bcd0-3cfe516dfdc3,2026-01-30 00:07:00,2026-01-30,tester,2026-01-30 00:07:06,https://www.commcarehq.org/form/6e3797dd-5003-40eb-954d-b74d686226e9,tester,True
283,de9ff8f3-a445-4bb6-bf09-11a86deab0e1,community_02,Esther,Tanko,male,1988-03-16,11105718202.0,08068376304,https://www.commcarehq.org/photos/farmer_283.jpg,1,crop_farming,14,owned,2,rain-fed,---,rice maize,---,2.5,1.9,---,---,---,10.5894005 7.4487665 0.0 20.0,yes,2684102d-047f-46a0-8a4a-bdab117419ad,2026-01-12 00:04:00,2026-01-12,tester,2026-01-12 00:04:09,https://www.commcarehq.org/form/de9ff8f3-a445-4bb6-bf09-11a86deab0e1,tester,True
284,432c7335-4f7b-4051-a18a-d464b152f686,community_07,Amina,James,female,1967-10-29,,08079356176,https://www.commcarehq.org/photos/farmer_284.jpg,3,mixed_farming,37,family_land,3,borehole,---,groundnuts maize rice,1.3,1.7,2.5,---,---,---,10.5196024 7.5909899 0.0 20.0,yes,9c6aef95-fb83-4268-9dde-9cfe7a6b352d,2026-03-22 00:07:00,2026-03-22,tester,2026-03-22 00:07:08,https://www.commcarehq.org/form/432c7335-4f7b-4051-a18a-d464b152f686,tester,True
285,c37e86dd-dc7e-48f4-bbc9-eb984e523aa1,community_05,Samuel,Balogun,female,1995-01-10,97455399654.0,08042728992,https://www.commcarehq.org/photos/farmer_285.jpg,6,mixed_farming,13,owned,5,rain-fed,---,rice,---,---,2.2,rabbits,---,13,10.5505623 7.2062049 0.0 20.0,yes,b2d89a9d-cd6b-49c0-871c-b48131cc1cbc,2026-03-09 00:08:00,2026-03-09,tester,2026-03-09 00:08:20,https://www.commcarehq.org/form/c37e86dd-dc7e-48f4-bbc9-eb984e523aa1,tester,True
286,5a22bf73-ba32-40c6-ba75-e44c5bb05eda,community_05,Sarah,Tanko,male,1994-06-02,82442697940.0,08099345718,https://www.commcarehq.org/photos/farmer_286.jpg,5,livestock_farming,1,owned,2,irrigation_scheme,---,maize rice groundnuts,2.4,4.7,3.1,---,---,---,10.5280424 7.4037496 0.0 20.0,yes,ed7e0b5d-06bc-4599-bddd-df9d95d6b220,2026-01-02 00:06:00,2026-01-02,tester,2026-01-02 00:06:16,https://www.commcarehq.org/form/5a22bf73-ba32-40c6-ba75-e44c5bb05eda,tester,True
287,cf792f26-f534-45e8-89e0-cecc3f831198,community_05,Samuel,David,male,1996-09-10,26204938773.0,08024055592,https://www.commcarehq.org/photos/farmer_287.jpg,6,crop_farming,12,leased,3,rain-fed,---,rice maize groundnuts,1.4,1.5,1.5,---,---,---,10.2677283 7.575682 0.0 20.0,yes,229359ab-13c2-4754-942f-4b3e123e2452,2026-06-05 00:08:00,2026-06-05,tester,2026-06-05 00:08:08,https://www.commcarehq.org/form/cf792f26-f534-45e8-89e0-cecc3f831198,tester,True
288,f0ec5d5a-dfff-46ff-823b-c212caadc76c,community_07,Ahmed,Mohammed,male,1988-04-15,18171352692.0,08095708029,https://www.commcarehq.org/photos/farmer_288.jpg,7,crop_farming,15,owned,1,irrigation_scheme,---,maize,---,5.8,---,rabbits,---,10,10.5972309 7.4926535 0.0 20.0,yes,f2c49780-c135-4f96-8688-fbda17884312,2026-04-01 00:08:00,2026-04-01,tester,2026-04-01 00:08:07,https://www.commcarehq.org/form/f0ec5d5a-dfff-46ff-823b-c212caadc76c,tester,True
289,cb86ed56-8f97-4f05-ae6b-dc9f8202589a,community_05,Peter,Balogun,male,2003-02-16,81878518578.0,08060680175,https://www.commcarehq.org/photos/farmer_289.jpg,4,livestock_farming,1,leased,4,rain-fed,---,rice,---,---,1.2,---,---,---,10.2748419 7.3986906 0.0 20.0,yes,3b9cf9ca-57bb-4598-9d9b-9a9fc7de0e72,2026-06-12 00:02:00,2026-06-12,tester,2026-06-12 00:02:11,https://www.commcarehq.org/form/cb86ed56-8f97-4f05-ae6b-dc9f8202589a,tester,True
290,956c46f0-61bc-47eb-a1ba-84e9fcafc233,community_01,Fatima,Ibrahim,male,1994-06-20,92734272063.0,08035646132,https://www.commcarehq.org/photos/farmer_290.jpg,5,mixed_farming,10,owned,2,rain-fed,---,maize rice,---,2.5,2.8,goats,16,---,10.4642451 7.3390314 0.0 20.0,yes,614868a8-f662-4c2c-913b-8f0a10eb3213,2026-02-02 00:08:00,2026-02-02,tester,2026-02-02 00:08:20,https://www.commcarehq.org/form/956c46f0-61bc-47eb-a1ba-84e9fcafc233,tester,True
291,fdbb4e07-a459-41c2-ac7d-8d3625257aac,community_06,Deborah,Ibrahim,female,1986-02-13,16051633920.0,08053648420,https://www.commcarehq.org/photos/farmer_291.jpg,6,mixed_farming,10,owned,1,rain-fed,---,rice,---,---,0.9,---,---,---,10.2516861 7.4159069 0.0 20.0,yes,09047758-06f9-4840-a320-4ad5949d854d,2026-01-06 00:08:00,2026-01-06,tester,2026-01-06 00:08:17,https://www.commcarehq.org/form/fdbb4e07-a459-41c2-ac7d-8d3625257aac,tester,True
292,169bc15b-766d-4776-a7af-21fab37f9000,community_01,Yusuf,Johnson,female,1968-06-13,,08053115828,https://www.commcarehq.org/photos/farmer_292.jpg,5,mixed_farming,1,owned,1,rain-fed,---,maize rice groundnuts,0.9,2.3,1.3,---,---,---,10.3089833 7.2494571 0.0 20.0,yes,d238b5cf-8c23-48d4-8763-e862684ad893,2026-06-17 00:05:00,2026-06-17,tester,2026-06-17 00:05:09,https://www.commcarehq.org/form/169bc15b-766d-4776-a7af-21fab37f9000,tester,True
293,3f1c3402-5bde-492c-8f45-eacc024825fe,community_06,Naomi,Mohammed,female,1999-07-13,,08040861771,https://www.commcarehq.org/photos/farmer_293.jpg,7,crop_farming,1,owned,2,rain-fed,---,rice maize groundnuts,1.2,1.1,3.9,---,---,---,10.5630663 7.4132816 0.0 20.0,yes,e9e102da-62b7-4917-a93f-b0df1af3a66a,2026-01-05 00:05:00,2026-01-05,tester,2026-01-05 00:05:17,https://www.commcarehq.org/form/3f1c3402-5bde-492c-8f45-eacc024825fe,tester,True
294,325e33ec-a52b-40cc-bc0f-f3e36b6e729d,community_07,Emmanuel,Sani,female,1987-06-29,71126470839.0,08035638901,https://www.commcarehq.org/photos/farmer_294.jpg,12,mixed_farming,16,owned,3,rain-fed,---,maize rice,---,2.4,1.7,goats,12,---,10.439492 7.5485712 0.0 20.0,yes,30d2a4aa-c02a-4800-ad6d-5cc220a36b2a,2026-02-23 00:08:00,2026-02-23,tester,2026-02-23 00:08:20,https://www.commcarehq.org/form/325e33ec-a52b-40cc-bc0f-f3e36b6e729d,tester,True
295,349abbd7-3ac8-474c-8e33-4e4768c6bd57,community_04,Ibrahim,Ojo,male,1978-10-23,21738443338.0,08094010511,https://www.commcarehq.org/photos/farmer_295.jpg,2,mixed_farming,17,owned,3,rain-fed,---,maize,---,1.2,---,---,---,---,10.5520905 7.3084431 0.0 20.0,yes,f3377da9-3f36-43dc-8b22-0768bbd65b82,2026-04-06 00:06:00,2026-04-06,tester,2026-04-06 00:06:10,https://www.commcarehq.org/form/349abbd7-3ac8-474c-8e33-4e4768c6bd57,tester,True
296,3f4f7ac6-065c-4664-8b8d-6ba48cc8f7e2,community_01,Esther,Adeyemi,male,1980-10-20,72157239307.0,08023799174,https://www.commcarehq.org/photos/farmer_296.jpg,5,crop_farming,1,owned,4,rain-fed,---,groundnuts rice,2.1,---,2.6,goats,22,---,10.2904118 7.4515287 0.0 20.0,yes,d706d822-df8b-4a97-924e-660dae88616e,2026-03-12 00:04:00,2026-03-12,tester,2026-03-12 00:04:18,https://www.commcarehq.org/form/3f4f7ac6-065c-4664-8b8d-6ba48cc8f7e2,tester,True
297,b97c46eb-15a7-4ff9-b3b6-4b4ad6738e9e,community_04,Musa,Samuel,female,1991-09-26,38601765923.0,08001722175,https://www.commcarehq.org/photos/farmer_297.jpg,6,mixed_farming,9,leased,3,borehole,---,groundnuts rice,0.5,---,1.3,goats rabbits,21,12,10.3901856 7.2000987 0.0 20.0,yes,d5c87530-c03b-4f26-b962-ccdd4f524cf4,2026-01-14 00:03:00,2026-01-14,tester,2026-01-14 00:03:19,https://www.commcarehq.org/form/b97c46eb-15a7-4ff9-b3b6-4b4ad6738e9e,tester,True
298,8dd9e4ee-e487-432c-bcc5-a598b4078a5a,community_03,Ruth,Johnson,male,1972-10-01,64863567025.0,08073830621,https://www.commcarehq.org/photos/farmer_298.jpg,8,mixed_farming,36,owned,3,borehole,---,maize rice groundnuts,0.6,2.7,2.1,---,---,---,10.285512 7.4239176 0.0 20.0,yes,b24063bd-f4c7-46b4-ba8e-af6b105907e1,2026-02-18 00:05:00,2026-02-18,tester,2026-02-18 00:05:16,https://www.commcarehq.org/form/8dd9e4ee-e487-432c-bcc5-a598b4078a5a,tester,True
299,a5465f75-8738-46bf-993c-fb373715dfc0,community_01,Suleiman,Yusuf,male,1993-07-07,24295590542.0,08099502663,https://www.commcarehq.org/photos/farmer_299.jpg,8,crop_farming,10,family_land,3,other,Spring Water,maize groundnuts,1.7,5.7,---,---,---,---,10.2152774 7.2115348 0.0 20.0,yes,6d6d6f2c-4f02-4fd8-88bd-acaede614e67,2026-02-09 00:07:00,2026-02-09,tester,2026-02-09 00:07:10,https://www.commcarehq.org/form/a5465f75-8738-46bf-993c-fb373715dfc0,tester,True
300,71746059-c90a-417e-a126-be4e05bfc995,community_06,Sarah,Bello,male,1975-11-29,53217358824.0,08005916088,https://www.commcarehq.org/photos/farmer_300.jpg,5,livestock_farming,24,owned,3,river_stream,---,groundnuts rice maize,2.6,3.5,3.1,goats rabbits,16,40,10.2794734 7.4021863 0.0 20.0,yes,4d5e6e59-6507-421b-9a90-d75a49832a15,2026-01-01 00:04:00,2026-01-01,tester,2026-01-01 00:04:13,https://www.commcarehq.org/form/71746059-c90a-417e-a126-be4e05bfc995,tester,True
301,cb2397b6-8305-4084-a0aa-5ba56e4f116d,community_04,Mary,Johnson,male,1974-09-28,,08009103601,https://www.commcarehq.org/photos/farmer_301.jpg,3,crop_farming,16,owned,3,irrigation_scheme,---,rice,---,---,3.1,goats,3,---,10.3148306 7.3115854 0.0 20.0,yes,36e01a62-8991-4d86-87a8-16be35fca709,2026-04-16 00:03:00,2026-04-16,tester,2026-04-16 00:03:11,https://www.commcarehq.org/form/cb2397b6-8305-4084-a0aa-5ba56e4f116d,tester,True
302,34465dff-9530-46c4-95b3-082386e41b25,community_02,John,Isa,female,1989-02-25,88834782293.0,08037586195,https://www.commcarehq.org/photos/farmer_302.jpg,4,mixed_farming,12,family_land,3,rain-fed,---,rice maize groundnuts,1.8,1.8,1.3,goats,5,---,10.4524455 7.3900839 0.0 20.0,yes,6c4e54ba-ad5f-4a08-8507-c1e4b60bf70b,2026-03-24 00:04:00,2026-03-24,tester,2026-03-24 00:04:17,https://www.commcarehq.org/form/34465dff-9530-46c4-95b3-082386e41b25,tester,True
303,9e7a6598-dfcf-47e0-b5cc-3ca88b3d6dde,community_05,Naomi,Musa,male,2003-07-03,54991912411.0,08039131574,https://www.commcarehq.org/photos/farmer_303.jpg,7,crop_farming,4,owned,1,rain-fed,---,maize rice,---,2.3,3.9,---,---,---,10.5603462 7.4027843 0.0 20.0,yes,0f0b2fc6-5377-42d0-a117-1629d3256146,2026-03-10 00:06:00,2026-03-10,tester,2026-03-10 00:06:17,https://www.commcarehq.org/form/9e7a6598-dfcf-47e0-b5cc-3ca88b3d6dde,tester,True
304,391017f7-d8bb-4d2b-82bc-73f14b502da8,community_04,Rebecca,Yakubu,male,1986-07-19,,08019713993,https://www.commcarehq.org/photos/farmer_304.jpg,4,crop_farming,1,family_land,1,rain-fed,---,groundnuts,1.1,---,---,goats,4,---,10.2616552 7.4221393 0.0 20.0,yes,99e56463-bfe9-4558-89de-51e3917bb9f4,2026-01-02 00:05:00,2026-01-02,tester,2026-01-02 00:05:10,https://www.commcarehq.org/form/391017f7-d8bb-4d2b-82bc-73f14b502da8,tester,True
305,432c8a7e-2fd4-4657-a628-60ba71114d46,community_03,Ruth,Sani,female,1978-08-05,26823171034.0,08033933268,https://www.commcarehq.org/photos/farmer_305.jpg,12,mixed_farming,19,owned,4,rain-fed,---,rice groundnuts,2.0,---,3.1,---,---,---,10.255232 7.2751882 0.0 20.0,yes,c42b61a0-447c-43c5-8a35-153ed3639908,2026-04-22 00:02:00,2026-04-22,tester,2026-04-22 00:02:15,https://www.commcarehq.org/form/432c8a7e-2fd4-4657-a628-60ba71114d46,tester,True
306,c76b90b3-486c-4281-8af0-9d94314fd1eb,community_03,Rebecca,Usman,male,1989-06-23,69936341946.0,08013518376,https://www.commcarehq.org/photos/farmer_306.jpg,11,crop_farming,17,owned,6,dam_reservoir,---,maize groundnuts,1.3,2.1,---,---,---,---,10.5209674 7.380108 0.0 20.0,yes,5946400d-f828-48cf-a591-73d7fe3a3d40,2026-05-02 00:07:00,2026-05-02,tester,2026-05-02 00:07:15,https://www.commcarehq.org/form/c76b90b3-486c-4281-8af0-9d94314fd1eb,tester,True
307,fb018707-07e1-4e92-93a3-9ee36e30aa7d,community_06,Daniel,James,female,1953-08-08,52979551883.0,08097256844,https://www.commcarehq.org/photos/farmer_307.jpg,2,crop_farming,39,family_land,2,borehole,---,rice,---,---,1.4,goats rabbits,15,22,10.3190733 7.214246 0.0 20.0,yes,54e90dc8-8af0-425e-9e1f-bb010a2c85e6,2026-01-10 00:06:00,2026-01-10,tester,2026-01-10 00:06:17,https://www.commcarehq.org/form/fb018707-07e1-4e92-93a3-9ee36e30aa7d,tester,True
308,bbb726ab-c1c4-4129-8511-1690c6ee7030,community_02,Fatima,Sani,male,1968-12-07,,08034699985,https://www.commcarehq.org/photos/farmer_308.jpg,9,crop_farming,6,owned,3,rain-fed,---,groundnuts,2.9,---,---,goats,22,---,10.2317133 7.5649387 0.0 20.0,yes,6c7412fd-dd6c-4fe3-b9ff-6452ba43f309,2026-02-19 00:06:00,2026-02-19,tester,2026-02-19 00:06:13,https://www.commcarehq.org/form/bbb726ab-c1c4-4129-8511-1690c6ee7030,tester,True
309,ca83ac1a-e617-4ac4-a5fc-1672af103d1a,community_07,Hauwa,Yakubu,male,1976-01-04,69852423409.0,08026150312,https://www.commcarehq.org/photos/farmer_309.jpg,12,mixed_farming,18,owned,3,rain-fed,---,groundnuts,1.1,---,---,---,---,---,10.4445545 7.4912656 0.0 20.0,yes,b3e4cc9f-ed67-40d5-9999-22c98f055dd7,2026-04-28 00:06:00,2026-04-28,tester,2026-04-28 00:06:18,https://www.commcarehq.org/form/ca83ac1a-e617-4ac4-a5fc-1672af103d1a,tester,True
310,f0fa58f3-6807-4849-b571-a72aab2102fa,community_05,Ibrahim,Sani,male,1966-01-22,29088479934.0,08047266208,https://www.commcarehq.org/photos/farmer_310.jpg,3,crop_farming,14,family_land,3,rain-fed,---,maize rice,---,0.7,2.7,goats,13,---,10.3661572 7.5059761 0.0 20.0,yes,e2da75f1-72fc-41b7-bae4-74d43b0a9116,2026-03-14 00:06:00,2026-03-14,tester,2026-03-14 00:06:20,https://www.commcarehq.org/form/f0fa58f3-6807-4849-b571-a72aab2102fa,tester,True
311,49ae31af-412f-4d24-9e88-bc8b4559cee9,community_07,Joseph,Philip,male,1995-05-21,87784575441.0,08028799532,https://www.commcarehq.org/photos/farmer_311.jpg,7,mixed_farming,11,leased,3,rain-fed,---,rice maize groundnuts,2.6,3.5,2.1,---,---,---,10.5695642 7.2710507 0.0 20.0,yes,caf8c2a1-fea4-43cc-aeaa-0a9a4afc9a57,2026-05-17 00:08:00,2026-05-17,tester,2026-05-17 00:08:15,https://www.commcarehq.org/form/49ae31af-412f-4d24-9e88-bc8b4559cee9,tester,True
312,b70ec0ba-b15c-4063-9d68-42be146ba827,community_06,Binta,Isa,female,1998-08-08,67631029021.0,08010265054,https://www.commcarehq.org/photos/farmer_312.jpg,3,mixed_farming,8,family_land,6,irrigation_scheme,---,maize groundnuts rice,1.6,4.8,1.3,---,---,---,10.2799141 7.25306 0.0 20.0,yes,360da45c-2cd9-4f30-9718-5a1fc47d8991,2026-01-08 00:03:00,2026-01-08,tester,2026-01-08 00:03:19,https://www.commcarehq.org/form/b70ec0ba-b15c-4063-9d68-42be146ba827,tester,True
313,eac11b56-98e2-469b-b19b-f4ef73575827,community_03,Ahmed,Eze,male,1993-11-15,40748815843.0,08049006898,https://www.commcarehq.org/photos/farmer_313.jpg,3,livestock_farming,9,owned,3,rain-fed,---,maize,---,3.4,---,---,---,---,10.3593587 7.5289263 0.0 20.0,yes,6611ae3d-a7c9-49b8-bd8c-bcf4b9d41f7c,2026-04-04 00:05:00,2026-04-04,tester,2026-04-04 00:05:19,https://www.commcarehq.org/form/eac11b56-98e2-469b-b19b-f4ef73575827,tester,True
314,a9e34933-fc74-4d7d-a8e9-033befd92ea3,community_03,Mary,James,male,1987-05-15,,08036124236,https://www.commcarehq.org/photos/farmer_314.jpg,6,crop_farming,9,owned,3,borehole,---,maize rice groundnuts,2.4,1.4,1.5,goats,13,---,10.4855213 7.3226651 0.0 20.0,yes,effc8719-c1ba-4f97-bd07-d45ac31aa1c9,2026-05-26 00:07:00,2026-05-26,tester,2026-05-26 00:07:14,https://www.commcarehq.org/form/a9e34933-fc74-4d7d-a8e9-033befd92ea3,tester,True
315,b6454d73-9f54-41fe-89a5-3cde852a72ca,community_03,Samuel,Adeyemi,male,1974-04-30,65229618497.0,08022851035,https://www.commcarehq.org/photos/farmer_315.jpg,7,crop_farming,23,family_land,3,rain-fed,---,maize rice,---,4.4,3.5,---,---,---,10.3519489 7.4674979 0.0 20.0,yes,81358c06-2a9f-4b2e-85f1-2e82ddb9d088,2026-02-27 00:04:00,2026-02-27,tester,2026-02-27 00:04:11,https://www.commcarehq.org/form/b6454d73-9f54-41fe-89a5-3cde852a72ca,tester,True
316,8b6ddb30-c271-476b-8570-2692765fad12,community_02,James,Eze,female,1973-01-13,82102559810.0,08087306952,https://www.commcarehq.org/photos/farmer_316.jpg,7,crop_farming,4,owned,3,rain-fed,---,groundnuts rice maize,2.2,3.2,0.6,---,---,---,10.2365437 7.2760057 0.0 20.0,yes,67e2ec99-1cf1-4e65-9715-753bd60baa9b,2026-01-17 00:03:00,2026-01-17,tester,2026-01-17 00:03:14,https://www.commcarehq.org/form/8b6ddb30-c271-476b-8570-2692765fad12,tester,True
317,a63bcfd1-69d9-4f7b-af1d-bf87e077cab8,community_01,Peter,Garba,female,1979-05-24,17651108815.0,08036110152,https://www.commcarehq.org/photos/farmer_317.jpg,12,livestock_farming,4,family_land,2,rain-fed,---,rice maize groundnuts,1.1,2.9,1.4,---,---,---,10.3933119 7.3135023 0.0 20.0,yes,694c0114-cda0-4dea-aeb0-58d0c3aed8a8,2026-03-09 00:08:00,2026-03-09,tester,2026-03-09 00:08:12,https://www.commcarehq.org/form/a63bcfd1-69d9-4f7b-af1d-bf87e077cab8,tester,True
318,7af4a3dc-6794-4726-ae0b-dc55a51d6d1e,community_03,Ahmed,Sani,male,1985-04-09,82904296987.0,08041043946,https://www.commcarehq.org/photos/farmer_318.jpg,7,crop_farming,8,owned,3,borehole,---,groundnuts maize,2.8,1.8,---,---,---,---,10.2767616 7.358496 0.0 20.0,yes,42afc601-0787-47f5-a931-cb0a43f5c881,2026-02-10 00:06:00,2026-02-10,tester,2026-02-10 00:06:10,https://www.commcarehq.org/form/7af4a3dc-6794-4726-ae0b-dc55a51d6d1e,tester,True
319,0db17ae2-bece-4676-b360-c815284fcb0c,community_02,Esther,Ibrahim,female,1972-03-19,,08048313374,https://www.commcarehq.org/photos/farmer_319.jpg,6,crop_farming,26,owned,2,river_stream,---,maize groundnuts,2.5,1.7,---,---,---,---,10.5330207 7.2094716 0.0 20.0,yes,62548b77-68b1-4e48-84df-965edbebc2c7,2026-04-08 00:04:00,2026-04-08,tester,2026-04-08 00:04:11,https://www.commcarehq.org/form/0db17ae2-bece-4676-b360-c815284fcb0c,tester,True
320,c90a851a-c7cf-4eb4-9e68-1eec998f74b0,community_06,Hauwa,Yakubu,male,1995-03-07,77529122887.0,08095997397,https://www.commcarehq.org/photos/farmer_320.jpg,4,crop_farming,2,owned,2,rain-fed,---,groundnuts maize,0.8,5.0,---,goats,25,---,10.260709 7.2601678 0.0 20.0,yes,49e53fe9-e33b-407f-9b4c-c34d3b6b99c7,2026-02-21 00:06:00,2026-02-21,tester,2026-02-21 00:06:07,https://www.commcarehq.org/form/c90a851a-c7cf-4eb4-9e68-1eec998f74b0,tester,True
321,5714aa76-31ea-4e23-a58b-7de82dbf5b8a,community_03,Ibrahim,Okafor,male,1977-10-15,,08061786793,https://www.commcarehq.org/photos/farmer_321.jpg,6,crop_farming,8,owned,6,rain-fed,---,rice groundnuts maize,0.8,3.0,1.9,rabbits,---,35,10.2241145 7.5958572 0.0 20.0,yes,870a8fa1-ed47-4164-9242-09044d202195,2026-05-25 00:05:00,2026-05-25,tester,2026-05-25 00:05:06,https://www.commcarehq.org/form/5714aa76-31ea-4e23-a58b-7de82dbf5b8a,tester,True
322,896cf891-5231-4516-9e63-83a757f7224f,community_07,Deborah,Abdullahi,male,1981-09-21,87633907147.0,08005115854,https://www.commcarehq.org/photos/farmer_322.jpg,8,mixed_farming,14,family_land,2,irrigation_scheme,---,groundnuts maize rice,1.0,4.0,2.1,---,---,---,10.5794015 7.5557588 0.0 20.0,yes,2ba6dba7-ab91-428b-b3ac-c1a9f08f20ed,2026-03-17 00:02:00,2026-03-17,tester,2026-03-17 00:02:17,https://www.commcarehq.org/form/896cf891-5231-4516-9e63-83a757f7224f,tester,True
323,e616d727-5c4b-4fce-ad50-4efb344011e3,community_01,Peter,Johnson,male,1992-09-13,,08034675388,https://www.commcarehq.org/photos/farmer_323.jpg,4,crop_farming,4,owned,3,rain-fed,---,rice,---,---,1.7,goats,12,---,10.4632668 7.2806806 0.0 20.0,yes,1f56b95b-e9e1-4c9b-8bf2-2c8a894f3e12,2026-03-11 00:03:00,2026-03-11,tester,2026-03-11 00:03:11,https://www.commcarehq.org/form/e616d727-5c4b-4fce-ad50-4efb344011e3,tester,True
324,2e138770-4738-471b-9829-028b87980690,community_06,Amina,Peter,female,1963-01-06,62435470498.0,08004175195,https://www.commcarehq.org/photos/farmer_324.jpg,7,mixed_farming,8,leased,3,borehole,---,maize groundnuts,1.0,1.0,---,---,---,---,10.4034941 7.5779587 0.0 20.0,no,6917340e-6f57-488e-83b5-3c9f09710a1d,2026-04-08 00:08:00,2026-04-08,tester,2026-04-08 00:08:18,https://www.commcarehq.org/form/2e138770-4738-471b-9829-028b87980690,tester,True
325,3dd132ba-3f3b-4427-9307-48d89519bd04,community_03,Deborah,James,male,1963-12-07,,08062768809,https://www.commcarehq.org/photos/farmer_325.jpg,8,crop_farming,16,owned,4,rain-fed,---,groundnuts rice,2.0,---,1.2,---,---,---,10.447022 7.5293003 0.0 20.0,yes,9c579afe-4975-4fd4-b19c-b3312197e20f,2026-02-14 00:06:00,2026-02-14,tester,2026-02-14 00:06:09,https://www.commcarehq.org/form/3dd132ba-3f3b-4427-9307-48d89519bd04,tester,True
326,74ef7689-037e-4e29-acc0-880ddd16e27e,community_05,Paul,Adeyemi,male,1975-04-22,49531209279.0,08043860004,https://www.commcarehq.org/photos/farmer_326.jpg,8,crop_farming,25,family_land,3,rain-fed,---,maize,---,5.9,---,goats rabbits,4,32,10.3857733 7.3660307 0.0 20.0,yes,0159b375-0e22-48b1-9362-487d22832b32,2026-04-23 00:03:00,2026-04-23,tester,2026-04-23 00:03:05,https://www.commcarehq.org/form/74ef7689-037e-4e29-acc0-880ddd16e27e,tester,True
327,e35d2d09-a3de-4d58-afac-c4deb04cc623,community_02,Ruth,Michael,female,1997-10-05,25961452647.0,08047812192,https://www.commcarehq.org/photos/farmer_327.jpg,3,crop_farming,10,owned,1,borehole,---,maize rice,---,4.5,2.3,---,---,---,10.5039574 7.2526828 0.0 20.0,yes,06ec69f9-b7a0-4f78-9e10-74a6927163fd,2026-06-19 00:03:00,2026-06-19,tester,2026-06-19 00:03:06,https://www.commcarehq.org/form/e35d2d09-a3de-4d58-afac-c4deb04cc623,tester,True
328,be76953e-8148-4c86-8b81-474228341bf6,community_05,Paul,David,female,1974-07-07,43478291751.0,08013543685,https://www.commcarehq.org/photos/farmer_328.jpg,6,crop_farming,29,owned,2,rain-fed,---,maize groundnuts,1.1,5.3,---,---,---,---,10.4652992 7.4672051 0.0 20.0,yes,42f69369-83c3-46e1-9a57-3414717ed350,2026-05-13 00:04:00,2026-05-13,tester,2026-05-13 00:04:07,https://www.commcarehq.org/form/be76953e-8148-4c86-8b81-474228341bf6,tester,True
329,f0143276-8d5e-4cbe-9b41-b3c65dd51e93,community_06,David,Ojo,male,1985-03-17,,08081713459,https://www.commcarehq.org/photos/farmer_329.jpg,7,livestock_farming,17,owned,3,rain-fed,---,rice maize groundnuts,1.9,3.7,0.7,---,---,---,10.4774779 7.5988699 0.0 20.0,yes,01ba2a7f-c7c4-46e6-b76f-364706245cc1,2026-02-10 00:02:00,2026-02-10,tester,2026-02-10 00:02:10,https://www.commcarehq.org/form/f0143276-8d5e-4cbe-9b41-b3c65dd51e93,tester,True
330,f5515209-6901-4355-a16d-9687ace61767,community_05,Deborah,Eze,male,1961-10-14,,08068299299,https://www.commcarehq.org/photos/farmer_330.jpg,6,livestock_farming,1,owned,3,rain-fed,---,rice groundnuts maize,2.4,1.3,2.2,goats,9,---,10.2637772 7.3676037 0.0 20.0,yes,17e57d33-e511-4df5-94ce-1370385d5e61,2026-03-05 00:08:00,2026-03-05,tester,2026-03-05 00:08:16,https://www.commcarehq.org/form/f5515209-6901-4355-a16d-9687ace61767,tester,True
331,1576995d-8bb1-47b0-ba7e-e1429d4b282b,community_01,James,Peter,female,1996-09-12,,08014670131,https://www.commcarehq.org/photos/farmer_331.jpg,8,crop_farming,2,owned,3,rain-fed,---,maize rice groundnuts,1.5,5.8,0.9,---,---,---,10.5504969 7.4765748 0.0 20.0,yes,896c7d4f-b873-48a6-94fe-234081886380,2026-03-16 00:03:00,2026-03-16,tester,2026-03-16 00:03:08,https://www.commcarehq.org/form/1576995d-8bb1-47b0-ba7e-e1429d4b282b,tester,True
332,cf8ba452-f400-447a-a41d-048ad63eda10,community_01,Suleiman,Eze,female,1972-08-08,67692050763.0,08001787963,https://www.commcarehq.org/photos/farmer_332.jpg,8,crop_farming,7,family_land,2,rain-fed,---,maize rice groundnuts,3.0,5.5,2.2,---,---,---,10.4426511 7.5481574 0.0 20.0,yes,df85dfbb-6a2c-4088-a89a-80adb2f57f3e,2026-01-11 00:06:00,2026-01-11,tester,2026-01-11 00:06:08,https://www.commcarehq.org/form/cf8ba452-f400-447a-a41d-048ad63eda10,tester,True
333,100925c9-bbb9-4796-9590-4186f29a6e77,community_04,Paul,Ojo,female,1985-03-11,95486125412.0,08043737855,https://www.commcarehq.org/photos/farmer_333.jpg,6,mixed_farming,22,leased,1,rain-fed,---,groundnuts maize,2.8,5.3,---,---,---,---,10.3014057 7.5273474 0.0 20.0,yes,4fc36248-4f02-403a-b3c4-134dd1f20d55,2026-03-05 00:04:00,2026-03-05,tester,2026-03-05 00:04:19,https://www.commcarehq.org/form/100925c9-bbb9-4796-9590-4186f29a6e77,tester,True
334,86e34a5b-424d-404b-bafc-a9260f5509fc,community_06,Ibrahim,Ali,female,1984-03-26,86723074873.0,08067771403,https://www.commcarehq.org/photos/farmer_334.jpg,7,crop_farming,10,owned,5,rain-fed,---,rice groundnuts,2.4,---,1.2,---,---,---,10.3348005 7.3751076 0.0 20.0,yes,a0758f91-2029-484e-b7ed-bb6436e9fac9,2026-02-10 00:03:00,2026-02-10,tester,2026-02-10 00:03:15,https://www.commcarehq.org/form/86e34a5b-424d-404b-bafc-a9260f5509fc,tester,True
335,c12220d8-3ed2-4ded-b030-f085d31def9b,community_01,John,Okafor,male,1978-02-12,,08053610584,https://www.commcarehq.org/photos/farmer_335.jpg,2,crop_farming,30,owned,3,irrigation_scheme,---,rice groundnuts,1.3,---,1.3,---,---,---,10.2620047 7.5970709 0.0 20.0,yes,dfe52dda-d32c-4bc6-9681-89ae8bf3f8bc,2026-02-27 00:08:00,2026-02-27,tester,2026-02-27 00:08:12,https://www.commcarehq.org/form/c12220d8-3ed2-4ded-b030-f085d31def9b,tester,True
336,1285cfb0-81f6-4c44-9d85-37574f47af72,community_02,Peter,Ali,female,1996-02-08,77053976518.0,08084554856,https://www.commcarehq.org/photos/farmer_336.jpg,6,livestock_farming,5,owned,2,dam_reservoir,---,rice maize,---,1.0,2.9,goats,24,---,10.4153102 7.2515059 0.0 20.0,yes,5238398a-cf09-4102-9797-9009aa02aede,2026-05-10 00:07:00,2026-05-10,tester,2026-05-10 00:07:20,https://www.commcarehq.org/form/1285cfb0-81f6-4c44-9d85-37574f47af72,tester,True
337,323ba83f-c41d-4021-a8cd-b1023592500f,community_04,Mary,Abdullahi,female,1990-07-16,44295644929.0,08045064491,https://www.commcarehq.org/photos/farmer_337.jpg,7,livestock_farming,16,leased,5,rain-fed,---,maize rice groundnuts,2.3,3.4,3.0,---,---,---,10.2860817 7.3808447 0.0 20.0,yes,5ddcf556-ee84-46a4-9020-7e591135237b,2026-06-22 00:04:00,2026-06-22,tester,2026-06-22 00:04:15,https://www.commcarehq.org/form/323ba83f-c41d-4021-a8cd-b1023592500f,tester,True
338,cb9479cb-6882-4bfc-a15b-3059593886b9,community_02,Paul,Michael,male,1987-07-28,13705414652.0,08090757004,https://www.commcarehq.org/photos/farmer_338.jpg,4,mixed_farming,6,family_land,1,rain-fed,---,maize,---,1.0,---,---,---,---,10.579612 7.3549805 0.0 20.0,yes,bd4d1f69-ba48-450c-a5e7-0cf0e9f4cc9f,2026-06-28 00:05:00,2026-06-28,tester,2026-06-28 00:05:09,https://www.commcarehq.org/form/cb9479cb-6882-4bfc-a15b-3059593886b9,tester,True
339,ef435c91-ce51-4c8a-9815-d36a073e562e,community_06,Rebecca,James,male,2002-02-28,45152444945.0,08042963750,https://www.commcarehq.org/photos/farmer_339.jpg,1,crop_farming,1,leased,5,rain-fed,---,rice,---,---,2.5,---,---,---,10.2753928 7.448349 0.0 20.0,yes,1bf1d4e6-4a9b-4d2b-82c2-131c26dfba2a,2026-02-25 00:04:00,2026-02-25,tester,2026-02-25 00:04:08,https://www.commcarehq.org/form/ef435c91-ce51-4c8a-9815-d36a073e562e,tester,True
340,c5b717fe-cde4-42ff-8be9-807b5d8b960e,community_06,Elizabeth,Peter,female,1978-07-17,,08075846987,https://www.commcarehq.org/photos/farmer_340.jpg,3,crop_farming,12,family_land,3,irrigation_scheme,---,groundnuts rice,3.0,---,3.7,---,---,---,10.4191922 7.3555383 0.0 20.0,yes,133aeca5-60dc-447a-afa0-3d2edb9542ce,2026-01-30 00:07:00,2026-01-30,tester,2026-01-30 00:07:07,https://www.commcarehq.org/form/c5b717fe-cde4-42ff-8be9-807b5d8b960e,tester,True
341,0a90f416-3260-4d5a-a18a-215f52cb59b9,community_02,Daniel,Peter,male,1972-12-20,25423799715.0,08080695757,https://www.commcarehq.org/photos/farmer_341.jpg,8,crop_farming,13,owned,3,rain-fed,---,maize,---,0.6,---,goats,19,---,10.3555235 7.3990458 0.0 20.0,yes,f4c53ab4-a036-4f89-a5ec-879c99b749f0,2026-03-15 00:08:00,2026-03-15,tester,2026-03-15 00:08:06,https://www.commcarehq.org/form/0a90f416-3260-4d5a-a18a-215f52cb59b9,tester,True
342,f1401d7f-aff2-4c89-9138-1faf37a5a032,community_04,Grace,Daniel,female,1986-09-22,55702456798.0,08075031908,https://www.commcarehq.org/photos/farmer_342.jpg,6,crop_farming,12,family_land,1,rain-fed,---,groundnuts,2.3,---,---,goats,8,---,10.4284581 7.4452068 0.0 20.0,yes,4fc7f3f8-e14a-425f-94ee-e48fd123d84b,2026-04-08 00:03:00,2026-04-08,tester,2026-04-08 00:03:08,https://www.commcarehq.org/form/f1401d7f-aff2-4c89-9138-1faf37a5a032,tester,True
343,d9b4e545-949e-41a9-aa79-43eb76ea2a11,community_07,Amina,Michael,male,1971-04-16,,08083801268,https://www.commcarehq.org/photos/farmer_343.jpg,6,livestock_farming,20,owned,3,rain-fed,---,groundnuts maize rice,1.4,5.6,1.2,---,---,---,10.2041719 7.4770093 0.0 20.0,yes,d28f8d4b-4c02-4a78-a637-7a1b689d0e54,2026-04-25 00:03:00,2026-04-25,tester,2026-04-25 00:03:12,https://www.commcarehq.org/form/d9b4e545-949e-41a9-aa79-43eb76ea2a11,tester,True
344,982af6d9-000c-4a46-8a1d-ab528671ac30,community_01,Mary,James,male,1975-04-12,47538413359.0,08097622827,https://www.commcarehq.org/photos/farmer_344.jpg,6,livestock_farming,32,owned,3,rain-fed,---,groundnuts,1.1,---,---,rabbits,---,6,10.2967007 7.4461283 0.0 20.0,yes,c2cd8cba-0ff3-4337-928a-d284b0d39eaf,2026-02-06 00:05:00,2026-02-06,tester,2026-02-06 00:05:06,https://www.commcarehq.org/form/982af6d9-000c-4a46-8a1d-ab528671ac30,tester,True
345,9f5aa001-aca8-4079-bada-c9b527713371,community_05,Esther,Lawal,female,1971-06-23,31254029708.0,08039932631,https://www.commcarehq.org/photos/farmer_345.jpg,5,mixed_farming,22,family_land,5,rain-fed,---,rice,---,---,2.3,rabbits,---,22,10.2226853 7.4739051 0.0 20.0,yes,adcdeb88-891d-4eb0-adf4-bed97ebfafcc,2026-05-17 00:02:00,2026-05-17,tester,2026-05-17 00:02:10,https://www.commcarehq.org/form/9f5aa001-aca8-4079-bada-c9b527713371,tester,True
346,b17f2a59-bc0b-49e1-9363-c371c2723859,community_05,Ibrahim,Samuel,male,1959-07-15,16711795478.0,08087126506,https://www.commcarehq.org/photos/farmer_346.jpg,6,crop_farming,40,owned,3,rain-fed,---,maize rice,---,3.4,3.6,---,---,---,10.2895359 7.3147454 0.0 20.0,yes,c1fa0152-7a85-46f7-a2ab-0699364d30b7,2026-04-10 00:04:00,2026-04-10,tester,2026-04-10 00:04:10,https://www.commcarehq.org/form/b17f2a59-bc0b-49e1-9363-c371c2723859,tester,True
347,f52443bf-a896-46a7-ba35-19e307a375cf,community_03,Amina,Usman,female,2000-12-09,,08052483944,https://www.commcarehq.org/photos/farmer_347.jpg,8,crop_farming,6,owned,6,rain-fed,---,rice,---,---,1.2,goats,25,---,10.4475505 7.5601417 0.0 20.0,yes,90a96da5-f9a6-4158-afe6-80ca226d088a,2026-04-15 00:04:00,2026-04-15,tester,2026-04-15 00:04:14,https://www.commcarehq.org/form/f52443bf-a896-46a7-ba35-19e307a375cf,tester,True
348,f8bff248-441e-45cb-a408-f028247befdf,community_02,Sarah,Ibrahim,male,1981-08-27,36626262113.0,08038694902,https://www.commcarehq.org/photos/farmer_348.jpg,7,mixed_farming,19,family_land,3,borehole,---,groundnuts,1.5,---,---,---,---,---,10.252222 7.572501 0.0 20.0,yes,f6a34c4a-1670-4aa6-ae70-486e34e65c05,2026-06-06 00:06:00,2026-06-06,tester,2026-06-06 00:06:06,https://www.commcarehq.org/form/f8bff248-441e-45cb-a408-f028247befdf,tester,True
349,5b05595e-72be-4f52-bac0-9f8de0ab74b8,community_05,Paul,Bello,male,2008-01-18,,08039212839,https://www.commcarehq.org/photos/farmer_349.jpg,7,crop_farming,1,owned,1,rain-fed,---,groundnuts,1.5,---,---,---,---,---,10.2633122 7.4209285 0.0 20.0,yes,095bf292-bdb4-4e25-9629-a80fd617abec,2026-03-13 00:07:00,2026-03-13,tester,2026-03-13 00:07:12,https://www.commcarehq.org/form/5b05595e-72be-4f52-bac0-9f8de0ab74b8,tester,True
350,0cc25fb4-31f0-4286-b4a6-caba3892a277,community_07,Ahmed,Peter,female,2008-04-27,,08044759345,https://www.commcarehq.org/photos/farmer_350.jpg,6,livestock_farming,1,leased,1,rain-fed,---,rice,---,---,1.6,goats rabbits,6,14,10.58463 7.3282794 0.0 20.0,yes,8875668f-bb2a-4964-afb3-bdba30d6f62b,2026-01-22 00:04:00,2026-01-22,tester,2026-01-22 00:04:20,https://www.commcarehq.org/form/0cc25fb4-31f0-4286-b4a6-caba3892a277,tester,True
351,41a26020-ec81-45c2-8223-77bed9b6ef18,community_01,Naomi,Okafor,male,2004-03-30,82937290927.0,08090316729,https://www.commcarehq.org/photos/farmer_351.jpg,2,crop_farming,1,owned,6,rain-fed,---,groundnuts maize,1.5,0.7,---,---,---,---,10.334254 7.5212584 0.0 20.0,yes,fc3e2cc0-e842-43c7-890d-d5ffd00acc08,2026-04-19 00:05:00,2026-04-19,tester,2026-04-19 00:05:15,https://www.commcarehq.org/form/41a26020-ec81-45c2-8223-77bed9b6ef18,tester,True
352,5af223fb-2cd7-49ae-9201-361395b04538,community_01,Daniel,Balogun,male,1992-02-24,21475327679.0,08089880172,https://www.commcarehq.org/photos/farmer_352.jpg,4,mixed_farming,3,leased,1,borehole,---,rice groundnuts,0.9,---,2.7,---,---,---,10.5493606 7.5144527 0.0 20.0,yes,7fca7edc-62e9-4b82-ba1f-e533e58f8e18,2026-02-01 00:02:00,2026-02-01,tester,2026-02-01 00:02:09,https://www.commcarehq.org/form/5af223fb-2cd7-49ae-9201-361395b04538,tester,True
353,3e807aeb-06ff-4079-85a3-464e5f49c39e,community_02,Suleiman,Philip,male,2007-07-05,43009404934.0,08027361874,https://www.commcarehq.org/photos/farmer_353.jpg,8,mixed_farming,1,owned,4,other,Community Well,rice,---,---,2.5,goats,5,---,10.2303119 7.2748192 0.0 20.0,yes,e2b10602-5d8b-4ffa-9a29-72ed8a90a120,2026-02-28 00:03:00,2026-02-28,tester,2026-02-28 00:03:17,https://www.commcarehq.org/form/3e807aeb-06ff-4079-85a3-464e5f49c39e,tester,True
354,8cd1068e-905f-47f9-8260-a6d8500a7632,community_05,Blessing,Ahmed,female,1982-03-23,60785705807.0,08075692700,https://www.commcarehq.org/photos/farmer_354.jpg,12,crop_farming,25,leased,6,borehole,---,rice maize,---,4.7,2.6,---,---,---,10.4908596 7.3276256 0.0 20.0,yes,42f98822-7c20-4ebb-9654-21bbdb26b355,2026-05-03 00:04:00,2026-05-03,tester,2026-05-03 00:04:20,https://www.commcarehq.org/form/8cd1068e-905f-47f9-8260-a6d8500a7632,tester,True
355,eb576369-b16c-45cd-a32c-386e642fc6ab,community_02,Ruth,Johnson,male,1972-09-17,60211881192.0,08048379484,https://www.commcarehq.org/photos/farmer_355.jpg,2,crop_farming,9,family_land,2,rain-fed,---,maize groundnuts,1.6,5.4,---,rabbits,---,13,10.2867975 7.2065557 0.0 20.0,yes,89258c65-2678-4138-9f67-c2ce7c9dedbe,2026-03-11 00:04:00,2026-03-11,tester,2026-03-11 00:04:11,https://www.commcarehq.org/form/eb576369-b16c-45cd-a32c-386e642fc6ab,tester,True
356,01433105-ca13-4dc2-afb7-119eec0b2260,community_01,Joseph,Isa,male,1958-03-24,67978351466.0,08048463197,https://www.commcarehq.org/photos/farmer_356.jpg,7,livestock_farming,14,owned,1,rain-fed,---,rice maize,---,4.6,2.0,goats,6,---,10.3364389 7.3493419 0.0 20.0,yes,8255ffeb-b285-4970-a149-7e6b610f1f17,2026-02-02 00:04:00,2026-02-02,tester,2026-02-02 00:04:20,https://www.commcarehq.org/form/01433105-ca13-4dc2-afb7-119eec0b2260,tester,True
357,4a2b665b-fb67-46cc-aa65-ef55be28949b,community_01,Samuel,Samuel,male,1990-07-23,97241682280.0,08099755311,https://www.commcarehq.org/photos/farmer_357.jpg,5,livestock_farming,8,family_land,1,rain-fed,---,maize,---,3.6,---,goats,6,---,10.2325231 7.3963762 0.0 20.0,yes,55b44e89-6a12-4e89-a51e-49707dea3f9b,2026-03-10 00:02:00,2026-03-10,tester,2026-03-10 00:02:19,https://www.commcarehq.org/form/4a2b665b-fb67-46cc-aa65-ef55be28949b,tester,True
358,99afc94b-1275-489b-b8cb-96ee19382307,community_03,John,Abdullahi,female,1971-06-15,96858555202.0,08003657943,https://www.commcarehq.org/photos/farmer_358.jpg,7,crop_farming,8,owned,1,rain-fed,---,maize groundnuts rice,1.6,5.4,0.5,goats,6,---,10.2115285 7.4575953 0.0 20.0,yes,54d95785-d26b-4865-b8b9-370d2483c432,2026-04-05 00:05:00,2026-04-05,tester,2026-04-05 00:05:09,https://www.commcarehq.org/form/99afc94b-1275-489b-b8cb-96ee19382307,tester,True
359,1b967592-1f4b-404d-8e22-6e6923dd1181,community_03,Joseph,Sani,male,1991-05-16,,08041625300,https://www.commcarehq.org/photos/farmer_359.jpg,5,crop_farming,13,owned,3,rain-fed,---,maize,---,4.2,---,---,---,---,10.3296057 7.5025965 0.0 20.0,yes,4a3370ff-4c02-4bb0-97eb-dcd7041e5992,2026-05-11 00:02:00,2026-05-11,tester,2026-05-11 00:02:09,https://www.commcarehq.org/form/1b967592-1f4b-404d-8e22-6e6923dd1181,tester,True
360,d5b7aad4-b2b5-4c2b-8819-a1fa6146bfd0,community_04,Elizabeth,Bello,male,2006-03-08,54483324328.0,08003040476,https://www.commcarehq.org/photos/farmer_360.jpg,7,crop_farming,1,family_land,2,rain-fed,---,rice groundnuts maize,2.1,4.7,2.2,goats,9,---,10.5817684 7.2550692 0.0 20.0,yes,19b71d23-49df-42d5-bf93-3538dda2460d,2026-04-10 00:08:00,2026-04-10,tester,2026-04-10 00:08:17,https://www.commcarehq.org/form/d5b7aad4-b2b5-4c2b-8819-a1fa6146bfd0,tester,True
361,97a53d40-d8df-4430-9234-c43c0dc74fc6,community_01,Emmanuel,Ahmed,male,1979-10-05,88168939101.0,08002430858,https://www.commcarehq.org/photos/farmer_361.jpg,6,livestock_farming,24,family_land,2,rain-fed,---,groundnuts,2.4,---,---,goats,8,---,10.3041367 7.2476671 0.0 20.0,yes,8af2245f-311c-4383-8db5-39a9ebff850a,2026-01-08 00:05:00,2026-01-08,tester,2026-01-08 00:05:17,https://www.commcarehq.org/form/97a53d40-d8df-4430-9234-c43c0dc74fc6,tester,True
362,b720cfc0-2a7e-484a-b25c-c7ffb31c7431,community_02,Mary,Musa,male,2005-03-26,,08072625346,https://www.commcarehq.org/photos/farmer_362.jpg,4,crop_farming,3,owned,1,rain-fed,---,groundnuts maize,2.9,2.8,---,goats,14,---,10.2661029 7.3966729 0.0 20.0,yes,bac79c98-b77a-490d-8657-ab11d16c0fd2,2026-03-15 00:08:00,2026-03-15,tester,2026-03-15 00:08:12,https://www.commcarehq.org/form/b720cfc0-2a7e-484a-b25c-c7ffb31c7431,tester,True
363,2580890c-111e-4156-95c1-a2a3b4128a99,community_01,Mary,Michael,male,2008-06-30,,08093351021,https://www.commcarehq.org/photos/farmer_363.jpg,6,crop_farming,1,owned,1,rain-fed,---,maize groundnuts,0.8,4.3,---,---,---,---,10.5521162 7.5728173 0.0 20.0,yes,0d3e162a-06b3-43f4-bb2f-d9d5de95808f,2026-01-29 00:02:00,2026-01-29,tester,2026-01-29 00:02:12,https://www.commcarehq.org/form/2580890c-111e-4156-95c1-a2a3b4128a99,tester,True
364,5a581626-b320-457d-a822-5230c922840b,community_03,Naomi,Okafor,female,1995-07-15,30151134092.0,08023304410,https://www.commcarehq.org/photos/farmer_364.jpg,3,livestock_farming,12,owned,2,rain-fed,---,maize groundnuts rice,2.2,5.4,4.0,goats,20,---,10.3741378 7.5808586 0.0 20.0,yes,5460c25f-a26f-4193-ba21-0aa019760ec5,2026-03-01 00:07:00,2026-03-01,tester,2026-03-01 00:07:06,https://www.commcarehq.org/form/5a581626-b320-457d-a822-5230c922840b,tester,True
365,a0c7fd8b-d7dd-40ad-ab56-6a55c6cabf8c,community_02,Fatima,Eze,male,1968-04-23,61117931491.0,08075364539,https://www.commcarehq.org/photos/farmer_365.jpg,2,crop_farming,28,owned,2,rain-fed,---,rice maize,---,3.2,2.4,---,---,---,10.3373815 7.5673195 0.0 20.0,yes,43321667-77e3-4ca8-a139-42f8dc070d28,2026-02-07 00:06:00,2026-02-07,tester,2026-02-07 00:06:15,https://www.commcarehq.org/form/a0c7fd8b-d7dd-40ad-ab56-6a55c6cabf8c,tester,True
366,e76ffec0-c262-40de-8230-809f9fe2b012,community_04,Joy,Balogun,male,1974-03-31,,08038895552,https://www.commcarehq.org/photos/farmer_366.jpg,7,crop_farming,22,owned,2,borehole,---,maize rice groundnuts,1.9,5.0,2.9,---,---,---,10.4575609 7.2622805 0.0 20.0,yes,784b2623-172f-4e0a-8846-3da1f9510ee5,2026-02-18 00:07:00,2026-02-18,tester,2026-02-18 00:07:05,https://www.commcarehq.org/form/e76ffec0-c262-40de-8230-809f9fe2b012,tester,True
367,76f2985f-8f9c-4539-b0cd-8fd0aa4db7eb,community_07,Esther,Abdullahi,male,2006-07-16,,08024850800,https://www.commcarehq.org/photos/farmer_367.jpg,3,mixed_farming,1,owned,1,rain-fed,---,groundnuts maize,1.4,2.7,---,goats,21,---,10.3913758 7.4459213 0.0 20.0,yes,f548b181-3541-49ab-ae42-437af4fc60ad,2026-05-06 00:02:00,2026-05-06,tester,2026-05-06 00:02:20,https://www.commcarehq.org/form/76f2985f-8f9c-4539-b0cd-8fd0aa4db7eb,tester,True
368,324b88a9-b396-4bae-b658-e09116d402f5,community_02,Amina,Mohammed,female,1969-10-13,,08045896939,https://www.commcarehq.org/photos/farmer_368.jpg,3,crop_farming,7,owned,3,rain-fed,---,groundnuts maize,1.3,5.2,---,---,---,---,10.3642428 7.2041176 0.0 20.0,yes,3554b5ff-a4c6-4564-a8aa-96eee05497e8,2026-06-22 00:08:00,2026-06-22,tester,2026-06-22 00:08:05,https://www.commcarehq.org/form/324b88a9-b396-4bae-b658-e09116d402f5,tester,True
369,b22ba8c6-6cf0-4b7a-a257-7ccdbbc66373,community_07,Samuel,Bello,male,1976-12-27,,08057215148,https://www.commcarehq.org/photos/farmer_369.jpg,3,crop_farming,10,leased,5,rain-fed,---,rice groundnuts,2.4,---,0.7,goats,12,---,10.4334279 7.3973404 0.0 20.0,yes,955d4227-e17f-4852-978b-f86fc295468d,2026-06-29 00:02:00,2026-06-29,tester,2026-06-29 00:02:08,https://www.commcarehq.org/form/b22ba8c6-6cf0-4b7a-a257-7ccdbbc66373,tester,True
370,7e8ecb21-881e-4dc3-a466-a709726b874e,community_01,Sarah,Balogun,female,1985-11-29,11846721961.0,08078354047,https://www.commcarehq.org/photos/farmer_370.jpg,2,mixed_farming,16,owned,1,river_stream,---,groundnuts,0.9,---,---,---,---,---,10.3784408 7.5986082 0.0 20.0,yes,fdf8b755-1b2d-4d2b-ae4a-84bc53816199,2026-03-09 00:05:00,2026-03-09,tester,2026-03-09 00:05:07,https://www.commcarehq.org/form/7e8ecb21-881e-4dc3-a466-a709726b874e,tester,True
371,44b86efd-2a52-4e50-9ff8-dc2e52276840,community_07,Ahmed,Isa,female,2008-03-09,28469832995.0,08073350525,https://www.commcarehq.org/photos/farmer_371.jpg,5,livestock_farming,1,family_land,1,rain-fed,---,groundnuts,0.9,---,---,---,---,---,10.5434771 7.2283674 0.0 20.0,yes,06d7e7fc-8f5f-4c2d-8616-c2114a505bcb,2026-05-11 00:03:00,2026-05-11,tester,2026-05-11 00:03:07,https://www.commcarehq.org/form/44b86efd-2a52-4e50-9ff8-dc2e52276840,tester,True
372,a2372a20-7cd6-44da-b9e1-0174262c4bcd,community_03,Fatima,Okafor,male,1979-08-27,66961868287.0,08004870693,https://www.commcarehq.org/photos/farmer_372.jpg,7,livestock_farming,16,family_land,3,rain-fed,---,groundnuts rice maize,1.7,1.0,2.6,goats rabbits,19,11,10.5091672 7.2159794 0.0 20.0,yes,14ce2124-2d22-44f9-b83c-367bee868dee,2026-03-13 00:05:00,2026-03-13,tester,2026-03-13 00:05:15,https://www.commcarehq.org/form/a2372a20-7cd6-44da-b9e1-0174262c4bcd,tester,True
373,ae551a82-27b5-440a-ba8c-755be56b51da,community_02,Mercy,Eze,male,1988-10-22,94534335686.0,08057136956,https://www.commcarehq.org/photos/farmer_373.jpg,3,crop_farming,10,owned,1,irrigation_scheme,---,rice,---,---,1.2,rabbits,---,23,10.4070687 7.3646157 0.0 20.0,yes,791e3fea-48f9-47aa-9fd8-b41679fc9f65,2026-04-19 00:07:00,2026-04-19,tester,2026-04-19 00:07:11,https://www.commcarehq.org/form/ae551a82-27b5-440a-ba8c-755be56b51da,tester,True
374,deb254e3-238f-497a-aa39-d624da2a22fc,community_06,Naomi,Abdullahi,male,1972-04-08,,08035375178,https://www.commcarehq.org/photos/farmer_374.jpg,8,mixed_farming,22,owned,3,rain-fed,---,maize rice,---,6.1,2.1,goats,10,---,10.3010143 7.5866055 0.0 20.0,yes,c32c0ea0-7ec0-4de1-9bd2-76781f93da1f,2026-04-11 00:02:00,2026-04-11,tester,2026-04-11 00:02:07,https://www.commcarehq.org/form/deb254e3-238f-497a-aa39-d624da2a22fc,tester,True
375,5d1dede2-aade-48bf-a2e5-9197369ad764,community_02,Elizabeth,Mohammed,female,1987-09-16,,08054296414,https://www.commcarehq.org/photos/farmer_375.jpg,1,mixed_farming,2,owned,1,rain-fed,---,groundnuts rice,2.8,---,2.9,goats,23,---,10.2039424 7.3350424 0.0 20.0,yes,30db36a6-ed1b-4faf-8af0-da7e7c3d12bd,2026-03-12 00:04:00,2026-03-12,tester,2026-03-12 00:04:18,https://www.commcarehq.org/form/5d1dede2-aade-48bf-a2e5-9197369ad764,tester,True
376,32a8a877-b346-4335-98b5-91d842c4832b,community_02,Peter,Eze,female,1968-01-16,,08015328826,https://www.commcarehq.org/photos/farmer_376.jpg,2,crop_farming,16,family_land,1,rain-fed,---,groundnuts,1.2,---,---,goats,23,---,10.431855 7.4398865 0.0 20.0,yes,2237f182-2182-43c9-b254-98ba3c2d704f,2026-02-24 00:03:00,2026-02-24,tester,2026-02-24 00:03:08,https://www.commcarehq.org/form/32a8a877-b346-4335-98b5-91d842c4832b,tester,True
377,b1b4b0de-88c6-4b23-b42b-7f41845ec0ce,community_06,David,Ogunleye,male,2001-08-27,,08007264830,https://www.commcarehq.org/photos/farmer_377.jpg,7,mixed_farming,3,owned,1,borehole,---,groundnuts maize,1.0,2.4,---,goats,9,---,10.559381 7.3517776 0.0 20.0,yes,6d12d3b9-3c69-46b1-a810-0f7843076873,2026-01-07 00:07:00,2026-01-07,tester,2026-01-07 00:07:12,https://www.commcarehq.org/form/b1b4b0de-88c6-4b23-b42b-7f41845ec0ce,tester,True
378,0b478993-444c-4d40-9eeb-0a44738f0058,community_05,Fatima,Ali,female,1999-01-13,74512531011.0,08044443292,https://www.commcarehq.org/photos/farmer_378.jpg,4,mixed_farming,9,family_land,1,rain-fed,---,groundnuts,2.3,---,---,goats,21,---,10.220026 7.2317021 0.0 20.0,yes,7596f933-4e8c-47ea-bddd-4fdabd4c1474,2026-04-26 00:03:00,2026-04-26,tester,2026-04-26 00:03:14,https://www.commcarehq.org/form/0b478993-444c-4d40-9eeb-0a44738f0058,tester,True
379,0fd99eb9-0e50-4433-8781-21e303aeaf17,community_01,David,Mohammed,female,1990-02-01,40351584282.0,08086578872,https://www.commcarehq.org/photos/farmer_379.jpg,6,crop_farming,7,family_land,4,rain-fed,---,rice,---,---,0.9,---,---,---,10.4892834 7.2610874 0.0 20.0,yes,3dde6ae4-f316-48a8-b02c-7eec85689227,2026-03-04 00:08:00,2026-03-04,tester,2026-03-04 00:08:05,https://www.commcarehq.org/form/0fd99eb9-0e50-4433-8781-21e303aeaf17,tester,True
380,7fc48cb3-fa6a-4227-b6e5-8e7967af0b13,community_02,Rebecca,Lawal,male,1967-10-31,,08031482637,https://www.commcarehq.org/photos/farmer_380.jpg,6,crop_farming,16,owned,3,rain-fed,---,groundnuts rice,1.2,---,2.4,---,---,---,10.4201263 7.490494 0.0 20.0,yes,3c202402-53ef-4ea1-a7c9-e68d2a43652d,2026-04-30 00:07:00,2026-04-30,tester,2026-04-30 00:07:16,https://www.commcarehq.org/form/7fc48cb3-fa6a-4227-b6e5-8e7967af0b13,tester,True
381,824c7661-6a35-474a-9d0d-03885ecb8771,community_06,Blessing,Ogunleye,female,1991-10-15,,08018100981,https://www.commcarehq.org/photos/farmer_381.jpg,6,crop_farming,16,owned,1,borehole,---,maize,---,5.7,---,---,---,---,10.4596285 7.3207889 0.0 20.0,yes,08e8c355-f6ba-41d2-8fca-48761ca6f782,2026-01-05 00:03:00,2026-01-05,tester,2026-01-05 00:03:19,https://www.commcarehq.org/form/824c7661-6a35-474a-9d0d-03885ecb8771,tester,True
382,3b122dd7-5ff9-43ed-9099-1d768d33e8a5,community_02,Joseph,Ali,female,1992-11-14,18416496794.0,08021613398,https://www.commcarehq.org/photos/farmer_382.jpg,2,mixed_farming,16,owned,5,rain-fed,---,groundnuts rice maize,0.9,4.8,1.4,goats,8,---,10.3485066 7.3793435 0.0 20.0,yes,1864e659-bf52-4bae-a850-b397e8ec6f4f,2026-06-06 00:05:00,2026-06-06,tester,2026-06-06 00:05:16,https://www.commcarehq.org/form/3b122dd7-5ff9-43ed-9099-1d768d33e8a5,tester,True
383,b248c1d8-b343-4bc8-a089-b29a6e8a35c0,community_04,Musa,Samuel,male,1984-11-29,,08045657591,https://www.commcarehq.org/photos/farmer_383.jpg,6,mixed_farming,21,owned,1,rain-fed,---,maize rice groundnuts,1.1,0.8,0.5,goats,15,---,10.3670356 7.5303688 0.0 20.0,yes,60bb332e-769d-40cc-a152-7b13eb0dbc7f,2026-05-21 00:06:00,2026-05-21,tester,2026-05-21 00:06:13,https://www.commcarehq.org/form/b248c1d8-b343-4bc8-a089-b29a6e8a35c0,tester,True
384,0f68b2c2-28ba-41f5-8436-15b4e675ba8a,community_07,John,Yusuf,female,2008-02-21,,08072916168,https://www.commcarehq.org/photos/farmer_384.jpg,5,livestock_farming,1,owned,3,river_stream,---,rice maize,---,3.7,2.8,---,---,---,10.4730406 7.5224756 0.0 20.0,yes,82e7c70d-0a96-4c35-8d03-fd2cbfaa869e,2026-03-04 00:03:00,2026-03-04,tester,2026-03-04 00:03:05,https://www.commcarehq.org/form/0f68b2c2-28ba-41f5-8436-15b4e675ba8a,tester,True
385,5809fbd8-799e-4043-bb2d-76c315e39ea1,community_03,James,Johnson,female,1990-06-14,,08038112782,https://www.commcarehq.org/photos/farmer_385.jpg,4,mixed_farming,14,family_land,2,rain-fed,---,groundnuts,2.1,---,---,---,---,---,10.5099864 7.5704498 0.0 20.0,yes,ab87082e-212d-4698-b42c-ba9f92e4e378,2026-04-14 00:08:00,2026-04-14,tester,2026-04-14 00:08:18,https://www.commcarehq.org/form/5809fbd8-799e-4043-bb2d-76c315e39ea1,tester,True
386,52438309-e5eb-43b4-9f1a-c65dacd34366,community_01,Ruth,Yusuf,male,1992-03-11,78710021446.0,08093242283,https://www.commcarehq.org/photos/farmer_386.jpg,7,crop_farming,3,owned,6,rain-fed,---,rice,---,---,2.8,rabbits,---,13,10.2130739 7.3165692 0.0 20.0,yes,b6d5f3b6-2522-4676-a008-1f32fa9a4fd1,2026-06-23 00:07:00,2026-06-23,tester,2026-06-23 00:07:16,https://www.commcarehq.org/form/52438309-e5eb-43b4-9f1a-c65dacd34366,tester,True
387,5c048d56-33e0-47d3-aaaa-056afb05c0d2,community_05,Fatima,Musa,male,1995-06-20,,08000097884,https://www.commcarehq.org/photos/farmer_387.jpg,5,mixed_farming,10,owned,1,river_stream,---,rice,---,---,3.2,---,---,---,10.2895168 7.3134788 0.0 20.0,yes,de22c436-6b8f-4ab6-b01a-7089b0f25a8e,2026-03-28 00:07:00,2026-03-28,tester,2026-03-28 00:07:10,https://www.commcarehq.org/form/5c048d56-33e0-47d3-aaaa-056afb05c0d2,tester,True
388,c8b7eabc-e6be-47e1-a8a7-ddca4fa95a5d,community_05,Paul,Ali,male,1981-08-12,,08048293321,https://www.commcarehq.org/photos/farmer_388.jpg,1,crop_farming,4,leased,4,rain-fed,---,rice maize,---,4.0,3.0,goats,5,---,10.4673077 7.4686563 0.0 20.0,yes,f71f9c16-9de1-4e0f-82c6-0500e0d9ddb4,2026-03-19 00:07:00,2026-03-19,tester,2026-03-19 00:07:11,https://www.commcarehq.org/form/c8b7eabc-e6be-47e1-a8a7-ddca4fa95a5d,tester,True
389,4ae6fc29-073a-4d63-92af-6a000e1630e2,community_07,Binta,Musa,male,1991-06-07,47811291681.0,08038497848,https://www.commcarehq.org/photos/farmer_389.jpg,8,crop_farming,6,owned,1,rain-fed,---,maize groundnuts,0.6,1.3,---,---,---,---,10.3111449 7.2809022 0.0 20.0,yes,b4d8f02c-795f-411b-aa1a-f402106cf40a,2026-01-10 00:08:00,2026-01-10,tester,2026-01-10 00:08:05,https://www.commcarehq.org/form/4ae6fc29-073a-4d63-92af-6a000e1630e2,tester,True
390,8ae30b8f-5524-446c-be4b-90d49128c5f8,community_05,Yusuf,Johnson,female,1996-05-16,37921912660.0,08023675589,https://www.commcarehq.org/photos/farmer_390.jpg,7,mixed_farming,12,family_land,2,rain-fed,---,rice maize,---,0.8,1.7,goats,22,---,10.2251194 7.5318211 0.0 20.0,yes,b831174f-8d49-4729-aded-3e00db85961a,2026-04-29 00:06:00,2026-04-29,tester,2026-04-29 00:06:12,https://www.commcarehq.org/form/8ae30b8f-5524-446c-be4b-90d49128c5f8,tester,True
391,0aec9730-813e-4e01-9c41-3bb71f0e309b,community_07,Joy,Okafor,male,1996-03-13,,08053022820,https://www.commcarehq.org/photos/farmer_391.jpg,3,crop_farming,9,leased,1,dam_reservoir,---,maize groundnuts rice,3.0,1.8,2.8,goats,5,---,10.5702517 7.3556106 0.0 20.0,yes,20cb3f28-b403-48b6-8659-6e98d32c30de,2026-02-15 00:06:00,2026-02-15,tester,2026-02-15 00:06:11,https://www.commcarehq.org/form/0aec9730-813e-4e01-9c41-3bb71f0e309b,tester,True
392,6df7a8c6-fc43-4f81-a096-b9804513bd0e,community_01,David,Bello,male,1989-06-30,47499430674.0,08012214737,https://www.commcarehq.org/photos/farmer_392.jpg,5,mixed_farming,3,owned,1,river_stream,---,groundnuts,0.7,---,---,---,---,---,10.3080204 7.2715882 0.0 20.0,yes,044b06cd-40e4-4c8a-ad04-af45ea396939,2026-03-28 00:02:00,2026-03-28,tester,2026-03-28 00:02:19,https://www.commcarehq.org/form/6df7a8c6-fc43-4f81-a096-b9804513bd0e,tester,True
393,c30e7139-2846-4e23-83e8-fdcd3ba18cd4,community_04,Ruth,Adeyemi,female,1971-05-29,83827482031.0,08097969791,https://www.commcarehq.org/photos/farmer_393.jpg,5,mixed_farming,31,leased,3,rain-fed,---,maize groundnuts,2.5,5.2,---,goats rabbits,7,32,10.5093854 7.4990937 0.0 20.0,yes,7a06ea65-4f58-43fa-a5f8-5d8241e3e2d6,2026-02-28 00:08:00,2026-02-28,tester,2026-02-28 00:08:20,https://www.commcarehq.org/form/c30e7139-2846-4e23-83e8-fdcd3ba18cd4,tester,True
394,ff765b71-f888-4ac0-b0b1-631e27a366b3,community_04,Samuel,David,male,1996-06-20,87325396070.0,08039964898,https://www.commcarehq.org/photos/farmer_394.jpg,1,mixed_farming,2,owned,2,other,Spring Water,groundnuts rice,2.5,---,2.7,goats,19,---,10.3173805 7.5434628 0.0 20.0,yes,6b7a860f-4aec-48d1-a192-f05c01ae4c02,2026-03-18 00:07:00,2026-03-18,tester,2026-03-18 00:07:09,https://www.commcarehq.org/form/ff765b71-f888-4ac0-b0b1-631e27a366b3,tester,True
395,4afe6ccd-8f0b-4248-9150-32c7c6b464da,community_05,Joy,David,female,1990-06-02,,08034740210,https://www.commcarehq.org/photos/farmer_395.jpg,4,livestock_farming,12,owned,2,rain-fed,---,groundnuts,1.9,---,---,rabbits,---,5,10.310606 7.5365869 0.0 20.0,yes,f9426275-d05e-4bf1-81c7-dc92c0e1c8e4,2026-05-19 00:08:00,2026-05-19,tester,2026-05-19 00:08:07,https://www.commcarehq.org/form/4afe6ccd-8f0b-4248-9150-32c7c6b464da,tester,True
396,a997d835-eb49-4bad-baaf-971f2f393b9f,community_06,Mercy,Philip,female,1981-10-03,,08014938037,https://www.commcarehq.org/photos/farmer_396.jpg,1,crop_farming,16,family_land,2,rain-fed,---,rice groundnuts maize,1.3,1.6,3.7,rabbits,---,3,10.3881263 7.4914995 0.0 20.0,yes,a72c245a-61a9-4d6e-8ac1-798075f97468,2026-06-24 00:06:00,2026-06-24,tester,2026-06-24 00:06:12,https://www.commcarehq.org/form/a997d835-eb49-4bad-baaf-971f2f393b9f,tester,True
397,bab69374-7f76-4ca1-a4f5-8065c7c89326,community_07,Amina,Adeyemi,male,1992-10-30,66089574201.0,08026153459,https://www.commcarehq.org/photos/farmer_397.jpg,5,livestock_farming,14,owned,3,other,Community Well,groundnuts maize rice,1.9,5.4,2.5,---,---,---,10.4844273 7.2923423 0.0 20.0,yes,8f05d64f-3534-46e4-8f67-30616e82deec,2026-01-12 00:07:00,2026-01-12,tester,2026-01-12 00:07:07,https://www.commcarehq.org/form/bab69374-7f76-4ca1-a4f5-8065c7c89326,tester,True
398,f6dd0063-0459-4448-8d42-5d64a8994947,community_05,Sarah,Daniel,male,2007-08-07,12990259848.0,08043416139,https://www.commcarehq.org/photos/farmer_398.jpg,6,crop_farming,1,leased,1,rain-fed,---,rice groundnuts maize,1.7,2.1,0.7,goats rabbits,16,5,10.4993297 7.4097128 0.0 20.0,yes,6f056cab-2870-4404-a56f-aabe716dfc6b,2026-01-29 00:04:00,2026-01-29,tester,2026-01-29 00:04:09,https://www.commcarehq.org/form/f6dd0063-0459-4448-8d42-5d64a8994947,tester,True
399,73215f46-0619-4335-a196-d4fb0b5d54be,community_02,Rebecca,Usman,female,1978-06-10,50148679900.0,08064624312,https://www.commcarehq.org/photos/farmer_399.jpg,1,crop_farming,18,owned,6,rain-fed,---,rice groundnuts,1.2,---,2.8,---,---,---,10.2081198 7.4268623 0.0 20.0,yes,c6d76b5b-e0c0-43aa-a5b6-ed06bae75099,2026-03-03 00:04:00,2026-03-03,tester,2026-03-03 00:04:13,https://www.commcarehq.org/form/73215f46-0619-4335-a196-d4fb0b5d54be,tester,True
400,05ea0635-768b-4032-8ea8-c4e5d6ddb260,community_06,Emmanuel,Adeyemi,female,1966-10-18,,08069093655,https://www.commcarehq.org/photos/farmer_400.jpg,3,mixed_farming,28,owned,2,rain-fed,---,rice maize groundnuts,1.4,4.2,3.6,goats,12,---,10.5035706 7.4129944 0.0 20.0,yes,523f3bc7-b452-4495-aa10-29b27c496f89,2026-04-21 00:06:00,2026-04-21,tester,2026-04-21 00:06:05,https://www.commcarehq.org/form/05ea0635-768b-4032-8ea8-c4e5d6ddb260,tester,True
401,85fd4542-4509-4a4f-ae10-f24581e8452e,community_05,Mary,Okafor,female,1996-03-26,21762263451.0,08019572230,https://www.commcarehq.org/photos/farmer_401.jpg,3,livestock_farming,11,owned,2,rain-fed,---,rice,---,---,0.9,---,---,---,10.4147564 7.4516428 0.0 20.0,yes,0aa5d714-9286-4e9f-bb5a-43345169cb9b,2026-01-12 00:05:00,2026-01-12,tester,2026-01-12 00:05:13,https://www.commcarehq.org/form/85fd4542-4509-4a4f-ae10-f24581e8452e,tester,True
402,57f9be83-f892-4d28-8501-b01d5a539c23,community_04,Ahmed,Lawal,female,2001-03-19,,08081525069,https://www.commcarehq.org/photos/farmer_402.jpg,6,mixed_farming,6,owned,3,rain-fed,---,groundnuts,2.3,---,---,rabbits,---,15,10.2790579 7.318 0.0 20.0,yes,8c6f8355-edc8-4c47-9d8b-56d13c505ae2,2026-04-26 00:03:00,2026-04-26,tester,2026-04-26 00:03:09,https://www.commcarehq.org/form/57f9be83-f892-4d28-8501-b01d5a539c23,tester,True
403,30955f85-0b44-436f-9268-827f726151e7,community_01,Suleiman,Philip,female,1991-07-24,21544516184.0,08081310184,https://www.commcarehq.org/photos/farmer_403.jpg,3,crop_farming,4,owned,3,rain-fed,---,rice maize groundnuts,0.9,6.5,2.4,---,---,---,10.3699545 7.4443795 0.0 20.0,yes,c8237c5f-61f4-4010-88ad-0237f4d91e73,2026-03-13 00:04:00,2026-03-13,tester,2026-03-13 00:04:13,https://www.commcarehq.org/form/30955f85-0b44-436f-9268-827f726151e7,tester,True
404,4c2fbced-e7a1-42fa-8e80-03a542647c43,community_04,Elizabeth,Balogun,female,1972-12-19,86332555658.0,08040571075,https://www.commcarehq.org/photos/farmer_404.jpg,3,mixed_farming,9,owned,1,rain-fed,---,groundnuts,2.8,---,---,---,---,---,10.5537684 7.2965979 0.0 20.0,yes,bd71b43c-ec3d-48bc-b05c-22b9369a44f4,2026-03-28 00:06:00,2026-03-28,tester,2026-03-28 00:06:07,https://www.commcarehq.org/form/4c2fbced-e7a1-42fa-8e80-03a542647c43,tester,True
405,a0b87cab-057f-428f-a3fa-234b619ac7c4,community_02,Ibrahim,Sani,male,2001-10-29,,08028265607,https://www.commcarehq.org/photos/farmer_405.jpg,2,mixed_farming,7,owned,1,borehole,---,rice groundnuts maize,0.7,1.5,3.1,rabbits,---,14,10.392312 7.5221493 0.0 20.0,yes,d08f504d-525e-43af-af23-b314c7e934b5,2026-05-18 00:07:00,2026-05-18,tester,2026-05-18 00:07:16,https://www.commcarehq.org/form/a0b87cab-057f-428f-a3fa-234b619ac7c4,tester,True
406,8a5c992a-9676-4fc8-8078-d2a93d4d90aa,community_01,Binta,Balogun,female,2006-01-07,25771886824.0,08075221516,https://www.commcarehq.org/photos/farmer_406.jpg,7,livestock_farming,1,owned,2,borehole,---,maize rice,---,0.7,2.0,goats rabbits,21,18,10.5543171 7.3511583 0.0 20.0,yes,e6eb027a-7021-4623-8072-a1116736cd33,2026-01-23 00:04:00,2026-01-23,tester,2026-01-23 00:04:13,https://www.commcarehq.org/form/8a5c992a-9676-4fc8-8078-d2a93d4d90aa,tester,True
407,06776393-2c67-4bae-adf8-237917b9d0f0,community_04,Joseph,David,female,1994-02-22,57204557661.0,08030315750,https://www.commcarehq.org/photos/farmer_407.jpg,1,mixed_farming,10,owned,3,other,Spring Water,rice groundnuts maize,0.7,2.1,0.7,goats,14,---,10.4114303 7.556082 0.0 20.0,yes,7b4a384f-e198-4723-a543-dcfcf0229a52,2026-01-02 00:04:00,2026-01-02,tester,2026-01-02 00:04:13,https://www.commcarehq.org/form/06776393-2c67-4bae-adf8-237917b9d0f0,tester,True
408,1b7cb219-e353-4137-bc49-02e9c0a971ea,community_07,Binta,Isa,male,1982-10-21,79525573383.0,08063261467,https://www.commcarehq.org/photos/farmer_408.jpg,7,mixed_farming,14,owned,1,rain-fed,---,groundnuts maize rice,1.0,2.4,3.2,goats,3,---,10.3166501 7.5928834 0.0 20.0,yes,3135d4ae-faaa-44ff-a494-18530238c7f5,2026-04-01 00:08:00,2026-04-01,tester,2026-04-01 00:08:16,https://www.commcarehq.org/form/1b7cb219-e353-4137-bc49-02e9c0a971ea,tester,True
409,6a257575-0169-4c17-b9c7-718a020b47be,community_05,Deborah,Tanko,male,1992-07-29,49457672611.0,08018764378,https://www.commcarehq.org/photos/farmer_409.jpg,7,mixed_farming,1,family_land,4,rain-fed,---,rice groundnuts maize,1.3,6.3,2.1,rabbits,---,23,10.2150164 7.474731 0.0 20.0,yes,634e5e20-f95c-426a-8778-284b7d0d4135,2026-03-16 00:03:00,2026-03-16,tester,2026-03-16 00:03:11,https://www.commcarehq.org/form/6a257575-0169-4c17-b9c7-718a020b47be,tester,True
410,7ccafa19-b9a3-458e-aa8a-f679d8f5b19c,community_07,John,Lawal,female,1988-03-01,62064368465.0,08078807448,https://www.commcarehq.org/photos/farmer_410.jpg,3,crop_farming,19,owned,4,rain-fed,---,maize groundnuts rice,2.7,5.6,3.0,---,---,---,10.4447501 7.4019546 0.0 20.0,yes,882c4bfd-d32d-43c0-a517-0d5d3ae48013,2026-03-25 00:05:00,2026-03-25,tester,2026-03-25 00:05:08,https://www.commcarehq.org/form/7ccafa19-b9a3-458e-aa8a-f679d8f5b19c,tester,True
411,6ba15024-134b-4b19-a6c0-d313d0e56b8a,community_03,Esther,Tanko,male,1978-07-09,36563637499.0,08089017115,https://www.commcarehq.org/photos/farmer_411.jpg,3,crop_farming,23,owned,3,other,Rainwater Harvesting,maize groundnuts rice,1.5,4.2,1.7,rabbits,---,40,10.2283651 7.2492695 0.0 20.0,yes,39350165-9679-4f9d-ad52-e853ad5e08a7,2026-05-28 00:04:00,2026-05-28,tester,2026-05-28 00:04:08,https://www.commcarehq.org/form/6ba15024-134b-4b19-a6c0-d313d0e56b8a,tester,True
412,c919e53a-0eb6-4953-bc09-dc0df7e5e38e,community_04,Peter,Garba,male,1985-09-14,70116369023.0,08018126122,https://www.commcarehq.org/photos/farmer_412.jpg,9,mixed_farming,10,owned,3,borehole,---,rice groundnuts,2.4,---,1.7,---,---,---,10.3741485 7.5162928 0.0 20.0,yes,b23c9856-317a-479a-a745-4e0d21f8ef8a,2026-06-27 00:02:00,2026-06-27,tester,2026-06-27 00:02:08,https://www.commcarehq.org/form/c919e53a-0eb6-4953-bc09-dc0df7e5e38e,tester,True
413,21c3dc42-bce9-4ce4-8604-17361feacad0,community_05,David,Lawal,female,1960-06-19,58117301215.0,08038080143,https://www.commcarehq.org/photos/farmer_413.jpg,8,mixed_farming,17,leased,5,rain-fed,---,maize,---,3.9,---,---,---,---,10.3697894 7.4245483 0.0 20.0,yes,5c4dca9c-0fdb-4313-9407-e39e1a3a280e,2026-06-09 00:03:00,2026-06-09,tester,2026-06-09 00:03:13,https://www.commcarehq.org/form/21c3dc42-bce9-4ce4-8604-17361feacad0,tester,True
414,039c32af-bef1-4968-87a1-aebdb3cd73ef,community_02,Grace,James,male,1965-10-19,,08073289754,https://www.commcarehq.org/photos/farmer_414.jpg,4,mixed_farming,4,owned,2,borehole,---,groundnuts maize rice,2.5,2.2,1.1,goats,16,---,10.4331596 7.2662404 0.0 20.0,yes,e84bd33a-86f7-4261-8c8b-85d67c9f5d59,2026-06-30 00:06:00,2026-06-30,tester,2026-06-30 00:06:18,https://www.commcarehq.org/form/039c32af-bef1-4968-87a1-aebdb3cd73ef,tester,True
415,e8030acd-3913-4b60-b38e-eeb2cab80010,community_06,Blessing,Abdullahi,male,1971-10-06,94866383293.0,08076780517,https://www.commcarehq.org/photos/farmer_415.jpg,7,crop_farming,22,owned,6,irrigation_scheme,---,rice groundnuts maize,2.7,1.2,3.4,---,---,---,10.5122112 7.5105075 0.0 20.0,yes,a670afe6-ead5-481c-94bc-3cbf894433eb,2026-05-25 00:06:00,2026-05-25,tester,2026-05-25 00:06:06,https://www.commcarehq.org/form/e8030acd-3913-4b60-b38e-eeb2cab80010,tester,True
416,bf782515-4080-414c-81ce-bcbd8ab558f3,community_03,Yusuf,Yusuf,female,1979-08-20,69115034859.0,08090473975,https://www.commcarehq.org/photos/farmer_416.jpg,4,livestock_farming,21,owned,6,borehole,---,groundnuts maize,2.9,5.8,---,goats,6,---,10.4265071 7.3736593 0.0 20.0,yes,d2f9e42f-93c5-4acf-8ec9-0fb3455bc792,2026-02-07 00:05:00,2026-02-07,tester,2026-02-07 00:05:16,https://www.commcarehq.org/form/bf782515-4080-414c-81ce-bcbd8ab558f3,tester,True
417,2946a606-1c7b-4441-b5fe-4a8d2774306b,community_04,Sarah,Usman,female,1999-12-25,67315124925.0,08069258088,https://www.commcarehq.org/photos/farmer_417.jpg,4,crop_farming,2,owned,1,rain-fed,---,groundnuts,2.0,---,---,---,---,---,10.3087606 7.5595976 0.0 20.0,yes,ac0c9ef3-f1e3-4fd8-a389-35ad9a79b754,2026-02-12 00:05:00,2026-02-12,tester,2026-02-12 00:05:12,https://www.commcarehq.org/form/2946a606-1c7b-4441-b5fe-4a8d2774306b,tester,True
418,19c40468-c2d4-46ff-a9b4-d5924e6451e5,community_01,Ahmed,Tanko,male,1980-06-10,,08019320168,https://www.commcarehq.org/photos/farmer_418.jpg,1,crop_farming,21,owned,2,rain-fed,---,maize groundnuts rice,1.5,1.6,2.7,goats,20,---,10.4568293 7.4507911 0.0 20.0,yes,34fe2e14-36df-4d60-9d61-95b9798cad7c,2026-04-05 00:03:00,2026-04-05,tester,2026-04-05 00:03:13,https://www.commcarehq.org/form/19c40468-c2d4-46ff-a9b4-d5924e6451e5,tester,True
419,3e0ad113-ff70-4427-b8c5-5d5cc9156a7d,community_02,Naomi,Ibrahim,male,1980-04-20,74179399649.0,08087741107,https://www.commcarehq.org/photos/farmer_419.jpg,8,mixed_farming,13,leased,1,dam_reservoir,---,maize,---,0.6,---,---,---,---,10.3051196 7.5881188 0.0 20.0,yes,c491d7fe-1777-4ca6-9720-bd715408b2ff,2026-04-27 00:03:00,2026-04-27,tester,2026-04-27 00:03:07,https://www.commcarehq.org/form/3e0ad113-ff70-4427-b8c5-5d5cc9156a7d,tester,True
420,54b09850-0bab-46f6-8157-8fc28b851e76,community_07,Elizabeth,Johnson,male,1960-01-23,,08044942996,https://www.commcarehq.org/photos/farmer_420.jpg,9,crop_farming,28,owned,3,rain-fed,---,maize rice,---,2.8,1.2,goats,23,---,10.3228393 7.437022 0.0 20.0,yes,f3ac47a7-b4fd-45aa-9f4b-f11eec7420c2,2026-02-13 00:08:00,2026-02-13,tester,2026-02-13 00:08:15,https://www.commcarehq.org/form/54b09850-0bab-46f6-8157-8fc28b851e76,tester,True
421,88bc7c8b-0ce5-46a3-9c2e-c58dea4c662f,community_01,Deborah,David,male,2006-11-28,18568154197.0,08022214114,https://www.commcarehq.org/photos/farmer_421.jpg,6,crop_farming,1,family_land,5,irrigation_scheme,---,rice groundnuts maize,2.1,2.1,3.8,goats,20,---,10.4938192 7.3965223 0.0 20.0,yes,ddcff329-c46c-4c2d-b1fe-88d252555a61,2026-06-05 00:05:00,2026-06-05,tester,2026-06-05 00:05:12,https://www.commcarehq.org/form/88bc7c8b-0ce5-46a3-9c2e-c58dea4c662f,tester,True
422,afdc319a-86b0-462e-b470-e7b18a9ab954,community_05,Deborah,Haruna,male,1973-05-17,,08016302790,https://www.commcarehq.org/photos/farmer_422.jpg,8,crop_farming,8,owned,5,rain-fed,---,rice groundnuts,2.7,---,0.6,---,---,---,10.2574518 7.4635642 0.0 20.0,yes,5ecc12e3-1a63-41bd-9f9e-e0aa62ca78db,2026-02-27 00:07:00,2026-02-27,tester,2026-02-27 00:07:16,https://www.commcarehq.org/form/afdc319a-86b0-462e-b470-e7b18a9ab954,tester,True
423,170fb86f-a818-4f77-9021-41cbb1e4a3e6,community_02,Rebecca,Bello,female,1981-07-05,,08054125757,https://www.commcarehq.org/photos/farmer_423.jpg,1,crop_farming,15,family_land,1,rain-fed,---,maize groundnuts rice,2.1,3.8,3.2,---,---,---,10.2507496 7.5674344 0.0 20.0,yes,4993c58f-de16-4eab-b9be-ebe73eda15c8,2026-01-09 00:06:00,2026-01-09,tester,2026-01-09 00:06:12,https://www.commcarehq.org/form/170fb86f-a818-4f77-9021-41cbb1e4a3e6,tester,True
424,5c3891d7-19a6-4c92-b144-790cdf420b0b,community_05,Mercy,Usman,female,1981-10-26,,08062686500,https://www.commcarehq.org/photos/farmer_424.jpg,5,crop_farming,26,family_land,1,rain-fed,---,groundnuts rice,2.7,---,1.9,goats,8,---,10.5888438 7.2747044 0.0 20.0,yes,648f0cec-4e70-4ba1-a93c-600e4db7c24c,2026-04-26 00:04:00,2026-04-26,tester,2026-04-26 00:04:17,https://www.commcarehq.org/form/5c3891d7-19a6-4c92-b144-790cdf420b0b,tester,True
425,20586d03-10cf-4ecc-8b0d-3b4bc4798527,community_06,Hauwa,Bello,female,1978-11-02,63654755153.0,08058544881,https://www.commcarehq.org/photos/farmer_425.jpg,7,mixed_farming,26,family_land,2,rain-fed,---,groundnuts rice maize,0.6,2.1,0.6,---,---,---,10.5977892 7.3523757 0.0 20.0,yes,85b2b7c6-0a73-46ee-9fc8-28eedf9c260b,2026-06-25 00:05:00,2026-06-25,tester,2026-06-25 00:05:06,https://www.commcarehq.org/form/20586d03-10cf-4ecc-8b0d-3b4bc4798527,tester,True
426,02c29b96-f00c-4782-bd89-17a6e007b6c9,community_01,Mary,Isa,male,1981-01-02,63788387456.0,08043186129,https://www.commcarehq.org/photos/farmer_426.jpg,8,crop_farming,13,family_land,1,rain-fed,---,groundnuts maize rice,0.9,1.0,2.9,goats,19,---,10.4889683 7.5728644 0.0 20.0,yes,c5b65c85-d0cc-43e8-9279-627c72046d65,2026-03-29 00:05:00,2026-03-29,tester,2026-03-29 00:05:10,https://www.commcarehq.org/form/02c29b96-f00c-4782-bd89-17a6e007b6c9,tester,True
427,69bcc125-cf61-4523-af3c-7a732cfbec4a,community_07,Rebecca,David,female,1993-01-15,24474262651.0,08029553394,https://www.commcarehq.org/photos/farmer_427.jpg,5,mixed_farming,1,family_land,2,rain-fed,---,groundnuts rice,1.0,---,2.7,goats,23,---,10.5297314 7.2298039 0.0 20.0,yes,1e149a99-3b1e-481b-a33c-73b40f9c9165,2026-05-04 00:06:00,2026-05-04,tester,2026-05-04 00:06:20,https://www.commcarehq.org/form/69bcc125-cf61-4523-af3c-7a732cfbec4a,tester,True
428,cd68f436-817a-43b6-91f8-1054df72ca1e,community_01,John,Yakubu,female,1993-02-22,,08003302182,https://www.commcarehq.org/photos/farmer_428.jpg,4,livestock_farming,14,owned,3,rain-fed,---,maize,---,3.2,---,goats,2,---,10.3063018 7.538642 0.0 20.0,yes,c4a1f118-2bb3-44cb-b36f-394196f480cb,2026-06-14 00:08:00,2026-06-14,tester,2026-06-14 00:08:08,https://www.commcarehq.org/form/cd68f436-817a-43b6-91f8-1054df72ca1e,tester,True
429,b39efc2b-883e-4db5-ab91-d25678b5bdac,community_02,Emmanuel,Abdullahi,male,1973-11-23,27169533338.0,08065568703,https://www.commcarehq.org/photos/farmer_429.jpg,4,livestock_farming,23,owned,1,rain-fed,---,maize groundnuts,2.9,5.7,---,---,---,---,10.501716 7.415566 0.0 20.0,yes,13405959-3c43-4280-8c55-7977c52de8c1,2026-02-12 00:03:00,2026-02-12,tester,2026-02-12 00:03:20,https://www.commcarehq.org/form/b39efc2b-883e-4db5-ab91-d25678b5bdac,tester,True
430,31f771d9-840d-4dcb-af0a-cebb79ba2c2a,community_05,Esther,Johnson,female,1957-10-14,90457140472.0,08043878253,https://www.commcarehq.org/photos/farmer_430.jpg,7,mixed_farming,28,leased,4,irrigation_scheme,---,groundnuts,2.5,---,---,goats,9,---,10.5513631 7.2290993 0.0 20.0,yes,9ec38283-310a-4b92-ba73-bce5ae69f993,2026-06-14 00:08:00,2026-06-14,tester,2026-06-14 00:08:08,https://www.commcarehq.org/form/31f771d9-840d-4dcb-af0a-cebb79ba2c2a,tester,True
431,295413b4-7b28-4141-8def-013dd50ef1d5,community_06,Deborah,Johnson,male,2002-11-03,96775911233.0,08065113853,https://www.commcarehq.org/photos/farmer_431.jpg,7,crop_farming,6,leased,1,irrigation_scheme,---,rice maize,---,4.4,1.0,goats,13,---,10.593916 7.4814737 0.0 20.0,yes,71843735-82fd-430e-af85-2f2c46eac980,2026-03-15 00:03:00,2026-03-15,tester,2026-03-15 00:03:07,https://www.commcarehq.org/form/295413b4-7b28-4141-8def-013dd50ef1d5,tester,True
432,52dbcd80-578b-45dc-83d6-51d0025ed16a,community_04,Paul,Haruna,male,1985-05-04,27450089586.0,08021803030,https://www.commcarehq.org/photos/farmer_432.jpg,3,crop_farming,7,family_land,2,rain-fed,---,maize groundnuts,2.2,1.6,---,goats,13,---,10.3283395 7.4987306 0.0 20.0,yes,faa64c77-9965-47b5-a844-d6b1e590193e,2026-06-10 00:04:00,2026-06-10,tester,2026-06-10 00:04:20,https://www.commcarehq.org/form/52dbcd80-578b-45dc-83d6-51d0025ed16a,tester,True
433,703c7429-8a80-4d0a-ad1b-f3391e437d5b,community_01,Sarah,Tanko,female,2005-08-24,73315984151.0,08036210879,https://www.commcarehq.org/photos/farmer_433.jpg,10,crop_farming,3,family_land,3,dam_reservoir,---,maize,---,1.6,---,goats,20,---,10.2856394 7.3647761 0.0 20.0,yes,629f605d-a0be-4e2d-85b2-216065cf834f,2026-01-26 00:07:00,2026-01-26,tester,2026-01-26 00:07:18,https://www.commcarehq.org/form/703c7429-8a80-4d0a-ad1b-f3391e437d5b,tester,True
434,b9611eb2-6dec-4b49-b367-ba2143655763,community_06,Ahmed,Tanko,female,1982-10-02,53665059166.0,08067258253,https://www.commcarehq.org/photos/farmer_434.jpg,2,livestock_farming,8,owned,2,dam_reservoir,---,maize rice groundnuts,1.9,6.2,2.2,rabbits,---,30,10.441443 7.5391775 0.0 20.0,yes,080a8677-bf05-43bc-ae76-924333c37768,2026-01-01 00:03:00,2026-01-01,tester,2026-01-01 00:03:10,https://www.commcarehq.org/form/b9611eb2-6dec-4b49-b367-ba2143655763,tester,True
435,6f6eefe9-b60b-4523-8bbc-a8eb19a96ffe,community_03,Rebecca,Musa,male,1976-11-16,,08097278199,https://www.commcarehq.org/photos/farmer_435.jpg,7,mixed_farming,7,owned,2,borehole,---,rice,---,---,1.2,goats,3,---,10.421684 7.442632 0.0 20.0,yes,bbd394f3-c634-41a1-b21c-aaed64420921,2026-04-30 00:06:00,2026-04-30,tester,2026-04-30 00:06:19,https://www.commcarehq.org/form/6f6eefe9-b60b-4523-8bbc-a8eb19a96ffe,tester,True
436,2cc1b89a-081c-42f6-b3fa-0167bcdf53e3,community_03,John,Ogunleye,female,1980-08-05,40857863442.0,08063087972,https://www.commcarehq.org/photos/farmer_436.jpg,5,crop_farming,3,family_land,3,rain-fed,---,groundnuts rice,2.7,---,2.5,rabbits,---,11,10.4571647 7.266992 0.0 20.0,yes,53c27c92-1096-4508-b1f3-8cb6626ac67d,2026-05-31 00:07:00,2026-05-31,tester,2026-05-31 00:07:16,https://www.commcarehq.org/form/2cc1b89a-081c-42f6-b3fa-0167bcdf53e3,tester,True
437,085c4a0a-eb9f-462c-8a74-26de0d4765e1,community_05,Fatima,Ahmed,male,1988-04-03,39305632034.0,08095906461,https://www.commcarehq.org/photos/farmer_437.jpg,1,crop_farming,6,owned,3,dam_reservoir,---,maize groundnuts,0.6,4.1,---,rabbits,---,9,10.3530328 7.2418022 0.0 20.0,yes,dc2925af-a7a5-4211-8e3a-7852ebf9e0c3,2026-01-11 00:02:00,2026-01-11,tester,2026-01-11 00:02:06,https://www.commcarehq.org/form/085c4a0a-eb9f-462c-8a74-26de0d4765e1,tester,True
438,af8895cb-a5a7-4ef4-b306-b8e768d81b5c,community_03,Suleiman,Johnson,female,1952-03-14,38903759526.0,08005435648,https://www.commcarehq.org/photos/farmer_438.jpg,5,mixed_farming,19,owned,1,borehole,---,maize groundnuts rice,2.6,4.0,1.6,goats,21,---,10.251523 7.5359966 0.0 20.0,yes,06e0c9fa-7866-42c6-9c7d-75a7703f0f42,2026-06-29 00:08:00,2026-06-29,tester,2026-06-29 00:08:16,https://www.commcarehq.org/form/af8895cb-a5a7-4ef4-b306-b8e768d81b5c,tester,True
439,8aa79323-1290-409d-ab64-bc5da120b7c1,community_07,Daniel,Balogun,male,1976-03-26,,08053758724,https://www.commcarehq.org/photos/farmer_439.jpg,4,crop_farming,21,owned,2,irrigation_scheme,---,groundnuts,1.1,---,---,goats,25,---,10.2102582 7.59604 0.0 20.0,yes,8024c08f-4ae2-4f5b-b520-88f310caae31,2026-04-19 00:02:00,2026-04-19,tester,2026-04-19 00:02:16,https://www.commcarehq.org/form/8aa79323-1290-409d-ab64-bc5da120b7c1,tester,True
440,17d5a2f5-6db0-497c-a3ae-5329649b8de5,community_04,Ruth,Garba,male,1993-09-06,66201251633.0,08045418591,https://www.commcarehq.org/photos/farmer_440.jpg,5,mixed_farming,11,family_land,1,borehole,---,groundnuts rice,0.6,---,0.6,goats,14,---,10.4257713 7.507365 0.0 20.0,yes,2802a521-fc80-4aac-9354-6c835c1e36e8,2026-04-19 00:08:00,2026-04-19,tester,2026-04-19 00:08:14,https://www.commcarehq.org/form/17d5a2f5-6db0-497c-a3ae-5329649b8de5,tester,True
441,b12942cd-79d6-4846-a5fe-b715b61105bb,community_04,Daniel,Ali,female,1971-01-06,35097664218.0,08092818400,https://www.commcarehq.org/photos/farmer_441.jpg,3,mixed_farming,3,owned,3,rain-fed,---,maize,---,2.9,---,rabbits,---,12,10.3695221 7.2170494 0.0 20.0,no,2daa08ef-ed09-409f-8be4-127f1dbcc109,2026-01-25 00:08:00,2026-01-25,tester,2026-01-25 00:08:16,https://www.commcarehq.org/form/b12942cd-79d6-4846-a5fe-b715b61105bb,tester,True
442,f99f9465-b506-491b-a0c3-c61ce6acf273,community_03,Sarah,Okafor,male,1970-07-20,36132449292.0,08054107398,https://www.commcarehq.org/photos/farmer_442.jpg,5,crop_farming,20,owned,6,rain-fed,---,rice,---,---,2.0,goats,18,---,10.3787279 7.4813631 0.0 20.0,yes,41abc57a-d545-4b80-a343-bba954f2eb4c,2026-05-08 00:02:00,2026-05-08,tester,2026-05-08 00:02:11,https://www.commcarehq.org/form/f99f9465-b506-491b-a0c3-c61ce6acf273,tester,True
443,d3766524-14d2-461f-804f-707891f56544,community_01,Amina,Johnson,male,1982-09-05,67525177348.0,08080558640,https://www.commcarehq.org/photos/farmer_443.jpg,5,crop_farming,11,family_land,1,borehole,---,maize,---,4.0,---,rabbits,---,18,10.2149403 7.4996091 0.0 20.0,yes,0b1658bd-19ce-4049-9959-0fdfd54fae0b,2026-03-02 00:06:00,2026-03-02,tester,2026-03-02 00:06:07,https://www.commcarehq.org/form/d3766524-14d2-461f-804f-707891f56544,tester,True
444,a0e67c5c-9680-4be5-8427-ad71d024b788,community_06,Blessing,Lawal,female,1981-09-22,53232190878.0,08070658288,https://www.commcarehq.org/photos/farmer_444.jpg,6,crop_farming,8,family_land,1,rain-fed,---,maize,---,2.8,---,---,---,---,10.3643549 7.3528016 0.0 20.0,yes,d8b8e867-584c-4b19-8555-a172d1b369f4,2026-02-25 00:05:00,2026-02-25,tester,2026-02-25 00:05:14,https://www.commcarehq.org/form/a0e67c5c-9680-4be5-8427-ad71d024b788,tester,True
445,22b8a252-c5ce-4455-9323-922520a854f4,community_07,Ruth,Ibrahim,female,1994-01-25,94142597191.0,08025168082,https://www.commcarehq.org/photos/farmer_445.jpg,6,crop_farming,4,owned,3,irrigation_scheme,---,groundnuts,0.7,---,---,goats,7,---,10.4637055 7.4523299 0.0 20.0,yes,38cf54a7-4fc4-4338-961f-3c2834f43052,2026-03-08 00:02:00,2026-03-08,tester,2026-03-08 00:02:07,https://www.commcarehq.org/form/22b8a252-c5ce-4455-9323-922520a854f4,tester,True
446,01ee6923-bdd5-41d1-ab20-669473f121c5,community_02,Ahmed,Ogunleye,female,1976-10-28,,08074119975,https://www.commcarehq.org/photos/farmer_446.jpg,8,mixed_farming,2,family_land,1,irrigation_scheme,---,maize groundnuts,0.9,1.2,---,---,---,---,10.4087785 7.4949782 0.0 20.0,yes,86edea30-262a-4cb1-b250-47ac954b9cb8,2026-04-23 00:06:00,2026-04-23,tester,2026-04-23 00:06:16,https://www.commcarehq.org/form/01ee6923-bdd5-41d1-ab20-669473f121c5,tester,True
447,29526991-c797-47dd-87de-5df4ba261b3a,community_03,Amina,Sani,male,1971-10-12,54986808749.0,08040883050,https://www.commcarehq.org/photos/farmer_447.jpg,8,mixed_farming,32,family_land,3,rain-fed,---,maize groundnuts rice,2.3,2.9,3.8,---,---,---,10.4658334 7.2200102 0.0 20.0,yes,145a1813-43ff-46ac-abfa-10a354c173c5,2026-04-01 00:03:00,2026-04-01,tester,2026-04-01 00:03:08,https://www.commcarehq.org/form/29526991-c797-47dd-87de-5df4ba261b3a,tester,True
448,1f249d97-bbc9-4476-b2d3-b3ee84dd91a9,community_02,Paul,Bello,female,1990-12-04,86878140707.0,08061286533,https://www.commcarehq.org/photos/farmer_448.jpg,3,mixed_farming,13,owned,6,irrigation_scheme,---,rice maize groundnuts,1.5,2.0,1.4,rabbits,---,30,10.4046802 7.2606758 0.0 20.0,yes,c6aa8984-1777-4fd1-b011-09071fd5a0d9,2026-02-09 00:06:00,2026-02-09,tester,2026-02-09 00:06:15,https://www.commcarehq.org/form/1f249d97-bbc9-4476-b2d3-b3ee84dd91a9,tester,True
449,d0e354e5-f18a-4d51-adae-8904074d9c98,community_01,Sarah,Isa,female,1992-08-21,85344977713.0,08015572555,https://www.commcarehq.org/photos/farmer_449.jpg,2,crop_farming,16,owned,3,rain-fed,---,groundnuts rice,0.7,---,0.8,rabbits,---,17,10.3430988 7.5021964 0.0 20.0,yes,7f9c9712-708a-4088-af98-3c765f9bdb1f,2026-02-11 00:08:00,2026-02-11,tester,2026-02-11 00:08:11,https://www.commcarehq.org/form/d0e354e5-f18a-4d51-adae-8904074d9c98,tester,True
450,37f44b2e-fc15-4845-b71d-a93a3fe4b03e,community_05,Mary,Garba,male,1976-01-21,15362805151.0,08093547793,https://www.commcarehq.org/photos/farmer_450.jpg,5,crop_farming,7,owned,4,borehole,---,groundnuts maize,1.5,0.9,---,---,---,---,10.5646216 7.4990087 0.0 20.0,yes,5a824143-8c19-450e-8f7a-04187dcf92e3,2026-02-02 00:07:00,2026-02-02,tester,2026-02-02 00:07:13,https://www.commcarehq.org/form/37f44b2e-fc15-4845-b71d-a93a3fe4b03e,tester,True
451,c5b171d5-5f46-4b26-a5b1-587343f5b891,community_04,Blessing,Lawal,male,2000-07-06,,08045002597,https://www.commcarehq.org/photos/farmer_451.jpg,5,mixed_farming,5,owned,3,rain-fed,---,rice,---,---,3.9,goats,21,---,10.3246463 7.4026893 0.0 20.0,yes,b216f5d0-1d59-4293-8010-9ece6dbb0bbd,2026-06-26 00:08:00,2026-06-26,tester,2026-06-26 00:08:07,https://www.commcarehq.org/form/c5b171d5-5f46-4b26-a5b1-587343f5b891,tester,True
452,6294c1a5-a7c8-4003-a999-a869f60cabba,community_02,Blessing,Mohammed,female,1976-05-18,15070558596.0,08087929801,https://www.commcarehq.org/photos/farmer_452.jpg,1,mixed_farming,26,owned,2,other,Spring Water,groundnuts,1.8,---,---,goats,13,---,10.3515932 7.2030713 0.0 20.0,yes,8e923955-0f3c-4bb5-9c07-e8ff20766fe9,2026-06-17 00:07:00,2026-06-17,tester,2026-06-17 00:07:14,https://www.commcarehq.org/form/6294c1a5-a7c8-4003-a999-a869f60cabba,tester,True
453,28d5c4ef-8dc1-448a-8603-39d35838f37f,community_06,Musa,Yakubu,female,1996-02-09,,08096298644,https://www.commcarehq.org/photos/farmer_453.jpg,5,crop_farming,5,owned,2,rain-fed,---,groundnuts maize rice,2.4,6.3,1.2,---,---,---,10.3700606 7.2970067 0.0 20.0,yes,4150f93e-3186-4889-bf99-65637ed11e47,2026-03-08 00:08:00,2026-03-08,tester,2026-03-08 00:08:17,https://www.commcarehq.org/form/28d5c4ef-8dc1-448a-8603-39d35838f37f,tester,True
454,95e2622b-c72b-4791-acaf-0214dac0718b,community_06,Paul,Peter,female,1990-01-19,,08003362066,https://www.commcarehq.org/photos/farmer_454.jpg,4,crop_farming,6,leased,2,irrigation_scheme,---,rice maize groundnuts,1.5,5.1,2.6,goats rabbits,5,19,10.4836564 7.2399659 0.0 20.0,yes,c0a6979e-4471-432f-a63b-00398d860c3b,2026-05-09 00:08:00,2026-05-09,tester,2026-05-09 00:08:13,https://www.commcarehq.org/form/95e2622b-c72b-4791-acaf-0214dac0718b,tester,True
455,84dbe2e0-6265-4fab-a72c-a9b5b16940c7,community_04,Esther,Ojo,male,2000-06-30,81248396098.0,08094451058,https://www.commcarehq.org/photos/farmer_455.jpg,5,crop_farming,5,owned,3,rain-fed,---,rice,---,---,3.3,goats rabbits,25,12,10.2213885 7.4115048 0.0 20.0,yes,b8ebed56-210d-4d35-8129-c9f54251b6c0,2026-05-03 00:04:00,2026-05-03,tester,2026-05-03 00:04:12,https://www.commcarehq.org/form/84dbe2e0-6265-4fab-a72c-a9b5b16940c7,tester,True
456,0629be08-ca51-42bb-b067-ffe8dfb2949b,community_03,Yusuf,Okafor,female,1968-06-21,99416928372.0,08019911662,https://www.commcarehq.org/photos/farmer_456.jpg,5,mixed_farming,18,owned,3,rain-fed,---,maize rice groundnuts,1.3,1.4,1.2,rabbits,---,14,10.2616655 7.4851701 0.0 20.0,yes,8e39a68f-6f03-4fab-afa3-d34afee04076,2026-05-18 00:06:00,2026-05-18,tester,2026-05-18 00:06:20,https://www.commcarehq.org/form/0629be08-ca51-42bb-b067-ffe8dfb2949b,tester,True
457,70350a79-09e5-40bc-8f9a-29a1da8d54ba,community_05,Hauwa,Balogun,female,2000-12-16,,08022674085,https://www.commcarehq.org/photos/farmer_457.jpg,6,livestock_farming,6,family_land,3,river_stream,---,rice,---,---,3.2,---,---,---,10.301972 7.4859033 0.0 20.0,yes,6e8ad9a6-398d-4c65-a8a8-2bc22d7ce3fb,2026-04-09 00:06:00,2026-04-09,tester,2026-04-09 00:06:12,https://www.commcarehq.org/form/70350a79-09e5-40bc-8f9a-29a1da8d54ba,tester,True
458,4b22b544-adf2-4fbd-b7fb-7227365d8a6b,community_02,Mercy,Yakubu,female,1993-01-21,,08080887757,https://www.commcarehq.org/photos/farmer_458.jpg,6,mixed_farming,2,family_land,2,rain-fed,---,rice maize,---,2.1,2.0,---,---,---,10.4140321 7.3446527 0.0 20.0,yes,3f06a423-0f62-47e1-8c20-38ab537b5d70,2026-06-04 00:06:00,2026-06-04,tester,2026-06-04 00:06:11,https://www.commcarehq.org/form/4b22b544-adf2-4fbd-b7fb-7227365d8a6b,tester,True
459,f70ddc4d-9ca8-4927-a8e5-7bda424cc2bd,community_03,Paul,Sani,male,1981-03-11,27709579721.0,08059525365,https://www.commcarehq.org/photos/farmer_459.jpg,7,livestock_farming,25,family_land,1,other,Community Well,rice groundnuts maize,0.8,5.5,2.9,goats rabbits,9,7,10.5447392 7.5945983 0.0 20.0,yes,c452abb9-f833-4ae9-970a-545b72498faa,2026-04-08 00:07:00,2026-04-08,tester,2026-04-08 00:07:13,https://www.commcarehq.org/form/f70ddc4d-9ca8-4927-a8e5-7bda424cc2bd,tester,True
460,b4edf088-8034-43e7-8f5c-542a0debd5d7,community_01,Sarah,Michael,male,1982-09-12,42304439574.0,08027116509,https://www.commcarehq.org/photos/farmer_460.jpg,4,livestock_farming,17,leased,1,rain-fed,---,groundnuts,0.9,---,---,goats rabbits,5,16,10.2702917 7.200845 0.0 20.0,yes,96abe530-bd03-4097-bb44-1f2b599169b8,2026-05-14 00:05:00,2026-05-14,tester,2026-05-14 00:05:19,https://www.commcarehq.org/form/b4edf088-8034-43e7-8f5c-542a0debd5d7,tester,True
461,3f6dc306-eb98-43d0-9b69-9ae76852935b,community_03,Mary,Musa,female,1976-08-04,,08096715813,https://www.commcarehq.org/photos/farmer_461.jpg,3,crop_farming,19,leased,3,dam_reservoir,---,rice groundnuts maize,1.2,5.2,3.2,rabbits,---,22,10.323732 7.5465418 0.0 20.0,yes,54e3d64c-2f6a-42f1-9620-ba3eb562924e,2026-06-23 00:08:00,2026-06-23,tester,2026-06-23 00:08:08,https://www.commcarehq.org/form/3f6dc306-eb98-43d0-9b69-9ae76852935b,tester,True
462,8eb06c4e-183e-4b9b-9293-827bcbea6535,community_01,John,Balogun,female,2002-04-05,90497112402.0,08038390483,https://www.commcarehq.org/photos/farmer_462.jpg,1,crop_farming,3,owned,1,borehole,---,maize,---,0.5,---,goats rabbits,12,39,10.3075458 7.4474455 0.0 20.0,yes,c1b52976-6a43-47fa-96ec-6da5fb3e67a5,2026-06-07 00:02:00,2026-06-07,tester,2026-06-07 00:02:16,https://www.commcarehq.org/form/8eb06c4e-183e-4b9b-9293-827bcbea6535,tester,True
463,6acc3761-ae86-4749-83b9-8d545f04360e,community_06,Emmanuel,Daniel,male,1981-10-02,89746668055.0,08061675555,https://www.commcarehq.org/photos/farmer_463.jpg,8,livestock_farming,22,family_land,4,rain-fed,---,maize groundnuts rice,1.6,1.0,2.1,goats,24,---,10.2506017 7.5773072 0.0 20.0,yes,0dc9eb1d-6fb3-453b-8fd9-747fca801938,2026-06-29 00:08:00,2026-06-29,tester,2026-06-29 00:08:16,https://www.commcarehq.org/form/6acc3761-ae86-4749-83b9-8d545f04360e,tester,True
464,96ae1276-8a36-4350-8c7d-8fc37f1a3134,community_03,Binta,Yakubu,female,1974-01-01,22789458540.0,08050983104,https://www.commcarehq.org/photos/farmer_464.jpg,5,crop_farming,32,owned,6,rain-fed,---,maize groundnuts,2.5,1.1,---,---,---,---,10.4205703 7.3121324 0.0 20.0,yes,11150b3c-2ce2-4e39-97df-69efa9d98903,2026-06-01 00:05:00,2026-06-01,tester,2026-06-01 00:05:09,https://www.commcarehq.org/form/96ae1276-8a36-4350-8c7d-8fc37f1a3134,tester,True
465,1ccf6b16-4584-437f-8b76-8b756d494e28,community_03,Rebecca,Isa,male,1955-10-30,16224606339.0,08088927218,https://www.commcarehq.org/photos/farmer_465.jpg,5,mixed_farming,3,owned,6,rain-fed,---,maize groundnuts,2.3,0.6,---,rabbits,---,27,10.2878229 7.4816507 0.0 20.0,yes,6b3a5abd-ffc8-4c6f-8371-9f0672b865ce,2026-03-12 00:02:00,2026-03-12,tester,2026-03-12 00:02:19,https://www.commcarehq.org/form/1ccf6b16-4584-437f-8b76-8b756d494e28,tester,True
466,58591dec-78af-43b5-a980-2fa02672e43d,community_01,Joy,Peter,male,1973-10-30,94009517385.0,08037700598,https://www.commcarehq.org/photos/farmer_466.jpg,4,crop_farming,6,owned,6,irrigation_scheme,---,groundnuts maize,0.7,5.2,---,---,---,---,10.5012232 7.2236007 0.0 20.0,yes,35f11ef0-f618-47d9-9117-45c537299a63,2026-04-06 00:02:00,2026-04-06,tester,2026-04-06 00:02:10,https://www.commcarehq.org/form/58591dec-78af-43b5-a980-2fa02672e43d,tester,True
467,3f60e2f0-04a7-4e8c-92e9-640fc44194dc,community_06,Naomi,Abdullahi,male,1975-02-03,18075019327.0,08072870510,https://www.commcarehq.org/photos/farmer_467.jpg,3,mixed_farming,1,leased,2,river_stream,---,groundnuts maize rice,2.2,1.9,2.8,---,---,---,10.3652817 7.4221332 0.0 20.0,yes,af5dbcd2-67b2-49ba-b609-330eb134ce37,2026-04-16 00:04:00,2026-04-16,tester,2026-04-16 00:04:09,https://www.commcarehq.org/form/3f60e2f0-04a7-4e8c-92e9-640fc44194dc,tester,True
468,2d743fec-07a2-439d-bb58-47cb5b4718ec,community_04,James,Ibrahim,female,1994-08-24,,08051488097,https://www.commcarehq.org/photos/farmer_468.jpg,11,mixed_farming,11,family_land,1,rain-fed,---,groundnuts maize,1.6,3.6,---,---,---,---,10.5485428 7.2605536 0.0 20.0,yes,bb7b4776-f435-4fbd-b437-e6be2d3a4da6,2026-04-14 00:08:00,2026-04-14,tester,2026-04-14 00:08:13,https://www.commcarehq.org/form/2d743fec-07a2-439d-bb58-47cb5b4718ec,tester,True
469,7203acf6-a866-481a-b1a0-0168524dc99e,community_07,David,Musa,female,1986-10-04,81047099986.0,08013183999,https://www.commcarehq.org/photos/farmer_469.jpg,5,crop_farming,11,owned,2,borehole,---,maize rice,---,4.2,1.7,goats rabbits,14,38,10.2731089 7.5298608 0.0 20.0,yes,76853f50-7281-4c8d-bf07-b1f1d53314a9,2026-05-19 00:04:00,2026-05-19,tester,2026-05-19 00:04:15,https://www.commcarehq.org/form/7203acf6-a866-481a-b1a0-0168524dc99e,tester,True
470,3f743ed3-edb3-4d1c-ba33-e3777af1bd51,community_01,Ruth,Ojo,female,1967-05-25,,08000179090,https://www.commcarehq.org/photos/farmer_470.jpg,5,crop_farming,25,owned,6,rain-fed,---,rice maize groundnuts,1.3,6.0,1.4,---,---,---,10.5992844 7.5571875 0.0 20.0,yes,fd13854e-0c09-49f3-b9c8-456862a5f994,2026-02-16 00:05:00,2026-02-16,tester,2026-02-16 00:05:15,https://www.commcarehq.org/form/3f743ed3-edb3-4d1c-ba33-e3777af1bd51,tester,True
471,2120663d-4d1a-49bd-a873-def2001f9369,community_06,Naomi,Okafor,male,1966-04-27,,08076033899,https://www.commcarehq.org/photos/farmer_471.jpg,5,mixed_farming,17,owned,3,rain-fed,---,maize,---,1.1,---,goats,8,---,10.3854782 7.4202978 0.0 20.0,yes,88631b63-abff-4edd-b2dd-9311b45487e9,2026-06-01 00:07:00,2026-06-01,tester,2026-06-01 00:07:16,https://www.commcarehq.org/form/2120663d-4d1a-49bd-a873-def2001f9369,tester,True
472,e2666caa-5f3a-4ce4-8b69-4bcbca55b045,community_05,Elizabeth,Garba,female,1976-07-09,,08026237281,https://www.commcarehq.org/photos/farmer_472.jpg,5,livestock_farming,28,owned,3,borehole,---,groundnuts,1.9,---,---,---,---,---,10.5821647 7.5961943 0.0 20.0,yes,f98e8f3d-962b-44a3-a825-32180181d485,2026-06-07 00:06:00,2026-06-07,tester,2026-06-07 00:06:10,https://www.commcarehq.org/form/e2666caa-5f3a-4ce4-8b69-4bcbca55b045,tester,True
473,18dba80e-ee84-4920-a2b6-2161cc813add,community_07,Daniel,Samuel,female,1990-07-24,14924214050.0,08030095563,https://www.commcarehq.org/photos/farmer_473.jpg,6,mixed_farming,3,owned,3,rain-fed,---,groundnuts maize rice,2.2,1.3,3.6,goats,8,---,10.3155904 7.4324213 0.0 20.0,yes,a7e9014d-4d2f-4f0f-a7a2-d91e12358990,2026-04-06 00:08:00,2026-04-06,tester,2026-04-06 00:08:12,https://www.commcarehq.org/form/18dba80e-ee84-4920-a2b6-2161cc813add,tester,True
474,8b630468-3d99-4268-b5b5-b9eaad324a0a,community_01,Joseph,Ibrahim,male,1974-01-24,32410994216.0,08068023281,https://www.commcarehq.org/photos/farmer_474.jpg,3,mixed_farming,12,family_land,3,rain-fed,---,maize,---,2.5,---,goats,2,---,10.2127793 7.2159335 0.0 20.0,yes,917a8b98-1306-43c1-8ba5-cffdd09ccceb,2026-04-18 00:08:00,2026-04-18,tester,2026-04-18 00:08:06,https://www.commcarehq.org/form/8b630468-3d99-4268-b5b5-b9eaad324a0a,tester,True
475,caab5975-288b-45ff-86d5-90b3bfe91105,community_03,Amina,Ojo,female,1979-10-25,27239760325.0,08081347608,https://www.commcarehq.org/photos/farmer_475.jpg,5,crop_farming,25,leased,3,other,Community Well,rice groundnuts,0.7,---,2.6,---,---,---,10.2669948 7.2185705 0.0 20.0,yes,34dcb205-2de3-4196-a07e-77a3ab0557aa,2026-03-03 00:05:00,2026-03-03,tester,2026-03-03 00:05:10,https://www.commcarehq.org/form/caab5975-288b-45ff-86d5-90b3bfe91105,tester,True
476,51ccfe2a-f6b9-41dd-9e35-24636926867e,community_06,Naomi,Ogunleye,male,1988-04-06,29738972795.0,08004031751,https://www.commcarehq.org/photos/farmer_476.jpg,6,mixed_farming,20,family_land,6,borehole,---,rice maize groundnuts,2.2,3.9,2.0,---,---,---,10.2845744 7.3485714 0.0 20.0,yes,5a9cd0d2-d3da-466e-9ad7-bc21181facb5,2026-01-21 00:07:00,2026-01-21,tester,2026-01-21 00:07:15,https://www.commcarehq.org/form/51ccfe2a-f6b9-41dd-9e35-24636926867e,tester,True
477,99bfd308-e595-4ea6-b0c6-d89e65836beb,community_04,Samuel,Ogunleye,female,1997-05-21,16514451913.0,08077794768,https://www.commcarehq.org/photos/farmer_477.jpg,3,livestock_farming,9,leased,2,river_stream,---,maize rice,---,5.7,2.8,rabbits,---,32,10.2650054 7.2215897 0.0 20.0,yes,d0049f25-91a8-4908-b444-b1c55e072751,2026-06-07 00:04:00,2026-06-07,tester,2026-06-07 00:04:09,https://www.commcarehq.org/form/99bfd308-e595-4ea6-b0c6-d89e65836beb,tester,True
478,d7b244ad-0260-4b82-8344-392670e3f722,community_05,Joy,Garba,male,1965-03-09,75621708428.0,08096798709,https://www.commcarehq.org/photos/farmer_478.jpg,5,mixed_farming,9,family_land,4,rain-fed,---,maize,---,6.1,---,---,---,---,10.2524802 7.4867758 0.0 20.0,yes,56e7ea20-15fb-4820-a0c5-8fa985d4dc22,2026-02-02 00:07:00,2026-02-02,tester,2026-02-02 00:07:08,https://www.commcarehq.org/form/d7b244ad-0260-4b82-8344-392670e3f722,tester,True
479,6d5de72f-1d69-4543-92b3-7fe3a8f60023,community_02,Yusuf,Daniel,male,1973-10-30,66036587907.0,08021683728,https://www.commcarehq.org/photos/farmer_479.jpg,6,mixed_farming,35,owned,1,borehole,---,groundnuts maize rice,1.7,2.8,2.6,rabbits,---,35,10.2872679 7.577645 0.0 20.0,yes,c9b825af-5cfc-4557-8e7e-04d0632be99d,2026-03-05 00:08:00,2026-03-05,tester,2026-03-05 00:08:13,https://www.commcarehq.org/form/6d5de72f-1d69-4543-92b3-7fe3a8f60023,tester,True
480,99beeee8-86f6-4c27-9205-e0abbabcfe04,community_01,Joseph,David,male,1983-05-13,78779572368.0,08004894939,https://www.commcarehq.org/photos/farmer_480.jpg,3,livestock_farming,3,owned,2,rain-fed,---,maize rice groundnuts,2.1,3.1,2.0,---,---,---,10.4418637 7.2754258 0.0 20.0,yes,980fe5e5-e05e-421f-9147-206eaff098ab,2026-04-17 00:04:00,2026-04-17,tester,2026-04-17 00:04:05,https://www.commcarehq.org/form/99beeee8-86f6-4c27-9205-e0abbabcfe04,tester,True
481,421554df-bc90-4eed-978d-f0f4e6a95cf7,community_02,Hauwa,David,male,1993-12-24,19094469340.0,08021241836,https://www.commcarehq.org/photos/farmer_481.jpg,8,crop_farming,9,leased,3,rain-fed,---,maize groundnuts rice,0.9,1.9,1.6,rabbits,---,40,10.4283575 7.3521065 0.0 20.0,yes,89c3e28c-156e-454f-bec2-b8f394d6a006,2026-05-24 00:04:00,2026-05-24,tester,2026-05-24 00:04:12,https://www.commcarehq.org/form/421554df-bc90-4eed-978d-f0f4e6a95cf7,tester,True
482,7b38fd7e-e5f2-4688-b6d9-908836dff371,community_07,Suleiman,Ahmed,female,1961-01-11,,08032299060,https://www.commcarehq.org/photos/farmer_482.jpg,8,mixed_farming,26,owned,3,river_stream,---,maize rice groundnuts,1.3,3.2,2.6,---,---,---,10.3073005 7.5088355 0.0 20.0,yes,e612593f-0551-48bd-bf92-c7b7505878fb,2026-06-12 00:04:00,2026-06-12,tester,2026-06-12 00:04:11,https://www.commcarehq.org/form/7b38fd7e-e5f2-4688-b6d9-908836dff371,tester,True
483,6b5693e7-62ab-46b9-b306-0e21219f6773,community_03,Peter,Usman,male,1981-12-23,94731687993.0,08073849112,https://www.commcarehq.org/photos/farmer_483.jpg,3,mixed_farming,27,leased,2,river_stream,---,maize,---,4.1,---,goats,13,---,10.35883 7.5376958 0.0 20.0,yes,e1e2140e-c6a0-41eb-a637-b2fab15f3764,2026-03-03 00:02:00,2026-03-03,tester,2026-03-03 00:02:19,https://www.commcarehq.org/form/6b5693e7-62ab-46b9-b306-0e21219f6773,tester,True
484,521376d5-084e-414b-8353-6893f17b78dd,community_06,James,Peter,male,1967-05-17,24537630933.0,08092996528,https://www.commcarehq.org/photos/farmer_484.jpg,6,crop_farming,20,owned,1,rain-fed,---,maize groundnuts rice,2.9,4.6,0.6,---,---,---,10.2487928 7.5760587 0.0 20.0,yes,4beb3b39-b13d-470f-ad78-80f315ce29fa,2026-02-12 00:03:00,2026-02-12,tester,2026-02-12 00:03:08,https://www.commcarehq.org/form/521376d5-084e-414b-8353-6893f17b78dd,tester,True
485,ce904905-457d-4c7c-9f06-28720c4e5b91,community_01,Suleiman,Sani,male,1958-02-06,35324248881.0,08049728660,https://www.commcarehq.org/photos/farmer_485.jpg,6,livestock_farming,44,owned,3,rain-fed,---,groundnuts rice maize,1.7,1.3,2.0,---,---,---,10.2779917 7.2013621 0.0 20.0,yes,20225d24-5413-4a49-a94b-041d900e6885,2026-01-16 00:07:00,2026-01-16,tester,2026-01-16 00:07:06,https://www.commcarehq.org/form/ce904905-457d-4c7c-9f06-28720c4e5b91,tester,True
486,0d15b931-76d7-4e3f-aeac-b121a8f165aa,community_07,Binta,Ogunleye,male,2000-10-06,54528020380.0,08066001811,https://www.commcarehq.org/photos/farmer_486.jpg,5,mixed_farming,4,owned,1,rain-fed,---,rice groundnuts maize,2.4,3.7,2.7,goats,7,---,10.2793838 7.2792462 0.0 20.0,yes,18a2a0a9-0d35-4148-8329-e9b81bc76606,2026-03-31 00:07:00,2026-03-31,tester,2026-03-31 00:07:09,https://www.commcarehq.org/form/0d15b931-76d7-4e3f-aeac-b121a8f165aa,tester,True
487,f8187dd2-fbf2-4e60-9338-223e0150b0eb,community_04,Joseph,Isa,female,1998-04-04,58301765921.0,08013688691,https://www.commcarehq.org/photos/farmer_487.jpg,4,crop_farming,10,owned,3,rain-fed,---,maize rice,---,4.6,3.4,---,---,---,10.3416155 7.2516811 0.0 20.0,yes,898310a3-52ed-4148-ac1e-b67945f7a039,2026-01-23 00:06:00,2026-01-23,tester,2026-01-23 00:06:16,https://www.commcarehq.org/form/f8187dd2-fbf2-4e60-9338-223e0150b0eb,tester,True
488,dc0f9c3a-aaae-48aa-bf73-6786edd1c7cd,community_07,Ruth,David,male,2001-06-14,93275507281.0,08049788100,https://www.commcarehq.org/photos/farmer_488.jpg,10,livestock_farming,5,family_land,3,borehole,---,rice maize,---,6.0,3.2,---,---,---,10.3610149 7.2801216 0.0 20.0,yes,74a8670b-4d7e-4a59-9304-ad6b0ba56ea9,2026-03-09 00:03:00,2026-03-09,tester,2026-03-09 00:03:09,https://www.commcarehq.org/form/dc0f9c3a-aaae-48aa-bf73-6786edd1c7cd,tester,True
489,a70653ad-70f4-44c5-96c3-3e2c460f60c2,community_02,John,Ogunleye,female,2005-07-07,25611091312.0,08072939857,https://www.commcarehq.org/photos/farmer_489.jpg,8,crop_farming,3,leased,4,river_stream,---,maize groundnuts rice,2.1,5.9,1.3,---,---,---,10.3915154 7.5194952 0.0 20.0,yes,28b59e5f-61c7-4df4-9442-f56791dda4d4,2026-06-15 00:02:00,2026-06-15,tester,2026-06-15 00:02:06,https://www.commcarehq.org/form/a70653ad-70f4-44c5-96c3-3e2c460f60c2,tester,True
490,c780422a-63f9-424c-b825-7faf5b19cc7f,community_02,Ahmed,Abdullahi,male,2005-07-03,41418782332.0,08089763062,https://www.commcarehq.org/photos/farmer_490.jpg,6,mixed_farming,2,family_land,1,borehole,---,maize rice groundnuts,1.3,2.2,2.2,goats,10,---,10.5197129 7.5747134 0.0 20.0,yes,4ffcdd4c-9fe5-4ecf-843b-f40ded69defb,2026-04-05 00:02:00,2026-04-05,tester,2026-04-05 00:02:18,https://www.commcarehq.org/form/c780422a-63f9-424c-b825-7faf5b19cc7f,tester,True
491,82859898-2512-4db0-be2b-ec8ce81185b1,community_07,James,Bello,male,1971-01-28,87382026272.0,08090752353,https://www.commcarehq.org/photos/farmer_491.jpg,1,crop_farming,11,owned,1,rain-fed,---,maize groundnuts rice,2.3,1.0,1.6,---,---,---,10.5007591 7.3719986 0.0 20.0,yes,99eecb40-1735-4782-b2b8-c092d9073fd1,2026-04-14 00:05:00,2026-04-14,tester,2026-04-14 00:05:19,https://www.commcarehq.org/form/82859898-2512-4db0-be2b-ec8ce81185b1,tester,True
492,7f9fe294-aaef-4db2-8659-18fc9971ff28,community_03,Blessing,Yakubu,male,2001-10-29,,08027914374,https://www.commcarehq.org/photos/farmer_492.jpg,5,mixed_farming,4,family_land,2,river_stream,---,rice,---,---,2.9,---,---,---,10.323507 7.2461153 0.0 20.0,yes,f862288c-8a3e-4fe0-9f05-7e85682932cb,2026-04-08 00:04:00,2026-04-08,tester,2026-04-08 00:04:14,https://www.commcarehq.org/form/7f9fe294-aaef-4db2-8659-18fc9971ff28,tester,True
493,5f18e36b-05b4-4df6-bf74-421f832b28b6,community_02,Esther,Adeyemi,female,1981-04-10,14916585311.0,08015303822,https://www.commcarehq.org/photos/farmer_493.jpg,8,crop_farming,23,owned,1,rain-fed,---,maize rice,---,3.8,3.2,---,---,---,10.3791304 7.3800556 0.0 20.0,yes,4522a0d1-d84a-43d2-9f76-1ccbfefcb7ba,2026-01-23 00:05:00,2026-01-23,tester,2026-01-23 00:05:11,https://www.commcarehq.org/form/5f18e36b-05b4-4df6-bf74-421f832b28b6,tester,True
494,c75dac80-c940-4e22-abac-a4fd875d9116,community_03,Daniel,Usman,female,2003-06-21,58293745808.0,08032153241,https://www.commcarehq.org/photos/farmer_494.jpg,6,mixed_farming,3,owned,3,rain-fed,---,rice,---,---,1.8,rabbits,---,25,10.3399058 7.2646048 0.0 20.0,yes,90da9c6b-6aad-455f-a389-518b2b060d2b,2026-04-16 00:07:00,2026-04-16,tester,2026-04-16 00:07:11,https://www.commcarehq.org/form/c75dac80-c940-4e22-abac-a4fd875d9116,tester,True
495,ede2b188-fd3b-4e48-b918-0cb3d27ccd91,community_03,Peter,Bello,female,1977-08-30,,08087632629,https://www.commcarehq.org/photos/farmer_495.jpg,5,crop_farming,8,owned,2,borehole,---,rice groundnuts,1.5,---,3.7,---,---,---,10.2969832 7.4822749 0.0 20.0,yes,68a5e5e3-252d-4265-b6a7-b07ecdbf4a31,2026-03-12 00:06:00,2026-03-12,tester,2026-03-12 00:06:19,https://www.commcarehq.org/form/ede2b188-fd3b-4e48-b918-0cb3d27ccd91,tester,True
496,131bccf1-491f-44a4-a229-b0ea529b14c9,community_02,Blessing,Michael,male,1995-10-13,,08086125517,https://www.commcarehq.org/photos/farmer_496.jpg,8,mixed_farming,9,family_land,3,dam_reservoir,---,groundnuts,0.9,---,---,---,---,---,10.5040995 7.3782172 0.0 20.0,yes,ed4a4006-5efd-4bb7-a709-857e8d677fab,2026-02-14 00:02:00,2026-02-14,tester,2026-02-14 00:02:20,https://www.commcarehq.org/form/131bccf1-491f-44a4-a229-b0ea529b14c9,tester,True
497,166b1afb-8d37-4528-bf3b-ded0afa27032,community_06,Ruth,Johnson,male,1971-04-08,59017596537.0,08038170035,https://www.commcarehq.org/photos/farmer_497.jpg,10,mixed_farming,2,owned,3,rain-fed,---,groundnuts,2.3,---,---,---,---,---,10.5457277 7.411506 0.0 20.0,yes,94b449d9-ad16-4375-a6a4-90f96e81a9a6,2026-02-18 00:04:00,2026-02-18,tester,2026-02-18 00:04:15,https://www.commcarehq.org/form/166b1afb-8d37-4528-bf3b-ded0afa27032,tester,True
498,9529badb-4203-4988-b26b-bdc357e6ff73,community_05,Joy,Ibrahim,female,1980-06-02,,08069232233,https://www.commcarehq.org/photos/farmer_498.jpg,10,crop_farming,6,owned,6,borehole,---,groundnuts,1.0,---,---,rabbits,---,28,10.2831649 7.2431126 0.0 20.0,yes,68b28875-40ae-45e3-add3-77b1a1aba97b,2026-06-19 00:05:00,2026-06-19,tester,2026-06-19 00:05:18,https://www.commcarehq.org/form/9529badb-4203-4988-b26b-bdc357e6ff73,tester,True
499,612a210f-4eef-4088-ab87-668f7b1e1500,community_04,Yusuf,Adeyemi,female,1988-06-26,55746234009.0,08078527918,https://www.commcarehq.org/photos/farmer_499.jpg,3,crop_farming,10,owned,4,rain-fed,---,groundnuts rice,1.1,---,3.3,---,---,---,10.2653478 7.5260267 0.0 20.0,yes,019024b1-c1f6-4fe3-a080-c027be0337be,2026-03-13 00:05:00,2026-03-13,tester,2026-03-13 00:05:17,https://www.commcarehq.org/form/612a210f-4eef-4088-ab87-668f7b1e1500,tester,True
500,c0fe0297-4ab0-4f9b-8636-12881677a79f,community_02,Samuel,Lawal,male,1974-04-04,92262874450.0,08070035120,https://www.commcarehq.org/photos/farmer_500.jpg,3,crop_farming,5,family_land,1,rain-fed,---,maize groundnuts,1.6,3.1,---,---,---,---,10.3389494 7.5255323 0.0 20.0,yes,e82f098e-fb3a-4abd-9927-f4197daefeba,2026-01-15 00:03:00,2026-01-15,tester,2026-01-15 00:03:13,https://www.commcarehq.org/form/c0fe0297-4ab0-4f9b-8636-12881677a79f,tester,True
501,27eefbde-fb9f-43ec-b639-29609de4245c,community_05,John,Musa,male,1958-09-24,33569218238.0,08022791120,https://www.commcarehq.org/photos/farmer_501.jpg,7,livestock_farming,2,owned,4,borehole,---,maize,---,0.8,---,goats,16,---,10.4888849 7.5665167 0.0 20.0,yes,07fcc06e-33da-4950-b5b0-fc0587abd9f6,2026-05-20 00:05:00,2026-05-20,tester,2026-05-20 00:05:08,https://www.commcarehq.org/form/27eefbde-fb9f-43ec-b639-29609de4245c,tester,True
502,6654fad6-3766-4629-888d-3f85f230894f,community_06,Ruth,Ojo,female,1981-12-13,35178238709.0,08090355916,https://www.commcarehq.org/photos/farmer_502.jpg,1,crop_farming,2,family_land,3,rain-fed,---,rice maize,---,4.8,3.7,rabbits,---,17,10.3941871 7.4508804 0.0 20.0,yes,13b8a100-099b-4686-a952-e540dcc16dd6,2026-01-20 00:08:00,2026-01-20,tester,2026-01-20 00:08:10,https://www.commcarehq.org/form/6654fad6-3766-4629-888d-3f85f230894f,tester,True
503,51f34b61-ed02-4915-8840-c681eeeab885,community_01,Fatima,Bello,female,2000-10-18,60237756037.0,08095870990,https://www.commcarehq.org/photos/farmer_503.jpg,3,mixed_farming,4,owned,6,rain-fed,---,maize groundnuts rice,2.3,5.9,0.9,goats rabbits,7,33,10.5781386 7.4993753 0.0 20.0,yes,9682b680-1c74-4aed-8b7a-6e6805f804fc,2026-05-23 00:05:00,2026-05-23,tester,2026-05-23 00:05:10,https://www.commcarehq.org/form/51f34b61-ed02-4915-8840-c681eeeab885,tester,True
504,fe80324b-429a-4bde-b04a-0b48e3562000,community_01,Daniel,Tanko,male,2002-04-08,47842565441.0,08056811768,https://www.commcarehq.org/photos/farmer_504.jpg,4,crop_farming,1,owned,3,rain-fed,---,groundnuts maize,1.7,5.3,---,goats,13,---,10.3510093 7.4029947 0.0 20.0,yes,c726a7ed-c5b5-41e9-8ae6-e5c089b7bb11,2026-06-06 00:08:00,2026-06-06,tester,2026-06-06 00:08:15,https://www.commcarehq.org/form/fe80324b-429a-4bde-b04a-0b48e3562000,tester,True
505,ffd1ff37-8317-41be-b311-264e04315251,community_02,Ahmed,Ali,male,1983-12-21,38595602886.0,08018742443,https://www.commcarehq.org/photos/farmer_505.jpg,4,crop_farming,14,owned,2,rain-fed,---,groundnuts rice maize,1.9,6.1,1.0,goats,4,---,10.5458741 7.5715748 0.0 20.0,yes,7b5459a3-89be-433c-b084-3ce23f1e728f,2026-01-11 00:03:00,2026-01-11,tester,2026-01-11 00:03:15,https://www.commcarehq.org/form/ffd1ff37-8317-41be-b311-264e04315251,tester,True
506,fef49fdf-2b71-40c3-8eca-a65d9a38f719,community_02,Ahmed,Ogunleye,female,1992-11-14,,08086162714,https://www.commcarehq.org/photos/farmer_506.jpg,3,mixed_farming,11,owned,1,rain-fed,---,groundnuts rice maize,1.9,5.6,1.3,rabbits,---,7,10.2707121 7.260736 0.0 20.0,yes,86d84a2e-15f3-4ea3-a602-64a281f94206,2026-02-14 00:08:00,2026-02-14,tester,2026-02-14 00:08:07,https://www.commcarehq.org/form/fef49fdf-2b71-40c3-8eca-a65d9a38f719,tester,True
507,953f6032-50b7-4af2-b76e-9855586407e4,community_03,Musa,Yakubu,female,1970-10-13,84884645534.0,08044481552,https://www.commcarehq.org/photos/farmer_507.jpg,2,mixed_farming,1,owned,6,irrigation_scheme,---,maize rice,---,2.0,1.6,goats,25,---,10.4551224 7.3127076 0.0 20.0,yes,38ffa6d9-2828-4262-a8cf-fd409a84cd1f,2026-03-21 00:08:00,2026-03-21,tester,2026-03-21 00:08:08,https://www.commcarehq.org/form/953f6032-50b7-4af2-b76e-9855586407e4,tester,True
508,302ec557-b493-4dd7-a84a-c4e428f0cf65,community_04,Suleiman,Peter,male,1984-09-02,69829590188.0,08081106012,https://www.commcarehq.org/photos/farmer_508.jpg,4,mixed_farming,17,leased,3,borehole,---,groundnuts,1.7,---,---,rabbits,---,28,10.435251 7.4376246 0.0 20.0,yes,d7ea4f7c-e15c-45d7-bdb5-d609d7bddcb2,2026-05-28 00:07:00,2026-05-28,tester,2026-05-28 00:07:08,https://www.commcarehq.org/form/302ec557-b493-4dd7-a84a-c4e428f0cf65,tester,True
509,632a01d4-3798-457b-88bb-bbde85b412bb,community_05,Esther,Ogunleye,male,1976-06-14,67689962001.0,08047770311,https://www.commcarehq.org/photos/farmer_509.jpg,5,livestock_farming,1,owned,1,rain-fed,---,rice,---,---,3.6,rabbits,---,24,10.4212603 7.2647355 0.0 20.0,yes,172f9adc-dd91-43a6-8a77-61082b100b82,2026-06-07 00:03:00,2026-06-07,tester,2026-06-07 00:03:06,https://www.commcarehq.org/form/632a01d4-3798-457b-88bb-bbde85b412bb,tester,True
510,c266fe48-a98d-4c62-bfb3-deedd543c45a,community_01,Joseph,Sani,female,2000-11-26,,08081588586,https://www.commcarehq.org/photos/farmer_510.jpg,4,livestock_farming,2,owned,6,dam_reservoir,---,groundnuts maize,1.6,2.0,---,---,---,---,10.2434641 7.589259 0.0 20.0,yes,561f3ace-7a0c-42a6-84cf-2e07dfe0038d,2026-06-19 00:06:00,2026-06-19,tester,2026-06-19 00:06:10,https://www.commcarehq.org/form/c266fe48-a98d-4c62-bfb3-deedd543c45a,tester,True
511,2dd9e40a-28f8-4205-b8fb-3d0e4cbf5f74,community_02,Peter,Ogunleye,female,1999-10-21,,08028468539,https://www.commcarehq.org/photos/farmer_511.jpg,12,crop_farming,2,family_land,2,borehole,---,groundnuts rice maize,2.6,5.4,1.4,goats,6,---,10.3778379 7.3639006 0.0 20.0,yes,081bf580-293a-485a-916f-f123c7fe8660,2026-05-09 00:07:00,2026-05-09,tester,2026-05-09 00:07:08,https://www.commcarehq.org/form/2dd9e40a-28f8-4205-b8fb-3d0e4cbf5f74,tester,True
512,4d665e80-8ed3-4a4c-b11c-60b46149a670,community_03,Blessing,Usman,female,1982-10-08,,08034707773,https://www.commcarehq.org/photos/farmer_512.jpg,8,crop_farming,6,family_land,2,rain-fed,---,maize groundnuts,1.3,3.5,---,---,---,---,10.3373714 7.2894063 0.0 20.0,yes,b1bd21ba-2da5-4ed8-a94f-4b527d8fca47,2026-04-22 00:07:00,2026-04-22,tester,2026-04-22 00:07:05,https://www.commcarehq.org/form/4d665e80-8ed3-4a4c-b11c-60b46149a670,tester,True
513,6cf2adcb-1ca3-46ed-8ed8-2de07414b7aa,community_06,Suleiman,Ahmed,female,1977-07-02,77119178718.0,08016493753,https://www.commcarehq.org/photos/farmer_513.jpg,3,mixed_farming,10,family_land,2,rain-fed,---,rice maize groundnuts,1.2,6.2,1.2,---,---,---,10.3209076 7.3643814 0.0 20.0,yes,2d118967-154f-4924-9937-eda2eb6b87fb,2026-04-28 00:06:00,2026-04-28,tester,2026-04-28 00:06:15,https://www.commcarehq.org/form/6cf2adcb-1ca3-46ed-8ed8-2de07414b7aa,tester,True
514,3bd83bb8-059c-4fc9-93b4-607088c35a55,community_02,Suleiman,Okafor,male,1980-02-14,,08052371688,https://www.commcarehq.org/photos/farmer_514.jpg,5,livestock_farming,2,owned,1,rain-fed,---,maize groundnuts,0.5,3.8,---,goats,10,---,10.2417499 7.2885758 0.0 20.0,yes,f229a966-43f6-43d5-aaf2-25dce90e174e,2026-05-19 00:06:00,2026-05-19,tester,2026-05-19 00:06:11,https://www.commcarehq.org/form/3bd83bb8-059c-4fc9-93b4-607088c35a55,tester,True
515,b5fa2351-6b84-4518-965f-4d1869ccc65d,community_06,Paul,Musa,male,1987-10-02,46394379580.0,08087139219,https://www.commcarehq.org/photos/farmer_515.jpg,10,crop_farming,12,family_land,3,rain-fed,---,maize groundnuts rice,2.8,6.2,1.9,goats,10,---,10.2766328 7.37531 0.0 20.0,yes,5339bf3b-eda9-42b6-9539-94810ed02294,2026-03-17 00:05:00,2026-03-17,tester,2026-03-17 00:05:19,https://www.commcarehq.org/form/b5fa2351-6b84-4518-965f-4d1869ccc65d,tester,True
516,3aeeb212-d71d-4e72-a086-044ea591538e,community_04,Esther,Lawal,male,1975-08-14,33502508110.0,08046017481,https://www.commcarehq.org/photos/farmer_516.jpg,4,livestock_farming,17,owned,3,rain-fed,---,rice maize,---,6.2,2.5,---,---,---,10.3496901 7.3203534 0.0 20.0,yes,d066dfca-e18d-4f39-8e67-d6ff4cd5c17e,2026-02-06 00:08:00,2026-02-06,tester,2026-02-06 00:08:09,https://www.commcarehq.org/form/3aeeb212-d71d-4e72-a086-044ea591538e,tester,True
517,608f928f-276b-4970-a92d-e87b43c20b08,community_01,Elizabeth,Samuel,female,1989-05-01,32240459211.0,08091632664,https://www.commcarehq.org/photos/farmer_517.jpg,3,livestock_farming,10,owned,3,rain-fed,---,rice,---,---,2.0,goats,9,---,10.3250159 7.3956396 0.0 20.0,yes,7a8803e0-1e30-4bd8-8715-b2420045517d,2026-02-05 00:04:00,2026-02-05,tester,2026-02-05 00:04:15,https://www.commcarehq.org/form/608f928f-276b-4970-a92d-e87b43c20b08,tester,True
518,2d2bd7ac-2ef0-466f-8dad-6944c1632a7a,community_05,John,James,male,1967-06-18,62609642181.0,08011089727,https://www.commcarehq.org/photos/farmer_518.jpg,4,crop_farming,18,owned,3,rain-fed,---,maize rice groundnuts,0.9,4.0,1.6,---,---,---,10.4851211 7.3250511 0.0 20.0,yes,7c8caf11-cd3f-4094-a271-19f1d0659dbd,2026-05-09 00:04:00,2026-05-09,tester,2026-05-09 00:04:20,https://www.commcarehq.org/form/2d2bd7ac-2ef0-466f-8dad-6944c1632a7a,tester,True
519,3992f85a-b1d1-4c21-89db-1146371b79bc,community_03,Fatima,Ali,male,1995-10-12,,08003043476,https://www.commcarehq.org/photos/farmer_519.jpg,5,livestock_farming,12,family_land,3,river_stream,---,groundnuts maize,2.0,4.7,---,---,---,---,10.303983 7.5389622 0.0 20.0,yes,f41dfec3-9b0b-47a4-b702-081505cfbdfd,2026-01-10 00:04:00,2026-01-10,tester,2026-01-10 00:04:12,https://www.commcarehq.org/form/3992f85a-b1d1-4c21-89db-1146371b79bc,tester,True
520,ef17ed88-8517-4c30-9daa-b15069f6d406,community_04,Mercy,Yusuf,male,2004-12-03,21972287072.0,08062699404,https://www.commcarehq.org/photos/farmer_520.jpg,7,mixed_farming,3,family_land,2,rain-fed,---,rice maize,---,1.6,2.9,goats,5,---,10.3222918 7.3306859 0.0 20.0,yes,02c1034c-2025-41f9-a3b9-c509ba850337,2026-03-25 00:07:00,2026-03-25,tester,2026-03-25 00:07:12,https://www.commcarehq.org/form/ef17ed88-8517-4c30-9daa-b15069f6d406,tester,True
521,856731c4-c980-4c02-9061-2d72e14c85a9,community_03,Paul,Abdullahi,male,1999-05-15,77368963249.0,08012304795,https://www.commcarehq.org/photos/farmer_521.jpg,11,crop_farming,7,owned,3,irrigation_scheme,---,maize rice groundnuts,0.6,4.0,2.6,goats rabbits,3,36,10.438231 7.3361137 0.0 20.0,yes,b1345bf5-5c3a-4bb3-ba71-d405ecf68e6c,2026-01-05 00:06:00,2026-01-05,tester,2026-01-05 00:06:12,https://www.commcarehq.org/form/856731c4-c980-4c02-9061-2d72e14c85a9,tester,True
522,1b53a5aa-0dc9-4c85-9445-25334e00e3d0,community_06,Ahmed,Ogunleye,male,2006-10-03,81569493004.0,08022637556,https://www.commcarehq.org/photos/farmer_522.jpg,8,crop_farming,1,owned,2,irrigation_scheme,---,rice maize,---,5.0,0.9,rabbits,---,39,10.2205369 7.2573837 0.0 20.0,yes,b0d71e58-528a-4d3a-8c73-e469df5deada,2026-05-30 00:05:00,2026-05-30,tester,2026-05-30 00:05:07,https://www.commcarehq.org/form/1b53a5aa-0dc9-4c85-9445-25334e00e3d0,tester,True
523,c02d216e-07aa-4f7f-9fa3-cbc98ee71901,community_06,Musa,Yakubu,male,1979-06-02,56927801639.0,08075923029,https://www.commcarehq.org/photos/farmer_523.jpg,6,mixed_farming,13,leased,6,rain-fed,---,groundnuts,1.8,---,---,goats,15,---,10.2456308 7.2327664 0.0 20.0,yes,c0a4110d-7e38-4bd8-8daf-4363218c1b06,2026-05-06 00:08:00,2026-05-06,tester,2026-05-06 00:08:07,https://www.commcarehq.org/form/c02d216e-07aa-4f7f-9fa3-cbc98ee71901,tester,True
524,696ff4a9-4d55-4e19-95ba-d8569b93f4c3,community_02,Elizabeth,Johnson,female,1975-09-01,,08088588453,https://www.commcarehq.org/photos/farmer_524.jpg,4,crop_farming,14,owned,6,rain-fed,---,rice groundnuts maize,2.9,0.6,3.4,goats,6,---,10.2079901 7.4977653 0.0 20.0,yes,6dee7ab1-34bf-42bf-8872-a2350f4a4cd2,2026-03-03 00:08:00,2026-03-03,tester,2026-03-03 00:08:07,https://www.commcarehq.org/form/696ff4a9-4d55-4e19-95ba-d8569b93f4c3,tester,True
525,3451e3b4-e1f4-4da1-aeeb-398db0ae8faf,community_01,Deborah,Sani,male,1979-02-06,56669714072.0,08032456351,https://www.commcarehq.org/photos/farmer_525.jpg,11,crop_farming,5,owned,3,rain-fed,---,rice maize,---,1.7,3.2,goats rabbits,16,24,10.4038628 7.4398335 0.0 20.0,yes,cbc2f446-3175-40db-85d8-d7d55509496c,2026-02-23 00:04:00,2026-02-23,tester,2026-02-23 00:04:12,https://www.commcarehq.org/form/3451e3b4-e1f4-4da1-aeeb-398db0ae8faf,tester,True
526,4db782f0-53a0-42d6-b81d-015313bf1dad,community_06,Grace,Ogunleye,male,1990-12-02,71383237855.0,08060333553,https://www.commcarehq.org/photos/farmer_526.jpg,2,livestock_farming,2,family_land,3,rain-fed,---,maize,---,0.7,---,goats,21,---,10.5062837 7.3512841 0.0 20.0,no,4e351326-738f-4799-8cd7-1706f80043b8,2026-03-05 00:04:00,2026-03-05,tester,2026-03-05 00:04:10,https://www.commcarehq.org/form/4db782f0-53a0-42d6-b81d-015313bf1dad,tester,True
527,633e5503-a611-4895-87c4-4d38e52eca99,community_04,Joseph,Abdullahi,male,1996-07-24,92054676347.0,08094962589,https://www.commcarehq.org/photos/farmer_527.jpg,11,livestock_farming,1,owned,3,rain-fed,---,groundnuts,1.2,---,---,---,---,---,10.2537284 7.542886 0.0 20.0,yes,88c8c600-7cae-49cd-96bd-75df777380b2,2026-03-09 00:07:00,2026-03-09,tester,2026-03-09 00:07:13,https://www.commcarehq.org/form/633e5503-a611-4895-87c4-4d38e52eca99,tester,True
528,d3ff8c49-c032-404c-92fb-3a9180736237,community_05,Samuel,James,male,1977-02-01,,08095504279,https://www.commcarehq.org/photos/farmer_528.jpg,7,crop_farming,6,owned,3,rain-fed,---,rice maize groundnuts,2.7,5.0,1.7,---,---,---,10.5325731 7.3314605 0.0 20.0,yes,9e97b34f-fbd9-444a-88e3-55001a2ac191,2026-04-27 00:03:00,2026-04-27,tester,2026-04-27 00:03:20,https://www.commcarehq.org/form/d3ff8c49-c032-404c-92fb-3a9180736237,tester,True
529,df3fb004-cb58-471b-a772-42467c7ddb47,community_01,James,Michael,male,1979-10-03,,08097788770,https://www.commcarehq.org/photos/farmer_529.jpg,5,mixed_farming,29,owned,2,rain-fed,---,rice maize groundnuts,2.3,1.8,1.5,rabbits,---,18,10.2377172 7.4869841 0.0 20.0,yes,5430651a-93a4-440b-833b-60b12e5ccde1,2026-06-09 00:02:00,2026-06-09,tester,2026-06-09 00:02:16,https://www.commcarehq.org/form/df3fb004-cb58-471b-a772-42467c7ddb47,tester,True
530,aa555ff5-41b7-4964-967b-1582e8334264,community_02,Joy,Ojo,female,1960-10-11,57816902819.0,08021026188,https://www.commcarehq.org/photos/farmer_530.jpg,2,crop_farming,18,family_land,6,borehole,---,rice maize groundnuts,1.9,1.5,1.8,---,---,---,10.4572986 7.2237989 0.0 20.0,yes,da2f9252-245d-4fe0-9e84-f2853e45956f,2026-06-07 00:04:00,2026-06-07,tester,2026-06-07 00:04:08,https://www.commcarehq.org/form/aa555ff5-41b7-4964-967b-1582e8334264,tester,True
531,573567e2-1d9c-404b-94c1-769df3efd5a1,community_07,Elizabeth,Peter,male,1989-06-26,86172871536.0,08047985210,https://www.commcarehq.org/photos/farmer_531.jpg,6,crop_farming,1,owned,3,rain-fed,---,groundnuts rice,1.8,---,2.7,goats,11,---,10.3726485 7.4750169 0.0 20.0,yes,f2dcdb4b-a92d-4872-9cdb-a85415d86af5,2026-05-02 00:02:00,2026-05-02,tester,2026-05-02 00:02:09,https://www.commcarehq.org/form/573567e2-1d9c-404b-94c1-769df3efd5a1,tester,True
532,a1bf4173-7e48-435e-87a3-afdc4c021694,community_04,Samuel,Ogunleye,female,2006-06-19,43468199801.0,08038703450,https://www.commcarehq.org/photos/farmer_532.jpg,5,crop_farming,1,owned,1,borehole,---,groundnuts,2.5,---,---,goats rabbits,16,4,10.4617394 7.2686661 0.0 20.0,yes,017febf2-1036-4d3f-b486-b3b6f2ca1b06,2026-02-22 00:06:00,2026-02-22,tester,2026-02-22 00:06:17,https://www.commcarehq.org/form/a1bf4173-7e48-435e-87a3-afdc4c021694,tester,True
533,36f3bd47-0dc8-4be9-a743-d22eaa0dd7a7,community_04,Suleiman,Yakubu,male,2001-10-27,10515182601.0,08082872414,https://www.commcarehq.org/photos/farmer_533.jpg,7,livestock_farming,4,family_land,2,rain-fed,---,groundnuts,2.6,---,---,---,---,---,10.5146074 7.5609566 0.0 20.0,yes,9b58683f-3700-4c47-96c9-f0e76b4c12fd,2026-02-06 00:02:00,2026-02-06,tester,2026-02-06 00:02:17,https://www.commcarehq.org/form/36f3bd47-0dc8-4be9-a743-d22eaa0dd7a7,tester,True
534,545af338-6a67-452f-9513-38c7500f08f2,community_01,Ibrahim,Isa,male,1985-04-30,,08096027488,https://www.commcarehq.org/photos/farmer_534.jpg,6,crop_farming,21,family_land,4,rain-fed,---,rice,---,---,2.1,---,---,---,10.2096426 7.5882698 0.0 20.0,yes,df792a71-75b7-4190-b3e7-1be5545c44ac,2026-03-30 00:08:00,2026-03-30,tester,2026-03-30 00:08:16,https://www.commcarehq.org/form/545af338-6a67-452f-9513-38c7500f08f2,tester,True
535,78b455ed-f6b8-48b2-978d-4d5755b448d1,community_04,Daniel,James,male,2006-09-15,,08039581489,https://www.commcarehq.org/photos/farmer_535.jpg,8,mixed_farming,2,owned,3,river_stream,---,rice maize groundnuts,1.0,2.8,0.7,goats,18,---,10.3824746 7.2094542 0.0 20.0,yes,d35ed9fe-f8ea-4fb0-980b-3dcd4d2aeeaf,2026-04-23 00:08:00,2026-04-23,tester,2026-04-23 00:08:07,https://www.commcarehq.org/form/78b455ed-f6b8-48b2-978d-4d5755b448d1,tester,True
536,f6812aaf-516b-4730-ba09-1944f1de6216,community_07,Mary,Okafor,male,1987-05-06,15586788407.0,08005758893,https://www.commcarehq.org/photos/farmer_536.jpg,8,mixed_farming,8,owned,2,rain-fed,---,rice,---,---,1.1,goats,18,---,10.3097284 7.2749967 0.0 20.0,yes,32b26a84-42c5-4971-b034-9176f10c2e46,2026-01-03 00:03:00,2026-01-03,tester,2026-01-03 00:03:07,https://www.commcarehq.org/form/f6812aaf-516b-4730-ba09-1944f1de6216,tester,True
537,f174ded8-2484-43c0-b399-78dcfa4d3a0e,community_07,John,Balogun,female,1984-07-04,11412414932.0,08087005377,https://www.commcarehq.org/photos/farmer_537.jpg,6,mixed_farming,1,owned,3,rain-fed,---,groundnuts,1.1,---,---,goats rabbits,2,7,10.3537932 7.5011874 0.0 20.0,yes,c23036db-dd96-4b5b-9824-00a261bf19fc,2026-03-02 00:03:00,2026-03-02,tester,2026-03-02 00:03:20,https://www.commcarehq.org/form/f174ded8-2484-43c0-b399-78dcfa4d3a0e,tester,True
538,4be16f50-2494-4157-84c4-0ac6d7bf08a1,community_02,Samuel,Balogun,female,1976-11-20,,08063573999,https://www.commcarehq.org/photos/farmer_538.jpg,7,crop_farming,3,owned,3,other,Spring Water,rice groundnuts,1.1,---,0.9,goats,9,---,10.2329928 7.2384485 0.0 20.0,yes,466238eb-1e73-4f4c-bbbd-e420b8558cd2,2026-03-23 00:02:00,2026-03-23,tester,2026-03-23 00:02:16,https://www.commcarehq.org/form/4be16f50-2494-4157-84c4-0ac6d7bf08a1,tester,True
539,bb6a47ec-e559-4425-85fb-7d8b7490cfe7,community_05,Ibrahim,Yakubu,male,1982-04-27,,08012803324,https://www.commcarehq.org/photos/farmer_539.jpg,3,mixed_farming,20,owned,3,rain-fed,---,maize rice,---,1.4,0.7,goats,6,---,10.457585 7.2064128 0.0 20.0,yes,d58c33c2-2602-408e-ac40-336650ceee27,2026-05-19 00:02:00,2026-05-19,tester,2026-05-19 00:02:09,https://www.commcarehq.org/form/bb6a47ec-e559-4425-85fb-7d8b7490cfe7,tester,True
540,6fe421db-3b40-4d1b-90be-ebf4d6369c9e,community_07,Binta,Garba,male,1982-07-12,65365061563.0,08015502312,https://www.commcarehq.org/photos/farmer_540.jpg,5,crop_farming,8,owned,5,rain-fed,---,groundnuts rice maize,0.8,1.2,2.0,goats,7,---,10.5898211 7.3383806 0.0 20.0,no,b639e848-b58a-4760-9f1b-3418cdc2c3a8,2026-06-20 00:08:00,2026-06-20,tester,2026-06-20 00:08:17,https://www.commcarehq.org/form/6fe421db-3b40-4d1b-90be-ebf4d6369c9e,tester,True
541,ea2f18ed-34dd-4ba9-9142-6b9cfb9acaff,community_01,Grace,Musa,male,2008-02-21,14396034898.0,08005540771,https://www.commcarehq.org/photos/farmer_541.jpg,4,mixed_farming,1,owned,5,dam_reservoir,---,maize groundnuts rice,2.3,3.1,1.6,---,---,---,10.4922053 7.5894215 0.0 20.0,yes,588537b5-235d-4751-922e-0a80512b65b0,2026-04-08 00:07:00,2026-04-08,tester,2026-04-08 00:07:06,https://www.commcarehq.org/form/ea2f18ed-34dd-4ba9-9142-6b9cfb9acaff,tester,True
542,ced08778-159a-4623-814b-5f6eba0b6b39,community_07,Musa,Ojo,male,2000-12-05,,08082806304,https://www.commcarehq.org/photos/farmer_542.jpg,8,livestock_farming,5,owned,1,rain-fed,---,groundnuts maize,3.0,3.7,---,goats,12,---,10.4997813 7.250487 0.0 20.0,yes,708a1a91-7077-44a0-b693-c57a7eb9ee59,2026-02-16 00:05:00,2026-02-16,tester,2026-02-16 00:05:19,https://www.commcarehq.org/form/ced08778-159a-4623-814b-5f6eba0b6b39,tester,True
543,ffc5626d-9524-4576-9485-bc16a177d511,community_07,Esther,David,female,1980-01-15,,08079820988,https://www.commcarehq.org/photos/farmer_543.jpg,6,livestock_farming,9,family_land,2,river_stream,---,groundnuts rice maize,1.4,0.7,3.9,goats,18,---,10.4262501 7.5973687 0.0 20.0,yes,5d6966e6-38bb-4387-b7a4-88fb3cae90c3,2026-02-02 00:03:00,2026-02-02,tester,2026-02-02 00:03:15,https://www.commcarehq.org/form/ffc5626d-9524-4576-9485-bc16a177d511,tester,True
544,b345e06c-0bd9-4306-8610-b8941115d5ea,community_06,Paul,Daniel,male,1989-12-29,26954272945.0,08013686712,https://www.commcarehq.org/photos/farmer_544.jpg,2,crop_farming,10,family_land,1,rain-fed,---,rice maize groundnuts,1.9,1.0,1.0,goats,23,---,10.3226892 7.3349453 0.0 20.0,yes,ea24aed4-e6fc-4bef-9a78-a1467800de78,2026-03-15 00:06:00,2026-03-15,tester,2026-03-15 00:06:10,https://www.commcarehq.org/form/b345e06c-0bd9-4306-8610-b8941115d5ea,tester,True
545,563574f2-4b9a-4745-b595-896416cf2d3c,community_05,Esther,Yakubu,male,1968-07-04,,08048088911,https://www.commcarehq.org/photos/farmer_545.jpg,5,crop_farming,12,owned,5,rain-fed,---,rice maize groundnuts,2.6,1.9,1.0,---,---,---,10.4020946 7.2211486 0.0 20.0,yes,44c27cc3-c7b7-44eb-afe3-6f424d4459ec,2026-02-11 00:02:00,2026-02-11,tester,2026-02-11 00:02:11,https://www.commcarehq.org/form/563574f2-4b9a-4745-b595-896416cf2d3c,tester,True
546,aa368025-49e7-4687-b94a-99f076aa1012,community_01,Samuel,Sani,female,1986-05-31,15480474821.0,08092941167,https://www.commcarehq.org/photos/farmer_546.jpg,7,mixed_farming,2,family_land,1,borehole,---,maize,---,4.6,---,---,---,---,10.2203714 7.4029307 0.0 20.0,yes,3ea834bb-b52e-4b98-994c-46ac6036ccee,2026-06-15 00:04:00,2026-06-15,tester,2026-06-15 00:04:19,https://www.commcarehq.org/form/aa368025-49e7-4687-b94a-99f076aa1012,tester,True
547,bebda74d-ffbb-41bd-92d7-1c2d66f80549,community_06,Ibrahim,Tanko,male,2007-05-28,54828933799.0,08025709568,https://www.commcarehq.org/photos/farmer_547.jpg,7,mixed_farming,1,family_land,5,rain-fed,---,rice,---,---,2.9,goats,21,---,10.5339158 7.2519114 0.0 20.0,yes,fee3c156-77aa-4629-8579-b8266c6e4992,2026-06-02 00:08:00,2026-06-02,tester,2026-06-02 00:08:17,https://www.commcarehq.org/form/bebda74d-ffbb-41bd-92d7-1c2d66f80549,tester,True
548,870f0cd1-49ed-4eb6-aa4a-1097aa998713,community_02,Ruth,Lawal,male,1991-03-16,69606873234.0,08051912075,https://www.commcarehq.org/photos/farmer_548.jpg,5,crop_farming,6,family_land,3,rain-fed,---,groundnuts,2.7,---,---,rabbits,---,9,10.3562812 7.2152206 0.0 20.0,yes,537553ff-dbbe-4b40-aa4d-319ae7dbf63d,2026-06-04 00:07:00,2026-06-04,tester,2026-06-04 00:07:17,https://www.commcarehq.org/form/870f0cd1-49ed-4eb6-aa4a-1097aa998713,tester,True
549,00b9f3c7-59ae-44c7-a72f-d810d386b8f2,community_04,Deborah,Ali,male,1985-12-24,,08063462893,https://www.commcarehq.org/photos/farmer_549.jpg,8,crop_farming,2,family_land,2,river_stream,---,groundnuts rice,1.7,---,0.5,goats,3,---,10.5819965 7.4595111 0.0 20.0,yes,163bbf1f-fe47-4b42-915a-d9f9f0d6a395,2026-02-10 00:04:00,2026-02-10,tester,2026-02-10 00:04:11,https://www.commcarehq.org/form/00b9f3c7-59ae-44c7-a72f-d810d386b8f2,tester,True
550,ae6585e4-59d8-4911-9cd4-87fff2d6e8a4,community_05,Yusuf,James,female,1967-05-07,52328102967.0,08052097688,https://www.commcarehq.org/photos/farmer_550.jpg,9,crop_farming,5,owned,3,river_stream,---,maize rice groundnuts,2.3,2.0,2.8,---,---,---,10.293069 7.4199802 0.0 20.0,yes,b05be806-c2b7-4ca5-b8f0-0986f480d544,2026-03-25 00:02:00,2026-03-25,tester,2026-03-25 00:02:08,https://www.commcarehq.org/form/ae6585e4-59d8-4911-9cd4-87fff2d6e8a4,tester,True
551,c6b5a71c-20fb-4532-9ed6-dd4a5d751dbc,community_06,James,Philip,male,1993-10-31,90781397642.0,08078145378,https://www.commcarehq.org/photos/farmer_551.jpg,12,livestock_farming,6,family_land,1,rain-fed,---,maize groundnuts rice,1.4,1.4,3.5,---,---,---,10.5248393 7.3847439 0.0 20.0,yes,7bdc1a5d-85c8-4409-bd66-82d8f9ca02e3,2026-04-09 00:02:00,2026-04-09,tester,2026-04-09 00:02:09,https://www.commcarehq.org/form/c6b5a71c-20fb-4532-9ed6-dd4a5d751dbc,tester,True
552,2892f4f9-5896-49d9-a869-49465e35a095,community_02,Musa,Usman,female,1971-02-22,72116290872.0,08013402843,https://www.commcarehq.org/photos/farmer_552.jpg,5,livestock_farming,15,owned,4,rain-fed,---,groundnuts rice,2.4,---,3.6,goats,4,---,10.4013019 7.329727 0.0 20.0,yes,7cb38495-4c84-4807-8be2-6bb5fac0efbb,2026-02-16 00:05:00,2026-02-16,tester,2026-02-16 00:05:06,https://www.commcarehq.org/form/2892f4f9-5896-49d9-a869-49465e35a095,tester,True
553,70225738-c223-4452-a87c-fcc3f59cdd60,community_01,Rebecca,Johnson,male,1967-12-22,,08081530420,https://www.commcarehq.org/photos/farmer_553.jpg,8,crop_farming,5,leased,3,rain-fed,---,rice maize groundnuts,1.5,1.3,2.6,goats,18,---,10.4015799 7.3900734 0.0 20.0,yes,bfed0eb1-b356-477e-8c78-d0068230b99e,2026-06-21 00:07:00,2026-06-21,tester,2026-06-21 00:07:05,https://www.commcarehq.org/form/70225738-c223-4452-a87c-fcc3f59cdd60,tester,True
554,1cf90375-2bbf-4bd8-8d5c-ded9d5a18542,community_06,Esther,Philip,female,1959-04-19,45370417368.0,08007696124,https://www.commcarehq.org/photos/farmer_554.jpg,3,livestock_farming,28,leased,1,borehole,---,maize rice groundnuts,0.6,3.3,2.6,---,---,---,10.3377048 7.2635141 0.0 20.0,yes,332dcaf1-662e-438d-99fb-b825a164f916,2026-05-31 00:07:00,2026-05-31,tester,2026-05-31 00:07:05,https://www.commcarehq.org/form/1cf90375-2bbf-4bd8-8d5c-ded9d5a18542,tester,True
555,23d9dfa7-77b6-4cbe-b785-bd60fb96f242,community_02,Paul,Yakubu,male,1969-03-30,,08071717164,https://www.commcarehq.org/photos/farmer_555.jpg,3,mixed_farming,32,owned,1,rain-fed,---,groundnuts,2.4,---,---,goats,19,---,10.31558 7.5348599 0.0 20.0,yes,5f771894-efc8-438c-a989-b56d1f3dd14d,2026-05-22 00:03:00,2026-05-22,tester,2026-05-22 00:03:06,https://www.commcarehq.org/form/23d9dfa7-77b6-4cbe-b785-bd60fb96f242,tester,True
556,844bc37b-0217-43dd-8d5c-1dc2dd9414ac,community_03,Mary,Haruna,male,1982-09-16,,08010149550,https://www.commcarehq.org/photos/farmer_556.jpg,5,crop_farming,3,owned,4,rain-fed,---,groundnuts,2.5,---,---,goats,8,---,10.511413 7.5552689 0.0 20.0,yes,2d692ba7-1961-4668-b05d-edd6865dcec9,2026-01-09 00:04:00,2026-01-09,tester,2026-01-09 00:04:11,https://www.commcarehq.org/form/844bc37b-0217-43dd-8d5c-1dc2dd9414ac,tester,True
557,22e1f492-0b07-4918-bebe-d0f0a2765e4d,community_02,David,Haruna,male,1991-12-30,26547699561.0,08084574255,https://www.commcarehq.org/photos/farmer_557.jpg,2,crop_farming,2,owned,2,rain-fed,---,maize groundnuts rice,2.3,1.8,2.1,goats rabbits,17,7,10.2640261 7.4290368 0.0 20.0,yes,d58b1083-248b-4b82-bc04-b7dc7f69f913,2026-02-26 00:04:00,2026-02-26,tester,2026-02-26 00:04:06,https://www.commcarehq.org/form/22e1f492-0b07-4918-bebe-d0f0a2765e4d,tester,True
558,239537fe-e6ba-4d1e-a73d-9308cb19435d,community_02,Emmanuel,Okafor,female,2001-12-05,55723713541.0,08084163246,https://www.commcarehq.org/photos/farmer_558.jpg,9,mixed_farming,5,owned,1,rain-fed,---,maize groundnuts,0.9,3.8,---,---,---,---,10.4260179 7.5369619 0.0 20.0,yes,47bd0d92-f96e-4bef-a055-64c7c3b46a20,2026-01-12 00:03:00,2026-01-12,tester,2026-01-12 00:03:10,https://www.commcarehq.org/form/239537fe-e6ba-4d1e-a73d-9308cb19435d,tester,True
559,d69c1fda-f9c1-4311-9b8d-31c9dda2c7d4,community_06,Naomi,Samuel,female,1958-09-04,84127046998.0,08050283120,https://www.commcarehq.org/photos/farmer_559.jpg,10,mixed_farming,42,family_land,2,rain-fed,---,rice groundnuts maize,1.2,5.3,2.9,goats,14,---,10.5252638 7.5234144 0.0 20.0,yes,344410ae-6024-405d-8d2a-4305fb319ad6,2026-02-23 00:06:00,2026-02-23,tester,2026-02-23 00:06:11,https://www.commcarehq.org/form/d69c1fda-f9c1-4311-9b8d-31c9dda2c7d4,tester,True
560,0e056250-e06c-4b34-91a1-4593d0be0329,community_05,Peter,Daniel,female,1992-12-20,,08051805792,https://www.commcarehq.org/photos/farmer_560.jpg,4,mixed_farming,3,owned,5,borehole,---,maize groundnuts,2.9,1.2,---,goats,17,---,10.2301016 7.3839143 0.0 20.0,yes,ab653070-b382-4de6-bb44-398b2b034e95,2026-03-13 00:03:00,2026-03-13,tester,2026-03-13 00:03:07,https://www.commcarehq.org/form/0e056250-e06c-4b34-91a1-4593d0be0329,tester,True
561,2c6fabfb-e881-4d75-bc37-d0fa782da72c,community_07,Joseph,Isa,female,1974-09-28,54874405508.0,08067514703,https://www.commcarehq.org/photos/farmer_561.jpg,8,livestock_farming,18,owned,1,rain-fed,---,maize rice,---,1.1,3.7,---,---,---,10.3702894 7.3794275 0.0 20.0,yes,1ff6666b-6aeb-43eb-a133-5f8acaeba382,2026-01-07 00:02:00,2026-01-07,tester,2026-01-07 00:02:10,https://www.commcarehq.org/form/2c6fabfb-e881-4d75-bc37-d0fa782da72c,tester,True
562,e857945d-0af4-46bb-abfe-e6d2ddd4e092,community_05,Naomi,Sani,female,1994-02-21,19044748963.0,08032300271,https://www.commcarehq.org/photos/farmer_562.jpg,1,crop_farming,14,owned,3,rain-fed,---,rice groundnuts,1.4,---,3.1,rabbits,---,7,10.4006874 7.2945068 0.0 20.0,yes,8edb333b-cbaa-4f57-91aa-32140d3c9961,2026-06-10 00:08:00,2026-06-10,tester,2026-06-10 00:08:15,https://www.commcarehq.org/form/e857945d-0af4-46bb-abfe-e6d2ddd4e092,tester,True
563,6bfcca97-8a73-4fd1-ac92-d81ae2172a09,community_05,Mercy,Abdullahi,male,1996-02-05,,08040435987,https://www.commcarehq.org/photos/farmer_563.jpg,7,crop_farming,6,leased,5,borehole,---,maize rice groundnuts,0.6,3.6,2.7,---,---,---,10.4109167 7.2768422 0.0 20.0,yes,6b4edc60-8aa9-44f9-9ed3-6a220ef32ced,2026-02-13 00:08:00,2026-02-13,tester,2026-02-13 00:08:15,https://www.commcarehq.org/form/6bfcca97-8a73-4fd1-ac92-d81ae2172a09,tester,True
564,9d806a84-b374-4d88-bd62-0567fd9c69cb,community_05,Yusuf,Abdullahi,male,1994-06-30,,08024673986,https://www.commcarehq.org/photos/farmer_564.jpg,12,crop_farming,3,owned,4,rain-fed,---,rice maize,---,1.5,3.6,goats,7,---,10.2754812 7.5041916 0.0 20.0,yes,27b5b971-23ee-4edd-a261-cd606005a1f7,2026-06-15 00:02:00,2026-06-15,tester,2026-06-15 00:02:07,https://www.commcarehq.org/form/9d806a84-b374-4d88-bd62-0567fd9c69cb,tester,True
565,401b7510-4260-413d-bb5b-96dab51e9d8e,community_06,Rebecca,Abdullahi,male,1964-02-20,92356011239.0,08000741604,https://www.commcarehq.org/photos/farmer_565.jpg,3,crop_farming,4,leased,2,rain-fed,---,maize groundnuts,0.5,1.9,---,goats,25,---,10.4299683 7.2982441 0.0 20.0,yes,6ccf3726-e7d6-4710-8db3-791ed9a0ea2b,2026-05-18 00:06:00,2026-05-18,tester,2026-05-18 00:06:10,https://www.commcarehq.org/form/401b7510-4260-413d-bb5b-96dab51e9d8e,tester,True
566,74ec7160-1aef-466f-90e1-2c1fb14e3ee5,community_01,Musa,Haruna,male,1999-03-17,66035480141.0,08099140349,https://www.commcarehq.org/photos/farmer_566.jpg,8,crop_farming,7,leased,2,borehole,---,maize groundnuts rice,1.9,1.9,1.1,goats,4,---,10.3702443 7.2586453 0.0 20.0,yes,37dd6a3b-90d0-4237-bde0-386171f54d0c,2026-01-29 00:03:00,2026-01-29,tester,2026-01-29 00:03:11,https://www.commcarehq.org/form/74ec7160-1aef-466f-90e1-2c1fb14e3ee5,tester,True
567,866fee7e-c1e3-4f06-ab4b-aa72c112b27f,community_06,Mary,Yusuf,female,1972-02-21,,08092973281,https://www.commcarehq.org/photos/farmer_567.jpg,8,crop_farming,25,owned,2,irrigation_scheme,---,maize,---,5.7,---,goats,10,---,10.2720243 7.5898712 0.0 20.0,yes,06322427-8b40-4355-bb06-22381a99c8fa,2026-04-20 00:08:00,2026-04-20,tester,2026-04-20 00:08:07,https://www.commcarehq.org/form/866fee7e-c1e3-4f06-ab4b-aa72c112b27f,tester,True
568,fca679cf-5f14-4004-8999-688110359170,community_03,Deborah,Johnson,male,1986-05-28,,08046121822,https://www.commcarehq.org/photos/farmer_568.jpg,5,mixed_farming,6,owned,2,rain-fed,---,rice,---,---,3.4,---,---,---,10.5043422 7.2043121 0.0 20.0,yes,1fab176f-f855-4d69-bc21-de1195e72887,2026-03-17 00:08:00,2026-03-17,tester,2026-03-17 00:08:16,https://www.commcarehq.org/form/fca679cf-5f14-4004-8999-688110359170,tester,True
569,444eafd0-dc30-4d79-9b20-028ae06111c0,community_05,Joseph,Haruna,female,1987-06-20,33483208207.0,08014700952,https://www.commcarehq.org/photos/farmer_569.jpg,5,mixed_farming,9,owned,2,rain-fed,---,rice groundnuts maize,2.0,1.8,2.4,goats rabbits,15,33,10.538572 7.4540364 0.0 20.0,yes,19a5dca8-9de7-4993-996f-36795e54b2d9,2026-03-17 00:03:00,2026-03-17,tester,2026-03-17 00:03:19,https://www.commcarehq.org/form/444eafd0-dc30-4d79-9b20-028ae06111c0,tester,True
570,0bd0215b-8617-4edd-afbb-68be0bd508d2,community_04,Elizabeth,Yakubu,male,1995-12-19,,08007893488,https://www.commcarehq.org/photos/farmer_570.jpg,4,crop_farming,9,leased,1,rain-fed,---,groundnuts maize rice,2.8,1.4,2.2,---,---,---,10.2439986 7.5108284 0.0 20.0,yes,e0dbe8bf-cf8d-4f08-8832-e489b137ec79,2026-01-11 00:07:00,2026-01-11,tester,2026-01-11 00:07:19,https://www.commcarehq.org/form/0bd0215b-8617-4edd-afbb-68be0bd508d2,tester,True
571,9385453f-5e59-4a1a-8538-1f9de15e2353,community_05,Joy,Sani,male,1993-01-04,69624034969.0,08008222452,https://www.commcarehq.org/photos/farmer_571.jpg,6,crop_farming,14,owned,3,irrigation_scheme,---,groundnuts rice maize,1.6,5.8,2.2,---,---,---,10.2325129 7.2064579 0.0 20.0,yes,5aa34c10-f018-4f5c-bda5-2f0095070f97,2026-05-11 00:07:00,2026-05-11,tester,2026-05-11 00:07:18,https://www.commcarehq.org/form/9385453f-5e59-4a1a-8538-1f9de15e2353,tester,True
572,431d4d3a-549d-4e18-97bc-3bbf099a837d,community_02,Esther,Lawal,male,1985-12-25,88190937048.0,08043866854,https://www.commcarehq.org/photos/farmer_572.jpg,2,mixed_farming,1,family_land,3,rain-fed,---,rice,---,---,2.1,goats,19,---,10.4800635 7.2310998 0.0 20.0,yes,2340d662-6a9b-4bd5-8d7e-cae81c629e73,2026-06-24 00:07:00,2026-06-24,tester,2026-06-24 00:07:19,https://www.commcarehq.org/form/431d4d3a-549d-4e18-97bc-3bbf099a837d,tester,True
573,3603039b-084f-4c12-851a-9ceb42f72100,community_01,Joseph,Daniel,male,2006-12-13,,08059801857,https://www.commcarehq.org/photos/farmer_573.jpg,10,crop_farming,1,owned,2,borehole,---,maize,---,1.0,---,---,---,---,10.4135574 7.5289434 0.0 20.0,yes,7407d3a1-8631-48f2-9e0e-999510ee4a2b,2026-03-09 00:03:00,2026-03-09,tester,2026-03-09 00:03:17,https://www.commcarehq.org/form/3603039b-084f-4c12-851a-9ceb42f72100,tester,True
574,b28096d6-4dd1-4c69-b9bc-bf5bc096ae9e,community_04,Rebecca,Yusuf,male,1977-07-27,,08028623666,https://www.commcarehq.org/photos/farmer_574.jpg,3,mixed_farming,14,owned,2,rain-fed,---,rice maize,---,1.6,1.8,---,---,---,10.583436 7.3086217 0.0 20.0,yes,0915cfa6-f5b3-4512-8d69-98b2389f0be2,2026-05-12 00:07:00,2026-05-12,tester,2026-05-12 00:07:13,https://www.commcarehq.org/form/b28096d6-4dd1-4c69-b9bc-bf5bc096ae9e,tester,True
575,31f52fb5-bd55-4c33-b33d-9f984600d20d,community_05,Peter,Abdullahi,male,1996-07-26,,08007148069,https://www.commcarehq.org/photos/farmer_575.jpg,5,crop_farming,11,owned,6,river_stream,---,rice groundnuts maize,1.3,1.7,2.1,goats rabbits,17,40,10.5909306 7.3649065 0.0 20.0,yes,ca094604-1ca7-4e70-9f8b-e0fe4ca335eb,2026-04-25 00:02:00,2026-04-25,tester,2026-04-25 00:02:11,https://www.commcarehq.org/form/31f52fb5-bd55-4c33-b33d-9f984600d20d,tester,True
576,2bb9bc23-4fed-4f0c-a60d-8d6f305525b8,community_01,Binta,Sani,male,1984-11-21,79364678049.0,08019567883,https://www.commcarehq.org/photos/farmer_576.jpg,10,mixed_farming,22,owned,2,rain-fed,---,maize rice groundnuts,0.7,3.7,2.0,rabbits,---,40,10.5538233 7.3539514 0.0 20.0,yes,b5f7d0b0-207d-422b-890a-a1b6a86a3b8c,2026-05-01 00:05:00,2026-05-01,tester,2026-05-01 00:05:17,https://www.commcarehq.org/form/2bb9bc23-4fed-4f0c-a60d-8d6f305525b8,tester,True
577,5dd47195-b685-45f1-a2f7-591242cc23be,community_01,Mercy,Musa,male,1972-08-29,96143379901.0,08071919223,https://www.commcarehq.org/photos/farmer_577.jpg,7,mixed_farming,22,leased,3,rain-fed,---,groundnuts,0.9,---,---,---,---,---,10.4647696 7.4630999 0.0 20.0,yes,8fbe01ab-4099-48ce-ad9c-404580cc2451,2026-06-18 00:04:00,2026-06-18,tester,2026-06-18 00:04:11,https://www.commcarehq.org/form/5dd47195-b685-45f1-a2f7-591242cc23be,tester,True
578,3e29ea92-117a-41a8-ac86-78e5993f5da3,community_03,Amina,Okafor,male,1958-11-26,31513297641.0,08052489066,https://www.commcarehq.org/photos/farmer_578.jpg,2,crop_farming,49,leased,5,rain-fed,---,maize groundnuts,2.2,5.4,---,---,---,---,10.3113525 7.2065073 0.0 20.0,yes,f48b855a-197a-4023-b7c4-8eacfffd85c6,2026-04-13 00:08:00,2026-04-13,tester,2026-04-13 00:08:13,https://www.commcarehq.org/form/3e29ea92-117a-41a8-ac86-78e5993f5da3,tester,True
579,4a95c3b3-8a15-4953-ab39-57ed7b238b7d,community_06,Naomi,Yakubu,male,1996-09-20,42205438472.0,08052749920,https://www.commcarehq.org/photos/farmer_579.jpg,6,mixed_farming,9,owned,5,rain-fed,---,maize groundnuts rice,2.4,6.2,1.2,rabbits,---,28,10.4254702 7.2515243 0.0 20.0,yes,766d4bea-b42d-4a65-9c0c-7c4ace547469,2026-04-12 00:02:00,2026-04-12,tester,2026-04-12 00:02:19,https://www.commcarehq.org/form/4a95c3b3-8a15-4953-ab39-57ed7b238b7d,tester,True
580,6fe03a74-b2c6-418b-a076-cda2092b49af,community_07,Blessing,Okafor,male,1990-12-29,30706556829.0,08057772354,https://www.commcarehq.org/photos/farmer_580.jpg,6,crop_farming,6,owned,4,rain-fed,---,groundnuts rice maize,2.7,5.4,0.8,goats,18,---,10.5904193 7.4397962 0.0 20.0,yes,ad7e713d-ee6f-4ec2-8605-3d69dcb43453,2026-02-02 00:05:00,2026-02-02,tester,2026-02-02 00:05:05,https://www.commcarehq.org/form/6fe03a74-b2c6-418b-a076-cda2092b49af,tester,True
581,1e82f3a7-8306-41e3-9e62-530bc67191e7,community_01,Naomi,Bello,male,1997-07-16,28893115150.0,08087993620,https://www.commcarehq.org/photos/farmer_581.jpg,5,crop_farming,2,owned,3,rain-fed,---,rice,---,---,3.5,rabbits,---,36,10.3739115 7.33089 0.0 20.0,yes,4b8aab5b-0c07-4bb0-aacf-f5972b1a2f74,2026-03-18 00:03:00,2026-03-18,tester,2026-03-18 00:03:09,https://www.commcarehq.org/form/1e82f3a7-8306-41e3-9e62-530bc67191e7,tester,True
582,98c6a9ed-ab86-4f70-8457-9fbe1aaed301,community_02,Amina,Johnson,female,1984-06-13,53952686327.0,08080994919,https://www.commcarehq.org/photos/farmer_582.jpg,7,livestock_farming,19,leased,3,other,Rainwater Harvesting,maize rice groundnuts,2.7,1.0,2.8,goats,2,---,10.3633965 7.2402016 0.0 20.0,yes,69f7d019-76de-4cd0-96a9-a57b9cbfc4b7,2026-05-27 00:04:00,2026-05-27,tester,2026-05-27 00:04:20,https://www.commcarehq.org/form/98c6a9ed-ab86-4f70-8457-9fbe1aaed301,tester,True
583,b46b5630-9f21-4bc3-82ad-3e5a0fb1d4d8,community_01,Emmanuel,Ojo,female,1982-07-09,75744583179.0,08027396468,https://www.commcarehq.org/photos/farmer_583.jpg,2,crop_farming,6,owned,5,rain-fed,---,rice groundnuts maize,0.9,2.5,2.7,---,---,---,10.2283931 7.2793104 0.0 20.0,yes,65209844-3b68-495d-91fb-f00fec73f9fa,2026-02-23 00:05:00,2026-02-23,tester,2026-02-23 00:05:06,https://www.commcarehq.org/form/b46b5630-9f21-4bc3-82ad-3e5a0fb1d4d8,tester,True
584,12653db2-2776-44a4-9620-eaabd8fe52a2,community_02,Suleiman,Isa,female,1972-02-25,,08026740758,https://www.commcarehq.org/photos/farmer_584.jpg,9,mixed_farming,31,owned,1,rain-fed,---,rice groundnuts,2.9,---,2.9,---,---,---,10.2359314 7.4780306 0.0 20.0,yes,2124b7a6-5950-45ec-961f-4336db1b577b,2026-02-12 00:08:00,2026-02-12,tester,2026-02-12 00:08:16,https://www.commcarehq.org/form/12653db2-2776-44a4-9620-eaabd8fe52a2,tester,True
585,c7e02e65-ae11-498f-981a-23a888b4ee87,community_01,Daniel,David,male,1987-06-04,80239971349.0,08003778382,https://www.commcarehq.org/photos/farmer_585.jpg,8,crop_farming,20,family_land,5,river_stream,---,groundnuts,1.2,---,---,---,---,---,10.5204638 7.4867298 0.0 20.0,yes,dc1b365d-bc13-4928-864d-7e36f7ef0c92,2026-03-21 00:02:00,2026-03-21,tester,2026-03-21 00:02:13,https://www.commcarehq.org/form/c7e02e65-ae11-498f-981a-23a888b4ee87,tester,True
586,1bd6189a-7bba-4638-b65b-e6377c41dcad,community_07,Emmanuel,Garba,female,1968-04-30,86468765551.0,08002377705,https://www.commcarehq.org/photos/farmer_586.jpg,7,crop_farming,2,family_land,3,rain-fed,---,groundnuts maize,0.7,5.9,---,goats,15,---,10.2826586 7.2814895 0.0 20.0,yes,e023091a-52eb-4b18-86a3-68322202b521,2026-04-17 00:03:00,2026-04-17,tester,2026-04-17 00:03:11,https://www.commcarehq.org/form/1bd6189a-7bba-4638-b65b-e6377c41dcad,tester,True
587,cf370632-a6b0-4173-94f1-922709d70ea4,community_01,John,Eze,female,1995-10-25,,08097845959,https://www.commcarehq.org/photos/farmer_587.jpg,9,mixed_farming,10,owned,3,rain-fed,---,groundnuts rice,0.7,---,2.9,---,---,---,10.3514289 7.2384994 0.0 20.0,yes,4529fd10-4b98-4b09-8a36-5138ad64af69,2026-05-22 00:04:00,2026-05-22,tester,2026-05-22 00:04:06,https://www.commcarehq.org/form/cf370632-a6b0-4173-94f1-922709d70ea4,tester,True
588,175aaa01-6822-4bfa-8cf5-3748d5e78b10,community_03,Paul,David,male,1984-09-10,,08009761029,https://www.commcarehq.org/photos/farmer_588.jpg,2,crop_farming,9,owned,3,borehole,---,rice groundnuts maize,0.7,5.0,1.5,---,---,---,10.428918 7.4916779 0.0 20.0,yes,d00f2d1d-6dd1-4a0f-8765-a908547f0e58,2026-04-18 00:08:00,2026-04-18,tester,2026-04-18 00:08:20,https://www.commcarehq.org/form/175aaa01-6822-4bfa-8cf5-3748d5e78b10,tester,True
589,94bac0d1-ba97-4a0e-8dc7-ca281f2228b7,community_06,David,Peter,female,2002-07-13,,08030207050,https://www.commcarehq.org/photos/farmer_589.jpg,5,crop_farming,2,leased,3,rain-fed,---,maize,---,1.9,---,goats,9,---,10.2033455 7.2176067 0.0 20.0,yes,a9809f2e-eccc-40f8-a34b-98c171e3603e,2026-06-14 00:02:00,2026-06-14,tester,2026-06-14 00:02:18,https://www.commcarehq.org/form/94bac0d1-ba97-4a0e-8dc7-ca281f2228b7,tester,True
590,3a747acf-9a25-4429-9bec-e0a48fab10a8,community_02,Amina,Eze,male,2004-09-09,15003245233.0,08082030212,https://www.commcarehq.org/photos/farmer_590.jpg,6,mixed_farming,3,owned,1,river_stream,---,groundnuts rice,2.1,---,2.4,goats,16,---,10.525891 7.3971987 0.0 20.0,yes,7eba62c7-005f-4251-8daf-2bd2c72c703f,2026-03-24 00:04:00,2026-03-24,tester,2026-03-24 00:04:13,https://www.commcarehq.org/form/3a747acf-9a25-4429-9bec-e0a48fab10a8,tester,True
591,fdea0d97-bba8-43d1-85a4-bb45484e69ed,community_07,Blessing,Peter,male,1987-09-05,41479437404.0,08051057533,https://www.commcarehq.org/photos/farmer_591.jpg,4,crop_farming,11,owned,4,rain-fed,---,maize groundnuts rice,1.7,3.5,1.6,goats,2,---,10.5246471 7.2410196 0.0 20.0,yes,3081f641-b101-4990-9804-5b4515ab8010,2026-02-05 00:04:00,2026-02-05,tester,2026-02-05 00:04:18,https://www.commcarehq.org/form/fdea0d97-bba8-43d1-85a4-bb45484e69ed,tester,True
592,3885f76f-5c47-40de-8ae2-eeb834c53e9d,community_01,Amina,Ahmed,male,1979-12-18,58089633547.0,08070503104,https://www.commcarehq.org/photos/farmer_592.jpg,8,crop_farming,26,owned,6,rain-fed,---,maize,---,1.3,---,goats,4,---,10.4362922 7.3230363 0.0 20.0,yes,5fd02b60-6fe4-48fb-87da-bd6556c7b667,2026-01-15 00:07:00,2026-01-15,tester,2026-01-15 00:07:17,https://www.commcarehq.org/form/3885f76f-5c47-40de-8ae2-eeb834c53e9d,tester,True
593,540c306a-d90d-494e-a6d2-c0120faee37a,community_07,Suleiman,Balogun,male,2002-07-17,,08095345779,https://www.commcarehq.org/photos/farmer_593.jpg,8,livestock_farming,3,family_land,2,rain-fed,---,groundnuts rice,1.0,---,1.6,---,---,---,10.4682211 7.3840024 0.0 20.0,yes,938a3e8f-d3a8-4485-9992-97ca5d5bc86d,2026-01-02 00:04:00,2026-01-02,tester,2026-01-02 00:04:19,https://www.commcarehq.org/form/540c306a-d90d-494e-a6d2-c0120faee37a,tester,True
594,1ba4c620-3538-455f-b3a4-13e79f65a31d,community_01,Rebecca,Garba,female,1979-05-29,25643941808.0,08051642186,https://www.commcarehq.org/photos/farmer_594.jpg,7,mixed_farming,7,owned,2,rain-fed,---,groundnuts maize rice,2.4,5.4,3.8,---,---,---,10.4469246 7.4374957 0.0 20.0,yes,491228c6-3a83-47c3-8808-70d60534f06f,2026-02-12 00:05:00,2026-02-12,tester,2026-02-12 00:05:20,https://www.commcarehq.org/form/1ba4c620-3538-455f-b3a4-13e79f65a31d,tester,True
595,9879c660-0c24-4578-8fb4-6cdfbc5fbad6,community_07,Hauwa,Philip,female,1988-01-19,,08002152906,https://www.commcarehq.org/photos/farmer_595.jpg,4,crop_farming,5,owned,2,rain-fed,---,rice groundnuts maize,2.5,3.4,3.4,---,---,---,10.3074916 7.3368386 0.0 20.0,yes,3f777236-b2d2-42d4-9460-28dfcc70f541,2026-01-15 00:05:00,2026-01-15,tester,2026-01-15 00:05:15,https://www.commcarehq.org/form/9879c660-0c24-4578-8fb4-6cdfbc5fbad6,tester,True
596,bc71ee1e-b976-4ce6-9843-ede03c9704b1,community_03,Yusuf,Eze,female,1993-05-07,36825742515.0,08061797114,https://www.commcarehq.org/photos/farmer_596.jpg,6,crop_farming,12,owned,1,rain-fed,---,rice maize,---,0.7,3.3,goats,19,---,10.2952161 7.5190282 0.0 20.0,yes,3bd6ff05-efc6-4f96-8d42-4846e279abe0,2026-03-22 00:03:00,2026-03-22,tester,2026-03-22 00:03:14,https://www.commcarehq.org/form/bc71ee1e-b976-4ce6-9843-ede03c9704b1,tester,True
597,eea7790b-247d-4b29-85c6-b9f0dd354162,community_01,Musa,Bello,female,2000-07-10,27410275929.0,08082684754,https://www.commcarehq.org/photos/farmer_597.jpg,1,crop_farming,3,owned,1,rain-fed,---,rice maize groundnuts,2.7,5.3,3.8,---,---,---,10.3791267 7.3260245 0.0 20.0,yes,58084e7a-9767-4ed6-b98b-6cedb87783d4,2026-05-31 00:03:00,2026-05-31,tester,2026-05-31 00:03:08,https://www.commcarehq.org/form/eea7790b-247d-4b29-85c6-b9f0dd354162,tester,True
598,01eb4571-6caf-4f85-84b5-f5f5fded7f0e,community_04,John,Okafor,female,1978-09-22,,08078505745,https://www.commcarehq.org/photos/farmer_598.jpg,7,crop_farming,10,owned,3,river_stream,---,maize groundnuts,0.8,5.0,---,---,---,---,10.3524024 7.2523049 0.0 20.0,yes,855c109c-5f07-44fe-8d2b-80aebab7d1ba,2026-05-21 00:06:00,2026-05-21,tester,2026-05-21 00:06:07,https://www.commcarehq.org/form/01eb4571-6caf-4f85-84b5-f5f5fded7f0e,tester,True
599,af06705a-a478-45d3-88d6-36a0014a1bee,community_05,Elizabeth,James,male,1991-03-16,31789375011.0,08064691989,https://www.commcarehq.org/photos/farmer_599.jpg,8,crop_farming,6,owned,3,rain-fed,---,groundnuts rice,2.8,---,1.0,---,---,---,10.4595726 7.2231234 0.0 20.0,yes,3de82c77-5aef-490b-81e3-48add74e9c9a,2026-03-16 00:02:00,2026-03-16,tester,2026-03-16 00:02:17,https://www.commcarehq.org/form/af06705a-a478-45d3-88d6-36a0014a1bee,tester,True
600,166c0866-7030-445b-810c-54695934952a,community_04,Joseph,Ogunleye,male,1971-09-24,50376188914.0,08049599373,https://www.commcarehq.org/photos/farmer_600.jpg,6,mixed_farming,25,owned,3,other,Spring Water,groundnuts rice,1.5,---,0.9,rabbits,---,11,10.3668723 7.3536764 0.0 20.0,yes,04ee56f9-841e-4403-8a29-e820ff603315,2026-01-26 00:05:00,2026-01-26,tester,2026-01-26 00:05:15,https://www.commcarehq.org/form/166c0866-7030-445b-810c-54695934952a,tester,True
601,b6d89426-12e4-4639-a831-938a99ff48aa,community_03,Ibrahim,Balogun,male,1982-01-24,82700005391.0,08093734092,https://www.commcarehq.org/photos/farmer_601.jpg,12,mixed_farming,11,owned,2,river_stream,---,rice groundnuts,1.4,---,2.0,goats rabbits,12,13,10.5567096 7.5446299 0.0 20.0,yes,515a0699-71f8-4fb7-8a40-a351491b58f3,2026-05-12 00:06:00,2026-05-12,tester,2026-05-12 00:06:20,https://www.commcarehq.org/form/b6d89426-12e4-4639-a831-938a99ff48aa,tester,True
602,6d9d4e7c-659b-4ca6-9906-641316b24eaa,community_07,Amina,Peter,female,1972-10-17,11828799704.0,08052340002,https://www.commcarehq.org/photos/farmer_602.jpg,2,crop_farming,14,owned,4,borehole,---,rice groundnuts,1.9,---,3.1,goats,21,---,10.3111908 7.2276653 0.0 20.0,yes,cce2fe6d-b1fc-4c97-970f-58965d3aa6d5,2026-05-29 00:02:00,2026-05-29,tester,2026-05-29 00:02:18,https://www.commcarehq.org/form/6d9d4e7c-659b-4ca6-9906-641316b24eaa,tester,True
603,b72aff3d-23a0-43f1-827c-49c3bf6bc692,community_05,Joy,Eze,male,1976-11-06,54121065086.0,08095136529,https://www.commcarehq.org/photos/farmer_603.jpg,6,crop_farming,32,owned,3,rain-fed,---,maize groundnuts,1.9,4.6,---,---,---,---,10.4511749 7.4194027 0.0 20.0,yes,6e3efafb-514a-4b1e-acd9-9e11c5e9cb9f,2026-04-21 00:02:00,2026-04-21,tester,2026-04-21 00:02:10,https://www.commcarehq.org/form/b72aff3d-23a0-43f1-827c-49c3bf6bc692,tester,True
604,07d8a446-e100-4f3d-bbcd-928320e78fab,community_05,James,Mohammed,male,1976-03-16,,08035915684,https://www.commcarehq.org/photos/farmer_604.jpg,5,mixed_farming,29,family_land,2,rain-fed,---,rice maize,---,6.2,0.9,goats,18,---,10.4951256 7.5973719 0.0 20.0,yes,6651ede6-adb5-41c3-a9a7-23dc5d8c06bd,2026-02-10 00:03:00,2026-02-10,tester,2026-02-10 00:03:05,https://www.commcarehq.org/form/07d8a446-e100-4f3d-bbcd-928320e78fab,tester,True
605,e13e50a5-7fa8-4535-9154-72823e0c1ae0,community_04,Emmanuel,Balogun,male,1977-12-23,,08082516294,https://www.commcarehq.org/photos/farmer_605.jpg,8,crop_farming,20,family_land,1,river_stream,---,rice groundnuts,0.7,---,3.9,goats,2,---,10.2727173 7.4361422 0.0 20.0,yes,1efb879c-52d2-438b-b1b3-8d829fa7efef,2026-06-14 00:07:00,2026-06-14,tester,2026-06-14 00:07:07,https://www.commcarehq.org/form/e13e50a5-7fa8-4535-9154-72823e0c1ae0,tester,True
606,ad7cc462-8afe-4552-8e06-466ed81d5c9a,community_03,Paul,Yakubu,female,1974-11-17,49297152755.0,08078885458,https://www.commcarehq.org/photos/farmer_606.jpg,6,crop_farming,10,owned,6,rain-fed,---,groundnuts rice maize,1.1,4.6,2.5,goats,15,---,10.3090931 7.5197813 0.0 20.0,yes,ec8bcf38-4f3f-4915-9090-78b4495d5a14,2026-06-13 00:05:00,2026-06-13,tester,2026-06-13 00:05:06,https://www.commcarehq.org/form/ad7cc462-8afe-4552-8e06-466ed81d5c9a,tester,True
607,0436d9e1-9f62-4ea2-988e-2b841abb8fc4,community_05,Mercy,Mohammed,female,1955-07-24,67746565558.0,08043508856,https://www.commcarehq.org/photos/farmer_607.jpg,6,crop_farming,38,owned,2,rain-fed,---,maize rice,---,1.5,3.4,goats,10,---,10.3773175 7.2821452 0.0 20.0,yes,7f799c3a-ca68-4a8d-ac49-0d0d8542daae,2026-02-09 00:02:00,2026-02-09,tester,2026-02-09 00:02:20,https://www.commcarehq.org/form/0436d9e1-9f62-4ea2-988e-2b841abb8fc4,tester,True
608,8b057be8-096f-43ea-9f82-2e92d53873cf,community_03,Sarah,Garba,female,1984-05-14,,08076630851,https://www.commcarehq.org/photos/farmer_608.jpg,7,mixed_farming,21,family_land,1,rain-fed,---,rice,---,---,3.4,goats,14,---,10.50417 7.5862896 0.0 20.0,yes,a62e7ded-cbfb-4f79-bab4-9a8d68e51afc,2026-01-31 00:02:00,2026-01-31,tester,2026-01-31 00:02:19,https://www.commcarehq.org/form/8b057be8-096f-43ea-9f82-2e92d53873cf,tester,True
609,b6a11e10-1f56-4bf9-ba23-5b0eefefe892,community_04,Peter,Ibrahim,female,1983-12-26,43902176508.0,08029594399,https://www.commcarehq.org/photos/farmer_609.jpg,12,crop_farming,17,family_land,3,river_stream,---,maize,---,2.6,---,goats,17,---,10.495894 7.5063769 0.0 20.0,yes,25bdbffd-ddec-4073-92b5-8ad7845d11d9,2026-06-18 00:03:00,2026-06-18,tester,2026-06-18 00:03:08,https://www.commcarehq.org/form/b6a11e10-1f56-4bf9-ba23-5b0eefefe892,tester,True
610,bd0a0423-7355-48bf-94e8-c68b7b43f91c,community_02,Ibrahim,Ojo,male,1970-12-02,,08001046822,https://www.commcarehq.org/photos/farmer_610.jpg,5,livestock_farming,35,owned,1,rain-fed,---,groundnuts rice,2.4,---,3.8,---,---,---,10.5403327 7.2793808 0.0 20.0,yes,99633306-dc75-4f48-849b-d2a97648fc08,2026-04-24 00:02:00,2026-04-24,tester,2026-04-24 00:02:15,https://www.commcarehq.org/form/bd0a0423-7355-48bf-94e8-c68b7b43f91c,tester,True
611,9c3b9c7d-bec5-47b7-9a50-7ad1060796d2,community_05,Joseph,Haruna,female,1985-06-22,73877809514.0,08065816372,https://www.commcarehq.org/photos/farmer_611.jpg,6,livestock_farming,19,family_land,1,other,Community Well,maize rice groundnuts,0.7,1.8,1.0,goats,8,---,10.4024128 7.283325 0.0 20.0,yes,36d6f0a3-f96a-42b0-bf3c-20ac6ec33f64,2026-05-30 00:05:00,2026-05-30,tester,2026-05-30 00:05:16,https://www.commcarehq.org/form/9c3b9c7d-bec5-47b7-9a50-7ad1060796d2,tester,True
612,65872356-0cd0-4c13-a13b-321bdd1dbb39,community_03,Elizabeth,Isa,female,1983-08-07,79168131535.0,08035771833,https://www.commcarehq.org/photos/farmer_612.jpg,8,livestock_farming,8,owned,6,rain-fed,---,maize rice groundnuts,2.0,5.3,0.6,---,---,---,10.3166548 7.3537203 0.0 20.0,yes,83a4b50e-1728-4305-af7a-a931254307fd,2026-03-07 00:05:00,2026-03-07,tester,2026-03-07 00:05:10,https://www.commcarehq.org/form/65872356-0cd0-4c13-a13b-321bdd1dbb39,tester,True
613,fa60c5e3-64b1-49a4-ae48-5f0e3b3f0b00,community_05,Daniel,Balogun,female,1991-08-12,77117933064.0,08029910001,https://www.commcarehq.org/photos/farmer_613.jpg,1,mixed_farming,10,leased,1,borehole,---,rice maize,---,2.8,3.6,---,---,---,10.4249811 7.4775979 0.0 20.0,yes,71381fc3-d9a5-499d-9fd7-0b3c6fa67656,2026-03-15 00:02:00,2026-03-15,tester,2026-03-15 00:02:09,https://www.commcarehq.org/form/fa60c5e3-64b1-49a4-ae48-5f0e3b3f0b00,tester,True
614,d4e90092-c3cd-4f4b-8f83-715edd1e8362,community_04,Suleiman,Tanko,male,1993-03-28,,08001969756,https://www.commcarehq.org/photos/farmer_614.jpg,6,mixed_farming,4,owned,2,rain-fed,---,maize rice,---,3.1,0.8,goats,12,---,10.5661082 7.3111539 0.0 20.0,yes,2ec3913f-7937-43f4-84f2-42c323f2a115,2026-01-09 00:03:00,2026-01-09,tester,2026-01-09 00:03:09,https://www.commcarehq.org/form/d4e90092-c3cd-4f4b-8f83-715edd1e8362,tester,True
615,a72588a4-f5ad-4596-bb0e-fc305974631e,community_01,Yusuf,Garba,male,1986-06-04,,08024424370,https://www.commcarehq.org/photos/farmer_615.jpg,6,mixed_farming,9,family_land,1,rain-fed,---,groundnuts,1.1,---,---,rabbits,---,21,10.5405865 7.5631863 0.0 20.0,yes,ae47dc59-2ac8-4590-8b9b-bfe5d5162bf2,2026-03-20 00:03:00,2026-03-20,tester,2026-03-20 00:03:17,https://www.commcarehq.org/form/a72588a4-f5ad-4596-bb0e-fc305974631e,tester,True
616,2a082fa3-8148-4a33-b255-0ec3a88129ae,community_06,Mary,Sani,male,1983-12-30,89747284809.0,08073936351,https://www.commcarehq.org/photos/farmer_616.jpg,4,livestock_farming,9,family_land,2,rain-fed,---,maize groundnuts rice,2.4,2.5,0.7,---,---,---,10.5747165 7.5874175 0.0 20.0,yes,4d4cfb1d-837d-4bca-b040-fbac9c004d79,2026-06-24 00:04:00,2026-06-24,tester,2026-06-24 00:04:17,https://www.commcarehq.org/form/2a082fa3-8148-4a33-b255-0ec3a88129ae,tester,True
617,49216c7f-6876-4edb-81b4-5fe9eeae3f1e,community_03,Rebecca,Sani,female,1996-02-06,19592487992.0,08023370628,https://www.commcarehq.org/photos/farmer_617.jpg,4,mixed_farming,10,owned,3,river_stream,---,groundnuts,0.8,---,---,---,---,---,10.4332652 7.314166 0.0 20.0,yes,b66aca78-2308-4641-86c5-b3d8050641f5,2026-06-16 00:05:00,2026-06-16,tester,2026-06-16 00:05:18,https://www.commcarehq.org/form/49216c7f-6876-4edb-81b4-5fe9eeae3f1e,tester,True
618,5a0a96eb-66dd-40f7-97ac-872da8a76d9f,community_01,John,Musa,female,1968-06-19,76726240618.0,08090200024,https://www.commcarehq.org/photos/farmer_618.jpg,6,mixed_farming,32,family_land,1,rain-fed,---,rice maize groundnuts,1.6,1.3,3.2,---,---,---,10.4191664 7.535141 0.0 20.0,yes,c86d6e87-7f6d-4206-aea3-b903e7911a36,2026-04-20 00:08:00,2026-04-20,tester,2026-04-20 00:08:11,https://www.commcarehq.org/form/5a0a96eb-66dd-40f7-97ac-872da8a76d9f,tester,True
619,13575a86-7dc4-4368-a473-6a653ad9c31c,community_02,Paul,Balogun,male,1960-07-21,,08000109436,https://www.commcarehq.org/photos/farmer_619.jpg,11,livestock_farming,9,owned,5,borehole,---,maize,---,3.0,---,goats rabbits,12,22,10.4954141 7.4265559 0.0 20.0,no,eb36388e-94f4-4fc9-ae34-21ad51b3ae70,2026-04-13 00:05:00,2026-04-13,tester,2026-04-13 00:05:12,https://www.commcarehq.org/form/13575a86-7dc4-4368-a473-6a653ad9c31c,tester,True
620,b1b69bc8-6e82-45d4-825a-5153cf1a6551,community_02,Suleiman,Yakubu,male,2006-02-14,57206903812.0,08029160360,https://www.commcarehq.org/photos/farmer_620.jpg,8,livestock_farming,1,family_land,2,rain-fed,---,groundnuts rice maize,2.1,2.7,2.3,rabbits,---,15,10.2633295 7.493175 0.0 20.0,yes,2f31251c-f2e1-40e2-8e48-e82bbf10b324,2026-04-16 00:07:00,2026-04-16,tester,2026-04-16 00:07:14,https://www.commcarehq.org/form/b1b69bc8-6e82-45d4-825a-5153cf1a6551,tester,True
621,a06b8d89-5e58-46c8-b1a3-e4063a3cdb53,community_02,John,Ahmed,male,1991-09-01,13406129334.0,08015411089,https://www.commcarehq.org/photos/farmer_621.jpg,4,mixed_farming,8,owned,3,rain-fed,---,rice,---,---,2.2,goats,14,---,10.2368461 7.4753431 0.0 20.0,yes,bc21e5c3-40bf-46a2-9d44-3f25c01bdaa8,2026-04-14 00:04:00,2026-04-14,tester,2026-04-14 00:04:15,https://www.commcarehq.org/form/a06b8d89-5e58-46c8-b1a3-e4063a3cdb53,tester,True
622,7ca41928-8f83-4609-879b-89bdf0f1e9eb,community_04,Fatima,Mohammed,male,1961-01-09,,08085643273,https://www.commcarehq.org/photos/farmer_622.jpg,4,crop_farming,19,leased,2,rain-fed,---,maize groundnuts rice,1.0,4.0,2.9,rabbits,---,38,10.4205777 7.3356336 0.0 20.0,yes,4e56d9e9-0aa5-43c7-953b-391ac4cf6ef2,2026-03-16 00:03:00,2026-03-16,tester,2026-03-16 00:03:17,https://www.commcarehq.org/form/7ca41928-8f83-4609-879b-89bdf0f1e9eb,tester,True
623,850082ca-545f-430d-9e17-628a65291e64,community_04,Blessing,Peter,male,1995-04-20,99607669169.0,08064169326,https://www.commcarehq.org/photos/farmer_623.jpg,6,crop_farming,11,owned,2,rain-fed,---,groundnuts maize rice,2.0,1.9,2.6,---,---,---,10.4629092 7.3661122 0.0 20.0,yes,8f08ee50-3d94-43f6-b38a-7c56ecd03635,2026-02-27 00:07:00,2026-02-27,tester,2026-02-27 00:07:07,https://www.commcarehq.org/form/850082ca-545f-430d-9e17-628a65291e64,tester,True
624,a1275055-805f-438d-960a-754524211204,community_01,Naomi,Abdullahi,male,1989-05-26,74523815205.0,08084341800,https://www.commcarehq.org/photos/farmer_624.jpg,7,livestock_farming,1,owned,1,rain-fed,---,groundnuts,0.8,---,---,goats,11,---,10.2785837 7.5072855 0.0 20.0,yes,c52fb43c-ec9a-4540-a8b5-8fb2f75a3a9f,2026-04-24 00:05:00,2026-04-24,tester,2026-04-24 00:05:10,https://www.commcarehq.org/form/a1275055-805f-438d-960a-754524211204,tester,True
625,87ffca4d-1c57-4130-aaf1-2fd10433c70d,community_02,James,Haruna,male,1983-12-26,,08027285475,https://www.commcarehq.org/photos/farmer_625.jpg,7,crop_farming,19,owned,6,rain-fed,---,maize rice groundnuts,1.9,1.0,1.9,rabbits,---,37,10.2896786 7.3314546 0.0 20.0,yes,d6024db9-3d16-4989-adbd-bf3e54ff8903,2026-01-09 00:02:00,2026-01-09,tester,2026-01-09 00:02:17,https://www.commcarehq.org/form/87ffca4d-1c57-4130-aaf1-2fd10433c70d,tester,True
626,63c0e7a7-c92f-46dd-b11c-59f5dff8c5a8,community_01,Daniel,Abdullahi,female,2002-03-03,16807957738.0,08070222468,https://www.commcarehq.org/photos/farmer_626.jpg,8,crop_farming,1,owned,3,borehole,---,rice,---,---,0.7,goats,15,---,10.286604 7.2295654 0.0 20.0,yes,0d5972f5-584b-4359-adfb-7867db64d8c3,2026-05-20 00:02:00,2026-05-20,tester,2026-05-20 00:02:08,https://www.commcarehq.org/form/63c0e7a7-c92f-46dd-b11c-59f5dff8c5a8,tester,True
627,d849ec43-33e9-4bf5-a810-7c7bcc2285f0,community_03,Musa,Okafor,female,1985-06-29,97237445223.0,08081915889,https://www.commcarehq.org/photos/farmer_627.jpg,6,mixed_farming,3,leased,5,rain-fed,---,maize,---,3.5,---,---,---,---,10.4214069 7.5552621 0.0 20.0,yes,01be157a-1e9a-46b6-94d9-bc41ece2b94a,2026-02-23 00:04:00,2026-02-23,tester,2026-02-23 00:04:11,https://www.commcarehq.org/form/d849ec43-33e9-4bf5-a810-7c7bcc2285f0,tester,True
628,382c55f4-1866-45ad-8ce2-5a70c857eed7,community_01,Grace,Ogunleye,male,1962-11-11,,08090930707,https://www.commcarehq.org/photos/farmer_628.jpg,3,livestock_farming,46,owned,3,river_stream,---,groundnuts,1.3,---,---,---,---,---,10.2646288 7.573141 0.0 20.0,yes,3baec1a7-7710-4549-a220-079a29d91b02,2026-06-17 00:02:00,2026-06-17,tester,2026-06-17 00:02:14,https://www.commcarehq.org/form/382c55f4-1866-45ad-8ce2-5a70c857eed7,tester,True
629,a7796646-51da-45bf-b9b9-25e25acbcf8f,community_01,Sarah,Haruna,male,1972-02-03,21584387450.0,08076945424,https://www.commcarehq.org/photos/farmer_629.jpg,12,crop_farming,8,family_land,6,other,Rainwater Harvesting,rice,---,---,1.0,goats rabbits,3,17,10.2329605 7.3342062 0.0 20.0,yes,d72cf05e-dfd5-4722-a279-b077d4a58c12,2026-04-16 00:06:00,2026-04-16,tester,2026-04-16 00:06:18,https://www.commcarehq.org/form/a7796646-51da-45bf-b9b9-25e25acbcf8f,tester,True
630,38a0fe07-c25b-48f3-801c-f3507cc0cef9,community_07,Rebecca,David,male,1981-01-21,32862862438.0,08074301348,https://www.commcarehq.org/photos/farmer_630.jpg,8,mixed_farming,9,owned,2,rain-fed,---,rice groundnuts maize,0.6,1.1,4.0,---,---,---,10.3805671 7.575632 0.0 20.0,yes,5af7db88-a959-4752-9030-388e37f33279,2026-02-23 00:04:00,2026-02-23,tester,2026-02-23 00:04:16,https://www.commcarehq.org/form/38a0fe07-c25b-48f3-801c-f3507cc0cef9,tester,True
631,5999f371-336a-47ba-bd3f-7bb80ff20643,community_06,Musa,Michael,male,1951-08-28,,08043164030,https://www.commcarehq.org/photos/farmer_631.jpg,11,crop_farming,15,owned,2,dam_reservoir,---,groundnuts maize,0.6,4.7,---,goats,5,---,10.2013722 7.4552686 0.0 20.0,yes,85460c90-983a-40e9-b8f4-95b2bbbdffb0,2026-04-15 00:06:00,2026-04-15,tester,2026-04-15 00:06:06,https://www.commcarehq.org/form/5999f371-336a-47ba-bd3f-7bb80ff20643,tester,True
632,2fa5b3d4-ad07-4a07-8752-36b7172ed849,community_05,Paul,Lawal,male,2006-07-03,36493508045.0,08051371251,https://www.commcarehq.org/photos/farmer_632.jpg,11,crop_farming,1,owned,2,rain-fed,---,groundnuts rice,1.2,---,0.6,---,---,---,10.4421358 7.2463288 0.0 20.0,yes,d5cc797c-5949-4d19-a15a-47a5d0eddf2a,2026-01-27 00:07:00,2026-01-27,tester,2026-01-27 00:07:08,https://www.commcarehq.org/form/2fa5b3d4-ad07-4a07-8752-36b7172ed849,tester,True
633,72813e15-d04e-445b-b909-b46eb7034b2f,community_07,Daniel,Adeyemi,male,1971-04-07,32100264909.0,08075187417,https://www.commcarehq.org/photos/farmer_633.jpg,8,livestock_farming,30,owned,6,rain-fed,---,groundnuts,2.7,---,---,goats,11,---,10.484918 7.3317713 0.0 20.0,yes,d0dcb1c1-43b2-4bc6-9637-8944147ffa65,2026-06-06 00:04:00,2026-06-06,tester,2026-06-06 00:04:09,https://www.commcarehq.org/form/72813e15-d04e-445b-b909-b46eb7034b2f,tester,True
634,794609bc-0880-4d45-8514-4176b4fb2d5e,community_06,Esther,Lawal,female,1958-02-21,50605188850.0,08076516692,https://www.commcarehq.org/photos/farmer_634.jpg,6,livestock_farming,36,family_land,1,rain-fed,---,rice groundnuts maize,0.7,5.4,2.7,---,---,---,10.5724652 7.5615438 0.0 20.0,yes,b47cb061-71e7-4e98-bf07-735dc985eb70,2026-04-14 00:06:00,2026-04-14,tester,2026-04-14 00:06:05,https://www.commcarehq.org/form/794609bc-0880-4d45-8514-4176b4fb2d5e,tester,True
635,8a794a15-8263-4f5d-a6b6-39810cac2347,community_02,Ibrahim,Sani,male,1989-01-01,13299204248.0,08052578646,https://www.commcarehq.org/photos/farmer_635.jpg,8,mixed_farming,18,owned,4,rain-fed,---,maize groundnuts,1.1,5.0,---,goats rabbits,3,22,10.2575607 7.3657498 0.0 20.0,yes,df968ce0-12d3-4a29-b0b1-6c54069329b3,2026-04-18 00:07:00,2026-04-18,tester,2026-04-18 00:07:07,https://www.commcarehq.org/form/8a794a15-8263-4f5d-a6b6-39810cac2347,tester,True
636,9399fa72-c228-4b68-80f5-82211e4b6b40,community_02,Naomi,Sani,male,1995-10-20,93315786788.0,08066823749,https://www.commcarehq.org/photos/farmer_636.jpg,5,mixed_farming,11,owned,5,rain-fed,---,rice groundnuts,2.4,---,1.5,rabbits,---,9,10.4880585 7.3368032 0.0 20.0,yes,19d8b6c6-4758-4390-96e0-84dd4dbbd644,2026-04-12 00:06:00,2026-04-12,tester,2026-04-12 00:06:08,https://www.commcarehq.org/form/9399fa72-c228-4b68-80f5-82211e4b6b40,tester,True
637,af0cbfb3-e307-43c1-9dc3-2eaec09a5ae3,community_02,Ibrahim,Johnson,male,1967-07-02,78006926011.0,08053114272,https://www.commcarehq.org/photos/farmer_637.jpg,4,mixed_farming,23,owned,1,rain-fed,---,groundnuts maize rice,0.6,0.6,3.4,---,---,---,10.5619284 7.4760634 0.0 20.0,yes,6dca3b50-d896-4cb0-af0d-b826f34a995c,2026-04-24 00:03:00,2026-04-24,tester,2026-04-24 00:03:08,https://www.commcarehq.org/form/af0cbfb3-e307-43c1-9dc3-2eaec09a5ae3,tester,True
638,d982dec1-efbf-4961-96eb-39e03a720568,community_04,Rebecca,Eze,male,2004-05-23,34778089965.0,08093214649,https://www.commcarehq.org/photos/farmer_638.jpg,3,mixed_farming,1,leased,1,rain-fed,---,groundnuts maize rice,0.5,1.4,2.0,rabbits,---,38,10.2957438 7.2974075 0.0 20.0,yes,4cadff7e-1494-42f3-afe3-8fdaf65d0517,2026-02-27 00:05:00,2026-02-27,tester,2026-02-27 00:05:20,https://www.commcarehq.org/form/d982dec1-efbf-4961-96eb-39e03a720568,tester,True
639,c51d7d7d-25da-46a5-9e9c-5dbdfd3d7a27,community_01,Grace,Yusuf,male,1996-09-14,24732970113.0,08031376707,https://www.commcarehq.org/photos/farmer_639.jpg,5,mixed_farming,10,leased,1,rain-fed,---,rice groundnuts,0.8,---,1.3,---,---,---,10.3874892 7.5664196 0.0 20.0,yes,d262e1ca-069e-477a-94c9-6226aa295b01,2026-01-20 00:04:00,2026-01-20,tester,2026-01-20 00:04:15,https://www.commcarehq.org/form/c51d7d7d-25da-46a5-9e9c-5dbdfd3d7a27,tester,True
640,4cfb2b0c-ed4d-4a2b-a090-42f799a09d5f,community_03,Samuel,Balogun,male,1996-05-09,37284826719.0,08066104497,https://www.commcarehq.org/photos/farmer_640.jpg,1,mixed_farming,7,owned,1,rain-fed,---,rice,---,---,2.8,rabbits,---,6,10.5188614 7.449979 0.0 20.0,yes,8d6dc474-de70-48ff-8e8b-b323d373d93f,2026-03-04 00:02:00,2026-03-04,tester,2026-03-04 00:02:08,https://www.commcarehq.org/form/4cfb2b0c-ed4d-4a2b-a090-42f799a09d5f,tester,True
641,c0cdb3c2-3e10-4cb0-aea6-a1b1f252ee83,community_03,Binta,Sani,female,1989-08-22,,08062216131,https://www.commcarehq.org/photos/farmer_641.jpg,4,mixed_farming,17,owned,1,rain-fed,---,groundnuts maize,1.0,0.7,---,---,---,---,10.5320712 7.5091637 0.0 20.0,yes,fc9079b9-2468-48ea-9c01-ba590eae47e9,2026-05-18 00:06:00,2026-05-18,tester,2026-05-18 00:06:09,https://www.commcarehq.org/form/c0cdb3c2-3e10-4cb0-aea6-a1b1f252ee83,tester,True
642,b6372190-f2f8-43e2-88a1-e33ee679cfe9,community_06,Yusuf,Ogunleye,male,2002-01-12,81409711603.0,08083297524,https://www.commcarehq.org/photos/farmer_642.jpg,7,crop_farming,5,owned,2,irrigation_scheme,---,groundnuts,0.7,---,---,---,---,---,10.2121335 7.3551341 0.0 20.0,yes,f7398aaa-4b2c-4bf3-aaa9-693e54c14d18,2026-06-29 00:05:00,2026-06-29,tester,2026-06-29 00:05:17,https://www.commcarehq.org/form/b6372190-f2f8-43e2-88a1-e33ee679cfe9,tester,True
643,83d0f64b-ab31-47bb-bd75-0810ec4c6248,community_02,David,Ali,female,1971-06-13,,08049339948,https://www.commcarehq.org/photos/farmer_643.jpg,8,crop_farming,31,leased,2,rain-fed,---,maize groundnuts rice,1.2,5.3,1.5,goats rabbits,5,28,10.4501897 7.3259606 0.0 20.0,yes,c81399cd-0331-4f42-a466-13fde88c96bb,2026-05-29 00:03:00,2026-05-29,tester,2026-05-29 00:03:18,https://www.commcarehq.org/form/83d0f64b-ab31-47bb-bd75-0810ec4c6248,tester,True
644,e2c9961c-df78-4060-be3a-44626076483a,community_02,Mercy,Philip,male,1998-06-11,,08077871977,https://www.commcarehq.org/photos/farmer_644.jpg,7,crop_farming,5,leased,4,rain-fed,---,maize groundnuts rice,0.9,1.7,3.6,---,---,---,10.4758293 7.5418406 0.0 20.0,yes,f68f6224-d02e-4044-a36f-69e5abb92c81,2026-06-28 00:02:00,2026-06-28,tester,2026-06-28 00:02:14,https://www.commcarehq.org/form/e2c9961c-df78-4060-be3a-44626076483a,tester,True
645,b5319eb9-cce7-42e5-b6c6-ddaa005cd394,community_07,Ruth,Balogun,female,1974-01-04,50887025210.0,08060026125,https://www.commcarehq.org/photos/farmer_645.jpg,4,mixed_farming,10,family_land,3,rain-fed,---,rice,---,---,3.7,---,---,---,10.3781068 7.3581697 0.0 20.0,yes,d6cc1878-5bb5-4ef3-973b-69ef19fb7c1d,2026-02-26 00:07:00,2026-02-26,tester,2026-02-26 00:07:09,https://www.commcarehq.org/form/b5319eb9-cce7-42e5-b6c6-ddaa005cd394,tester,True
646,be2151b8-ce54-43be-b925-dee509c04b41,community_06,Paul,Abdullahi,male,1995-06-05,,08088090862,https://www.commcarehq.org/photos/farmer_646.jpg,2,livestock_farming,4,owned,1,rain-fed,---,maize groundnuts rice,2.8,4.6,2.6,---,---,---,10.2343176 7.2827382 0.0 20.0,no,c96d9190-ba99-4f20-aa0b-5992e091c4c3,2026-03-27 00:07:00,2026-03-27,tester,2026-03-27 00:07:13,https://www.commcarehq.org/form/be2151b8-ce54-43be-b925-dee509c04b41,tester,True
647,0646095a-52d5-49cf-b33d-0f02479a0816,community_04,Musa,Michael,male,1962-07-05,46160646124.0,08058112389,https://www.commcarehq.org/photos/farmer_647.jpg,4,livestock_farming,1,owned,2,rain-fed,---,rice groundnuts,1.9,---,0.7,---,---,---,10.4308308 7.5029328 0.0 20.0,yes,0ed60809-4859-4241-aad1-259095ca9fa7,2026-03-15 00:04:00,2026-03-15,tester,2026-03-15 00:04:07,https://www.commcarehq.org/form/0646095a-52d5-49cf-b33d-0f02479a0816,tester,True
648,d783bfc6-111f-4385-ab95-3879590d4636,community_01,Grace,Mohammed,male,1989-10-23,38720891179.0,08081615233,https://www.commcarehq.org/photos/farmer_648.jpg,1,crop_farming,13,owned,2,rain-fed,---,maize rice,---,0.7,3.9,rabbits,---,31,10.5161239 7.4628232 0.0 20.0,yes,cba0226c-e8ae-440f-abef-c9dda6dae355,2026-06-05 00:06:00,2026-06-05,tester,2026-06-05 00:06:11,https://www.commcarehq.org/form/d783bfc6-111f-4385-ab95-3879590d4636,tester,True
649,f8f1da29-b061-4558-8887-79931148be69,community_03,Mary,Usman,male,1989-12-05,,08054058337,https://www.commcarehq.org/photos/farmer_649.jpg,7,crop_farming,16,leased,3,rain-fed,---,groundnuts maize rice,1.1,4.4,0.7,goats,12,---,10.2599805 7.347847 0.0 20.0,yes,0cde13d8-a23d-4d37-906a-61a8c7963b71,2026-03-03 00:03:00,2026-03-03,tester,2026-03-03 00:03:10,https://www.commcarehq.org/form/f8f1da29-b061-4558-8887-79931148be69,tester,True
650,07b91fc0-0504-44d9-a665-d96146dc26c1,community_02,Joseph,David,female,1996-11-04,18775968349.0,08065245628,https://www.commcarehq.org/photos/farmer_650.jpg,2,livestock_farming,8,owned,2,rain-fed,---,groundnuts maize rice,0.7,2.7,3.1,goats rabbits,12,35,10.3482467 7.3199297 0.0 20.0,yes,506cf93e-3bf2-4511-be77-7010f31d7f6a,2026-03-03 00:02:00,2026-03-03,tester,2026-03-03 00:02:19,https://www.commcarehq.org/form/07b91fc0-0504-44d9-a665-d96146dc26c1,tester,True
651,f9d103c8-cf3f-490d-83a1-66e6a4d3ca72,community_06,Elizabeth,Yusuf,male,1979-05-10,,08086728897,https://www.commcarehq.org/photos/farmer_651.jpg,6,mixed_farming,4,leased,3,rain-fed,---,rice maize groundnuts,1.0,5.2,0.7,goats rabbits,4,5,10.5309121 7.4865312 0.0 20.0,yes,e83a58a1-3f09-40f8-ad9e-facec069ef41,2026-02-19 00:04:00,2026-02-19,tester,2026-02-19 00:04:14,https://www.commcarehq.org/form/f9d103c8-cf3f-490d-83a1-66e6a4d3ca72,tester,True
652,1e6e4583-2a41-4934-bf07-0cb44cdb2a64,community_04,Naomi,Adeyemi,female,1988-07-21,,08090697415,https://www.commcarehq.org/photos/farmer_652.jpg,8,mixed_farming,14,owned,2,rain-fed,---,groundnuts maize,1.8,1.9,---,goats rabbits,10,25,10.2609357 7.5744677 0.0 20.0,yes,00695ce7-41ed-4151-9a93-baa2afb39abe,2026-02-05 00:07:00,2026-02-05,tester,2026-02-05 00:07:17,https://www.commcarehq.org/form/1e6e4583-2a41-4934-bf07-0cb44cdb2a64,tester,True
653,061fd6f0-d89f-489b-b514-e9aa690e9186,community_05,Daniel,Daniel,female,1984-05-07,,08057260064,https://www.commcarehq.org/photos/farmer_653.jpg,4,crop_farming,21,owned,1,rain-fed,---,rice groundnuts maize,0.7,4.8,3.7,goats,2,---,10.2538201 7.3394596 0.0 20.0,yes,44db5b8d-32fa-432d-ae5b-cb2a4d447300,2026-02-23 00:07:00,2026-02-23,tester,2026-02-23 00:07:13,https://www.commcarehq.org/form/061fd6f0-d89f-489b-b514-e9aa690e9186,tester,True
654,2670d7c1-a2ec-4417-9dd7-dc967579b1a7,community_06,Elizabeth,Johnson,female,1973-03-24,80899602528.0,08073861540,https://www.commcarehq.org/photos/farmer_654.jpg,5,mixed_farming,27,leased,2,borehole,---,groundnuts,0.6,---,---,goats,17,---,10.5269147 7.3630673 0.0 20.0,yes,c49c7c9b-385d-43c8-9f48-f2846c6450be,2026-05-13 00:03:00,2026-05-13,tester,2026-05-13 00:03:14,https://www.commcarehq.org/form/2670d7c1-a2ec-4417-9dd7-dc967579b1a7,tester,True
655,42e6c513-67bf-4ba7-b2b6-eef69ee4024a,community_03,Ibrahim,Mohammed,female,1983-10-30,,08020086156,https://www.commcarehq.org/photos/farmer_655.jpg,3,mixed_farming,11,owned,1,rain-fed,---,groundnuts,1.7,---,---,goats,22,---,10.222808 7.4579859 0.0 20.0,yes,bbaaa46e-fed2-4317-8a34-8394fa69ceec,2026-03-02 00:04:00,2026-03-02,tester,2026-03-02 00:04:18,https://www.commcarehq.org/form/42e6c513-67bf-4ba7-b2b6-eef69ee4024a,tester,True
656,54b60517-f298-4935-b271-3ad232a6e4b8,community_06,Elizabeth,Daniel,male,1973-07-08,14544987672.0,08075552557,https://www.commcarehq.org/photos/farmer_656.jpg,5,crop_farming,34,family_land,1,dam_reservoir,---,maize,---,3.8,---,---,---,---,10.4499973 7.2202289 0.0 20.0,yes,d9dd1acd-a719-43c8-ad01-0d0b273f5b29,2026-01-13 00:04:00,2026-01-13,tester,2026-01-13 00:04:12,https://www.commcarehq.org/form/54b60517-f298-4935-b271-3ad232a6e4b8,tester,True
657,bf4e6839-2713-4912-bbe7-3acf30e9a322,community_05,David,Usman,male,1970-04-19,12760363497.0,08058116539,https://www.commcarehq.org/photos/farmer_657.jpg,7,mixed_farming,17,family_land,1,irrigation_scheme,---,groundnuts,3.0,---,---,rabbits,---,24,10.4723523 7.5787511 0.0 20.0,yes,dea11c8f-8cb8-4c01-b53f-4c2b1d3c271d,2026-03-04 00:02:00,2026-03-04,tester,2026-03-04 00:02:18,https://www.commcarehq.org/form/bf4e6839-2713-4912-bbe7-3acf30e9a322,tester,True
658,0bb855d9-c207-48f5-bec7-ea742988ebcf,community_04,John,Eze,male,1984-05-24,27125904798.0,08071429730,https://www.commcarehq.org/photos/farmer_658.jpg,2,mixed_farming,4,owned,2,irrigation_scheme,---,rice groundnuts maize,2.8,3.1,2.3,---,---,---,10.2351126 7.4618961 0.0 20.0,yes,48d5a589-69df-49f3-bec0-6e2faee90f48,2026-06-13 00:03:00,2026-06-13,tester,2026-06-13 00:03:19,https://www.commcarehq.org/form/0bb855d9-c207-48f5-bec7-ea742988ebcf,tester,True
659,66f0ebe8-5109-4db0-8a37-c479e8e56b55,community_07,Rebecca,Okafor,male,1989-11-25,81687856885.0,08006160381,https://www.commcarehq.org/photos/farmer_659.jpg,7,livestock_farming,18,leased,1,rain-fed,---,maize,---,3.9,---,goats,12,---,10.3906485 7.3859413 0.0 20.0,yes,890c2f98-7b3f-4bad-9877-d2c96ef0967d,2026-06-04 00:08:00,2026-06-04,tester,2026-06-04 00:08:20,https://www.commcarehq.org/form/66f0ebe8-5109-4db0-8a37-c479e8e56b55,tester,True
660,44bbba47-4688-4ead-a987-c6d0ffe5a964,community_03,Amina,Sani,female,1954-10-20,52670791622.0,08014873510,https://www.commcarehq.org/photos/farmer_660.jpg,4,crop_farming,26,owned,1,rain-fed,---,groundnuts maize rice,0.6,5.7,1.8,goats,24,---,10.3047561 7.4377463 0.0 20.0,yes,e5b6f577-ad50-4af1-a9ce-3a4cb55f1e95,2026-05-14 00:05:00,2026-05-14,tester,2026-05-14 00:05:20,https://www.commcarehq.org/form/44bbba47-4688-4ead-a987-c6d0ffe5a964,tester,True
661,2cd6ef52-2fd3-47be-8ffd-da9a87c4eafd,community_03,Samuel,Musa,female,1983-09-14,23415292532.0,08071605802,https://www.commcarehq.org/photos/farmer_661.jpg,11,crop_farming,6,owned,1,rain-fed,---,rice,---,---,2.5,goats rabbits,3,33,10.4555755 7.2079252 0.0 20.0,yes,fa310752-1ef6-4093-8552-1942fb3700be,2026-03-08 00:08:00,2026-03-08,tester,2026-03-08 00:08:10,https://www.commcarehq.org/form/2cd6ef52-2fd3-47be-8ffd-da9a87c4eafd,tester,True
662,a51e5491-f541-4803-84c6-33e044ab48fe,community_07,Binta,Ogunleye,male,1986-11-22,51382251872.0,08096386873,https://www.commcarehq.org/photos/farmer_662.jpg,8,crop_farming,16,owned,3,irrigation_scheme,---,maize,---,4.4,---,goats,13,---,10.3321225 7.2262334 0.0 20.0,yes,d537ef2c-f4c0-41f1-be6c-4b6d92cf0ea2,2026-04-20 00:06:00,2026-04-20,tester,2026-04-20 00:06:18,https://www.commcarehq.org/form/a51e5491-f541-4803-84c6-33e044ab48fe,tester,True
663,e3492827-e207-47a1-bcbc-ba1f82ffce37,community_03,Deborah,Yakubu,male,1971-10-29,84288647169.0,08072935414,https://www.commcarehq.org/photos/farmer_663.jpg,6,mixed_farming,34,owned,6,river_stream,---,maize rice,---,0.5,2.3,---,---,---,10.5092558 7.4601778 0.0 20.0,yes,23323b61-0cdc-42da-a2d4-7ccb60c50f0d,2026-06-06 00:06:00,2026-06-06,tester,2026-06-06 00:06:11,https://www.commcarehq.org/form/e3492827-e207-47a1-bcbc-ba1f82ffce37,tester,True
664,09e60c6a-eb82-412e-b603-40b3eb25d639,community_05,Binta,Mohammed,male,1969-09-13,,08080073737,https://www.commcarehq.org/photos/farmer_664.jpg,7,crop_farming,1,owned,1,irrigation_scheme,---,groundnuts rice maize,1.6,6.0,2.2,goats,20,---,10.4539745 7.5688344 0.0 20.0,yes,944f24c7-f841-4d06-8cd8-a027ee83e483,2026-06-25 00:02:00,2026-06-25,tester,2026-06-25 00:02:12,https://www.commcarehq.org/form/09e60c6a-eb82-412e-b603-40b3eb25d639,tester,True
665,48588d66-5954-4eb7-9979-045f01ea4720,community_04,Amina,Bello,male,1991-05-15,30085775530.0,08066236902,https://www.commcarehq.org/photos/farmer_665.jpg,4,crop_farming,9,family_land,3,rain-fed,---,maize,---,4.2,---,---,---,---,10.2314677 7.4886203 0.0 20.0,yes,2cf08984-c25b-4454-9337-d2b812887a28,2026-01-29 00:03:00,2026-01-29,tester,2026-01-29 00:03:12,https://www.commcarehq.org/form/48588d66-5954-4eb7-9979-045f01ea4720,tester,True
666,b0c31b4d-0451-4b8f-83a0-97bfb733fa0b,community_05,Blessing,Yusuf,male,1970-01-13,28314566994.0,08058316103,https://www.commcarehq.org/photos/farmer_666.jpg,4,mixed_farming,23,owned,1,borehole,---,rice,---,---,3.4,---,---,---,10.3296716 7.231357 0.0 20.0,yes,335d0ac6-1402-4562-a9ee-d8a1e3a0c117,2026-03-19 00:04:00,2026-03-19,tester,2026-03-19 00:04:16,https://www.commcarehq.org/form/b0c31b4d-0451-4b8f-83a0-97bfb733fa0b,tester,True
667,44466bc9-0f7d-42cb-86c0-49ec10993a6b,community_02,Ahmed,Garba,female,1980-05-04,66296943343.0,08042208868,https://www.commcarehq.org/photos/farmer_667.jpg,5,mixed_farming,24,owned,2,rain-fed,---,groundnuts maize,1.8,3.6,---,---,---,---,10.2639135 7.4356622 0.0 20.0,yes,e6c07bd9-8b1b-4de9-a27d-53e13de3ff8f,2026-04-19 00:06:00,2026-04-19,tester,2026-04-19 00:06:12,https://www.commcarehq.org/form/44466bc9-0f7d-42cb-86c0-49ec10993a6b,tester,True
668,1bd5f657-159b-4097-8d73-67c3a426d5f6,community_01,Joy,Usman,male,1972-09-01,22669382075.0,08044037785,https://www.commcarehq.org/photos/farmer_668.jpg,4,crop_farming,15,family_land,1,dam_reservoir,---,maize,---,5.2,---,---,---,---,10.4224214 7.5829079 0.0 20.0,yes,8b3130b7-4415-482f-af7d-21571ec16e57,2026-03-30 00:08:00,2026-03-30,tester,2026-03-30 00:08:07,https://www.commcarehq.org/form/1bd5f657-159b-4097-8d73-67c3a426d5f6,tester,True
669,74494140-9fd6-4317-b023-543ca584fb8e,community_05,Binta,Peter,male,1992-12-16,30098393472.0,08057221333,https://www.commcarehq.org/photos/farmer_669.jpg,11,crop_farming,1,family_land,3,irrigation_scheme,---,rice groundnuts maize,1.1,5.8,1.8,rabbits,---,4,10.4742704 7.5423015 0.0 20.0,yes,02145d0f-e6d4-482c-82e1-8cf2cf9f7c89,2026-05-30 00:05:00,2026-05-30,tester,2026-05-30 00:05:20,https://www.commcarehq.org/form/74494140-9fd6-4317-b023-543ca584fb8e,tester,True
670,c40d717b-93c2-4fb9-9283-4932fa673b9f,community_01,Binta,James,male,1987-05-14,,08096373048,https://www.commcarehq.org/photos/farmer_670.jpg,2,mixed_farming,2,family_land,2,rain-fed,---,groundnuts,2.0,---,---,goats,20,---,10.5147385 7.3770614 0.0 20.0,yes,3bab378b-9db2-4fe4-bc9d-ca9578588b11,2026-04-22 00:08:00,2026-04-22,tester,2026-04-22 00:08:20,https://www.commcarehq.org/form/c40d717b-93c2-4fb9-9283-4932fa673b9f,tester,True
671,8218e109-a19e-42d7-80ad-739744a25d8f,community_01,Amina,Samuel,male,1978-11-06,51418385367.0,08035673123,https://www.commcarehq.org/photos/farmer_671.jpg,3,crop_farming,21,owned,3,rain-fed,---,groundnuts rice maize,2.1,5.8,1.1,goats,14,---,10.3586403 7.2950959 0.0 20.0,yes,a79ee923-4c69-42cc-abeb-341de3fe226e,2026-03-11 00:02:00,2026-03-11,tester,2026-03-11 00:02:11,https://www.commcarehq.org/form/8218e109-a19e-42d7-80ad-739744a25d8f,tester,True
672,8ee8ed55-c420-48fe-912e-47f7964f3ea9,community_02,Ahmed,Ogunleye,male,1994-10-08,,08017500251,https://www.commcarehq.org/photos/farmer_672.jpg,2,crop_farming,7,owned,3,rain-fed,---,groundnuts,1.8,---,---,---,---,---,10.2944184 7.2126105 0.0 20.0,yes,7fdbaf24-24e7-4a70-b566-0ec27f8f7a01,2026-02-20 00:07:00,2026-02-20,tester,2026-02-20 00:07:07,https://www.commcarehq.org/form/8ee8ed55-c420-48fe-912e-47f7964f3ea9,tester,True
673,2ae99eea-b40e-4bb0-a30a-d6c1fc8f5cbc,community_06,Ahmed,David,male,1970-03-24,40103587243.0,08056667976,https://www.commcarehq.org/photos/farmer_673.jpg,6,crop_farming,32,owned,4,rain-fed,---,maize,---,4.7,---,goats,3,---,10.5653299 7.3827008 0.0 20.0,yes,08afdf3f-440b-44c6-8287-d235e5241869,2026-03-10 00:06:00,2026-03-10,tester,2026-03-10 00:06:16,https://www.commcarehq.org/form/2ae99eea-b40e-4bb0-a30a-d6c1fc8f5cbc,tester,True
674,2a4ed8f8-a306-4dc6-9496-72b62f584645,community_06,Amina,Abdullahi,female,1977-01-30,71060225411.0,08003785026,https://www.commcarehq.org/photos/farmer_674.jpg,5,mixed_farming,5,family_land,2,river_stream,---,groundnuts maize rice,1.7,1.9,2.1,rabbits,---,34,10.4001904 7.5000334 0.0 20.0,yes,ab374975-5955-4ec7-be71-a5659712fb99,2026-03-03 00:06:00,2026-03-03,tester,2026-03-03 00:06:16,https://www.commcarehq.org/form/2a4ed8f8-a306-4dc6-9496-72b62f584645,tester,True
675,ba6eed8a-7c32-410b-8c33-5ca3e68dd3e6,community_03,Sarah,Balogun,male,1968-10-10,57353128576.0,08032058429,https://www.commcarehq.org/photos/farmer_675.jpg,4,mixed_farming,19,family_land,1,borehole,---,groundnuts maize,1.6,4.9,---,goats rabbits,23,31,10.3664384 7.2387049 0.0 20.0,yes,4cfea464-790e-4b0b-836e-786a54879b8b,2026-06-10 00:07:00,2026-06-10,tester,2026-06-10 00:07:08,https://www.commcarehq.org/form/ba6eed8a-7c32-410b-8c33-5ca3e68dd3e6,tester,True
676,634fa8a9-0750-4441-b060-861d348b502c,community_03,Musa,Yakubu,male,1977-12-10,69799181036.0,08020235559,https://www.commcarehq.org/photos/farmer_676.jpg,3,mixed_farming,8,owned,2,rain-fed,---,rice groundnuts maize,2.3,4.6,0.8,goats,7,---,10.2579867 7.5819787 0.0 20.0,yes,57237b74-5661-4e45-a5c2-ccce2da69fd8,2026-06-02 00:02:00,2026-06-02,tester,2026-06-02 00:02:10,https://www.commcarehq.org/form/634fa8a9-0750-4441-b060-861d348b502c,tester,True
677,2cfbf820-3dd0-4b1f-a1b9-a717ac58852b,community_03,Grace,David,male,1995-06-17,,08007650411,https://www.commcarehq.org/photos/farmer_677.jpg,9,crop_farming,10,family_land,2,river_stream,---,maize rice,---,3.7,3.1,---,---,---,10.3008177 7.4306204 0.0 20.0,yes,e49fce30-1f9c-4dae-9a6d-a8aa6896e111,2026-05-29 00:06:00,2026-05-29,tester,2026-05-29 00:06:19,https://www.commcarehq.org/form/2cfbf820-3dd0-4b1f-a1b9-a717ac58852b,tester,True
678,16e27287-5be7-4e0a-83ee-a2fa0969ba1b,community_04,Grace,Johnson,male,1974-11-05,84213424314.0,08087937551,https://www.commcarehq.org/photos/farmer_678.jpg,3,mixed_farming,21,owned,5,rain-fed,---,groundnuts,2.0,---,---,---,---,---,10.3409596 7.5271904 0.0 20.0,yes,27a66fd3-259d-4d45-a700-32b04db43087,2026-04-17 00:02:00,2026-04-17,tester,2026-04-17 00:02:18,https://www.commcarehq.org/form/16e27287-5be7-4e0a-83ee-a2fa0969ba1b,tester,True
679,9f8364d5-3623-4e24-8a05-5c90eb20f6e5,community_04,Hauwa,Usman,male,1964-06-01,39599355415.0,08056555391,https://www.commcarehq.org/photos/farmer_679.jpg,1,crop_farming,5,owned,2,borehole,---,groundnuts rice maize,1.1,6.4,1.2,---,---,---,10.2968308 7.3880826 0.0 20.0,yes,94d436df-d01c-49ac-9c45-45e8bf9766e2,2026-03-26 00:04:00,2026-03-26,tester,2026-03-26 00:04:06,https://www.commcarehq.org/form/9f8364d5-3623-4e24-8a05-5c90eb20f6e5,tester,True
680,fc6f8bfb-1ded-44aa-bf17-d42c7cfad48e,community_05,Grace,Ahmed,female,1972-11-13,,08067375349,https://www.commcarehq.org/photos/farmer_680.jpg,4,mixed_farming,8,owned,2,rain-fed,---,groundnuts rice maize,2.4,5.9,0.9,rabbits,---,40,10.4802256 7.2737024 0.0 20.0,yes,0e92556c-32d0-4503-80eb-eb94c8d28dcf,2026-01-18 00:07:00,2026-01-18,tester,2026-01-18 00:07:13,https://www.commcarehq.org/form/fc6f8bfb-1ded-44aa-bf17-d42c7cfad48e,tester,True
681,e9fbd7db-791f-4508-a039-9006db481b52,community_06,Deborah,Usman,female,1962-07-22,,08074063522,https://www.commcarehq.org/photos/farmer_681.jpg,4,crop_farming,7,owned,1,rain-fed,---,maize,---,4.1,---,---,---,---,10.510068 7.448705 0.0 20.0,yes,f91557e7-606f-4389-b575-3aa3203b2b6e,2026-04-20 00:07:00,2026-04-20,tester,2026-04-20 00:07:14,https://www.commcarehq.org/form/e9fbd7db-791f-4508-a039-9006db481b52,tester,True
682,132f49cc-1e99-43b3-8048-f461b91e1af2,community_03,Paul,Okafor,male,2004-06-20,94822418572.0,08061147167,https://www.commcarehq.org/photos/farmer_682.jpg,3,crop_farming,2,owned,3,dam_reservoir,---,groundnuts maize,2.2,1.2,---,---,---,---,10.5898484 7.4825389 0.0 20.0,yes,a3bca6e0-ef43-4947-8475-9cf07376332b,2026-02-03 00:07:00,2026-02-03,tester,2026-02-03 00:07:10,https://www.commcarehq.org/form/132f49cc-1e99-43b3-8048-f461b91e1af2,tester,True
683,e129254d-79e9-40dd-95df-33f2e6cf2daa,community_05,Suleiman,Tanko,female,1998-10-13,,08082849123,https://www.commcarehq.org/photos/farmer_683.jpg,1,crop_farming,5,owned,3,rain-fed,---,rice groundnuts maize,2.2,2.0,3.4,goats,24,---,10.3756873 7.3404149 0.0 20.0,yes,2a52e581-b466-4136-b9a5-78235b55ac0d,2026-01-24 00:02:00,2026-01-24,tester,2026-01-24 00:02:18,https://www.commcarehq.org/form/e129254d-79e9-40dd-95df-33f2e6cf2daa,tester,True
684,419b7a21-c925-4ce4-9a70-69ff4facaff8,community_05,Ibrahim,Usman,female,1999-02-13,59370618121.0,08015784381,https://www.commcarehq.org/photos/farmer_684.jpg,5,mixed_farming,9,leased,1,rain-fed,---,groundnuts,2.1,---,---,goats,12,---,10.2724954 7.4311629 0.0 20.0,yes,15ffd0b4-bb3a-4d0e-a950-6ddac82c5526,2026-01-10 00:07:00,2026-01-10,tester,2026-01-10 00:07:10,https://www.commcarehq.org/form/419b7a21-c925-4ce4-9a70-69ff4facaff8,tester,True
685,d4f1c077-9996-42c4-a5cc-56402c96bd62,community_02,Joseph,Ogunleye,male,1979-09-09,88030454533.0,08032350087,https://www.commcarehq.org/photos/farmer_685.jpg,10,mixed_farming,10,owned,3,rain-fed,---,maize,---,3.0,---,goats rabbits,25,28,10.2765262 7.5223814 0.0 20.0,yes,44355c09-e291-4b79-97d3-775fa508a017,2026-05-18 00:06:00,2026-05-18,tester,2026-05-18 00:06:12,https://www.commcarehq.org/form/d4f1c077-9996-42c4-a5cc-56402c96bd62,tester,True
686,a38d540e-bd9c-4d4a-8f2d-63246a04c9f3,community_07,James,Daniel,male,1996-10-12,95480714880.0,08020488125,https://www.commcarehq.org/photos/farmer_686.jpg,6,mixed_farming,6,owned,2,river_stream,---,rice,---,---,3.5,goats,19,---,10.5743787 7.5227843 0.0 20.0,yes,95e1b2e8-0e21-4cd4-bfcd-0589779628ff,2026-06-05 00:04:00,2026-06-05,tester,2026-06-05 00:04:20,https://www.commcarehq.org/form/a38d540e-bd9c-4d4a-8f2d-63246a04c9f3,tester,True
687,991d932b-68ac-477a-99e5-406b32b3ee61,community_06,Deborah,Yusuf,male,1986-12-07,53849594372.0,08068432152,https://www.commcarehq.org/photos/farmer_687.jpg,3,crop_farming,5,owned,2,rain-fed,---,rice maize,---,4.5,2.3,goats,16,---,10.4445162 7.3032856 0.0 20.0,no,2f44c954-5daa-4a93-8901-893b0a29f265,2026-06-29 00:02:00,2026-06-29,tester,2026-06-29 00:02:19,https://www.commcarehq.org/form/991d932b-68ac-477a-99e5-406b32b3ee61,tester,True
688,08909f35-5a84-41f6-a9e5-4d9ed8411487,community_05,Deborah,Ojo,male,1969-09-19,47994480425.0,08069092579,https://www.commcarehq.org/photos/farmer_688.jpg,2,crop_farming,28,family_land,1,rain-fed,---,rice maize groundnuts,2.2,2.8,2.8,goats,25,---,10.2817641 7.4777177 0.0 20.0,yes,657d1d64-087f-4b99-8537-360733ccee0d,2026-04-05 00:06:00,2026-04-05,tester,2026-04-05 00:06:18,https://www.commcarehq.org/form/08909f35-5a84-41f6-a9e5-4d9ed8411487,tester,True
689,75bc9047-663f-47e2-af83-6cad954681a9,community_04,Ibrahim,Yusuf,female,1958-02-03,,08003485943,https://www.commcarehq.org/photos/farmer_689.jpg,4,crop_farming,12,family_land,6,rain-fed,---,maize,---,5.3,---,goats,3,---,10.3321754 7.5921351 0.0 20.0,yes,365af1f4-641e-42f8-877d-8e98a4fb538e,2026-03-03 00:06:00,2026-03-03,tester,2026-03-03 00:06:15,https://www.commcarehq.org/form/75bc9047-663f-47e2-af83-6cad954681a9,tester,True
690,c8262f6e-f79e-480c-a593-0fe640582229,community_06,Ruth,Usman,female,1971-10-25,,08004752278,https://www.commcarehq.org/photos/farmer_690.jpg,3,mixed_farming,15,owned,4,river_stream,---,maize,---,3.8,---,goats rabbits,12,15,10.2006135 7.3175784 0.0 20.0,yes,5a321feb-0f7c-4d33-88f3-a1c686479f41,2026-04-05 00:03:00,2026-04-05,tester,2026-04-05 00:03:20,https://www.commcarehq.org/form/c8262f6e-f79e-480c-a593-0fe640582229,tester,True
691,0cd76623-96fa-4fcf-8f75-0cce88a850df,community_03,Esther,David,female,2004-12-20,14924957375.0,08097232625,https://www.commcarehq.org/photos/farmer_691.jpg,7,crop_farming,1,owned,3,rain-fed,---,maize rice,---,1.0,3.0,rabbits,---,16,10.5352794 7.5543635 0.0 20.0,yes,ba8d75b1-3adf-43ce-b5a3-57e9ddd50189,2026-04-02 00:05:00,2026-04-02,tester,2026-04-02 00:05:19,https://www.commcarehq.org/form/0cd76623-96fa-4fcf-8f75-0cce88a850df,tester,True
692,a03c63b0-9023-4277-a70c-c15f4dd1db3f,community_07,Rebecca,Adeyemi,male,2004-12-18,78896172338.0,08069968247,https://www.commcarehq.org/photos/farmer_692.jpg,5,mixed_farming,3,family_land,3,rain-fed,---,maize,---,5.0,---,---,---,---,10.5476852 7.5849212 0.0 20.0,yes,addd50b6-45d5-4d08-96e5-14a9184a1088,2026-05-02 00:05:00,2026-05-02,tester,2026-05-02 00:05:19,https://www.commcarehq.org/form/a03c63b0-9023-4277-a70c-c15f4dd1db3f,tester,True
693,99316e63-11ca-4e57-a0bf-c1e40078a873,community_03,Ruth,Ahmed,male,1975-11-11,20113322933.0,08034103427,https://www.commcarehq.org/photos/farmer_693.jpg,9,mixed_farming,3,owned,2,borehole,---,maize rice,---,4.9,1.0,---,---,---,10.3373621 7.4101335 0.0 20.0,yes,9ee12866-2362-461f-b6ea-144e8b705cf1,2026-03-27 00:07:00,2026-03-27,tester,2026-03-27 00:07:18,https://www.commcarehq.org/form/99316e63-11ca-4e57-a0bf-c1e40078a873,tester,True
694,912feb95-8b1c-488e-a2ac-a2e27fe3c186,community_03,Ibrahim,Isa,female,1973-12-16,96036319606.0,08069780485,https://www.commcarehq.org/photos/farmer_694.jpg,1,mixed_farming,24,family_land,6,borehole,---,rice maize groundnuts,3.0,1.0,0.9,---,---,---,10.4995503 7.3791288 0.0 20.0,yes,357fb0e5-c2ea-4ea2-b7f4-bf2b490630e6,2026-04-13 00:05:00,2026-04-13,tester,2026-04-13 00:05:07,https://www.commcarehq.org/form/912feb95-8b1c-488e-a2ac-a2e27fe3c186,tester,True
695,09e3c1f8-554e-48ef-8b59-c6ee0f39e1d6,community_02,Musa,Ibrahim,male,1952-10-31,44359995747.0,08077468851,https://www.commcarehq.org/photos/farmer_695.jpg,2,crop_farming,22,leased,3,rain-fed,---,groundnuts maize rice,2.3,4.6,0.5,goats rabbits,24,29,10.5633073 7.5421462 0.0 20.0,yes,6058c39e-a781-4f75-9253-7aff9b0062f0,2026-05-04 00:07:00,2026-05-04,tester,2026-05-04 00:07:12,https://www.commcarehq.org/form/09e3c1f8-554e-48ef-8b59-c6ee0f39e1d6,tester,True
696,69a9ab7b-b7b5-4aa1-bc6a-4daf9372c487,community_04,David,Isa,female,2008-01-06,22350911197.0,08053338250,https://www.commcarehq.org/photos/farmer_696.jpg,6,crop_farming,1,owned,2,rain-fed,---,rice maize,---,2.2,0.6,---,---,---,10.2665934 7.4888028 0.0 20.0,yes,710d9943-cf3f-4c6c-b992-fdd069b22b17,2026-05-04 00:07:00,2026-05-04,tester,2026-05-04 00:07:12,https://www.commcarehq.org/form/69a9ab7b-b7b5-4aa1-bc6a-4daf9372c487,tester,True
697,e353491c-74de-43e9-8ae4-6814e25fb612,community_06,Fatima,Sani,female,1979-12-14,76558681178.0,08032990603,https://www.commcarehq.org/photos/farmer_697.jpg,5,livestock_farming,25,owned,1,dam_reservoir,---,rice maize groundnuts,2.2,3.4,2.6,goats,21,---,10.2231543 7.4309345 0.0 20.0,yes,c1c2eb07-ce12-4f84-b1f1-4364704db949,2026-06-23 00:08:00,2026-06-23,tester,2026-06-23 00:08:07,https://www.commcarehq.org/form/e353491c-74de-43e9-8ae4-6814e25fb612,tester,True
698,b9bf848d-8afb-43d2-8d26-e0ea1dedc685,community_07,Mercy,David,male,1975-01-03,94859527433.0,08015902590,https://www.commcarehq.org/photos/farmer_698.jpg,8,livestock_farming,5,family_land,4,borehole,---,maize,---,6.0,---,goats,21,---,10.4296933 7.4978251 0.0 20.0,yes,f5dcb7ee-5298-4e66-83a7-a5fcdc7a8b0b,2026-01-14 00:08:00,2026-01-14,tester,2026-01-14 00:08:08,https://www.commcarehq.org/form/b9bf848d-8afb-43d2-8d26-e0ea1dedc685,tester,True
699,0777a589-0227-4823-8b02-a52d46d8fed6,community_01,Esther,Johnson,male,1957-06-02,,08024108310,https://www.commcarehq.org/photos/farmer_699.jpg,9,mixed_farming,19,owned,2,borehole,---,groundnuts,2.0,---,---,---,---,---,10.4455646 7.3212317 0.0 20.0,yes,ef14589f-1cc6-410b-b07e-62680aeefd00,2026-03-23 00:05:00,2026-03-23,tester,2026-03-23 00:05:18,https://www.commcarehq.org/form/0777a589-0227-4823-8b02-a52d46d8fed6,tester,True
700,1b68e40b-8980-40cc-8aeb-96752ce255c3,community_05,Yusuf,Usman,male,1971-02-10,35657075765.0,08050469214,https://www.commcarehq.org/photos/farmer_700.jpg,9,livestock_farming,25,leased,2,rain-fed,---,rice,---,---,3.0,rabbits,---,18,10.253599 7.4960214 0.0 20.0,yes,f9293f48-e79d-424f-bc06-11ec7f308b7a,2026-02-06 00:05:00,2026-02-06,tester,2026-02-06 00:05:09,https://www.commcarehq.org/form/1b68e40b-8980-40cc-8aeb-96752ce255c3,tester,True
701,31c8203d-76eb-437c-9a38-b4bc7e0d1aee,community_01,Fatima,Ojo,female,1990-04-14,,08036790125,https://www.commcarehq.org/photos/farmer_701.jpg,10,crop_farming,12,owned,1,rain-fed,---,groundnuts rice maize,0.6,6.3,2.8,---,---,---,10.3358401 7.3973383 0.0 20.0,yes,98d2e8ce-477d-486c-a321-d76dd042625b,2026-02-18 00:06:00,2026-02-18,tester,2026-02-18 00:06:19,https://www.commcarehq.org/form/31c8203d-76eb-437c-9a38-b4bc7e0d1aee,tester,True
702,c01f400e-468e-41de-991c-4ee663f474f0,community_07,Sarah,Eze,male,1994-06-17,82996617343.0,08088099938,https://www.commcarehq.org/photos/farmer_702.jpg,10,crop_farming,7,family_land,2,rain-fed,---,rice maize,---,0.7,2.5,goats,4,---,10.5888209 7.4337695 0.0 20.0,yes,99065463-d445-4fd3-a39b-44be8d6aa05b,2026-04-11 00:07:00,2026-04-11,tester,2026-04-11 00:07:13,https://www.commcarehq.org/form/c01f400e-468e-41de-991c-4ee663f474f0,tester,True
703,cb6c02db-7f87-4e8e-9f69-62ba1f47a134,community_02,Mary,Michael,male,1980-12-04,,08025594836,https://www.commcarehq.org/photos/farmer_703.jpg,7,crop_farming,22,leased,2,irrigation_scheme,---,rice,---,---,0.6,goats,5,---,10.5472545 7.422405 0.0 20.0,no,c36a6eea-09df-4fa2-b763-872047e2c205,2026-03-13 00:05:00,2026-03-13,tester,2026-03-13 00:05:13,https://www.commcarehq.org/form/cb6c02db-7f87-4e8e-9f69-62ba1f47a134,tester,True
704,f9283efb-186c-428e-8a6a-d2be9d75d1ad,community_05,Samuel,Michael,female,1967-07-09,35841428034.0,08037785777,https://www.commcarehq.org/photos/farmer_704.jpg,7,crop_farming,5,owned,1,river_stream,---,groundnuts maize rice,1.3,1.3,1.3,goats,4,---,10.3635358 7.2860211 0.0 20.0,yes,5040d74d-15ad-43ed-b7a3-f1ca0c4c98c4,2026-05-25 00:04:00,2026-05-25,tester,2026-05-25 00:04:12,https://www.commcarehq.org/form/f9283efb-186c-428e-8a6a-d2be9d75d1ad,tester,True
705,e6f58912-f7b3-495b-a94e-0d7ac01dc04d,community_01,Suleiman,David,male,1971-10-27,,08046747365,https://www.commcarehq.org/photos/farmer_705.jpg,4,mixed_farming,12,leased,1,rain-fed,---,groundnuts rice maize,0.9,2.7,0.6,---,---,---,10.3708376 7.4909972 0.0 20.0,yes,0bce4546-e963-46c5-9dfd-0fc196a46f6f,2026-04-19 00:05:00,2026-04-19,tester,2026-04-19 00:05:18,https://www.commcarehq.org/form/e6f58912-f7b3-495b-a94e-0d7ac01dc04d,tester,True
706,49fae842-1cac-450c-98ab-81d51cba184e,community_05,Esther,Yusuf,female,1990-10-01,48541172559.0,08075841260,https://www.commcarehq.org/photos/farmer_706.jpg,6,mixed_farming,11,owned,1,borehole,---,maize rice,---,6.3,0.8,---,---,---,10.316453 7.4106253 0.0 20.0,yes,16166d34-0067-4994-979b-9bfd9fa80c6f,2026-02-10 00:05:00,2026-02-10,tester,2026-02-10 00:05:19,https://www.commcarehq.org/form/49fae842-1cac-450c-98ab-81d51cba184e,tester,True
707,9832fb79-915c-489f-b5af-5fb76c3e4ff7,community_02,Mary,Haruna,female,1998-08-26,54054217820.0,08026337748,https://www.commcarehq.org/photos/farmer_707.jpg,7,crop_farming,1,leased,1,rain-fed,---,rice groundnuts maize,2.6,2.9,1.2,goats,25,---,10.39016 7.4557206 0.0 20.0,yes,febcd90e-4b95-490e-ab78-9290c41948f1,2026-03-13 00:03:00,2026-03-13,tester,2026-03-13 00:03:09,https://www.commcarehq.org/form/9832fb79-915c-489f-b5af-5fb76c3e4ff7,tester,True
708,fece2735-a388-47a3-81ec-947b9dd72f10,community_04,Emmanuel,Sani,female,1987-04-17,84776281778.0,08006746988,https://www.commcarehq.org/photos/farmer_708.jpg,3,crop_farming,10,owned,1,rain-fed,---,maize,---,5.0,---,goats,18,---,10.5947058 7.3943882 0.0 20.0,yes,e3da8091-ac45-405f-aa49-0d186b2751bb,2026-03-25 00:04:00,2026-03-25,tester,2026-03-25 00:04:13,https://www.commcarehq.org/form/fece2735-a388-47a3-81ec-947b9dd72f10,tester,True
709,2945a89d-c311-45fc-80c9-30e871c520dc,community_03,Amina,Samuel,male,2002-06-17,76303207303.0,08089847403,https://www.commcarehq.org/photos/farmer_709.jpg,4,mixed_farming,5,owned,1,rain-fed,---,maize rice groundnuts,2.3,6.1,1.0,---,---,---,10.268285 7.2341965 0.0 20.0,yes,088fa6f3-6bcf-40b7-84ba-87e2ea0f6821,2026-04-02 00:04:00,2026-04-02,tester,2026-04-02 00:04:11,https://www.commcarehq.org/form/2945a89d-c311-45fc-80c9-30e871c520dc,tester,True
710,bf03d6df-0aad-4ed7-b51f-08c8cc6799b0,community_04,Deborah,Yusuf,female,1990-10-02,35401234755.0,08034263627,https://www.commcarehq.org/photos/farmer_710.jpg,3,mixed_farming,16,family_land,1,irrigation_scheme,---,rice groundnuts maize,1.6,2.7,0.7,---,---,---,10.3195741 7.5173862 0.0 20.0,yes,f736fdbb-a831-4b6a-af3f-7209381e41f4,2026-02-12 00:04:00,2026-02-12,tester,2026-02-12 00:04:11,https://www.commcarehq.org/form/bf03d6df-0aad-4ed7-b51f-08c8cc6799b0,tester,True
711,9a94dca7-6c28-40e0-88f3-a2ed4a5592da,community_05,David,Philip,male,1977-08-03,,08056644433,https://www.commcarehq.org/photos/farmer_711.jpg,3,crop_farming,20,owned,3,river_stream,---,maize,---,3.7,---,rabbits,---,28,10.5202812 7.2698885 0.0 20.0,yes,a4fbf30f-6de6-4b51-bce4-89b269c524ba,2026-01-01 00:08:00,2026-01-01,tester,2026-01-01 00:08:13,https://www.commcarehq.org/form/9a94dca7-6c28-40e0-88f3-a2ed4a5592da,tester,True
712,1500e323-0d3e-4d4b-b6b2-46459621c915,community_06,Deborah,Michael,male,1993-02-07,,08033410013,https://www.commcarehq.org/photos/farmer_712.jpg,5,mixed_farming,10,leased,1,river_stream,---,maize rice groundnuts,0.9,6.2,2.1,---,---,---,10.241545 7.3370435 0.0 20.0,yes,000f4bfd-0cff-4041-b532-7b663153fad7,2026-06-12 00:05:00,2026-06-12,tester,2026-06-12 00:05:14,https://www.commcarehq.org/form/1500e323-0d3e-4d4b-b6b2-46459621c915,tester,True
713,d900063c-d15f-4221-a2d6-f13653c18331,community_01,Mercy,Johnson,female,1992-08-26,,08018593077,https://www.commcarehq.org/photos/farmer_713.jpg,5,mixed_farming,12,leased,1,rain-fed,---,rice,---,---,3.2,goats rabbits,22,14,10.3642178 7.2953345 0.0 20.0,yes,28766c19-687f-4e6c-b913-fb673dabb4a5,2026-06-17 00:08:00,2026-06-17,tester,2026-06-17 00:08:14,https://www.commcarehq.org/form/d900063c-d15f-4221-a2d6-f13653c18331,tester,True
714,cb4b55fa-8876-4fc1-b0a2-4d4368a087fc,community_03,Musa,Yusuf,male,1986-11-26,44772123943.0,08074578691,https://www.commcarehq.org/photos/farmer_714.jpg,5,livestock_farming,17,family_land,2,rain-fed,---,groundnuts rice,1.7,---,1.2,rabbits,---,6,10.3840469 7.4463099 0.0 20.0,yes,24529a04-48fd-4d03-b027-b7610d52f531,2026-01-11 00:08:00,2026-01-11,tester,2026-01-11 00:08:08,https://www.commcarehq.org/form/cb4b55fa-8876-4fc1-b0a2-4d4368a087fc,tester,True
715,b1aa0539-d417-441f-afcd-d851900fbd92,community_03,Grace,David,male,1971-09-24,68166725054.0,08071530917,https://www.commcarehq.org/photos/farmer_715.jpg,5,mixed_farming,28,owned,3,other,Community Well,groundnuts maize,2.7,5.3,---,---,---,---,10.2181902 7.2231172 0.0 20.0,yes,fb26b911-0609-4fa5-98eb-385aed8a862c,2026-05-17 00:06:00,2026-05-17,tester,2026-05-17 00:06:11,https://www.commcarehq.org/form/b1aa0539-d417-441f-afcd-d851900fbd92,tester,True
716,0f6c3efc-f45e-4447-8bd7-1a6fdc86ff51,community_02,Fatima,Daniel,male,1995-04-01,44679329725.0,08016934364,https://www.commcarehq.org/photos/farmer_716.jpg,8,mixed_farming,12,owned,2,irrigation_scheme,---,maize groundnuts rice,2.3,5.6,3.6,goats,3,---,10.4694178 7.2913309 0.0 20.0,yes,59b81fcf-c216-4abb-ad09-2bcbc7f86104,2026-06-10 00:05:00,2026-06-10,tester,2026-06-10 00:05:16,https://www.commcarehq.org/form/0f6c3efc-f45e-4447-8bd7-1a6fdc86ff51,tester,True
717,e220bda4-e4fa-4216-ba76-3e66986048e4,community_04,Sarah,David,female,1981-04-11,,08062789771,https://www.commcarehq.org/photos/farmer_717.jpg,7,crop_farming,19,owned,1,dam_reservoir,---,groundnuts,1.2,---,---,---,---,---,10.2636267 7.3510443 0.0 20.0,yes,aac12b61-e5d7-4aef-828d-c646b438b362,2026-05-30 00:05:00,2026-05-30,tester,2026-05-30 00:05:09,https://www.commcarehq.org/form/e220bda4-e4fa-4216-ba76-3e66986048e4,tester,True
718,87ceabed-f47a-4c66-8fc4-ae44c989d13e,community_06,Paul,Eze,female,1990-11-21,,08062971632,https://www.commcarehq.org/photos/farmer_718.jpg,1,mixed_farming,11,owned,2,rain-fed,---,rice,---,---,1.7,goats,19,---,10.4573873 7.2401069 0.0 20.0,yes,7667b838-5b63-439a-822a-6dad0b7edf59,2026-04-24 00:08:00,2026-04-24,tester,2026-04-24 00:08:18,https://www.commcarehq.org/form/87ceabed-f47a-4c66-8fc4-ae44c989d13e,tester,True
719,c8bc415d-5e69-466d-b4d9-c34e0f4332c1,community_04,Emmanuel,James,male,1951-06-09,30060764450.0,08019251398,https://www.commcarehq.org/photos/farmer_719.jpg,3,crop_farming,25,owned,1,river_stream,---,maize rice,---,5.9,0.7,---,---,---,10.4645601 7.3932674 0.0 20.0,yes,b9f3b7bd-f168-4c69-8f06-928418c0b66a,2026-05-20 00:03:00,2026-05-20,tester,2026-05-20 00:03:19,https://www.commcarehq.org/form/c8bc415d-5e69-466d-b4d9-c34e0f4332c1,tester,True
720,2de7147c-f197-4f43-abbe-c289390eb737,community_03,Suleiman,Eze,male,1978-07-26,,08061012555,https://www.commcarehq.org/photos/farmer_720.jpg,8,mixed_farming,8,owned,5,borehole,---,maize rice,---,3.3,0.9,---,---,---,10.3291605 7.5624829 0.0 20.0,yes,8d165331-8861-4fa5-899e-66818f9b1ea7,2026-06-05 00:07:00,2026-06-05,tester,2026-06-05 00:07:05,https://www.commcarehq.org/form/2de7147c-f197-4f43-abbe-c289390eb737,tester,True
721,8682bd71-42f1-4e48-804f-4ebe24528163,community_03,Elizabeth,Mohammed,female,1976-07-15,,08062189756,https://www.commcarehq.org/photos/farmer_721.jpg,3,crop_farming,7,owned,5,rain-fed,---,maize,---,2.2,---,goats,12,---,10.2267939 7.2995873 0.0 20.0,yes,e13525fe-cc04-4bb7-a02d-29bb6d199dab,2026-02-05 00:08:00,2026-02-05,tester,2026-02-05 00:08:15,https://www.commcarehq.org/form/8682bd71-42f1-4e48-804f-4ebe24528163,tester,True
722,d9f0f8c7-be87-4172-98d6-4bbb5c9e5038,community_07,Joseph,Abdullahi,male,2001-09-18,,08075532089,https://www.commcarehq.org/photos/farmer_722.jpg,4,mixed_farming,7,owned,6,rain-fed,---,maize,---,2.7,---,goats,12,---,10.3920072 7.3352288 0.0 20.0,yes,2cdc01e6-4428-427d-94c8-741d42e95f67,2026-05-27 00:03:00,2026-05-27,tester,2026-05-27 00:03:16,https://www.commcarehq.org/form/d9f0f8c7-be87-4172-98d6-4bbb5c9e5038,tester,True
723,df601bed-9be1-4d63-a6e1-5072f944903a,community_01,Naomi,Isa,female,1995-04-23,,08020356750,https://www.commcarehq.org/photos/farmer_723.jpg,4,mixed_farming,2,owned,5,borehole,---,groundnuts,1.4,---,---,---,---,---,10.5573007 7.3213859 0.0 20.0,yes,445ef73d-7676-4a0b-bbc4-85c37aee02eb,2026-06-28 00:05:00,2026-06-28,tester,2026-06-28 00:05:05,https://www.commcarehq.org/form/df601bed-9be1-4d63-a6e1-5072f944903a,tester,True
724,3228eca6-251d-41a6-bcf0-fdb52902b1fc,community_02,Joseph,Mohammed,male,1987-09-12,71156330521.0,08032748484,https://www.commcarehq.org/photos/farmer_724.jpg,2,crop_farming,21,family_land,3,rain-fed,---,rice groundnuts maize,2.1,3.3,1.3,goats,7,---,10.516498 7.4993667 0.0 20.0,yes,104a839e-58ba-4c63-979c-9392891cefb5,2026-04-26 00:04:00,2026-04-26,tester,2026-04-26 00:04:20,https://www.commcarehq.org/form/3228eca6-251d-41a6-bcf0-fdb52902b1fc,tester,True
725,66a8992d-5f2a-409b-9a97-4a53aaa03adf,community_07,James,Tanko,male,1971-10-11,87494907480.0,08038488593,https://www.commcarehq.org/photos/farmer_725.jpg,5,crop_farming,24,family_land,3,river_stream,---,groundnuts rice,0.8,---,2.2,---,---,---,10.3226694 7.37983 0.0 20.0,yes,40eff8f5-66d3-4dc8-8daa-6fdd89295dec,2026-03-31 00:05:00,2026-03-31,tester,2026-03-31 00:05:15,https://www.commcarehq.org/form/66a8992d-5f2a-409b-9a97-4a53aaa03adf,tester,True
726,fb8e0dea-2f48-4793-b523-1cdbb958329b,community_03,Esther,Okafor,female,2001-07-23,79990972982.0,08039675626,https://www.commcarehq.org/photos/farmer_726.jpg,7,crop_farming,4,owned,3,rain-fed,---,rice maize groundnuts,1.0,1.3,1.9,rabbits,---,30,10.5532608 7.5561483 0.0 20.0,yes,79ebc6fa-133f-4b8d-92d2-783db03a3993,2026-04-06 00:05:00,2026-04-06,tester,2026-04-06 00:05:06,https://www.commcarehq.org/form/fb8e0dea-2f48-4793-b523-1cdbb958329b,tester,True
727,8c1aadb7-a7fe-4628-aab0-67f73ce9197f,community_05,John,Okafor,female,1974-01-03,89321328021.0,08017746097,https://www.commcarehq.org/photos/farmer_727.jpg,2,mixed_farming,3,owned,3,rain-fed,---,groundnuts,1.0,---,---,---,---,---,10.5151174 7.2862701 0.0 20.0,yes,420e3446-5e9e-414a-a5c8-716e633fb570,2026-02-28 00:04:00,2026-02-28,tester,2026-02-28 00:04:13,https://www.commcarehq.org/form/8c1aadb7-a7fe-4628-aab0-67f73ce9197f,tester,True
728,d1c51945-ba3d-40bc-8b55-fb541cd70180,community_03,Paul,David,female,1969-09-29,,08022933135,https://www.commcarehq.org/photos/farmer_728.jpg,6,crop_farming,9,owned,1,river_stream,---,maize,---,5.7,---,goats,18,---,10.4222746 7.3149074 0.0 20.0,yes,e6b1f2b0-3bbe-4382-8351-5f342c014ac9,2026-03-29 00:03:00,2026-03-29,tester,2026-03-29 00:03:08,https://www.commcarehq.org/form/d1c51945-ba3d-40bc-8b55-fb541cd70180,tester,True
729,a171dc04-4054-4dd0-88ce-6c38bf2d86fc,community_01,Blessing,Ojo,female,1976-03-04,79334398296.0,08083949938,https://www.commcarehq.org/photos/farmer_729.jpg,6,crop_farming,29,owned,1,rain-fed,---,rice groundnuts maize,0.8,5.8,3.7,goats,4,---,10.4868327 7.3304114 0.0 20.0,yes,b3f26816-c893-43f8-94b7-bd3846be0d90,2026-04-17 00:03:00,2026-04-17,tester,2026-04-17 00:03:09,https://www.commcarehq.org/form/a171dc04-4054-4dd0-88ce-6c38bf2d86fc,tester,True
730,56c66902-e2b4-4e26-942a-b3e0f4006977,community_04,Ruth,Okafor,male,1977-11-01,44687395680.0,08088571846,https://www.commcarehq.org/photos/farmer_730.jpg,6,crop_farming,7,family_land,3,rain-fed,---,groundnuts,1.3,---,---,rabbits,---,33,10.3248878 7.4739099 0.0 20.0,yes,a6260789-6c85-4d6a-a71d-0c918f450805,2026-01-06 00:03:00,2026-01-06,tester,2026-01-06 00:03:10,https://www.commcarehq.org/form/56c66902-e2b4-4e26-942a-b3e0f4006977,tester,True
731,da5f9436-ab07-4aec-9bac-2d8cb3c62ec0,community_05,Binta,Lawal,male,1969-01-12,48427568219.0,08002418082,https://www.commcarehq.org/photos/farmer_731.jpg,2,mixed_farming,7,owned,2,rain-fed,---,maize groundnuts,2.6,1.9,---,rabbits,---,36,10.5634191 7.3366617 0.0 20.0,yes,38ffe06a-b42f-4f51-8b3c-dc03fe58b961,2026-02-18 00:03:00,2026-02-18,tester,2026-02-18 00:03:05,https://www.commcarehq.org/form/da5f9436-ab07-4aec-9bac-2d8cb3c62ec0,tester,True
732,0b0080f6-a6ea-4d8d-bb5a-ac1d1084fc31,community_04,Daniel,Yakubu,female,2004-07-19,84723396222.0,08070002452,https://www.commcarehq.org/photos/farmer_732.jpg,6,mixed_farming,3,owned,1,rain-fed,---,maize,---,0.8,---,goats,15,---,10.5924866 7.5901725 0.0 20.0,yes,5a2ca988-4a35-49aa-870e-c0ec0bea89ed,2026-01-08 00:06:00,2026-01-08,tester,2026-01-08 00:06:09,https://www.commcarehq.org/form/0b0080f6-a6ea-4d8d-bb5a-ac1d1084fc31,tester,True
733,83f06a29-adf6-4b60-b4ad-23f0856877a9,community_03,Blessing,Peter,male,1973-10-06,,08032794026,https://www.commcarehq.org/photos/farmer_733.jpg,4,mixed_farming,7,owned,3,irrigation_scheme,---,groundnuts,1.6,---,---,goats,21,---,10.2333128 7.4406168 0.0 20.0,yes,9d408e8f-75a5-40db-8004-a3157e1820c1,2026-04-30 00:04:00,2026-04-30,tester,2026-04-30 00:04:19,https://www.commcarehq.org/form/83f06a29-adf6-4b60-b4ad-23f0856877a9,tester,True
734,d1754c27-b163-4649-97a8-80fc91c86787,community_02,Deborah,James,female,1961-02-14,88332574932.0,08043309203,https://www.commcarehq.org/photos/farmer_734.jpg,7,livestock_farming,47,owned,3,borehole,---,groundnuts maize,1.2,4.3,---,goats,12,---,10.4490544 7.3849759 0.0 20.0,yes,cc37c295-b73f-4cb9-a439-c6c0be428e0d,2026-06-04 00:08:00,2026-06-04,tester,2026-06-04 00:08:17,https://www.commcarehq.org/form/d1754c27-b163-4649-97a8-80fc91c86787,tester,True
735,17cedd65-6310-4aae-9749-b5d4024fa641,community_03,Mary,Johnson,female,1972-03-22,,08086865729,https://www.commcarehq.org/photos/farmer_735.jpg,2,crop_farming,27,leased,4,rain-fed,---,rice,---,---,0.7,---,---,---,10.3911529 7.2509779 0.0 20.0,yes,7bcfff4f-879d-4cb7-8158-2f57b72d0ab6,2026-04-14 00:05:00,2026-04-14,tester,2026-04-14 00:05:09,https://www.commcarehq.org/form/17cedd65-6310-4aae-9749-b5d4024fa641,tester,True
736,0e2fda88-df35-4c82-a91c-54df914d94ac,community_01,James,Eze,male,2001-09-04,48472019644.0,08096013417,https://www.commcarehq.org/photos/farmer_736.jpg,6,crop_farming,1,owned,2,dam_reservoir,---,groundnuts,2.1,---,---,rabbits,---,16,10.2869711 7.3319837 0.0 20.0,yes,7fd57fa2-f556-4d6f-880f-21cff31ad855,2026-03-11 00:05:00,2026-03-11,tester,2026-03-11 00:05:14,https://www.commcarehq.org/form/0e2fda88-df35-4c82-a91c-54df914d94ac,tester,True
737,91da0ecd-d821-40b2-82e4-54e42f20b43a,community_01,Blessing,Sani,female,1970-09-03,77403239172.0,08077038014,https://www.commcarehq.org/photos/farmer_737.jpg,4,mixed_farming,26,owned,1,rain-fed,---,groundnuts rice maize,1.6,5.6,1.9,---,---,---,10.3204424 7.380644 0.0 20.0,yes,38816b52-1881-46ea-9426-96d2f6225562,2026-06-30 00:04:00,2026-06-30,tester,2026-06-30 00:04:15,https://www.commcarehq.org/form/91da0ecd-d821-40b2-82e4-54e42f20b43a,tester,True
738,aa07ff35-72a8-457a-b155-5eb4863384ed,community_02,Grace,Ogunleye,female,2005-05-04,93720549018.0,08017049825,https://www.commcarehq.org/photos/farmer_738.jpg,7,mixed_farming,2,owned,2,rain-fed,---,rice groundnuts maize,0.9,3.3,2.9,goats,8,---,10.5192574 7.4043765 0.0 20.0,yes,68319975-bd77-4e0f-ab28-eb5a7d358fb8,2026-03-05 00:02:00,2026-03-05,tester,2026-03-05 00:02:20,https://www.commcarehq.org/form/aa07ff35-72a8-457a-b155-5eb4863384ed,tester,True
739,441ea6e5-d1da-45b9-b536-f741881dbeb3,community_02,Ibrahim,Garba,female,1973-06-19,66822429217.0,08038179053,https://www.commcarehq.org/photos/farmer_739.jpg,8,crop_farming,23,owned,1,rain-fed,---,maize,---,1.1,---,goats rabbits,24,24,10.3297065 7.5436798 0.0 20.0,yes,2d1b09a9-1ac6-4af4-91ab-143cec52d312,2026-05-31 00:04:00,2026-05-31,tester,2026-05-31 00:04:06,https://www.commcarehq.org/form/441ea6e5-d1da-45b9-b536-f741881dbeb3,tester,True
740,fa0307f4-fb1d-48bc-842a-150cba0b5fb6,community_02,Sarah,Michael,female,1982-01-19,18895763847.0,08051881280,https://www.commcarehq.org/photos/farmer_740.jpg,9,mixed_farming,24,leased,2,rain-fed,---,groundnuts maize rice,2.8,6.3,2.7,rabbits,---,33,10.5433286 7.3256236 0.0 20.0,yes,e97552a2-f038-435a-9495-7f3d915f640f,2026-02-01 00:05:00,2026-02-01,tester,2026-02-01 00:05:18,https://www.commcarehq.org/form/fa0307f4-fb1d-48bc-842a-150cba0b5fb6,tester,True
741,7da4836c-3164-4c61-b06a-4513278ad91d,community_06,Rebecca,Yakubu,female,2003-12-10,24734242989.0,08071868687,https://www.commcarehq.org/photos/farmer_741.jpg,9,crop_farming,1,owned,5,rain-fed,---,maize rice groundnuts,2.0,3.3,0.8,goats,8,---,10.3689833 7.5651616 0.0 20.0,yes,237e595e-80a8-4f51-8fc4-805add0a90ba,2026-06-01 00:02:00,2026-06-01,tester,2026-06-01 00:02:08,https://www.commcarehq.org/form/7da4836c-3164-4c61-b06a-4513278ad91d,tester,True
742,b741399c-af43-42f5-bf62-f4b8e6d81f27,community_01,Elizabeth,Ahmed,female,1995-06-14,,08054550507,https://www.commcarehq.org/photos/farmer_742.jpg,6,crop_farming,9,owned,3,rain-fed,---,groundnuts maize,2.8,6.1,---,goats,13,---,10.4643353 7.3527238 0.0 20.0,yes,6ccd1df2-96a3-4f24-9b8b-0d93d2c68121,2026-05-23 00:06:00,2026-05-23,tester,2026-05-23 00:06:10,https://www.commcarehq.org/form/b741399c-af43-42f5-bf62-f4b8e6d81f27,tester,True
743,97d4af7e-fc7a-4b71-902f-c7e42256059c,community_03,Rebecca,Yakubu,male,1983-11-05,25264209643.0,08069211240,https://www.commcarehq.org/photos/farmer_743.jpg,7,mixed_farming,18,owned,2,dam_reservoir,---,rice maize groundnuts,2.1,2.6,1.5,---,---,---,10.5566795 7.3040849 0.0 20.0,yes,6d626b24-21a7-4191-817a-2f802c0b97ff,2026-05-25 00:02:00,2026-05-25,tester,2026-05-25 00:02:18,https://www.commcarehq.org/form/97d4af7e-fc7a-4b71-902f-c7e42256059c,tester,True
744,24c632c1-6c27-4d9b-8920-342256adef5c,community_03,Esther,Balogun,male,1988-01-20,,08080343634,https://www.commcarehq.org/photos/farmer_744.jpg,5,mixed_farming,15,owned,4,rain-fed,---,maize rice groundnuts,2.4,1.8,3.2,---,---,---,10.2967817 7.4708028 0.0 20.0,yes,c7f237da-f1c8-435a-ba49-e4892feeab5d,2026-05-07 00:07:00,2026-05-07,tester,2026-05-07 00:07:20,https://www.commcarehq.org/form/24c632c1-6c27-4d9b-8920-342256adef5c,tester,True
745,deff8d72-ec08-45c0-8996-f77f75e718d8,community_01,Paul,Isa,female,2003-09-30,10660131919.0,08081613830,https://www.commcarehq.org/photos/farmer_745.jpg,3,livestock_farming,5,leased,6,rain-fed,---,groundnuts maize rice,2.1,1.9,2.3,goats rabbits,14,15,10.2052758 7.5193336 0.0 20.0,yes,279d017d-f851-4ea2-b6a3-a1a0fa7fa061,2026-03-05 00:06:00,2026-03-05,tester,2026-03-05 00:06:12,https://www.commcarehq.org/form/deff8d72-ec08-45c0-8996-f77f75e718d8,tester,True
746,fd124369-dcab-46f3-a93f-becca65e6420,community_06,Grace,Yusuf,male,2005-01-27,92923850137.0,08099492459,https://www.commcarehq.org/photos/farmer_746.jpg,6,mixed_farming,1,owned,2,rain-fed,---,rice maize groundnuts,0.9,1.4,3.2,rabbits,---,12,10.2509579 7.214942 0.0 20.0,yes,e40c143b-0ce5-46aa-bec7-8c961a6c6c64,2026-03-15 00:02:00,2026-03-15,tester,2026-03-15 00:02:16,https://www.commcarehq.org/form/fd124369-dcab-46f3-a93f-becca65e6420,tester,True
747,8ff9607f-9262-4c53-b12a-bc60a041ccf6,community_03,Samuel,Ali,female,1963-04-14,60076291434.0,08057815675,https://www.commcarehq.org/photos/farmer_747.jpg,3,crop_farming,35,family_land,1,rain-fed,---,rice maize groundnuts,1.7,4.2,2.5,goats,8,---,10.330554 7.3894541 0.0 20.0,yes,c1b531d0-b75b-49c0-9ad3-ad6f02e2fe23,2026-05-22 00:08:00,2026-05-22,tester,2026-05-22 00:08:14,https://www.commcarehq.org/form/8ff9607f-9262-4c53-b12a-bc60a041ccf6,tester,True
748,9ef353c3-b341-4133-8d9b-40657be169db,community_02,Sarah,Yusuf,male,1971-07-25,84092747569.0,08053724430,https://www.commcarehq.org/photos/farmer_748.jpg,3,livestock_farming,3,family_land,2,rain-fed,---,maize,---,5.2,---,---,---,---,10.4295013 7.2025604 0.0 20.0,yes,214efb43-c660-42d8-9101-5b4baba89586,2026-03-09 00:05:00,2026-03-09,tester,2026-03-09 00:05:07,https://www.commcarehq.org/form/9ef353c3-b341-4133-8d9b-40657be169db,tester,True
749,9f8e3bce-4e1f-43a2-98ea-2bbfc06544e2,community_06,Blessing,Haruna,female,1966-09-04,65611296653.0,08096134562,https://www.commcarehq.org/photos/farmer_749.jpg,3,crop_farming,6,owned,1,rain-fed,---,rice groundnuts maize,0.5,6.4,3.7,---,---,---,10.3259451 7.2463377 0.0 20.0,yes,866a04a4-e535-4667-a2f5-8bd022af0924,2026-06-21 00:02:00,2026-06-21,tester,2026-06-21 00:02:14,https://www.commcarehq.org/form/9f8e3bce-4e1f-43a2-98ea-2bbfc06544e2,tester,True
750,58807bde-10ff-4ac5-9d29-986037d9c012,community_02,Grace,Yakubu,male,1997-02-18,,08089428420,https://www.commcarehq.org/photos/farmer_750.jpg,3,mixed_farming,7,owned,4,rain-fed,---,maize rice groundnuts,1.6,2.1,1.3,---,---,---,10.3062099 7.4472948 0.0 20.0,yes,631fc196-2a2c-46ec-94c5-e4734ae63cd4,2026-05-15 00:05:00,2026-05-15,tester,2026-05-15 00:05:05,https://www.commcarehq.org/form/58807bde-10ff-4ac5-9d29-986037d9c012,tester,True
751,4194d5d6-3ea6-41e4-a2a5-f75d1710c8bd,community_04,Peter,Garba,female,1979-09-02,64245752966.0,08090801742,https://www.commcarehq.org/photos/farmer_751.jpg,3,crop_farming,13,owned,3,rain-fed,---,rice maize groundnuts,1.2,5.2,1.1,goats,3,---,10.3154482 7.2245731 0.0 20.0,yes,010a1f69-b4a5-4208-9519-a6e5c8e14b94,2026-05-14 00:05:00,2026-05-14,tester,2026-05-14 00:05:19,https://www.commcarehq.org/form/4194d5d6-3ea6-41e4-a2a5-f75d1710c8bd,tester,True
752,7165b83b-b850-4ede-98cc-74ac704e5bc9,community_04,Naomi,Sani,male,1976-10-21,46544869918.0,08054828008,https://www.commcarehq.org/photos/farmer_752.jpg,1,livestock_farming,15,family_land,2,rain-fed,---,groundnuts,2.5,---,---,---,---,---,10.2413054 7.5726309 0.0 20.0,yes,dbb625db-0ad9-457d-adf5-0f46c3ee025b,2026-01-28 00:06:00,2026-01-28,tester,2026-01-28 00:06:18,https://www.commcarehq.org/form/7165b83b-b850-4ede-98cc-74ac704e5bc9,tester,True
753,50fc484d-0645-462e-bcbe-60203f6a12a1,community_06,Grace,Mohammed,female,2007-02-19,54481568965.0,08084226567,https://www.commcarehq.org/photos/farmer_753.jpg,8,crop_farming,1,owned,4,borehole,---,groundnuts rice,2.7,---,3.1,goats,24,---,10.4334428 7.3538907 0.0 20.0,yes,5ba52be7-74e3-442d-8935-0571cfed5848,2026-03-31 00:03:00,2026-03-31,tester,2026-03-31 00:03:17,https://www.commcarehq.org/form/50fc484d-0645-462e-bcbe-60203f6a12a1,tester,True
754,3b708739-4f31-4ba2-aa2a-ab61a9149b09,community_05,Suleiman,Eze,male,1973-05-22,,08025349247,https://www.commcarehq.org/photos/farmer_754.jpg,4,mixed_farming,34,owned,2,rain-fed,---,groundnuts maize rice,1.9,4.5,1.4,goats,9,---,10.2803033 7.2497472 0.0 20.0,yes,0535ca6f-b13f-4306-8372-2ee1006b73eb,2026-06-05 00:05:00,2026-06-05,tester,2026-06-05 00:05:19,https://www.commcarehq.org/form/3b708739-4f31-4ba2-aa2a-ab61a9149b09,tester,True
755,8b12a2b5-745f-4671-be0e-e25c3d234b83,community_07,David,Yusuf,male,1984-11-09,,08084181106,https://www.commcarehq.org/photos/farmer_755.jpg,7,livestock_farming,9,owned,2,rain-fed,---,rice maize groundnuts,0.8,2.3,3.9,---,---,---,10.201961 7.5495724 0.0 20.0,yes,a82e0dc8-a473-4fc9-a101-3966920a51ab,2026-03-02 00:04:00,2026-03-02,tester,2026-03-02 00:04:09,https://www.commcarehq.org/form/8b12a2b5-745f-4671-be0e-e25c3d234b83,tester,True
756,613f8a01-68cf-4281-b656-67deb7b67600,community_03,Joy,James,female,1953-09-24,,08031863619,https://www.commcarehq.org/photos/farmer_756.jpg,1,mixed_farming,8,family_land,5,rain-fed,---,groundnuts maize,1.0,2.0,---,goats,25,---,10.405708 7.255726 0.0 20.0,yes,39a662a3-0f4f-434f-9944-49e9363dd5cb,2026-03-01 00:02:00,2026-03-01,tester,2026-03-01 00:02:06,https://www.commcarehq.org/form/613f8a01-68cf-4281-b656-67deb7b67600,tester,True
757,573ae9a5-fdd3-4919-93cc-45c981e7cdde,community_05,Mercy,Yakubu,male,1968-02-11,,08035069988,https://www.commcarehq.org/photos/farmer_757.jpg,11,mixed_farming,34,owned,3,other,Spring Water,rice,---,---,4.0,---,---,---,10.5877708 7.4898557 0.0 20.0,yes,87590814-a4d9-4483-972c-b8972dcd6375,2026-02-05 00:03:00,2026-02-05,tester,2026-02-05 00:03:07,https://www.commcarehq.org/form/573ae9a5-fdd3-4919-93cc-45c981e7cdde,tester,True
758,e21a1761-17c3-43f7-beb6-5e3f7975fc57,community_06,Esther,Sani,male,2002-03-20,,08059813667,https://www.commcarehq.org/photos/farmer_758.jpg,3,mixed_farming,6,family_land,3,rain-fed,---,rice groundnuts,1.5,---,2.1,goats rabbits,9,38,10.4665701 7.4852068 0.0 20.0,yes,2816ef17-ca9a-4dfa-b31d-62d5ce2d42f0,2026-06-18 00:03:00,2026-06-18,tester,2026-06-18 00:03:15,https://www.commcarehq.org/form/e21a1761-17c3-43f7-beb6-5e3f7975fc57,tester,True
759,6a69376e-8cbb-4b7b-a03a-b4d926a39a17,community_01,Naomi,Sani,male,1969-11-25,,08018256638,https://www.commcarehq.org/photos/farmer_759.jpg,4,crop_farming,17,owned,3,borehole,---,rice,---,---,2.7,---,---,---,10.3740025 7.2451862 0.0 20.0,yes,81036e52-2e6b-4aae-aa2a-4b17ae4f60bb,2026-01-30 00:02:00,2026-01-30,tester,2026-01-30 00:02:14,https://www.commcarehq.org/form/6a69376e-8cbb-4b7b-a03a-b4d926a39a17,tester,True
760,30c37ea3-d2b4-4d57-8d6f-6636e601eb63,community_06,Peter,Garba,male,1986-07-14,84390871834.0,08040375667,https://www.commcarehq.org/photos/farmer_760.jpg,6,crop_farming,16,leased,5,rain-fed,---,groundnuts rice maize,2.9,6.2,2.1,goats,7,---,10.5866503 7.3581079 0.0 20.0,yes,8f47e9cd-7176-4b7a-b5b0-712cd3af0481,2026-02-07 00:03:00,2026-02-07,tester,2026-02-07 00:03:15,https://www.commcarehq.org/form/30c37ea3-d2b4-4d57-8d6f-6636e601eb63,tester,True
761,1d7039a1-7f42-4500-b87c-ebf1fd483e98,community_04,Fatima,Sani,female,2003-01-12,,08059424956,https://www.commcarehq.org/photos/farmer_761.jpg,5,crop_farming,3,owned,3,rain-fed,---,maize groundnuts,0.7,3.4,---,goats,14,---,10.3824198 7.2873672 0.0 20.0,yes,1c88fdc3-8bef-4fd4-bd90-b7bfa496eaa4,2026-02-07 00:04:00,2026-02-07,tester,2026-02-07 00:04:17,https://www.commcarehq.org/form/1d7039a1-7f42-4500-b87c-ebf1fd483e98,tester,True
762,65409c9d-e2ba-464e-8df1-5c505dfa034b,community_07,Samuel,Tanko,male,2002-09-26,35126255821.0,08020003275,https://www.commcarehq.org/photos/farmer_762.jpg,4,crop_farming,6,owned,3,dam_reservoir,---,groundnuts,0.6,---,---,---,---,---,10.4099056 7.2332898 0.0 20.0,yes,ef34d26c-17a2-4921-ab8f-da5c41a7cab7,2026-02-28 00:07:00,2026-02-28,tester,2026-02-28 00:07:18,https://www.commcarehq.org/form/65409c9d-e2ba-464e-8df1-5c505dfa034b,tester,True
763,8bbeaaf5-4844-4e58-9a94-7470e83d90fb,community_07,Emmanuel,Philip,male,1994-07-08,18618210508.0,08068514806,https://www.commcarehq.org/photos/farmer_763.jpg,4,mixed_farming,4,family_land,6,borehole,---,maize rice,---,1.0,3.0,goats,13,---,10.2129444 7.2459294 0.0 20.0,yes,76e3291f-d974-4149-86f0-d5eb2a0d3d31,2026-05-18 00:08:00,2026-05-18,tester,2026-05-18 00:08:13,https://www.commcarehq.org/form/8bbeaaf5-4844-4e58-9a94-7470e83d90fb,tester,True
764,b255e38a-a7e1-4a6a-8551-bd0407016848,community_05,Sarah,Usman,female,1996-07-02,29120321689.0,08013162712,https://www.commcarehq.org/photos/farmer_764.jpg,4,crop_farming,8,owned,1,other,Spring Water,rice,---,---,0.6,---,---,---,10.4837857 7.2884454 0.0 20.0,yes,9e08187c-e1d6-421a-ad10-1de57b82158c,2026-04-20 00:06:00,2026-04-20,tester,2026-04-20 00:06:17,https://www.commcarehq.org/form/b255e38a-a7e1-4a6a-8551-bd0407016848,tester,True
765,0e26f92d-a932-432d-9d28-d2cac70d568e,community_06,Ruth,Balogun,female,2005-07-06,19675362877.0,08093424052,https://www.commcarehq.org/photos/farmer_765.jpg,11,mixed_farming,1,owned,5,river_stream,---,rice,---,---,0.5,goats rabbits,5,2,10.3271405 7.2072634 0.0 20.0,yes,9a85db03-3d0c-4987-8e06-3690e42652e8,2026-04-15 00:06:00,2026-04-15,tester,2026-04-15 00:06:18,https://www.commcarehq.org/form/0e26f92d-a932-432d-9d28-d2cac70d568e,tester,True
766,99e0a44e-1867-4598-8134-679b8e23552b,community_01,Suleiman,Lawal,male,1993-07-12,27878422809.0,08069938144,https://www.commcarehq.org/photos/farmer_766.jpg,5,mixed_farming,12,leased,2,rain-fed,---,rice groundnuts,2.0,---,0.7,goats,5,---,10.5105174 7.5268285 0.0 20.0,yes,8fa6e4c0-f17a-415a-bc96-db66567db80b,2026-06-25 00:05:00,2026-06-25,tester,2026-06-25 00:05:10,https://www.commcarehq.org/form/99e0a44e-1867-4598-8134-679b8e23552b,tester,True
767,94aab8d6-f03f-4035-949d-8ca1db7c9fc1,community_03,Yusuf,Sani,male,2008-03-14,46271609581.0,08050229857,https://www.commcarehq.org/photos/farmer_767.jpg,3,crop_farming,1,owned,2,rain-fed,---,groundnuts maize rice,2.9,5.1,2.8,goats rabbits,7,24,10.4254124 7.3771819 0.0 20.0,yes,5f4f4919-9b90-4f56-ab4d-639df24dc72d,2026-06-03 00:06:00,2026-06-03,tester,2026-06-03 00:06:07,https://www.commcarehq.org/form/94aab8d6-f03f-4035-949d-8ca1db7c9fc1,tester,True
768,074a609c-2c59-410a-a555-f7b3204a967e,community_01,John,Abdullahi,male,1978-03-21,71552715085.0,08041838190,https://www.commcarehq.org/photos/farmer_768.jpg,7,livestock_farming,19,owned,1,rain-fed,---,rice groundnuts,1.0,---,3.2,goats,24,---,10.5107409 7.2243152 0.0 20.0,yes,5d7ef100-3352-4695-87ea-862c4853991c,2026-02-20 00:04:00,2026-02-20,tester,2026-02-20 00:04:19,https://www.commcarehq.org/form/074a609c-2c59-410a-a555-f7b3204a967e,tester,True
769,42b9f24f-8097-4249-8681-5ea40a1853cc,community_03,Suleiman,Bello,male,1976-10-22,43163666831.0,08009431128,https://www.commcarehq.org/photos/farmer_769.jpg,7,livestock_farming,9,owned,3,rain-fed,---,groundnuts rice,1.0,---,2.9,---,---,---,10.4706505 7.5530059 0.0 20.0,yes,1af848ab-5c17-44ef-88be-2aba2117a2c0,2026-04-04 00:07:00,2026-04-04,tester,2026-04-04 00:07:17,https://www.commcarehq.org/form/42b9f24f-8097-4249-8681-5ea40a1853cc,tester,True
770,390a6bab-f0ac-46f1-84e9-e59a0262243e,community_04,Mary,Sani,female,1992-09-18,43056974254.0,08009564425,https://www.commcarehq.org/photos/farmer_770.jpg,7,mixed_farming,10,family_land,2,irrigation_scheme,---,maize rice groundnuts,0.8,6.3,2.1,---,---,---,10.4975269 7.2541751 0.0 20.0,yes,2d79ef52-5963-4d68-beb5-3b2aed49ebb9,2026-03-29 00:04:00,2026-03-29,tester,2026-03-29 00:04:12,https://www.commcarehq.org/form/390a6bab-f0ac-46f1-84e9-e59a0262243e,tester,True
771,dd1a003f-be48-4e35-b723-3081c7f48efc,community_02,Samuel,Haruna,male,1980-06-27,,08072592636,https://www.commcarehq.org/photos/farmer_771.jpg,8,crop_farming,20,family_land,3,rain-fed,---,maize groundnuts,2.8,3.5,---,goats rabbits,19,32,10.4104991 7.598399 0.0 20.0,yes,2d7c7070-33a2-4570-82c4-6d5737c68412,2026-03-20 00:07:00,2026-03-20,tester,2026-03-20 00:07:06,https://www.commcarehq.org/form/dd1a003f-be48-4e35-b723-3081c7f48efc,tester,True
772,d1d95636-7b5f-4d7d-a1c5-2ca84eba3cee,community_04,Yusuf,Daniel,male,1994-07-23,,08043868306,https://www.commcarehq.org/photos/farmer_772.jpg,6,mixed_farming,3,owned,3,rain-fed,---,groundnuts,2.8,---,---,goats,20,---,10.2519583 7.4217303 0.0 20.0,yes,6aa15bdf-7efe-46a0-b216-634187aad8f0,2026-01-12 00:07:00,2026-01-12,tester,2026-01-12 00:07:10,https://www.commcarehq.org/form/d1d95636-7b5f-4d7d-a1c5-2ca84eba3cee,tester,True
773,cc5176ce-3534-4758-a1b1-c5fcdfe63c39,community_02,Emmanuel,Peter,female,1980-02-02,42034446334.0,08036316150,https://www.commcarehq.org/photos/farmer_773.jpg,4,crop_farming,3,owned,3,rain-fed,---,rice,---,---,1.7,goats,24,---,10.5954522 7.5652988 0.0 20.0,yes,b51f7547-c237-4b9b-8ad7-9b6572db494b,2026-01-11 00:05:00,2026-01-11,tester,2026-01-11 00:05:08,https://www.commcarehq.org/form/cc5176ce-3534-4758-a1b1-c5fcdfe63c39,tester,True
774,110bfe02-737e-4f3e-8405-e2dcba50d931,community_03,Fatima,Daniel,male,1990-09-25,24566931133.0,08071595916,https://www.commcarehq.org/photos/farmer_774.jpg,3,crop_farming,13,owned,4,irrigation_scheme,---,rice groundnuts maize,1.4,2.3,2.0,---,---,---,10.2017484 7.302668 0.0 20.0,yes,973e0f79-8196-4e21-9fa3-737fd41de104,2026-03-29 00:06:00,2026-03-29,tester,2026-03-29 00:06:15,https://www.commcarehq.org/form/110bfe02-737e-4f3e-8405-e2dcba50d931,tester,True
775,94540e31-ff8c-473e-9ba8-17de1fc6bf7f,community_01,David,Daniel,female,1988-10-28,93919080695.0,08083721495,https://www.commcarehq.org/photos/farmer_775.jpg,10,mixed_farming,8,owned,2,other,Rainwater Harvesting,rice groundnuts,1.0,---,2.9,goats,20,---,10.579559 7.4706138 0.0 20.0,yes,93e81676-a9d7-42f6-85d6-96b6f675c403,2026-04-28 00:08:00,2026-04-28,tester,2026-04-28 00:08:06,https://www.commcarehq.org/form/94540e31-ff8c-473e-9ba8-17de1fc6bf7f,tester,True
776,8b6bc580-33b1-4c9f-9823-0dc06c96fffe,community_03,Elizabeth,Ali,male,1970-08-02,14461065982.0,08028264589,https://www.commcarehq.org/photos/farmer_776.jpg,10,mixed_farming,15,owned,3,rain-fed,---,groundnuts maize rice,0.8,5.6,1.3,rabbits,---,28,10.2168495 7.2222613 0.0 20.0,yes,3c6c7e1f-bd14-4221-bd4f-d39e9534651b,2026-02-07 00:06:00,2026-02-07,tester,2026-02-07 00:06:12,https://www.commcarehq.org/form/8b6bc580-33b1-4c9f-9823-0dc06c96fffe,tester,True
777,2c951581-8dbb-4da3-b2ef-b8335a4fd43c,community_05,Samuel,Balogun,male,1996-01-29,55353393484.0,08045878901,https://www.commcarehq.org/photos/farmer_777.jpg,4,mixed_farming,12,owned,1,rain-fed,---,rice groundnuts maize,1.1,4.7,1.8,rabbits,---,19,10.3964278 7.2052564 0.0 20.0,yes,8b85e8b1-e67a-4508-8ebf-4a95fcf3bb50,2026-06-27 00:08:00,2026-06-27,tester,2026-06-27 00:08:05,https://www.commcarehq.org/form/2c951581-8dbb-4da3-b2ef-b8335a4fd43c,tester,True
778,fc73d49c-6740-4ecd-b113-4c79dacf83da,community_05,Naomi,Haruna,female,1992-01-16,37749920882.0,08044249248,https://www.commcarehq.org/photos/farmer_778.jpg,8,crop_farming,15,family_land,1,rain-fed,---,rice maize groundnuts,1.9,1.4,2.3,rabbits,---,11,10.5574323 7.474807 0.0 20.0,yes,8edd8b6c-b399-4c17-9e4e-b55140d8eb6a,2026-06-14 00:08:00,2026-06-14,tester,2026-06-14 00:08:17,https://www.commcarehq.org/form/fc73d49c-6740-4ecd-b113-4c79dacf83da,tester,True
779,e4079e53-55a2-489f-86a5-28b215eee7a5,community_02,Samuel,Yusuf,male,1989-06-02,69878312839.0,08003750269,https://www.commcarehq.org/photos/farmer_779.jpg,6,livestock_farming,19,family_land,5,rain-fed,---,groundnuts,2.7,---,---,---,---,---,10.2534145 7.4738849 0.0 20.0,yes,15b457ba-5d31-4677-9260-adf5b5caae85,2026-04-06 00:07:00,2026-04-06,tester,2026-04-06 00:07:13,https://www.commcarehq.org/form/e4079e53-55a2-489f-86a5-28b215eee7a5,tester,True
780,2d3d425c-e855-4814-af92-0f80302b3a30,community_01,Joseph,Abdullahi,male,1984-08-30,84138399353.0,08004910574,https://www.commcarehq.org/photos/farmer_780.jpg,12,mixed_farming,24,leased,2,rain-fed,---,groundnuts,1.6,---,---,---,---,---,10.3770538 7.3517228 0.0 20.0,yes,16fe434f-ec08-43f1-8495-22ccdf6c08ff,2026-06-15 00:04:00,2026-06-15,tester,2026-06-15 00:04:18,https://www.commcarehq.org/form/2d3d425c-e855-4814-af92-0f80302b3a30,tester,True
781,a35c9432-8952-4647-b16b-9d36863e7b91,community_01,Grace,Johnson,female,1999-07-08,16309228930.0,08084701316,https://www.commcarehq.org/photos/farmer_781.jpg,7,livestock_farming,4,family_land,4,rain-fed,---,groundnuts maize rice,2.8,5.2,2.2,---,---,---,10.4615811 7.5440382 0.0 20.0,yes,5bb49c6f-0e25-411f-aef6-1be958b08ada,2026-02-28 00:08:00,2026-02-28,tester,2026-02-28 00:08:18,https://www.commcarehq.org/form/a35c9432-8952-4647-b16b-9d36863e7b91,tester,True
782,4618a3fa-e0df-46a7-87fb-a0ae9c7afb0e,community_02,Deborah,Balogun,female,1972-04-20,47546586273.0,08061241722,https://www.commcarehq.org/photos/farmer_782.jpg,10,crop_farming,15,leased,2,rain-fed,---,rice maize groundnuts,1.8,5.0,3.7,rabbits,---,35,10.3280923 7.3985618 0.0 20.0,yes,6fd4bc48-26d8-494c-96d3-bcb4fc3ceded,2026-04-28 00:04:00,2026-04-28,tester,2026-04-28 00:04:06,https://www.commcarehq.org/form/4618a3fa-e0df-46a7-87fb-a0ae9c7afb0e,tester,True
783,0af7bfca-e3b3-48f3-9e74-5cd3407daba8,community_06,Esther,Ahmed,female,1988-05-31,94130810523.0,08000975176,https://www.commcarehq.org/photos/farmer_783.jpg,6,mixed_farming,19,owned,5,borehole,---,groundnuts maize,2.3,1.2,---,rabbits,---,5,10.5644176 7.4072313 0.0 20.0,yes,6606c3ca-a4e6-40e2-85c3-a637bd688344,2026-01-19 00:06:00,2026-01-19,tester,2026-01-19 00:06:13,https://www.commcarehq.org/form/0af7bfca-e3b3-48f3-9e74-5cd3407daba8,tester,True
784,181dc6b9-42bf-4e1b-a18a-811fe8be67d5,community_03,David,Michael,male,1980-09-10,19302662240.0,08028452846,https://www.commcarehq.org/photos/farmer_784.jpg,8,mixed_farming,25,owned,5,rain-fed,---,rice maize,---,4.5,1.0,goats,12,---,10.5304937 7.5290544 0.0 20.0,yes,a799560d-3610-4c44-a796-9e466fe1f51f,2026-05-04 00:08:00,2026-05-04,tester,2026-05-04 00:08:08,https://www.commcarehq.org/form/181dc6b9-42bf-4e1b-a18a-811fe8be67d5,tester,True
785,30a1108f-2312-4885-978d-a9fb2051d92e,community_05,Sarah,Bello,female,1968-07-31,86144804805.0,08023012417,https://www.commcarehq.org/photos/farmer_785.jpg,5,livestock_farming,6,owned,1,rain-fed,---,groundnuts maize rice,2.5,4.2,3.6,goats,15,---,10.4013788 7.4596212 0.0 20.0,yes,f126cd30-5c29-4441-9a84-e11ae8f9aa46,2026-05-19 00:06:00,2026-05-19,tester,2026-05-19 00:06:19,https://www.commcarehq.org/form/30a1108f-2312-4885-978d-a9fb2051d92e,tester,True
786,0985676c-2cb9-4dd3-aff4-e91001a86e7a,community_07,Ibrahim,Ahmed,male,1979-02-13,,08020991999,https://www.commcarehq.org/photos/farmer_786.jpg,6,mixed_farming,20,owned,3,borehole,---,rice,---,---,2.5,goats,9,---,10.2108861 7.2612765 0.0 20.0,yes,5208375e-c278-42a8-8a22-c854e8a9da6b,2026-05-16 00:04:00,2026-05-16,tester,2026-05-16 00:04:14,https://www.commcarehq.org/form/0985676c-2cb9-4dd3-aff4-e91001a86e7a,tester,True
787,e1d61bde-a101-420d-8658-3c73bde9eacd,community_03,Peter,Usman,female,1980-05-13,,08003547728,https://www.commcarehq.org/photos/farmer_787.jpg,2,crop_farming,1,leased,4,rain-fed,---,maize,---,4.3,---,goats rabbits,9,30,10.5840888 7.2705044 0.0 20.0,yes,d5bf0db3-bb95-451b-aae0-9c55363aa405,2026-06-16 00:07:00,2026-06-16,tester,2026-06-16 00:07:20,https://www.commcarehq.org/form/e1d61bde-a101-420d-8658-3c73bde9eacd,tester,True
788,b2bba8f4-67e5-4e77-b79f-d21437d1b7d0,community_01,David,Ojo,female,1989-01-11,22290381482.0,08071626485,https://www.commcarehq.org/photos/farmer_788.jpg,6,livestock_farming,14,owned,3,rain-fed,---,maize rice groundnuts,1.1,3.1,3.0,goats,18,---,10.2660989 7.5418058 0.0 20.0,yes,6c806fbd-3742-4a16-a5d6-00f1b6bd33af,2026-02-15 00:04:00,2026-02-15,tester,2026-02-15 00:04:09,https://www.commcarehq.org/form/b2bba8f4-67e5-4e77-b79f-d21437d1b7d0,tester,True
789,e80de58d-a431-40ab-96e9-4966279e5edc,community_01,Rebecca,Philip,female,1979-12-04,95694414707.0,08025753589,https://www.commcarehq.org/photos/farmer_789.jpg,7,crop_farming,5,owned,1,river_stream,---,rice,---,---,2.4,---,---,---,10.5170678 7.5018542 0.0 20.0,yes,d1e799c4-e337-4146-9dae-8edc4c2e9c48,2026-02-10 00:02:00,2026-02-10,tester,2026-02-10 00:02:11,https://www.commcarehq.org/form/e80de58d-a431-40ab-96e9-4966279e5edc,tester,True
790,72800e32-903b-486b-9096-dcf9e01e672f,community_06,Joseph,Yakubu,male,1988-11-06,66419480779.0,08097711430,https://www.commcarehq.org/photos/farmer_790.jpg,2,crop_farming,9,owned,1,rain-fed,---,rice,---,---,2.4,---,---,---,10.4533181 7.5253063 0.0 20.0,yes,6fd8fe27-5e5e-4539-a4e1-8294b87d87dc,2026-06-12 00:07:00,2026-06-12,tester,2026-06-12 00:07:16,https://www.commcarehq.org/form/72800e32-903b-486b-9096-dcf9e01e672f,tester,True
791,13cc7793-3e81-46d8-977a-4c236f143ee9,community_03,Ibrahim,Michael,male,1993-11-20,14451951253.0,08022574014,https://www.commcarehq.org/photos/farmer_791.jpg,8,crop_farming,6,family_land,2,rain-fed,---,groundnuts maize rice,2.4,6.3,1.7,goats,15,---,10.4905781 7.4801432 0.0 20.0,yes,7f916619-9ea2-4382-8e55-e6f129607651,2026-05-29 00:08:00,2026-05-29,tester,2026-05-29 00:08:19,https://www.commcarehq.org/form/13cc7793-3e81-46d8-977a-4c236f143ee9,tester,True
792,de9f720a-520c-4ef5-9006-d62a431de15d,community_07,Samuel,Ojo,male,2001-11-05,,08059356836,https://www.commcarehq.org/photos/farmer_792.jpg,4,livestock_farming,3,owned,1,dam_reservoir,---,rice maize groundnuts,1.7,1.9,1.2,goats,4,---,10.2652139 7.4177452 0.0 20.0,yes,e223f9a5-bc56-4007-b2dd-1ff26154e018,2026-05-17 00:05:00,2026-05-17,tester,2026-05-17 00:05:19,https://www.commcarehq.org/form/de9f720a-520c-4ef5-9006-d62a431de15d,tester,True
793,110a7699-c633-4c73-810b-8f78b81c568b,community_01,Ahmed,Tanko,male,1997-08-28,88652815869.0,08086212405,https://www.commcarehq.org/photos/farmer_793.jpg,9,crop_farming,4,owned,1,rain-fed,---,maize groundnuts rice,0.9,1.8,1.7,rabbits,---,37,10.5100243 7.2302786 0.0 20.0,yes,1fd0ec7b-c1f9-4a8a-905a-63bf43d1ea35,2026-01-05 00:02:00,2026-01-05,tester,2026-01-05 00:02:16,https://www.commcarehq.org/form/110a7699-c633-4c73-810b-8f78b81c568b,tester,True
794,a6105cbf-3c33-4f14-843f-c7823ff902e9,community_06,John,Ali,male,1970-12-21,96454686975.0,08064549934,https://www.commcarehq.org/photos/farmer_794.jpg,7,mixed_farming,19,owned,2,rain-fed,---,maize rice groundnuts,2.7,2.4,2.8,---,---,---,10.425258 7.4526165 0.0 20.0,yes,0f8b4623-3b36-4802-83b6-2f0fa112094c,2026-03-18 00:06:00,2026-03-18,tester,2026-03-18 00:06:16,https://www.commcarehq.org/form/a6105cbf-3c33-4f14-843f-c7823ff902e9,tester,True
795,3c47a70e-46ea-46cf-be3d-6c8ba426bf7c,community_06,Joy,Ahmed,female,1977-01-18,,08061881998,https://www.commcarehq.org/photos/farmer_795.jpg,7,mixed_farming,3,owned,4,rain-fed,---,groundnuts rice maize,2.6,2.7,1.5,goats rabbits,6,15,10.2161441 7.5227332 0.0 20.0,yes,96607218-8afd-4c3b-bbc8-f8719d98289d,2026-06-11 00:05:00,2026-06-11,tester,2026-06-11 00:05:13,https://www.commcarehq.org/form/3c47a70e-46ea-46cf-be3d-6c8ba426bf7c,tester,True
796,d5852ab7-319b-4bd1-9d6f-62592c3e30da,community_03,Amina,Yakubu,female,1982-06-13,60374734317.0,08062701982,https://www.commcarehq.org/photos/farmer_796.jpg,8,livestock_farming,14,owned,3,borehole,---,maize groundnuts rice,2.5,1.0,2.4,goats,24,---,10.2659064 7.3912781 0.0 20.0,yes,a0bbe72e-c087-406f-ad54-531f9cf714ee,2026-05-26 00:02:00,2026-05-26,tester,2026-05-26 00:02:05,https://www.commcarehq.org/form/d5852ab7-319b-4bd1-9d6f-62592c3e30da,tester,True
797,00005511-f3dd-4e70-a4da-7af9401fe10c,community_02,Joy,Ibrahim,female,1993-08-08,53610510719.0,08030559723,https://www.commcarehq.org/photos/farmer_797.jpg,8,mixed_farming,6,owned,1,borehole,---,maize groundnuts rice,1.6,3.0,1.1,goats rabbits,6,9,10.2602949 7.5093088 0.0 20.0,yes,d5cf8b34-aaa8-4b36-9a19-f00d9746f5ae,2026-06-28 00:07:00,2026-06-28,tester,2026-06-28 00:07:11,https://www.commcarehq.org/form/00005511-f3dd-4e70-a4da-7af9401fe10c,tester,True
798,43445076-c7ae-468e-9a3c-95302aba1c65,community_04,Peter,Musa,male,1981-09-29,81374063151.0,08090550348,https://www.commcarehq.org/photos/farmer_798.jpg,4,crop_farming,19,leased,1,rain-fed,---,groundnuts,1.3,---,---,---,---,---,10.4784761 7.2376401 0.0 20.0,yes,496d133a-7869-42c9-9982-ac3548ca1158,2026-03-01 00:08:00,2026-03-01,tester,2026-03-01 00:08:18,https://www.commcarehq.org/form/43445076-c7ae-468e-9a3c-95302aba1c65,tester,True
799,eb2942af-a189-4628-91d0-4f8f56303872,community_06,Binta,David,male,1963-11-12,99585534115.0,08025568740,https://www.commcarehq.org/photos/farmer_799.jpg,1,crop_farming,16,owned,2,rain-fed,---,groundnuts maize,2.7,3.3,---,goats,3,---,10.3983726 7.338701 0.0 20.0,yes,9b015ce8-4b05-4ce6-8437-c48dcb3d87d1,2026-04-02 00:07:00,2026-04-02,tester,2026-04-02 00:07:19,https://www.commcarehq.org/form/eb2942af-a189-4628-91d0-4f8f56303872,tester,True
800,fb259018-4486-4726-a6f1-98504e1dd767,community_01,Fatima,Haruna,male,1974-12-25,81478949214.0,08070969076,https://www.commcarehq.org/photos/farmer_800.jpg,6,livestock_farming,25,leased,5,river_stream,---,groundnuts,1.4,---,---,---,---,---,10.4388784 7.534919 0.0 20.0,yes,fb1ae3e2-277b-40f5-9da5-fe910399d370,2026-06-25 00:06:00,2026-06-25,tester,2026-06-25 00:06:12,https://www.commcarehq.org/form/fb259018-4486-4726-a6f1-98504e1dd767,tester,True
801,03c88f34-96c3-46c0-8a42-6fa550f7ddf3,community_06,Sarah,Lawal,male,1986-06-27,80086459937.0,08087580651,https://www.commcarehq.org/photos/farmer_801.jpg,4,crop_farming,13,owned,3,rain-fed,---,rice groundnuts maize,1.1,2.5,3.1,---,---,---,10.2568563 7.5403672 0.0 20.0,yes,826da77b-6f13-4a36-9a45-8618cccdaece,2026-05-19 00:08:00,2026-05-19,tester,2026-05-19 00:08:09,https://www.commcarehq.org/form/03c88f34-96c3-46c0-8a42-6fa550f7ddf3,tester,True
802,94345a7f-0d15-4298-8d82-f4de8c62e564,community_05,Mercy,Johnson,female,1995-03-23,80054412810.0,08087245271,https://www.commcarehq.org/photos/farmer_802.jpg,7,livestock_farming,9,owned,2,rain-fed,---,maize rice,---,3.0,3.6,goats,15,---,10.5774921 7.3062996 0.0 20.0,yes,3b425cc2-c625-4c9d-9102-9227fc13aebd,2026-05-06 00:08:00,2026-05-06,tester,2026-05-06 00:08:07,https://www.commcarehq.org/form/94345a7f-0d15-4298-8d82-f4de8c62e564,tester,True
803,61039749-50de-402c-a38a-ecf81d15e091,community_01,Joseph,Garba,male,1993-09-18,16011390215.0,08013351720,https://www.commcarehq.org/photos/farmer_803.jpg,6,crop_farming,4,family_land,6,rain-fed,---,maize,---,2.8,---,goats,8,---,10.2304512 7.4065588 0.0 20.0,yes,19cc849f-56db-4a84-8147-ccf878a9d3b0,2026-01-06 00:08:00,2026-01-06,tester,2026-01-06 00:08:15,https://www.commcarehq.org/form/61039749-50de-402c-a38a-ecf81d15e091,tester,True
804,9cfde70c-c0f6-4c02-a571-2b16f45c9743,community_03,Yusuf,Ojo,male,1958-04-20,,08052528782,https://www.commcarehq.org/photos/farmer_804.jpg,2,crop_farming,44,owned,3,other,Spring Water,rice maize,---,5.2,0.6,goats,2,---,10.2370863 7.5821124 0.0 20.0,yes,783a793d-4380-4ea4-bc07-fef90edb5d67,2026-02-05 00:03:00,2026-02-05,tester,2026-02-05 00:03:20,https://www.commcarehq.org/form/9cfde70c-c0f6-4c02-a571-2b16f45c9743,tester,True
805,3d0c8f8e-e69d-4a33-87ad-2eae82ddb1d1,community_06,Peter,Yakubu,male,1981-07-26,96324481804.0,08089482723,https://www.commcarehq.org/photos/farmer_805.jpg,3,mixed_farming,15,owned,4,borehole,---,rice groundnuts maize,2.2,5.9,0.6,goats,8,---,10.4772694 7.3038487 0.0 20.0,yes,ad8c6614-6663-425d-a424-9974bb346073,2026-01-05 00:03:00,2026-01-05,tester,2026-01-05 00:03:13,https://www.commcarehq.org/form/3d0c8f8e-e69d-4a33-87ad-2eae82ddb1d1,tester,True
806,bd1b7c22-4883-41a4-a639-a1334691386d,community_06,Binta,Mohammed,female,1988-11-15,68802514745.0,08014575818,https://www.commcarehq.org/photos/farmer_806.jpg,7,mixed_farming,13,owned,2,river_stream,---,rice maize groundnuts,2.6,1.3,1.7,---,---,---,10.2448984 7.5867374 0.0 20.0,yes,ee40cb0b-37df-4523-81c7-3a582cf8facc,2026-01-18 00:07:00,2026-01-18,tester,2026-01-18 00:07:19,https://www.commcarehq.org/form/bd1b7c22-4883-41a4-a639-a1334691386d,tester,True
807,7095bb1c-23f7-47b4-89ae-68f93342cff8,community_02,Musa,Ali,female,1970-09-19,83928664675.0,08021276766,https://www.commcarehq.org/photos/farmer_807.jpg,9,crop_farming,19,family_land,2,dam_reservoir,---,rice groundnuts maize,2.6,5.7,3.2,---,---,---,10.3127367 7.4795404 0.0 20.0,yes,e99e4427-8d98-42dd-95b4-2a8ccf48c642,2026-02-14 00:07:00,2026-02-14,tester,2026-02-14 00:07:12,https://www.commcarehq.org/form/7095bb1c-23f7-47b4-89ae-68f93342cff8,tester,True
808,2dd5e898-400b-4e6b-ba9f-8aebcf7d7207,community_02,Daniel,Lawal,male,1959-08-25,89422289148.0,08091294324,https://www.commcarehq.org/photos/farmer_808.jpg,8,crop_farming,36,owned,3,rain-fed,---,maize groundnuts rice,0.7,4.8,0.5,rabbits,---,28,10.2477041 7.3202787 0.0 20.0,yes,015df9f0-cd6a-4fdc-a76e-ae7a6b63a9c4,2026-03-07 00:05:00,2026-03-07,tester,2026-03-07 00:05:07,https://www.commcarehq.org/form/2dd5e898-400b-4e6b-ba9f-8aebcf7d7207,tester,True
809,030b01b6-e41b-4c1c-bbcf-5523c6a70f59,community_07,Blessing,Tanko,male,1998-11-16,32778063533.0,08073927755,https://www.commcarehq.org/photos/farmer_809.jpg,8,crop_farming,8,leased,3,rain-fed,---,rice maize groundnuts,0.5,3.3,2.5,goats,6,---,10.2690327 7.5725686 0.0 20.0,yes,8f747e30-73a7-462d-b300-ddc655ffae81,2026-06-16 00:07:00,2026-06-16,tester,2026-06-16 00:07:05,https://www.commcarehq.org/form/030b01b6-e41b-4c1c-bbcf-5523c6a70f59,tester,True
810,da8e6a65-420f-49b1-a9cc-7e14784ec196,community_04,Rebecca,Lawal,male,1977-06-13,64399386701.0,08040537298,https://www.commcarehq.org/photos/farmer_810.jpg,8,crop_farming,13,family_land,3,other,Spring Water,groundnuts,1.0,---,---,---,---,---,10.5327866 7.4997053 0.0 20.0,yes,079741aa-533b-4dc2-9d36-45693cc7260c,2026-01-06 00:05:00,2026-01-06,tester,2026-01-06 00:05:06,https://www.commcarehq.org/form/da8e6a65-420f-49b1-a9cc-7e14784ec196,tester,True
811,4dc2f2e8-38f4-449b-a9b9-63809cbe40a7,community_06,Ruth,Yakubu,female,1977-12-12,,08074851487,https://www.commcarehq.org/photos/farmer_811.jpg,3,mixed_farming,9,owned,6,borehole,---,rice maize,---,3.7,3.5,rabbits,---,28,10.3390453 7.5409689 0.0 20.0,yes,3bb77e35-1ce8-4d42-b1b8-ab2f94157b9a,2026-06-22 00:08:00,2026-06-22,tester,2026-06-22 00:08:13,https://www.commcarehq.org/form/4dc2f2e8-38f4-449b-a9b9-63809cbe40a7,tester,True
812,a58e91e2-3426-42a1-84a6-c3c0d2959026,community_06,Joseph,Johnson,male,1990-01-07,,08005119243,https://www.commcarehq.org/photos/farmer_812.jpg,3,crop_farming,5,owned,2,rain-fed,---,groundnuts,1.0,---,---,---,---,---,10.5808141 7.3022757 0.0 20.0,yes,6c75ef3d-e8b6-4c1e-8cc1-028259d9cdc1,2026-04-06 00:05:00,2026-04-06,tester,2026-04-06 00:05:12,https://www.commcarehq.org/form/a58e91e2-3426-42a1-84a6-c3c0d2959026,tester,True
813,c066c627-e9c9-4b30-8d97-01bf12a0a860,community_02,Hauwa,Philip,female,2001-02-25,,08003343623,https://www.commcarehq.org/photos/farmer_813.jpg,6,mixed_farming,2,owned,3,other,Rainwater Harvesting,maize groundnuts rice,2.3,5.1,2.6,goats,6,---,10.2922193 7.5971638 0.0 20.0,yes,4dbd70a3-10bc-4e79-a050-d49255b2c6e5,2026-05-17 00:04:00,2026-05-17,tester,2026-05-17 00:04:17,https://www.commcarehq.org/form/c066c627-e9c9-4b30-8d97-01bf12a0a860,tester,True
814,3390b029-94a1-49ce-b18c-3259c6afa927,community_01,Emmanuel,Yakubu,male,2004-10-25,,08017208787,https://www.commcarehq.org/photos/farmer_814.jpg,11,crop_farming,2,owned,1,rain-fed,---,groundnuts rice,1.1,---,3.2,---,---,---,10.4149625 7.5242791 0.0 20.0,yes,de8f67dd-b48c-4d21-97b8-1eeba2214dc6,2026-03-13 00:04:00,2026-03-13,tester,2026-03-13 00:04:17,https://www.commcarehq.org/form/3390b029-94a1-49ce-b18c-3259c6afa927,tester,True
815,24d39571-9625-4474-b08c-1b4c6ad53fe2,community_05,Fatima,Peter,male,1977-08-27,,08022157676,https://www.commcarehq.org/photos/farmer_815.jpg,3,mixed_farming,18,owned,3,rain-fed,---,maize rice groundnuts,2.3,4.6,0.8,---,---,---,10.5166201 7.385427 0.0 20.0,yes,32e6d809-9322-4eef-847c-8ab392e886c4,2026-04-22 00:04:00,2026-04-22,tester,2026-04-22 00:04:05,https://www.commcarehq.org/form/24d39571-9625-4474-b08c-1b4c6ad53fe2,tester,True
816,fea356d1-11fa-4206-a2ab-da2fd75ad2d7,community_02,Yusuf,Peter,female,1986-12-04,93161989497.0,08027192806,https://www.commcarehq.org/photos/farmer_816.jpg,7,livestock_farming,22,owned,1,rain-fed,---,groundnuts rice,0.9,---,2.6,goats,20,---,10.3682424 7.3381781 0.0 20.0,yes,e81b5624-4876-43fc-98a0-95911d81e4e9,2026-01-21 00:07:00,2026-01-21,tester,2026-01-21 00:07:05,https://www.commcarehq.org/form/fea356d1-11fa-4206-a2ab-da2fd75ad2d7,tester,True
817,aa20e322-419a-4a48-b018-71810adfcd52,community_01,Amina,David,male,1967-12-21,17590981660.0,08044944885,https://www.commcarehq.org/photos/farmer_817.jpg,7,mixed_farming,40,owned,6,rain-fed,---,groundnuts maize,1.5,1.4,---,goats,20,---,10.2968054 7.4708018 0.0 20.0,yes,716d5fb5-62f6-4a61-86f2-3a8d2e45a841,2026-05-27 00:07:00,2026-05-27,tester,2026-05-27 00:07:18,https://www.commcarehq.org/form/aa20e322-419a-4a48-b018-71810adfcd52,tester,True
818,3641ecd2-9371-4a24-8d8f-d8f7a2337097,community_02,Hauwa,Mohammed,female,1957-07-15,59662200906.0,08037446300,https://www.commcarehq.org/photos/farmer_818.jpg,9,crop_farming,10,family_land,2,rain-fed,---,groundnuts rice,1.4,---,1.9,---,---,---,10.4817908 7.274355 0.0 20.0,yes,a12259d6-369d-4bcc-8646-42d9bba0d635,2026-02-22 00:04:00,2026-02-22,tester,2026-02-22 00:04:19,https://www.commcarehq.org/form/3641ecd2-9371-4a24-8d8f-d8f7a2337097,tester,True
819,aa5cca6a-5900-47dd-811f-260f236623c2,community_02,John,Eze,female,1990-07-08,,08050054777,https://www.commcarehq.org/photos/farmer_819.jpg,4,crop_farming,10,leased,2,rain-fed,---,rice groundnuts maize,1.8,4.2,2.7,goats,17,---,10.5179838 7.5147568 0.0 20.0,yes,e1614b8f-5e4d-4799-9fb2-ab4401694817,2026-01-06 00:06:00,2026-01-06,tester,2026-01-06 00:06:11,https://www.commcarehq.org/form/aa5cca6a-5900-47dd-811f-260f236623c2,tester,True
820,b71329d5-7776-4b21-baec-8e52fd22e032,community_04,Elizabeth,Usman,male,1954-08-27,,08012787498,https://www.commcarehq.org/photos/farmer_820.jpg,5,mixed_farming,15,owned,3,borehole,---,maize groundnuts rice,2.1,2.8,1.7,---,---,---,10.3770008 7.519539 0.0 20.0,yes,f1e7c7e0-5c7b-4121-a514-0a601ad28463,2026-04-26 00:05:00,2026-04-26,tester,2026-04-26 00:05:07,https://www.commcarehq.org/form/b71329d5-7776-4b21-baec-8e52fd22e032,tester,True
821,bbf8ce49-1152-4dd7-9ab2-eb36c48168d0,community_04,Elizabeth,Lawal,male,1989-02-20,58378610317.0,08008565370,https://www.commcarehq.org/photos/farmer_821.jpg,2,mixed_farming,6,owned,1,river_stream,---,maize rice,---,4.1,1.1,goats,5,---,10.3555504 7.5290178 0.0 20.0,yes,25a0f4e8-2ceb-4f52-9f99-2ef4ed204636,2026-01-17 00:02:00,2026-01-17,tester,2026-01-17 00:02:06,https://www.commcarehq.org/form/bbf8ce49-1152-4dd7-9ab2-eb36c48168d0,tester,True
822,29088cc5-4e4c-495d-b2ea-d835ecc93a5e,community_02,Deborah,Ahmed,male,1990-07-10,,08050422491,https://www.commcarehq.org/photos/farmer_822.jpg,8,crop_farming,4,family_land,1,rain-fed,---,rice maize groundnuts,2.9,3.8,1.9,---,---,---,10.228052 7.4252116 0.0 20.0,yes,88f97c25-8c7c-41e3-82ce-3b8e48d81890,2026-01-11 00:08:00,2026-01-11,tester,2026-01-11 00:08:14,https://www.commcarehq.org/form/29088cc5-4e4c-495d-b2ea-d835ecc93a5e,tester,True
823,2dd402b0-d36c-4ac7-a7c2-b4245225ca17,community_01,Esther,Eze,male,1993-10-04,11722680005.0,08012377057,https://www.commcarehq.org/photos/farmer_823.jpg,6,crop_farming,15,leased,5,river_stream,---,groundnuts rice,2.8,---,2.5,goats,22,---,10.439095 7.4430342 0.0 20.0,yes,4255b5c2-9bab-4f1b-b690-cdaf0eb98468,2026-01-30 00:03:00,2026-01-30,tester,2026-01-30 00:03:17,https://www.commcarehq.org/form/2dd402b0-d36c-4ac7-a7c2-b4245225ca17,tester,True
824,e1fc6a16-ef69-40c0-84ac-cd2a4a086497,community_05,Suleiman,Samuel,male,1994-09-18,90790737428.0,08029445744,https://www.commcarehq.org/photos/farmer_824.jpg,2,crop_farming,14,owned,1,dam_reservoir,---,rice maize groundnuts,1.7,6.0,0.9,goats,6,---,10.2880013 7.5251122 0.0 20.0,yes,3bcce6be-150a-41ff-8fbb-19bd5ad06007,2026-02-19 00:04:00,2026-02-19,tester,2026-02-19 00:04:16,https://www.commcarehq.org/form/e1fc6a16-ef69-40c0-84ac-cd2a4a086497,tester,True
825,02bed9d5-c0a0-4af8-a126-cf62d9d1d13b,community_01,Sarah,Musa,female,1958-06-27,,08098469435,https://www.commcarehq.org/photos/farmer_825.jpg,6,mixed_farming,25,owned,1,irrigation_scheme,---,maize,---,5.2,---,---,---,---,10.4598666 7.56674 0.0 20.0,yes,f0eca26d-0563-4d6e-b1cc-2e5ecc9b3e2b,2026-06-01 00:08:00,2026-06-01,tester,2026-06-01 00:08:16,https://www.commcarehq.org/form/02bed9d5-c0a0-4af8-a126-cf62d9d1d13b,tester,True
826,28432110-f073-4821-8ab3-c3fb0350908e,community_07,David,Johnson,male,2007-05-07,21352544027.0,08058616626,https://www.commcarehq.org/photos/farmer_826.jpg,7,crop_farming,1,owned,3,rain-fed,---,groundnuts rice maize,2.5,1.8,3.3,---,---,---,10.3721899 7.4632422 0.0 20.0,yes,86c2f451-1062-4633-881b-65d8b1323493,2026-06-04 00:08:00,2026-06-04,tester,2026-06-04 00:08:08,https://www.commcarehq.org/form/28432110-f073-4821-8ab3-c3fb0350908e,tester,True
827,14c93461-7be8-4904-8c33-60e4bed2688f,community_06,Naomi,Okafor,female,1976-12-18,,08002010787,https://www.commcarehq.org/photos/farmer_827.jpg,3,crop_farming,7,leased,3,rain-fed,---,maize groundnuts rice,2.2,3.5,0.9,goats,19,---,10.3092701 7.4255692 0.0 20.0,yes,4e368183-eb09-474d-9122-dc04cdeb3c8c,2026-05-25 00:04:00,2026-05-25,tester,2026-05-25 00:04:05,https://www.commcarehq.org/form/14c93461-7be8-4904-8c33-60e4bed2688f,tester,True
828,6cfdd1a7-9542-4d7e-a8c1-70205931067c,community_06,Amina,Okafor,female,1970-11-01,30734795476.0,08064345669,https://www.commcarehq.org/photos/farmer_828.jpg,11,crop_farming,18,owned,1,borehole,---,rice maize,---,3.2,3.5,---,---,---,10.2716566 7.5391888 0.0 20.0,yes,81f75775-1965-44f9-ab32-3c4e28d177ce,2026-06-10 00:06:00,2026-06-10,tester,2026-06-10 00:06:14,https://www.commcarehq.org/form/6cfdd1a7-9542-4d7e-a8c1-70205931067c,tester,True
829,b2ddd8ce-097c-4890-8b43-f73f40f811f3,community_03,Emmanuel,David,female,1971-04-07,75651543288.0,08019442783,https://www.commcarehq.org/photos/farmer_829.jpg,2,mixed_farming,25,owned,2,borehole,---,maize rice groundnuts,2.4,2.4,2.3,goats,14,---,10.4377984 7.4525306 0.0 20.0,yes,86378c94-f401-453f-8cac-b14c30255f56,2026-04-16 00:05:00,2026-04-16,tester,2026-04-16 00:05:06,https://www.commcarehq.org/form/b2ddd8ce-097c-4890-8b43-f73f40f811f3,tester,True
830,6e5c2c22-b8ed-48ee-98d1-98ccc926db31,community_01,Daniel,David,male,1978-07-28,19269128201.0,08088410932,https://www.commcarehq.org/photos/farmer_830.jpg,4,mixed_farming,27,owned,3,river_stream,---,maize rice groundnuts,1.6,1.1,3.8,goats rabbits,6,25,10.5632771 7.5588376 0.0 20.0,yes,d5674bb9-970f-4dd2-8698-c1acf0bdfdf8,2026-01-23 00:03:00,2026-01-23,tester,2026-01-23 00:03:08,https://www.commcarehq.org/form/6e5c2c22-b8ed-48ee-98d1-98ccc926db31,tester,True
831,9bb12a01-58c6-400e-8cc8-f8adcdcaf159,community_04,Daniel,Philip,male,1987-03-16,40706497825.0,08017700182,https://www.commcarehq.org/photos/farmer_831.jpg,5,crop_farming,9,leased,3,rain-fed,---,rice,---,---,3.7,---,---,---,10.4778667 7.5201435 0.0 20.0,yes,9a333f0f-0b93-471c-8e3b-910dc3ccf393,2026-06-12 00:05:00,2026-06-12,tester,2026-06-12 00:05:20,https://www.commcarehq.org/form/9bb12a01-58c6-400e-8cc8-f8adcdcaf159,tester,True
832,cb0a5b8e-d9e7-4120-ad66-9dc72cdac5dc,community_04,Mercy,Peter,female,1994-05-21,,08045226567,https://www.commcarehq.org/photos/farmer_832.jpg,3,livestock_farming,13,family_land,5,rain-fed,---,maize rice,---,3.6,2.7,---,---,---,10.4717131 7.3446488 0.0 20.0,yes,639dce37-2d0e-487d-a6e1-5cb5a4932d87,2026-03-14 00:08:00,2026-03-14,tester,2026-03-14 00:08:16,https://www.commcarehq.org/form/cb0a5b8e-d9e7-4120-ad66-9dc72cdac5dc,tester,True
833,cc241957-1fe4-4e68-9508-d7d168449ed4,community_06,David,Daniel,female,1987-10-12,78685720604.0,08081371330,https://www.commcarehq.org/photos/farmer_833.jpg,6,mixed_farming,18,owned,1,rain-fed,---,groundnuts rice,1.8,---,2.2,goats,10,---,10.389126 7.3518764 0.0 20.0,yes,364731be-9d32-4312-ac14-83bef70e9ed7,2026-01-12 00:06:00,2026-01-12,tester,2026-01-12 00:06:09,https://www.commcarehq.org/form/cc241957-1fe4-4e68-9508-d7d168449ed4,tester,True
834,97eca727-7db2-48f8-8325-738193016b64,community_04,Ruth,Ahmed,male,1977-11-27,30036565675.0,08004268733,https://www.commcarehq.org/photos/farmer_834.jpg,1,crop_farming,21,owned,2,dam_reservoir,---,maize groundnuts,0.5,5.4,---,goats rabbits,14,20,10.3421888 7.4363524 0.0 20.0,yes,bc82db21-5ed5-4946-8416-e2d972e43c5a,2026-04-08 00:04:00,2026-04-08,tester,2026-04-08 00:04:16,https://www.commcarehq.org/form/97eca727-7db2-48f8-8325-738193016b64,tester,True
835,b6039c87-6c94-4785-ba0b-a101c6702aa1,community_05,Musa,Mohammed,female,1986-09-01,,08001828879,https://www.commcarehq.org/photos/farmer_835.jpg,4,crop_farming,3,owned,1,borehole,---,groundnuts maize,1.3,4.1,---,goats,24,---,10.3423779 7.4206194 0.0 20.0,yes,4b37ab54-9226-4a80-b0e8-aa8032ac78c8,2026-01-18 00:07:00,2026-01-18,tester,2026-01-18 00:07:07,https://www.commcarehq.org/form/b6039c87-6c94-4785-ba0b-a101c6702aa1,tester,True
836,ad9e366b-c889-4a22-b18a-bf72ab90e934,community_06,Ruth,Yakubu,male,1962-05-19,29717178811.0,08042492195,https://www.commcarehq.org/photos/farmer_836.jpg,3,crop_farming,11,owned,3,rain-fed,---,groundnuts maize,1.6,4.6,---,---,---,---,10.5513514 7.5511559 0.0 20.0,yes,27010abe-cd7f-4d63-924b-f3b76b99e98e,2026-04-12 00:06:00,2026-04-12,tester,2026-04-12 00:06:19,https://www.commcarehq.org/form/ad9e366b-c889-4a22-b18a-bf72ab90e934,tester,True
837,a36a7aa1-ea90-4c6f-8d72-5767378725f3,community_02,Ruth,Balogun,female,1989-07-01,67488119786.0,08089306491,https://www.commcarehq.org/photos/farmer_837.jpg,7,livestock_farming,18,owned,3,rain-fed,---,maize groundnuts rice,1.9,2.1,2.0,goats,24,---,10.4394787 7.2790245 0.0 20.0,no,fff382c5-05b1-4680-b74e-51cd29fa33ed,2026-03-18 00:07:00,2026-03-18,tester,2026-03-18 00:07:16,https://www.commcarehq.org/form/a36a7aa1-ea90-4c6f-8d72-5767378725f3,tester,True
838,a4b7fe9f-08fc-4090-9690-7a59e08b4d2a,community_05,Joy,Usman,female,1985-12-18,65691218903.0,08002321292,https://www.commcarehq.org/photos/farmer_838.jpg,5,mixed_farming,18,owned,3,other,Community Well,groundnuts rice,2.9,---,1.1,goats,14,---,10.387073 7.4728837 0.0 20.0,yes,424d1d29-3d98-4237-bede-fffd9218a8c8,2026-01-05 00:04:00,2026-01-05,tester,2026-01-05 00:04:12,https://www.commcarehq.org/form/a4b7fe9f-08fc-4090-9690-7a59e08b4d2a,tester,True
839,533f3962-bf35-4676-b61b-770b1c3942f7,community_06,James,Ojo,female,1996-12-10,,08059788752,https://www.commcarehq.org/photos/farmer_839.jpg,3,mixed_farming,2,owned,6,rain-fed,---,maize groundnuts rice,1.5,3.1,2.2,---,---,---,10.344352 7.4235998 0.0 20.0,yes,77bd6c06-3040-4769-80c9-9a635886601f,2026-03-21 00:02:00,2026-03-21,tester,2026-03-21 00:02:20,https://www.commcarehq.org/form/533f3962-bf35-4676-b61b-770b1c3942f7,tester,True
840,e99016a1-d922-416c-819d-1366d6555033,community_02,Hauwa,Bello,female,1988-06-28,,08067178160,https://www.commcarehq.org/photos/farmer_840.jpg,6,livestock_farming,2,owned,1,rain-fed,---,rice groundnuts,1.3,---,1.1,goats,10,---,10.2625135 7.2298343 0.0 20.0,yes,aa62d789-b903-486c-ba2b-8fe8a147cb2a,2026-06-04 00:02:00,2026-06-04,tester,2026-06-04 00:02:07,https://www.commcarehq.org/form/e99016a1-d922-416c-819d-1366d6555033,tester,True
841,105ebea8-bee9-4ce9-a48f-73937bc96cdf,community_01,Suleiman,Yakubu,female,2002-03-01,,08070896509,https://www.commcarehq.org/photos/farmer_841.jpg,6,crop_farming,4,family_land,3,borehole,---,maize groundnuts,2.9,4.0,---,goats,3,---,10.5046702 7.3832277 0.0 20.0,yes,bfc0ea73-6ac4-4c18-82ef-42bf10ddc2e0,2026-02-27 00:07:00,2026-02-27,tester,2026-02-27 00:07:10,https://www.commcarehq.org/form/105ebea8-bee9-4ce9-a48f-73937bc96cdf,tester,True
842,ed81f11e-1e89-4a3a-a620-c4979e19f691,community_01,Esther,Abdullahi,male,1984-02-26,,08064673941,https://www.commcarehq.org/photos/farmer_842.jpg,6,mixed_farming,10,family_land,1,rain-fed,---,groundnuts rice,2.3,---,3.5,goats,20,---,10.3361327 7.4033544 0.0 20.0,yes,018ddffd-c0f1-4644-932c-590556058f68,2026-06-14 00:07:00,2026-06-14,tester,2026-06-14 00:07:18,https://www.commcarehq.org/form/ed81f11e-1e89-4a3a-a620-c4979e19f691,tester,True
843,5c429018-3ac8-4bb3-b846-ad863b2a9a33,community_05,Grace,Philip,female,1986-11-11,80208837824.0,08039888226,https://www.commcarehq.org/photos/farmer_843.jpg,4,crop_farming,16,owned,2,rain-fed,---,rice maize,---,5.8,3.2,goats,14,---,10.5193985 7.4941408 0.0 20.0,yes,6c535eef-629c-4cdb-98da-13f94819599b,2026-06-17 00:07:00,2026-06-17,tester,2026-06-17 00:07:17,https://www.commcarehq.org/form/5c429018-3ac8-4bb3-b846-ad863b2a9a33,tester,True
844,3afc2738-87b8-4c5b-ad3a-5bf7e30ceea6,community_03,James,Haruna,female,1989-05-31,99515533545.0,08082898671,https://www.commcarehq.org/photos/farmer_844.jpg,3,crop_farming,1,owned,2,borehole,---,maize rice groundnuts,2.1,2.1,3.6,goats,13,---,10.5467598 7.2130153 0.0 20.0,yes,79fc8069-b073-496b-b7da-3e590336ce9f,2026-05-15 00:02:00,2026-05-15,tester,2026-05-15 00:02:16,https://www.commcarehq.org/form/3afc2738-87b8-4c5b-ad3a-5bf7e30ceea6,tester,True
845,984d8caf-b498-4bf1-88ff-1d357f0f4bdb,community_02,John,Daniel,female,1989-09-16,94703693908.0,08014395627,https://www.commcarehq.org/photos/farmer_845.jpg,6,livestock_farming,9,owned,1,rain-fed,---,rice,---,---,1.4,goats rabbits,5,11,10.3630445 7.4066101 0.0 20.0,yes,63631636-fe78-4037-baa7-9667c587f213,2026-04-26 00:07:00,2026-04-26,tester,2026-04-26 00:07:18,https://www.commcarehq.org/form/984d8caf-b498-4bf1-88ff-1d357f0f4bdb,tester,True
846,f8d083e7-835f-4b83-8db4-ec16f46dab01,community_02,Naomi,Ahmed,female,1980-02-27,,08099340281,https://www.commcarehq.org/photos/farmer_846.jpg,6,mixed_farming,9,owned,4,borehole,---,maize groundnuts rice,2.7,0.6,2.7,goats,17,---,10.24407 7.549541 0.0 20.0,yes,12ce0338-1891-4d5e-8614-0723c377523b,2026-04-11 00:04:00,2026-04-11,tester,2026-04-11 00:04:13,https://www.commcarehq.org/form/f8d083e7-835f-4b83-8db4-ec16f46dab01,tester,True
847,bb38c13f-1eed-4609-bf02-2118798f9d3b,community_04,Samuel,Ibrahim,female,1978-04-04,,08080028462,https://www.commcarehq.org/photos/farmer_847.jpg,6,crop_farming,26,leased,3,rain-fed,---,maize,---,0.7,---,rabbits,---,27,10.544287 7.3881485 0.0 20.0,yes,cf97edda-a7b6-4431-abc9-b831a632ee59,2026-05-01 00:02:00,2026-05-01,tester,2026-05-01 00:02:20,https://www.commcarehq.org/form/bb38c13f-1eed-4609-bf02-2118798f9d3b,tester,True
848,14b17ff0-070b-442d-96d5-a40278f8ce35,community_01,Deborah,Philip,female,1985-04-21,64626741768.0,08098514255,https://www.commcarehq.org/photos/farmer_848.jpg,5,mixed_farming,7,leased,1,dam_reservoir,---,groundnuts maize,2.8,3.5,---,---,---,---,10.2264553 7.217948 0.0 20.0,yes,5b8aba13-d9da-4b38-b1e5-0dfe0276ad56,2026-04-14 00:08:00,2026-04-14,tester,2026-04-14 00:08:16,https://www.commcarehq.org/form/14b17ff0-070b-442d-96d5-a40278f8ce35,tester,True
849,12b9b50c-7b2d-462b-886b-c5b659fefcc4,community_01,Amina,Haruna,male,2007-11-16,86284425270.0,08063529825,https://www.commcarehq.org/photos/farmer_849.jpg,5,livestock_farming,1,family_land,1,river_stream,---,groundnuts maize rice,1.8,4.2,1.2,---,---,---,10.5276671 7.2979433 0.0 20.0,yes,806ee326-6fb1-44c5-81e7-2e103aeacad7,2026-04-10 00:08:00,2026-04-10,tester,2026-04-10 00:08:13,https://www.commcarehq.org/form/12b9b50c-7b2d-462b-886b-c5b659fefcc4,tester,True
850,6e659946-b3c9-40fd-9d39-40db572754de,community_02,Fatima,Usman,male,1976-10-29,,08099856995,https://www.commcarehq.org/photos/farmer_850.jpg,3,mixed_farming,30,family_land,2,river_stream,---,groundnuts maize,2.0,5.2,---,goats rabbits,13,4,10.5595732 7.4428207 0.0 20.0,yes,38908961-673f-4c48-82b1-118998920076,2026-06-09 00:05:00,2026-06-09,tester,2026-06-09 00:05:17,https://www.commcarehq.org/form/6e659946-b3c9-40fd-9d39-40db572754de,tester,True
851,4c1f3538-1503-4b30-80d0-e27c2963cbe5,community_02,Amina,Eze,female,2005-01-04,,08032024613,https://www.commcarehq.org/photos/farmer_851.jpg,3,crop_farming,1,owned,1,rain-fed,---,groundnuts rice,1.9,---,3.7,goats rabbits,11,7,10.4657205 7.41268 0.0 20.0,yes,370779e0-7b57-4c77-910f-3c1df5a6beca,2026-06-27 00:08:00,2026-06-27,tester,2026-06-27 00:08:17,https://www.commcarehq.org/form/4c1f3538-1503-4b30-80d0-e27c2963cbe5,tester,True
852,24c723c2-7cbf-4998-a88b-f9891e919ac5,community_07,Sarah,Abdullahi,female,1994-07-20,18451222568.0,08093572548,https://www.commcarehq.org/photos/farmer_852.jpg,7,mixed_farming,12,owned,3,borehole,---,rice,---,---,3.4,goats,4,---,10.3944078 7.5438251 0.0 20.0,yes,b602bce8-ed04-4cba-881f-a67cace501e6,2026-05-12 00:08:00,2026-05-12,tester,2026-05-12 00:08:09,https://www.commcarehq.org/form/24c723c2-7cbf-4998-a88b-f9891e919ac5,tester,True
853,a158f530-0ce3-4749-a6a9-efe822b45027,community_03,James,Tanko,male,1994-10-24,60984795368.0,08034455733,https://www.commcarehq.org/photos/farmer_853.jpg,3,crop_farming,7,family_land,3,rain-fed,---,rice maize groundnuts,0.8,5.3,0.6,---,---,---,10.4217626 7.4340814 0.0 20.0,yes,a57c4613-08fa-451c-ade3-e4bd4f63d5e1,2026-03-25 00:07:00,2026-03-25,tester,2026-03-25 00:07:05,https://www.commcarehq.org/form/a158f530-0ce3-4749-a6a9-efe822b45027,tester,True
854,9dcdcdc9-4380-4b7c-957f-1a59fc91fd28,community_04,Sarah,Ojo,male,1992-06-18,11427802517.0,08048537679,https://www.commcarehq.org/photos/farmer_854.jpg,5,crop_farming,2,owned,4,rain-fed,---,maize rice,---,5.1,2.1,---,---,---,10.3488416 7.5495519 0.0 20.0,yes,869988fd-a7f7-4c21-bc86-19ccc2696f25,2026-01-31 00:03:00,2026-01-31,tester,2026-01-31 00:03:11,https://www.commcarehq.org/form/9dcdcdc9-4380-4b7c-957f-1a59fc91fd28,tester,True
855,858986d5-3d12-400c-9875-2e8c44557aac,community_04,Sarah,Tanko,male,1982-11-07,16939357002.0,08000233953,https://www.commcarehq.org/photos/farmer_855.jpg,8,crop_farming,24,family_land,1,rain-fed,---,rice maize groundnuts,2.1,3.4,1.0,goats,9,---,10.2119489 7.2675024 0.0 20.0,yes,fd66f61f-824b-490e-80d1-b6d66ef8843a,2026-04-25 00:04:00,2026-04-25,tester,2026-04-25 00:04:05,https://www.commcarehq.org/form/858986d5-3d12-400c-9875-2e8c44557aac,tester,True
856,78dd66ba-6de3-4c32-b1aa-091fae043acb,community_03,Mary,Abdullahi,male,1973-11-05,63612682895.0,08038989621,https://www.commcarehq.org/photos/farmer_856.jpg,11,livestock_farming,22,owned,2,rain-fed,---,maize rice,---,5.3,3.9,goats,19,---,10.4654248 7.2814149 0.0 20.0,yes,a612bbae-abf8-4c1a-b764-fb2125954382,2026-06-18 00:05:00,2026-06-18,tester,2026-06-18 00:05:18,https://www.commcarehq.org/form/78dd66ba-6de3-4c32-b1aa-091fae043acb,tester,True
857,69b3f7b9-e250-4cb0-8cf7-a4d8797dc33c,community_03,Grace,Sani,female,1986-02-07,,08070570243,https://www.commcarehq.org/photos/farmer_857.jpg,5,mixed_farming,3,family_land,3,rain-fed,---,rice maize,---,5.8,3.2,---,---,---,10.5481362 7.4672919 0.0 20.0,yes,22148313-bde6-4553-aa1b-30136f706e5d,2026-05-15 00:06:00,2026-05-15,tester,2026-05-15 00:06:16,https://www.commcarehq.org/form/69b3f7b9-e250-4cb0-8cf7-a4d8797dc33c,tester,True
858,38a42bff-ac54-4c92-82b8-d3051c845dbd,community_05,Amina,Bello,male,1988-04-01,23283623601.0,08032040616,https://www.commcarehq.org/photos/farmer_858.jpg,4,crop_farming,16,owned,1,borehole,---,rice,---,---,2.5,goats,7,---,10.5977132 7.2251136 0.0 20.0,yes,2d0d2041-8621-4a55-8569-396ee284fe2e,2026-02-24 00:06:00,2026-02-24,tester,2026-02-24 00:06:14,https://www.commcarehq.org/form/38a42bff-ac54-4c92-82b8-d3051c845dbd,tester,True
859,965b15a3-6776-4cae-9ba7-d55b90c7c9ca,community_02,Samuel,Yakubu,male,1968-12-06,83048383467.0,08025027422,https://www.commcarehq.org/photos/farmer_859.jpg,8,mixed_farming,17,owned,6,borehole,---,rice maize,---,2.9,2.0,---,---,---,10.2371697 7.4772226 0.0 20.0,yes,4c305154-b4d6-4f94-b0d0-ab935299dabf,2026-03-19 00:04:00,2026-03-19,tester,2026-03-19 00:04:10,https://www.commcarehq.org/form/965b15a3-6776-4cae-9ba7-d55b90c7c9ca,tester,True
860,0f1dfadb-cdb0-4dce-8769-0e0bcef81379,community_02,Esther,Ali,female,1991-12-26,,08027630384,https://www.commcarehq.org/photos/farmer_860.jpg,10,mixed_farming,1,family_land,3,rain-fed,---,maize rice groundnuts,2.2,5.3,0.7,---,---,---,10.4151098 7.5359129 0.0 20.0,yes,92f27bbb-5acd-4f74-a6db-25e52cf4d2f1,2026-02-07 00:03:00,2026-02-07,tester,2026-02-07 00:03:09,https://www.commcarehq.org/form/0f1dfadb-cdb0-4dce-8769-0e0bcef81379,tester,True
861,25685083-a8f9-438d-8e86-e6fa25a61559,community_02,Mercy,Ibrahim,male,1958-11-21,15453927371.0,08096054385,https://www.commcarehq.org/photos/farmer_861.jpg,5,livestock_farming,22,owned,2,irrigation_scheme,---,rice maize,---,4.5,2.8,---,---,---,10.348736 7.5204567 0.0 20.0,yes,db208178-d76e-4287-a610-13a8dc593c7a,2026-05-24 00:07:00,2026-05-24,tester,2026-05-24 00:07:05,https://www.commcarehq.org/form/25685083-a8f9-438d-8e86-e6fa25a61559,tester,True
862,c6de2cb8-8037-464b-9f98-c7525b5bfeb4,community_01,Daniel,Johnson,male,1969-08-23,,08062262424,https://www.commcarehq.org/photos/farmer_862.jpg,5,crop_farming,13,leased,4,rain-fed,---,rice,---,---,2.3,goats,16,---,10.5461835 7.2549152 0.0 20.0,yes,6f849526-cc77-4934-8693-6cb8d7c1ccf1,2026-01-22 00:07:00,2026-01-22,tester,2026-01-22 00:07:07,https://www.commcarehq.org/form/c6de2cb8-8037-464b-9f98-c7525b5bfeb4,tester,True
863,a0d3a3dc-c8c0-4df1-beaf-f7823bf22bbb,community_04,Esther,Samuel,female,1980-12-15,40499772736.0,08028500211,https://www.commcarehq.org/photos/farmer_863.jpg,4,livestock_farming,14,owned,5,borehole,---,rice groundnuts maize,0.8,1.7,0.8,goats,25,---,10.4462411 7.2309681 0.0 20.0,yes,6482b9bb-c28e-4607-9e1e-5cdf77ea6a2f,2026-01-12 00:02:00,2026-01-12,tester,2026-01-12 00:02:16,https://www.commcarehq.org/form/a0d3a3dc-c8c0-4df1-beaf-f7823bf22bbb,tester,True
864,84054b3a-253d-413b-91f5-0cfb2cc1b1b6,community_01,Hauwa,Bello,male,1991-09-16,,08046084736,https://www.commcarehq.org/photos/farmer_864.jpg,3,crop_farming,17,family_land,1,river_stream,---,maize rice groundnuts,0.8,0.7,0.8,rabbits,---,10,10.243494 7.4199039 0.0 20.0,yes,de4668bd-996f-4464-8968-3529103f1615,2026-03-28 00:08:00,2026-03-28,tester,2026-03-28 00:08:11,https://www.commcarehq.org/form/84054b3a-253d-413b-91f5-0cfb2cc1b1b6,tester,True
865,f719c109-471a-4b62-b4f9-51ca2a7d454d,community_06,Mary,Ahmed,female,1994-06-17,91959506296.0,08012714381,https://www.commcarehq.org/photos/farmer_865.jpg,4,livestock_farming,6,owned,2,rain-fed,---,maize rice,---,1.4,2.1,goats,3,---,10.362073 7.5566589 0.0 20.0,yes,cab36140-45ec-4cf0-a75c-0b24e357084c,2026-02-06 00:05:00,2026-02-06,tester,2026-02-06 00:05:15,https://www.commcarehq.org/form/f719c109-471a-4b62-b4f9-51ca2a7d454d,tester,True
866,c16772d1-14c7-49d9-9b36-6ef8f51941d3,community_01,Amina,Michael,female,1952-10-11,89140209610.0,08004001603,https://www.commcarehq.org/photos/farmer_866.jpg,8,livestock_farming,24,family_land,1,rain-fed,---,groundnuts rice maize,1.2,2.2,2.5,goats,4,---,10.3674414 7.3892321 0.0 20.0,yes,64ca3689-48bf-48e1-8dd2-0d9a7168361c,2026-04-24 00:06:00,2026-04-24,tester,2026-04-24 00:06:14,https://www.commcarehq.org/form/c16772d1-14c7-49d9-9b36-6ef8f51941d3,tester,True
867,3243b101-00dc-4267-9463-fe3476fd842f,community_02,Deborah,James,female,1994-02-21,47294936770.0,08045393107,https://www.commcarehq.org/photos/farmer_867.jpg,1,crop_farming,9,owned,6,rain-fed,---,maize rice,---,4.8,1.3,goats rabbits,9,32,10.4834673 7.3473218 0.0 20.0,yes,d8ead40b-1877-4206-8db4-8b4ba423e8b3,2026-04-30 00:07:00,2026-04-30,tester,2026-04-30 00:07:06,https://www.commcarehq.org/form/3243b101-00dc-4267-9463-fe3476fd842f,tester,True
868,17b4331f-cc0b-4595-b680-db7b0f6db4ff,community_01,Joy,Sani,female,2004-03-09,16223292994.0,08061709208,https://www.commcarehq.org/photos/farmer_868.jpg,5,crop_farming,2,leased,3,borehole,---,maize,---,4.4,---,---,---,---,10.4116744 7.3816053 0.0 20.0,yes,0cd564d6-017a-42cf-96d1-300b8fb643a3,2026-04-06 00:02:00,2026-04-06,tester,2026-04-06 00:02:16,https://www.commcarehq.org/form/17b4331f-cc0b-4595-b680-db7b0f6db4ff,tester,True
869,6e7d13db-fc26-4b1b-bea5-7ffc4f979e91,community_04,Ruth,Balogun,male,1977-03-13,21602617532.0,08096785765,https://www.commcarehq.org/photos/farmer_869.jpg,10,livestock_farming,13,owned,6,borehole,---,rice maize,---,0.8,1.7,---,---,---,10.5712306 7.5480454 0.0 20.0,yes,90855725-95a3-4ca0-a61d-3d14dd2ed53c,2026-03-27 00:06:00,2026-03-27,tester,2026-03-27 00:06:11,https://www.commcarehq.org/form/6e7d13db-fc26-4b1b-bea5-7ffc4f979e91,tester,True
870,b19f0ac6-7f79-4471-bcd8-65178832f1d3,community_07,Daniel,Ali,male,1980-01-06,62660421070.0,08010564674,https://www.commcarehq.org/photos/farmer_870.jpg,7,crop_farming,5,leased,3,borehole,---,groundnuts,1.9,---,---,---,---,---,10.4958015 7.2105558 0.0 20.0,yes,b0b987eb-dddb-4969-bfa9-54fdb4d059c4,2026-02-26 00:05:00,2026-02-26,tester,2026-02-26 00:05:05,https://www.commcarehq.org/form/b19f0ac6-7f79-4471-bcd8-65178832f1d3,tester,True
871,9aa60f5e-9c82-4061-91f3-9a858bcc2f75,community_04,Fatima,Okafor,male,1978-06-09,,08008944109,https://www.commcarehq.org/photos/farmer_871.jpg,8,crop_farming,16,leased,6,rain-fed,---,rice,---,---,1.8,goats rabbits,5,23,10.370721 7.4624152 0.0 20.0,yes,ead9ce3c-a975-40a7-9cb8-9b459114fc07,2026-04-13 00:04:00,2026-04-13,tester,2026-04-13 00:04:18,https://www.commcarehq.org/form/9aa60f5e-9c82-4061-91f3-9a858bcc2f75,tester,True
872,9aa9d68e-2ebc-47ed-9da4-e23ebbf79143,community_01,Ruth,Ali,male,1987-01-07,90737469108.0,08069813889,https://www.commcarehq.org/photos/farmer_872.jpg,5,mixed_farming,19,leased,3,rain-fed,---,rice groundnuts maize,0.6,3.5,0.9,---,---,---,10.5241894 7.4099765 0.0 20.0,yes,7641a9a7-ccf9-4a5f-bc2a-131a9435b42c,2026-02-18 00:04:00,2026-02-18,tester,2026-02-18 00:04:08,https://www.commcarehq.org/form/9aa9d68e-2ebc-47ed-9da4-e23ebbf79143,tester,True
873,332871a7-276e-45dd-afe9-e36a9f7d2ce7,community_04,Suleiman,James,male,1977-11-25,,08024286663,https://www.commcarehq.org/photos/farmer_873.jpg,7,crop_farming,20,owned,2,rain-fed,---,groundnuts,2.6,---,---,rabbits,---,26,10.5568235 7.3703143 0.0 20.0,yes,c3032c7f-3555-4f2c-b1a3-8d2046420161,2026-02-08 00:05:00,2026-02-08,tester,2026-02-08 00:05:20,https://www.commcarehq.org/form/332871a7-276e-45dd-afe9-e36a9f7d2ce7,tester,True
874,07744e14-4521-4dcd-8e65-554b1978be34,community_01,Fatima,Okafor,male,1983-03-27,17208002343.0,08020742331,https://www.commcarehq.org/photos/farmer_874.jpg,8,crop_farming,11,family_land,1,rain-fed,---,rice,---,---,2.9,---,---,---,10.3014324 7.4016723 0.0 20.0,yes,18ba6a4b-c6c7-407e-aa28-1c69851b85a7,2026-05-23 00:03:00,2026-05-23,tester,2026-05-23 00:03:17,https://www.commcarehq.org/form/07744e14-4521-4dcd-8e65-554b1978be34,tester,True
875,f21bf367-9b5b-493b-a872-d13a3103d052,community_04,Ahmed,Okafor,male,1974-11-25,35656221222.0,08081244490,https://www.commcarehq.org/photos/farmer_875.jpg,4,mixed_farming,29,owned,3,rain-fed,---,rice maize,---,4.8,3.2,---,---,---,10.281536 7.5658513 0.0 20.0,yes,03fd962e-0ac4-4535-8b67-b89117592720,2026-02-24 00:04:00,2026-02-24,tester,2026-02-24 00:04:15,https://www.commcarehq.org/form/f21bf367-9b5b-493b-a872-d13a3103d052,tester,True
876,b385786b-04ae-43fc-8ca1-82f7baa0c4ee,community_02,Peter,Yakubu,female,1997-01-20,29703637046.0,08084020737,https://www.commcarehq.org/photos/farmer_876.jpg,5,crop_farming,10,owned,1,rain-fed,---,maize groundnuts,2.5,3.7,---,goats,14,---,10.3089104 7.5096043 0.0 20.0,yes,0797329d-fa8e-4f43-8338-3867aedf5e9b,2026-03-11 00:04:00,2026-03-11,tester,2026-03-11 00:04:08,https://www.commcarehq.org/form/b385786b-04ae-43fc-8ca1-82f7baa0c4ee,tester,True
877,8e4f4a9a-8724-4871-a6ae-b915b79123ef,community_01,Yusuf,Bello,male,2000-09-07,38442277548.0,08038190875,https://www.commcarehq.org/photos/farmer_877.jpg,8,livestock_farming,2,owned,1,river_stream,---,groundnuts maize rice,2.9,2.4,2.4,---,---,---,10.2310256 7.235661 0.0 20.0,yes,9d412939-ef29-4dfb-9718-37655b1e6ccd,2026-01-10 00:08:00,2026-01-10,tester,2026-01-10 00:08:11,https://www.commcarehq.org/form/8e4f4a9a-8724-4871-a6ae-b915b79123ef,tester,True
878,758a05c6-36f8-4f8b-a840-2f36766dfeaf,community_02,Daniel,David,male,2002-02-11,,08081183341,https://www.commcarehq.org/photos/farmer_878.jpg,4,crop_farming,3,family_land,3,rain-fed,---,groundnuts maize rice,1.7,5.7,3.1,goats,11,---,10.3539685 7.5652279 0.0 20.0,yes,20576272-96e9-478b-b8c8-cd9517261b68,2026-06-09 00:04:00,2026-06-09,tester,2026-06-09 00:04:13,https://www.commcarehq.org/form/758a05c6-36f8-4f8b-a840-2f36766dfeaf,tester,True
879,bec6b784-e35c-45e0-bee1-547feaede71b,community_03,Grace,Balogun,female,1992-09-20,22821690891.0,08005711127,https://www.commcarehq.org/photos/farmer_879.jpg,10,crop_farming,4,owned,6,rain-fed,---,maize rice groundnuts,2.2,1.0,3.1,---,---,---,10.276698 7.4696446 0.0 20.0,yes,b1ec2133-bf16-419d-af13-25dbcae81b58,2026-04-03 00:07:00,2026-04-03,tester,2026-04-03 00:07:05,https://www.commcarehq.org/form/bec6b784-e35c-45e0-bee1-547feaede71b,tester,True
880,efa46d49-f6dd-42c4-8bbc-dfc3af7dcefd,community_01,Ibrahim,Eze,female,2001-07-16,,08031603410,https://www.commcarehq.org/photos/farmer_880.jpg,5,mixed_farming,2,owned,3,rain-fed,---,rice,---,---,1.5,---,---,---,10.3081339 7.2451612 0.0 20.0,yes,1971b6ef-364e-4108-9a41-296376ea5235,2026-01-02 00:08:00,2026-01-02,tester,2026-01-02 00:08:07,https://www.commcarehq.org/form/efa46d49-f6dd-42c4-8bbc-dfc3af7dcefd,tester,True
881,acf7d8bd-baab-4222-a4aa-a99e292783f6,community_02,Esther,Samuel,female,1986-09-17,49174384344.0,08084198804,https://www.commcarehq.org/photos/farmer_881.jpg,3,mixed_farming,10,family_land,2,rain-fed,---,maize rice groundnuts,2.1,3.8,2.9,goats,7,---,10.4399432 7.2989172 0.0 20.0,yes,3d595c66-2b9e-4f1d-8b1a-07eac6714fa2,2026-06-21 00:04:00,2026-06-21,tester,2026-06-21 00:04:08,https://www.commcarehq.org/form/acf7d8bd-baab-4222-a4aa-a99e292783f6,tester,True
882,6b6d274f-2d6d-4a3f-be91-7697fe06fd1b,community_07,Musa,Mohammed,female,1981-04-06,,08075001582,https://www.commcarehq.org/photos/farmer_882.jpg,5,mixed_farming,8,owned,3,borehole,---,rice,---,---,0.9,---,---,---,10.5684543 7.3578144 0.0 20.0,yes,575e891a-c817-460e-a8d2-543ef46eae2f,2026-05-03 00:08:00,2026-05-03,tester,2026-05-03 00:08:07,https://www.commcarehq.org/form/6b6d274f-2d6d-4a3f-be91-7697fe06fd1b,tester,True
883,ea34fc59-88f5-45b6-bd4a-07d70a69ef66,community_05,Emmanuel,Isa,male,2005-02-27,68140527073.0,08040433191,https://www.commcarehq.org/photos/farmer_883.jpg,8,mixed_farming,2,family_land,2,irrigation_scheme,---,groundnuts maize,1.7,1.3,---,goats,22,---,10.5173967 7.5371351 0.0 20.0,yes,19028ad1-69a8-4591-a8d3-4a3d77dae6f1,2026-03-03 00:08:00,2026-03-03,tester,2026-03-03 00:08:11,https://www.commcarehq.org/form/ea34fc59-88f5-45b6-bd4a-07d70a69ef66,tester,True
884,1356b4c3-7f7d-4495-b315-1c62442a4a41,community_05,Naomi,Abdullahi,male,1996-07-29,,08077492493,https://www.commcarehq.org/photos/farmer_884.jpg,4,crop_farming,12,family_land,3,rain-fed,---,maize,---,6.5,---,goats,25,---,10.483831 7.2935734 0.0 20.0,yes,b6c34011-5aaa-46b7-80fb-51a9bfb332ab,2026-06-29 00:03:00,2026-06-29,tester,2026-06-29 00:03:12,https://www.commcarehq.org/form/1356b4c3-7f7d-4495-b315-1c62442a4a41,tester,True
885,1f92cf9c-14a6-4fed-a5e9-38f9cb25aa27,community_04,Mary,Abdullahi,male,1967-09-24,97537131999.0,08016185408,https://www.commcarehq.org/photos/farmer_885.jpg,8,mixed_farming,15,owned,2,rain-fed,---,rice maize groundnuts,0.7,1.0,2.0,rabbits,---,7,10.4603203 7.3274994 0.0 20.0,yes,7c131118-db04-4eb5-bf26-e5dcee49512d,2026-04-30 00:07:00,2026-04-30,tester,2026-04-30 00:07:06,https://www.commcarehq.org/form/1f92cf9c-14a6-4fed-a5e9-38f9cb25aa27,tester,True
886,0cd033ec-6903-40bd-914b-54df219bc8f1,community_03,Joy,Ibrahim,female,1965-11-05,85413569007.0,08099566737,https://www.commcarehq.org/photos/farmer_886.jpg,6,livestock_farming,9,family_land,1,rain-fed,---,rice maize,---,0.9,3.2,goats,10,---,10.3111616 7.268526 0.0 20.0,yes,93e00c7b-6a47-4cc2-9acc-c97022118753,2026-05-30 00:04:00,2026-05-30,tester,2026-05-30 00:04:15,https://www.commcarehq.org/form/0cd033ec-6903-40bd-914b-54df219bc8f1,tester,True
887,84082fc8-ddf0-4cd0-a600-eed9991b68d6,community_01,Joy,Tanko,female,1980-09-02,24148246205.0,08052617905,https://www.commcarehq.org/photos/farmer_887.jpg,6,crop_farming,28,family_land,2,borehole,---,rice groundnuts maize,2.3,2.0,2.2,---,---,---,10.256945 7.2949032 0.0 20.0,yes,49b8f152-37b1-425a-aa9b-64e602740d44,2026-06-29 00:05:00,2026-06-29,tester,2026-06-29 00:05:19,https://www.commcarehq.org/form/84082fc8-ddf0-4cd0-a600-eed9991b68d6,tester,True
888,0025d932-2864-4a6f-8725-91495ceffc44,community_06,Grace,Ogunleye,male,1961-03-29,25225626984.0,08010075677,https://www.commcarehq.org/photos/farmer_888.jpg,5,crop_farming,44,leased,2,dam_reservoir,---,groundnuts,2.8,---,---,goats,12,---,10.3692446 7.502968 0.0 20.0,yes,a7ccf9c4-da50-488c-9c79-c6100d3d7d95,2026-02-25 00:02:00,2026-02-25,tester,2026-02-25 00:02:07,https://www.commcarehq.org/form/0025d932-2864-4a6f-8725-91495ceffc44,tester,True
889,0205287e-faef-4f19-bfef-65db00b7bc4f,community_02,Joy,Daniel,male,1965-10-16,15328928341.0,08087398602,https://www.commcarehq.org/photos/farmer_889.jpg,1,crop_farming,36,leased,4,irrigation_scheme,---,groundnuts,1.8,---,---,goats,24,---,10.4175893 7.3790957 0.0 20.0,yes,b79ed81d-23c9-47d4-b496-321eb05e79ad,2026-03-09 00:05:00,2026-03-09,tester,2026-03-09 00:05:07,https://www.commcarehq.org/form/0205287e-faef-4f19-bfef-65db00b7bc4f,tester,True
890,e1dbb3c3-71b6-4ea0-adab-dad4191679d3,community_03,Mercy,Ibrahim,male,1983-04-09,,08026490692,https://www.commcarehq.org/photos/farmer_890.jpg,8,crop_farming,7,owned,5,rain-fed,---,groundnuts,1.2,---,---,goats rabbits,4,20,10.24421 7.2487835 0.0 20.0,yes,17805644-fe86-4d3f-b15c-dabf3d1d6eb7,2026-03-27 00:07:00,2026-03-27,tester,2026-03-27 00:07:19,https://www.commcarehq.org/form/e1dbb3c3-71b6-4ea0-adab-dad4191679d3,tester,True
891,831191a5-c81c-462c-bd1b-0cf94e3d6aed,community_04,Sarah,Musa,female,1973-07-29,,08065379464,https://www.commcarehq.org/photos/farmer_891.jpg,3,mixed_farming,32,family_land,2,rain-fed,---,maize groundnuts,1.0,3.4,---,rabbits,---,15,10.4425886 7.2336098 0.0 20.0,yes,9c8d49e6-3be2-4329-a2e3-85a734a08937,2026-02-27 00:06:00,2026-02-27,tester,2026-02-27 00:06:19,https://www.commcarehq.org/form/831191a5-c81c-462c-bd1b-0cf94e3d6aed,tester,True
892,e051e6dc-3ef1-48d5-8a79-e4ede30b0312,community_05,Paul,Isa,male,1983-06-23,87811532027.0,08023598074,https://www.commcarehq.org/photos/farmer_892.jpg,8,mixed_farming,22,owned,3,borehole,---,rice groundnuts maize,2.1,5.3,1.7,---,---,---,10.3325806 7.2770823 0.0 20.0,yes,06ee1ba1-b92b-4da6-9aef-2bff7d973741,2026-05-19 00:07:00,2026-05-19,tester,2026-05-19 00:07:15,https://www.commcarehq.org/form/e051e6dc-3ef1-48d5-8a79-e4ede30b0312,tester,True
893,41330840-f481-4923-b9b4-56b8ff55fd44,community_02,Joseph,Balogun,male,1992-02-04,43359901663.0,08054630458,https://www.commcarehq.org/photos/farmer_893.jpg,1,livestock_farming,3,family_land,1,borehole,---,groundnuts,2.2,---,---,goats,23,---,10.4875954 7.5023047 0.0 20.0,yes,77a91f8a-00f9-4533-b8fd-a1e6d53cb548,2026-03-10 00:04:00,2026-03-10,tester,2026-03-10 00:04:06,https://www.commcarehq.org/form/41330840-f481-4923-b9b4-56b8ff55fd44,tester,True
894,b845a232-a612-4ac5-81e9-b4a8ef254297,community_03,Elizabeth,Yakubu,female,1978-11-16,,08055958681,https://www.commcarehq.org/photos/farmer_894.jpg,9,crop_farming,5,family_land,1,rain-fed,---,maize rice groundnuts,3.0,5.2,1.5,goats,16,---,10.3967125 7.4771402 0.0 20.0,yes,585f9181-d435-4a1e-97a4-645f960660a2,2026-03-13 00:02:00,2026-03-13,tester,2026-03-13 00:02:05,https://www.commcarehq.org/form/b845a232-a612-4ac5-81e9-b4a8ef254297,tester,True
895,5fcab37f-8a86-4bfa-aed5-139d692b8bc7,community_07,Musa,Sani,male,1977-12-11,28354205229.0,08091289025,https://www.commcarehq.org/photos/farmer_895.jpg,1,mixed_farming,15,family_land,1,rain-fed,---,rice,---,---,1.5,goats,2,---,10.2538415 7.536043 0.0 20.0,yes,7da2a3ec-8e5b-465f-83ad-825cdd0ab798,2026-05-16 00:06:00,2026-05-16,tester,2026-05-16 00:06:20,https://www.commcarehq.org/form/5fcab37f-8a86-4bfa-aed5-139d692b8bc7,tester,True
896,3a9872a7-84ce-464b-bd1d-3928b5a3262e,community_05,James,Eze,female,1982-08-19,,08029514685,https://www.commcarehq.org/photos/farmer_896.jpg,7,mixed_farming,6,owned,1,rain-fed,---,rice,---,---,1.2,goats,15,---,10.3153649 7.2543598 0.0 20.0,yes,843b0c18-bc37-48c5-bc62-42cc7f256190,2026-03-09 00:04:00,2026-03-09,tester,2026-03-09 00:04:17,https://www.commcarehq.org/form/3a9872a7-84ce-464b-bd1d-3928b5a3262e,tester,True
897,9c087cb3-5ee3-4201-b932-45e5becd6a5e,community_06,Mary,Yakubu,female,2002-09-06,77932980514.0,08002272718,https://www.commcarehq.org/photos/farmer_897.jpg,11,crop_farming,2,owned,3,rain-fed,---,maize,---,2.0,---,rabbits,---,3,10.4560311 7.2111072 0.0 20.0,no,df273518-afa3-40fd-b847-f1db33179d07,2026-01-27 00:03:00,2026-01-27,tester,2026-01-27 00:03:17,https://www.commcarehq.org/form/9c087cb3-5ee3-4201-b932-45e5becd6a5e,tester,True
898,21abad5e-2204-4f64-a3bf-2cc8ca3b9ecd,community_05,John,Musa,female,1994-04-10,51553365394.0,08026496973,https://www.commcarehq.org/photos/farmer_898.jpg,4,crop_farming,7,owned,6,rain-fed,---,rice maize groundnuts,2.3,3.0,3.0,---,---,---,10.3317802 7.2838617 0.0 20.0,yes,4b3fe735-9eb7-472a-987f-82ac341c9c0a,2026-03-23 00:06:00,2026-03-23,tester,2026-03-23 00:06:09,https://www.commcarehq.org/form/21abad5e-2204-4f64-a3bf-2cc8ca3b9ecd,tester,True
899,5506f86a-f0a2-42d3-a74b-d3c27205673c,community_03,Sarah,Balogun,female,1988-05-17,89938106703.0,08086911155,https://www.commcarehq.org/photos/farmer_899.jpg,5,livestock_farming,11,leased,1,rain-fed,---,maize,---,2.4,---,---,---,---,10.4033921 7.4343637 0.0 20.0,yes,1803a6ea-5e15-422d-abe7-0762b91d4a5e,2026-06-11 00:08:00,2026-06-11,tester,2026-06-11 00:08:19,https://www.commcarehq.org/form/5506f86a-f0a2-42d3-a74b-d3c27205673c,tester,True
900,906ded56-29eb-41cc-b457-cf3dc1a24506,community_06,Daniel,Mohammed,female,1974-01-12,76457579618.0,08042723723,https://www.commcarehq.org/photos/farmer_900.jpg,9,crop_farming,33,leased,2,rain-fed,---,rice maize groundnuts,2.5,5.3,2.2,---,---,---,10.5262299 7.4249888 0.0 20.0,yes,1c26d66a-6689-49fb-be83-e305495c87e0,2026-03-16 00:07:00,2026-03-16,tester,2026-03-16 00:07:17,https://www.commcarehq.org/form/906ded56-29eb-41cc-b457-cf3dc1a24506,tester,True
901,94b60eb5-c61a-45bf-af16-410b6dcf2270,community_01,Mary,Peter,male,1972-07-02,60937058712.0,08029760708,https://www.commcarehq.org/photos/farmer_901.jpg,7,crop_farming,17,owned,2,rain-fed,---,maize,---,4.5,---,rabbits,---,32,10.3186595 7.2497501 0.0 20.0,yes,2526d60c-021f-42a1-9b9a-46f84049a34e,2026-01-15 00:03:00,2026-01-15,tester,2026-01-15 00:03:09,https://www.commcarehq.org/form/94b60eb5-c61a-45bf-af16-410b6dcf2270,tester,True
902,dbcedcae-b296-44a8-941b-f3ae643c7fc1,community_03,Binta,Haruna,male,1977-02-11,94330056854.0,08055994519,https://www.commcarehq.org/photos/farmer_902.jpg,2,crop_farming,14,family_land,2,rain-fed,---,rice maize groundnuts,2.6,4.9,3.6,goats rabbits,25,8,10.3972046 7.5496327 0.0 20.0,yes,387da461-fc9b-4230-8a96-22a1c5df2be7,2026-06-18 00:08:00,2026-06-18,tester,2026-06-18 00:08:09,https://www.commcarehq.org/form/dbcedcae-b296-44a8-941b-f3ae643c7fc1,tester,True
903,442a15d0-13bf-4999-bbae-bf865f7aaf32,community_03,Mary,Yakubu,male,1972-07-02,62435832159.0,08089414877,https://www.commcarehq.org/photos/farmer_903.jpg,5,livestock_farming,22,family_land,6,rain-fed,---,groundnuts rice maize,1.4,6.1,3.0,---,---,---,10.4412404 7.2151444 0.0 20.0,yes,7c0a6af0-37ef-480d-bd44-648b4b5340aa,2026-03-16 00:07:00,2026-03-16,tester,2026-03-16 00:07:15,https://www.commcarehq.org/form/442a15d0-13bf-4999-bbae-bf865f7aaf32,tester,True
904,acd2264b-4555-4b02-a762-9eb4076f4022,community_04,Rebecca,Abdullahi,female,1983-11-28,,08084716329,https://www.commcarehq.org/photos/farmer_904.jpg,4,crop_farming,24,family_land,3,dam_reservoir,---,maize groundnuts rice,2.6,2.6,0.6,goats,2,---,10.5026361 7.2270849 0.0 20.0,yes,239e620e-0250-4b2b-ad5e-5f1188f630a6,2026-06-10 00:07:00,2026-06-10,tester,2026-06-10 00:07:13,https://www.commcarehq.org/form/acd2264b-4555-4b02-a762-9eb4076f4022,tester,True
905,3aa1b466-b7ee-49fb-9532-7fb1063f9885,community_07,Yusuf,Yakubu,male,1970-01-21,20723323674.0,08033293051,https://www.commcarehq.org/photos/farmer_905.jpg,11,crop_farming,14,family_land,2,river_stream,---,groundnuts,3.0,---,---,---,---,---,10.5556353 7.3100628 0.0 20.0,yes,9112724d-969b-4d73-9119-d603cf9d3eef,2026-03-21 00:06:00,2026-03-21,tester,2026-03-21 00:06:15,https://www.commcarehq.org/form/3aa1b466-b7ee-49fb-9532-7fb1063f9885,tester,True
906,a2e42adf-fc98-47f5-9ab8-dcfedf322dd9,community_01,Emmanuel,Isa,female,1990-09-03,78834583387.0,08015064156,https://www.commcarehq.org/photos/farmer_906.jpg,3,crop_farming,9,owned,1,rain-fed,---,rice maize,---,5.1,1.0,goats,12,---,10.5627732 7.557468 0.0 20.0,yes,05bbe499-6c23-42c0-a95a-77a3fd085a04,2026-04-29 00:04:00,2026-04-29,tester,2026-04-29 00:04:08,https://www.commcarehq.org/form/a2e42adf-fc98-47f5-9ab8-dcfedf322dd9,tester,True
907,92383822-5e87-4cf4-9ab1-fc736964766a,community_03,Samuel,Abdullahi,female,1993-07-02,,08055788203,https://www.commcarehq.org/photos/farmer_907.jpg,4,crop_farming,4,leased,1,rain-fed,---,maize rice,---,3.6,3.2,goats,23,---,10.5797972 7.2019544 0.0 20.0,yes,e86b8531-9672-4fb2-8dff-f4b132d8409e,2026-01-25 00:04:00,2026-01-25,tester,2026-01-25 00:04:15,https://www.commcarehq.org/form/92383822-5e87-4cf4-9ab1-fc736964766a,tester,True
908,83b322a2-8f19-4320-ad44-1525b8046ece,community_01,Hauwa,Haruna,female,2004-12-18,28869277849.0,08045919260,https://www.commcarehq.org/photos/farmer_908.jpg,4,mixed_farming,1,family_land,3,rain-fed,---,maize,---,5.8,---,goats,8,---,10.4419097 7.280476 0.0 20.0,yes,11cd2a9a-db27-4287-adf3-2222d7742d86,2026-03-15 00:02:00,2026-03-15,tester,2026-03-15 00:02:18,https://www.commcarehq.org/form/83b322a2-8f19-4320-ad44-1525b8046ece,tester,True
909,4457341d-3d3d-419c-9160-c32c7056f349,community_06,Elizabeth,Ogunleye,female,1992-06-22,89111000658.0,08058989546,https://www.commcarehq.org/photos/farmer_909.jpg,2,crop_farming,14,owned,1,rain-fed,---,rice maize groundnuts,1.0,3.3,0.8,goats,20,---,10.5374041 7.372464 0.0 20.0,yes,af63618e-bd3f-4218-a3f4-4858a4c4487a,2026-06-23 00:07:00,2026-06-23,tester,2026-06-23 00:07:09,https://www.commcarehq.org/form/4457341d-3d3d-419c-9160-c32c7056f349,tester,True
910,03587bbf-8833-4b6b-9fb0-f0149a1f67d2,community_07,James,Garba,female,1996-02-21,15552213425.0,08045305435,https://www.commcarehq.org/photos/farmer_910.jpg,6,crop_farming,1,family_land,1,dam_reservoir,---,maize,---,6.2,---,---,---,---,10.2471239 7.3456823 0.0 20.0,yes,e5e73c29-15bb-43e1-9e6a-138556e1e4bb,2026-02-17 00:02:00,2026-02-17,tester,2026-02-17 00:02:09,https://www.commcarehq.org/form/03587bbf-8833-4b6b-9fb0-f0149a1f67d2,tester,True
911,94a70853-e750-42cc-ae62-872ced3f5389,community_06,Amina,Yusuf,male,1987-09-20,25405952283.0,08031333057,https://www.commcarehq.org/photos/farmer_911.jpg,3,crop_farming,18,owned,3,borehole,---,groundnuts,1.0,---,---,rabbits,---,17,10.5287257 7.3622649 0.0 20.0,yes,26b3feeb-097f-4744-be99-9f664dbd6ad0,2026-02-02 00:06:00,2026-02-02,tester,2026-02-02 00:06:15,https://www.commcarehq.org/form/94a70853-e750-42cc-ae62-872ced3f5389,tester,True
912,45b03f5b-6117-4a7f-8c1e-ef40cc05c0c7,community_03,Elizabeth,Sani,male,1951-12-07,,08004004902,https://www.commcarehq.org/photos/farmer_912.jpg,4,livestock_farming,51,owned,6,rain-fed,---,maize groundnuts,1.5,3.1,---,---,---,---,10.5390399 7.3526306 0.0 20.0,yes,f0dd8802-48f9-4cb0-abc8-5e3da437da82,2026-06-29 00:05:00,2026-06-29,tester,2026-06-29 00:05:18,https://www.commcarehq.org/form/45b03f5b-6117-4a7f-8c1e-ef40cc05c0c7,tester,True
913,24603c46-d7ae-4e79-9a0a-17dec547ece2,community_02,Fatima,Philip,male,1979-02-09,,08072354525,https://www.commcarehq.org/photos/farmer_913.jpg,6,crop_farming,12,leased,4,borehole,---,rice maize groundnuts,1.5,4.8,2.9,goats rabbits,22,15,10.4855028 7.4304967 0.0 20.0,yes,9a344c1f-7e56-4fa6-abdc-e53ab1a501e4,2026-05-15 00:08:00,2026-05-15,tester,2026-05-15 00:08:10,https://www.commcarehq.org/form/24603c46-d7ae-4e79-9a0a-17dec547ece2,tester,True
914,7c39eaae-4d31-43a9-a03f-09fdf1cac646,community_01,Blessing,Abdullahi,male,1985-03-25,,08016225934,https://www.commcarehq.org/photos/farmer_914.jpg,2,livestock_farming,21,family_land,5,rain-fed,---,groundnuts rice maize,1.5,5.4,1.6,goats,14,---,10.5147642 7.4669448 0.0 20.0,yes,c3ee8fc0-f2c3-40ba-9e76-41b8a1a74926,2026-04-13 00:04:00,2026-04-13,tester,2026-04-13 00:04:20,https://www.commcarehq.org/form/7c39eaae-4d31-43a9-a03f-09fdf1cac646,tester,True
915,071a659d-6b1a-455e-add5-ed6a7e351735,community_05,Joseph,David,female,1980-06-19,10539973046.0,08057365389,https://www.commcarehq.org/photos/farmer_915.jpg,12,mixed_farming,19,owned,2,rain-fed,---,rice maize,---,1.4,0.5,goats,24,---,10.4769367 7.3656616 0.0 20.0,yes,3540f052-1b35-4860-a52b-887094b5f353,2026-06-02 00:08:00,2026-06-02,tester,2026-06-02 00:08:19,https://www.commcarehq.org/form/071a659d-6b1a-455e-add5-ed6a7e351735,tester,True
916,dec246c7-1119-4216-8355-228be40d56c6,community_06,Peter,Ojo,male,1972-06-27,77862228544.0,08014920182,https://www.commcarehq.org/photos/farmer_916.jpg,3,crop_farming,16,owned,1,rain-fed,---,rice,---,---,1.4,goats,13,---,10.4127108 7.3372553 0.0 20.0,yes,5a3882b6-d228-41a3-9e82-9264adf3ead0,2026-04-06 00:03:00,2026-04-06,tester,2026-04-06 00:03:14,https://www.commcarehq.org/form/dec246c7-1119-4216-8355-228be40d56c6,tester,True
917,57d24b60-ddfc-47ef-be32-5d6210812d1f,community_03,Blessing,David,male,2004-12-08,48381557110.0,08037539981,https://www.commcarehq.org/photos/farmer_917.jpg,7,mixed_farming,3,owned,2,irrigation_scheme,---,groundnuts rice,2.5,---,2.4,---,---,---,10.5540903 7.4148793 0.0 20.0,yes,e7506942-a7d8-4f48-80bc-2d4574773314,2026-01-18 00:05:00,2026-01-18,tester,2026-01-18 00:05:09,https://www.commcarehq.org/form/57d24b60-ddfc-47ef-be32-5d6210812d1f,tester,True
918,d8090001-c12c-4456-a951-ce91e63e0dac,community_02,Ahmed,David,female,1976-09-02,,08097942466,https://www.commcarehq.org/photos/farmer_918.jpg,6,crop_farming,19,owned,3,river_stream,---,rice maize,---,1.6,2.2,---,---,---,10.5946413 7.2361823 0.0 20.0,yes,8d3a93e5-0f10-4961-ae11-1be9bf935bcf,2026-02-03 00:07:00,2026-02-03,tester,2026-02-03 00:07:20,https://www.commcarehq.org/form/d8090001-c12c-4456-a951-ce91e63e0dac,tester,True
919,378e76d3-ca1c-41ac-b65a-61d931af80fd,community_06,Hauwa,Lawal,male,1967-02-06,,08078819411,https://www.commcarehq.org/photos/farmer_919.jpg,5,mixed_farming,23,family_land,5,river_stream,---,maize rice groundnuts,0.9,1.1,1.7,goats,22,---,10.4406502 7.5941644 0.0 20.0,yes,4f4c4905-030c-43c9-98bb-639d6428c1d8,2026-05-14 00:03:00,2026-05-14,tester,2026-05-14 00:03:14,https://www.commcarehq.org/form/378e76d3-ca1c-41ac-b65a-61d931af80fd,tester,True
920,d41f4edf-4d61-4961-a3f9-7b9f3cf112db,community_02,Sarah,David,male,1988-05-25,,08000438780,https://www.commcarehq.org/photos/farmer_920.jpg,11,mixed_farming,7,family_land,5,rain-fed,---,rice groundnuts maize,2.9,3.6,3.5,---,---,---,10.4432406 7.3862522 0.0 20.0,yes,f49f5288-d503-46f5-948d-c8e0a55972b0,2026-03-11 00:02:00,2026-03-11,tester,2026-03-11 00:02:14,https://www.commcarehq.org/form/d41f4edf-4d61-4961-a3f9-7b9f3cf112db,tester,True
921,c14a8526-eb64-4644-8354-f28ddc82d459,community_07,John,Bello,male,1978-11-08,33868259457.0,08023691846,https://www.commcarehq.org/photos/farmer_921.jpg,6,crop_farming,3,owned,2,dam_reservoir,---,maize rice,---,3.8,0.9,rabbits,---,26,10.3625146 7.2423011 0.0 20.0,yes,94e7bc92-e8e8-4ed1-a319-f0b255e640a1,2026-03-05 00:06:00,2026-03-05,tester,2026-03-05 00:06:11,https://www.commcarehq.org/form/c14a8526-eb64-4644-8354-f28ddc82d459,tester,True
922,8c6c86e6-93a3-48cc-97d7-9eb2c73decf1,community_06,Blessing,Balogun,female,1983-11-18,,08089390882,https://www.commcarehq.org/photos/farmer_922.jpg,4,crop_farming,24,owned,3,rain-fed,---,maize,---,5.4,---,---,---,---,10.5538262 7.4259887 0.0 20.0,yes,c4d28564-c540-4770-8e49-98224baaba05,2026-06-04 00:08:00,2026-06-04,tester,2026-06-04 00:08:06,https://www.commcarehq.org/form/8c6c86e6-93a3-48cc-97d7-9eb2c73decf1,tester,True
923,d9e48847-f839-42b9-9f4f-f22cb8ad0430,community_02,Elizabeth,James,female,2001-01-11,60626980028.0,08036021709,https://www.commcarehq.org/photos/farmer_923.jpg,12,livestock_farming,6,family_land,4,borehole,---,groundnuts maize,1.1,1.8,---,goats,10,---,10.2641472 7.5112549 0.0 20.0,yes,e7c12fbc-4b63-4cae-9eb7-112adb2be3c4,2026-04-18 00:06:00,2026-04-18,tester,2026-04-18 00:06:07,https://www.commcarehq.org/form/d9e48847-f839-42b9-9f4f-f22cb8ad0430,tester,True
924,ffd80397-4b1c-451b-b0e0-daadf965229a,community_02,Rebecca,Ogunleye,female,1965-08-27,29882483110.0,08018472158,https://www.commcarehq.org/photos/farmer_924.jpg,7,livestock_farming,21,family_land,4,rain-fed,---,groundnuts rice,0.5,---,2.6,---,---,---,10.2846826 7.5901878 0.0 20.0,yes,7547f436-63f3-4b40-83c4-8eac2e9305ec,2026-04-19 00:07:00,2026-04-19,tester,2026-04-19 00:07:20,https://www.commcarehq.org/form/ffd80397-4b1c-451b-b0e0-daadf965229a,tester,True
925,4437ecad-0c21-4c1f-acc6-5108fc0be87e,community_07,Naomi,Johnson,male,1990-05-10,97885859041.0,08002862783,https://www.commcarehq.org/photos/farmer_925.jpg,8,crop_farming,3,owned,3,rain-fed,---,maize,---,2.4,---,goats,4,---,10.4058694 7.2432901 0.0 20.0,yes,14e0a0f8-e512-4533-ae4f-229079911e5f,2026-05-08 00:05:00,2026-05-08,tester,2026-05-08 00:05:17,https://www.commcarehq.org/form/4437ecad-0c21-4c1f-acc6-5108fc0be87e,tester,True
926,213a3f29-311b-481c-8766-bfe9995716c3,community_03,Joy,Okafor,male,1980-12-14,44051962597.0,08074318756,https://www.commcarehq.org/photos/farmer_926.jpg,1,livestock_farming,11,owned,2,rain-fed,---,rice maize groundnuts,1.6,1.3,2.2,goats rabbits,10,11,10.5742855 7.322754 0.0 20.0,yes,16eb1ced-473d-489d-93ad-1693472ea55e,2026-06-08 00:08:00,2026-06-08,tester,2026-06-08 00:08:20,https://www.commcarehq.org/form/213a3f29-311b-481c-8766-bfe9995716c3,tester,True
927,e51e637c-16f2-4917-8ec5-dd2f424430a6,community_01,Fatima,Garba,female,1998-09-25,91673703602.0,08073739116,https://www.commcarehq.org/photos/farmer_927.jpg,2,livestock_farming,9,owned,2,borehole,---,rice maize groundnuts,2.0,6.0,2.1,---,---,---,10.4625084 7.5006097 0.0 20.0,yes,98ebc754-1a29-43bb-a9bc-0cfeefc4fc6e,2026-06-25 00:06:00,2026-06-25,tester,2026-06-25 00:06:05,https://www.commcarehq.org/form/e51e637c-16f2-4917-8ec5-dd2f424430a6,tester,True
928,ae06a9a3-20e7-40af-9ac1-43a34edd193d,community_01,Samuel,Yakubu,male,1989-12-22,42478577987.0,08046096241,https://www.commcarehq.org/photos/farmer_928.jpg,8,crop_farming,11,owned,1,rain-fed,---,rice,---,---,2.2,goats,14,---,10.5401108 7.2842861 0.0 20.0,yes,812b5dcf-3d1b-4cf4-9fa7-a0a282bf0d49,2026-02-06 00:04:00,2026-02-06,tester,2026-02-06 00:04:19,https://www.commcarehq.org/form/ae06a9a3-20e7-40af-9ac1-43a34edd193d,tester,True
929,d8450741-bb8f-4592-8c09-7cd1602e36de,community_05,Rebecca,Ibrahim,male,1952-10-16,,08061972176,https://www.commcarehq.org/photos/farmer_929.jpg,5,livestock_farming,27,owned,1,dam_reservoir,---,rice maize,---,1.0,0.7,goats,18,---,10.4008614 7.419559 0.0 20.0,yes,6d12e860-59ea-4c61-9f48-2043369f4a63,2026-05-14 00:07:00,2026-05-14,tester,2026-05-14 00:07:20,https://www.commcarehq.org/form/d8450741-bb8f-4592-8c09-7cd1602e36de,tester,True
930,c7194cad-fa7a-40c4-a2d1-c801618b0e39,community_07,Hauwa,Isa,male,1992-06-30,,08067693547,https://www.commcarehq.org/photos/farmer_930.jpg,6,crop_farming,2,leased,3,borehole,---,rice,---,---,1.4,goats,14,---,10.2762456 7.3875664 0.0 20.0,yes,f25bf4bf-a440-4152-9a04-f91dafbc4f61,2026-02-04 00:07:00,2026-02-04,tester,2026-02-04 00:07:11,https://www.commcarehq.org/form/c7194cad-fa7a-40c4-a2d1-c801618b0e39,tester,True
931,1c29a1eb-d6e3-4d29-b57e-3709d7cc4d1b,community_04,Ruth,Eze,female,1986-10-02,,08006190307,https://www.commcarehq.org/photos/farmer_931.jpg,1,crop_farming,5,owned,1,river_stream,---,rice groundnuts maize,1.2,0.5,2.4,goats rabbits,17,17,10.2488773 7.4379217 0.0 20.0,yes,0e17b784-24b1-45f4-9d10-ecbd3c5a07f5,2026-02-17 00:02:00,2026-02-17,tester,2026-02-17 00:02:08,https://www.commcarehq.org/form/1c29a1eb-d6e3-4d29-b57e-3709d7cc4d1b,tester,True
932,fc0adbd8-123b-49b2-998e-b357f19db98c,community_02,Daniel,Eze,male,1973-05-25,,08046356001,https://www.commcarehq.org/photos/farmer_932.jpg,7,crop_farming,30,owned,2,irrigation_scheme,---,maize,---,5.6,---,---,---,---,10.2874874 7.5455474 0.0 20.0,yes,beaab3ca-6682-4503-8f4b-c50449cb4ab1,2026-05-04 00:02:00,2026-05-04,tester,2026-05-04 00:02:16,https://www.commcarehq.org/form/fc0adbd8-123b-49b2-998e-b357f19db98c,tester,True
933,bf636e28-cb54-4df6-98a4-81b81d694791,community_07,Ibrahim,Ahmed,female,1987-05-13,72502294975.0,08004510202,https://www.commcarehq.org/photos/farmer_933.jpg,10,crop_farming,19,family_land,1,rain-fed,---,rice groundnuts,0.6,---,3.5,---,---,---,10.3061195 7.2304319 0.0 20.0,yes,b395eeb7-7c8e-456f-b466-8185ddbe74a4,2026-06-24 00:07:00,2026-06-24,tester,2026-06-24 00:07:16,https://www.commcarehq.org/form/bf636e28-cb54-4df6-98a4-81b81d694791,tester,True
934,85223cb4-b7b8-418b-9e51-4cae2e61cced,community_02,Samuel,David,male,2008-04-13,23364663320.0,08045719713,https://www.commcarehq.org/photos/farmer_934.jpg,1,mixed_farming,1,family_land,2,borehole,---,rice groundnuts,2.9,---,0.5,goats rabbits,12,27,10.5498691 7.501605 0.0 20.0,yes,4289a90c-d653-438e-a33c-ed60bc4ac6d6,2026-03-01 00:08:00,2026-03-01,tester,2026-03-01 00:08:05,https://www.commcarehq.org/form/85223cb4-b7b8-418b-9e51-4cae2e61cced,tester,True
935,ae88f7c7-be74-47d3-b1ed-9c069c68a532,community_01,Grace,Eze,female,1998-01-16,13681345514.0,08026316206,https://www.commcarehq.org/photos/farmer_935.jpg,3,crop_farming,5,owned,1,rain-fed,---,maize groundnuts,1.1,3.5,---,goats,16,---,10.2198044 7.2027749 0.0 20.0,yes,a68fd20e-4f3f-4c30-b2e9-a5834cc42daf,2026-02-28 00:02:00,2026-02-28,tester,2026-02-28 00:02:19,https://www.commcarehq.org/form/ae88f7c7-be74-47d3-b1ed-9c069c68a532,tester,True
936,1076902f-76ae-4442-8c06-3635cab431e5,community_03,Ahmed,Ahmed,female,1988-03-14,18623343023.0,08041169275,https://www.commcarehq.org/photos/farmer_936.jpg,1,crop_farming,3,family_land,1,rain-fed,---,groundnuts maize,1.8,0.9,---,rabbits,---,3,10.2715081 7.216583 0.0 20.0,yes,55106057-3440-4716-9124-bd3c1b51c7da,2026-01-17 00:07:00,2026-01-17,tester,2026-01-17 00:07:20,https://www.commcarehq.org/form/1076902f-76ae-4442-8c06-3635cab431e5,tester,True
937,d239e7d5-4121-441b-b5bb-abc41d58d1bb,community_05,Joy,Mohammed,female,1985-05-27,64409905725.0,08023844541,https://www.commcarehq.org/photos/farmer_937.jpg,2,crop_farming,22,family_land,2,rain-fed,---,groundnuts,1.9,---,---,rabbits,---,5,10.5655656 7.2399194 0.0 20.0,yes,b3dcc5e9-4d2e-43fb-a6ef-fa1637ae1880,2026-03-12 00:08:00,2026-03-12,tester,2026-03-12 00:08:15,https://www.commcarehq.org/form/d239e7d5-4121-441b-b5bb-abc41d58d1bb,tester,True
938,422e974b-01f5-4f24-a519-034dd310dfee,community_05,Ruth,Abdullahi,female,1980-06-06,28632976876.0,08023045743,https://www.commcarehq.org/photos/farmer_938.jpg,3,livestock_farming,25,family_land,1,borehole,---,groundnuts maize rice,2.9,2.3,2.3,goats,16,---,10.3290381 7.2758386 0.0 20.0,yes,291775b1-66c3-4b99-b256-60e6d43da6e6,2026-06-08 00:04:00,2026-06-08,tester,2026-06-08 00:04:10,https://www.commcarehq.org/form/422e974b-01f5-4f24-a519-034dd310dfee,tester,True
939,4940ac34-8b96-4c56-9f4d-d4fb9087ff6b,community_04,Esther,Okafor,male,1970-07-18,92340524177.0,08069277861,https://www.commcarehq.org/photos/farmer_939.jpg,1,crop_farming,28,owned,3,rain-fed,---,maize rice,---,2.1,2.9,goats,19,---,10.4891346 7.3571595 0.0 20.0,yes,ee5d4984-8e56-4c03-bae5-c7ea251a7244,2026-02-03 00:07:00,2026-02-03,tester,2026-02-03 00:07:12,https://www.commcarehq.org/form/4940ac34-8b96-4c56-9f4d-d4fb9087ff6b,tester,True
940,d3dc4e70-db3b-45fb-9417-9b1f2b278182,community_04,Mercy,Balogun,male,1980-04-18,,08012988889,https://www.commcarehq.org/photos/farmer_940.jpg,8,crop_farming,7,owned,6,river_stream,---,maize,---,2.9,---,goats,24,---,10.2708211 7.5494667 0.0 20.0,yes,0de3ec85-4996-4cc4-9d68-05464410fb57,2026-02-13 00:08:00,2026-02-13,tester,2026-02-13 00:08:18,https://www.commcarehq.org/form/d3dc4e70-db3b-45fb-9417-9b1f2b278182,tester,True
941,fadcba5c-ad55-44f4-b7f9-975cbe915cad,community_02,John,Daniel,male,2004-02-21,37086137117.0,08022104252,https://www.commcarehq.org/photos/farmer_941.jpg,7,crop_farming,1,family_land,3,rain-fed,---,maize rice groundnuts,1.8,5.9,0.8,rabbits,---,28,10.3092443 7.3964477 0.0 20.0,yes,5f29ae6a-c3f8-471e-ac8d-8534191c9315,2026-03-06 00:07:00,2026-03-06,tester,2026-03-06 00:07:17,https://www.commcarehq.org/form/fadcba5c-ad55-44f4-b7f9-975cbe915cad,tester,True
942,6fc7a574-8b35-4e28-88a7-8272e53abd7c,community_02,Blessing,Eze,female,1961-03-10,53827123811.0,08029683683,https://www.commcarehq.org/photos/farmer_942.jpg,2,crop_farming,42,owned,3,rain-fed,---,groundnuts rice maize,1.3,3.3,3.6,goats,12,---,10.5990569 7.2102844 0.0 20.0,yes,6b73129a-9d3e-460f-b59b-0319885399d3,2026-02-05 00:04:00,2026-02-05,tester,2026-02-05 00:04:17,https://www.commcarehq.org/form/6fc7a574-8b35-4e28-88a7-8272e53abd7c,tester,True
943,60574634-f4b7-44f2-88e1-fd983b72b5a0,community_07,Naomi,Garba,female,1980-04-17,17493760783.0,08096960473,https://www.commcarehq.org/photos/farmer_943.jpg,2,crop_farming,10,family_land,1,borehole,---,maize groundnuts rice,1.3,3.0,3.5,goats,4,---,10.2035955 7.2429924 0.0 20.0,yes,e8bc9e80-5f84-4bf1-a16b-83cb7aa60a81,2026-01-01 00:03:00,2026-01-01,tester,2026-01-01 00:03:11,https://www.commcarehq.org/form/60574634-f4b7-44f2-88e1-fd983b72b5a0,tester,True
944,ca41b512-495f-43b5-b58a-e78d174fc5a8,community_01,Grace,Yusuf,female,1973-11-10,85681550095.0,08049896115,https://www.commcarehq.org/photos/farmer_944.jpg,3,mixed_farming,10,owned,2,borehole,---,rice maize groundnuts,0.9,6.1,2.8,goats,10,---,10.254566 7.3569026 0.0 20.0,yes,c6552593-c8fa-47fc-983b-aea85c3541c6,2026-02-27 00:08:00,2026-02-27,tester,2026-02-27 00:08:20,https://www.commcarehq.org/form/ca41b512-495f-43b5-b58a-e78d174fc5a8,tester,True
945,00256b63-f5f7-4092-a200-7a8bc60e9e97,community_01,Yusuf,Tanko,male,1990-09-17,95328718085.0,08029662747,https://www.commcarehq.org/photos/farmer_945.jpg,7,crop_farming,16,owned,2,rain-fed,---,groundnuts maize rice,1.6,3.3,3.0,goats,13,---,10.4420977 7.4919053 0.0 20.0,yes,1e5cacf9-a483-4a1a-9c51-f02ddaa65304,2026-03-23 00:02:00,2026-03-23,tester,2026-03-23 00:02:13,https://www.commcarehq.org/form/00256b63-f5f7-4092-a200-7a8bc60e9e97,tester,True
946,ae2a8de0-49cc-43c2-8915-13e29cd3c4ba,community_06,Peter,Okafor,male,1990-06-27,,08057669406,https://www.commcarehq.org/photos/farmer_946.jpg,4,livestock_farming,13,owned,2,rain-fed,---,groundnuts,0.6,---,---,rabbits,---,12,10.4653143 7.3518758 0.0 20.0,yes,432360c0-93e8-4a68-b3b6-cf57ddc5def5,2026-03-15 00:02:00,2026-03-15,tester,2026-03-15 00:02:05,https://www.commcarehq.org/form/ae2a8de0-49cc-43c2-8915-13e29cd3c4ba,tester,True
947,0a392e08-3718-45e5-ad72-0d5d0b4a64a5,community_06,Sarah,Tanko,male,1985-10-28,94980987468.0,08063338644,https://www.commcarehq.org/photos/farmer_947.jpg,8,mixed_farming,14,leased,2,rain-fed,---,maize,---,5.8,---,goats,25,---,10.3410479 7.5681939 0.0 20.0,yes,da7a2352-558b-4f79-ba6f-a3c87052d805,2026-01-20 00:03:00,2026-01-20,tester,2026-01-20 00:03:10,https://www.commcarehq.org/form/0a392e08-3718-45e5-ad72-0d5d0b4a64a5,tester,True
948,7c2337e8-5eed-4a7b-b36a-fe0cd77b0fd0,community_07,Joy,Balogun,male,1988-09-10,,08006878856,https://www.commcarehq.org/photos/farmer_948.jpg,4,mixed_farming,14,owned,1,rain-fed,---,maize groundnuts,0.9,5.4,---,---,---,---,10.215219 7.2003686 0.0 20.0,yes,f5274131-db9d-4340-b43e-53ef3e937d03,2026-01-23 00:04:00,2026-01-23,tester,2026-01-23 00:04:07,https://www.commcarehq.org/form/7c2337e8-5eed-4a7b-b36a-fe0cd77b0fd0,tester,True
949,c586a750-93b9-4933-956d-9581924b9949,community_07,Musa,Peter,male,1969-02-02,85998282694.0,08037298321,https://www.commcarehq.org/photos/farmer_949.jpg,5,mixed_farming,11,owned,1,rain-fed,---,groundnuts rice,1.2,---,1.9,goats,21,---,10.3984105 7.3795294 0.0 20.0,yes,bc592bd8-2bf7-4f76-bcb8-31618291167b,2026-06-16 00:05:00,2026-06-16,tester,2026-06-16 00:05:16,https://www.commcarehq.org/form/c586a750-93b9-4933-956d-9581924b9949,tester,True
950,1c17f599-26fe-4595-bcbd-3a037264213e,community_07,Naomi,Haruna,male,1988-06-19,21222625339.0,08048802976,https://www.commcarehq.org/photos/farmer_950.jpg,3,crop_farming,17,family_land,1,river_stream,---,groundnuts rice,2.2,---,2.7,rabbits,---,32,10.5642376 7.4161149 0.0 20.0,yes,b2878500-d7a8-4fb4-b2c0-40117df9db63,2026-06-25 00:02:00,2026-06-25,tester,2026-06-25 00:02:06,https://www.commcarehq.org/form/1c17f599-26fe-4595-bcbd-3a037264213e,tester,True
951,6be9a7ac-961b-4029-b582-acbe1c31aece,community_04,Elizabeth,Usman,male,1952-11-06,,08074839332,https://www.commcarehq.org/photos/farmer_951.jpg,7,livestock_farming,33,owned,2,borehole,---,maize,---,5.1,---,rabbits,---,5,10.255884 7.4497048 0.0 20.0,yes,06973990-c512-4757-b62e-69a1d3f11aa4,2026-04-06 00:03:00,2026-04-06,tester,2026-04-06 00:03:12,https://www.commcarehq.org/form/6be9a7ac-961b-4029-b582-acbe1c31aece,tester,True
952,d183e382-b50d-4862-b0e5-0e30c707c7e7,community_06,Mercy,Eze,female,1997-03-03,36123043331.0,08037095374,https://www.commcarehq.org/photos/farmer_952.jpg,10,mixed_farming,7,owned,2,rain-fed,---,groundnuts maize rice,2.5,3.4,1.1,---,---,---,10.3680262 7.3142597 0.0 20.0,yes,66a7ed8b-b546-48c4-924c-bab886d8e76b,2026-03-07 00:07:00,2026-03-07,tester,2026-03-07 00:07:09,https://www.commcarehq.org/form/d183e382-b50d-4862-b0e5-0e30c707c7e7,tester,True
953,b94ed1d6-6059-42b2-b8ee-ff9e11915c24,community_03,Naomi,Haruna,female,1996-04-10,66065129117.0,08058936177,https://www.commcarehq.org/photos/farmer_953.jpg,5,crop_farming,2,owned,5,rain-fed,---,rice groundnuts maize,2.6,2.6,0.8,---,---,---,10.432951 7.499656 0.0 20.0,yes,31dc87f2-799d-4c8b-ad90-10c26b1e1219,2026-03-12 00:04:00,2026-03-12,tester,2026-03-12 00:04:17,https://www.commcarehq.org/form/b94ed1d6-6059-42b2-b8ee-ff9e11915c24,tester,True
954,8b5fb847-82b6-4977-8416-468ea1d98b11,community_05,Musa,Ahmed,male,1974-03-15,,08002918987,https://www.commcarehq.org/photos/farmer_954.jpg,6,crop_farming,1,family_land,3,borehole,---,rice maize groundnuts,0.8,4.6,1.8,---,---,---,10.4464262 7.5013697 0.0 20.0,yes,06fafc02-26f7-4e86-ae6a-fae7085e9ebe,2026-02-06 00:08:00,2026-02-06,tester,2026-02-06 00:08:15,https://www.commcarehq.org/form/8b5fb847-82b6-4977-8416-468ea1d98b11,tester,True
955,0cb829e9-8607-4ba9-8e20-fa645b0398dc,community_07,Suleiman,Peter,female,1985-07-23,70459042622.0,08047842802,https://www.commcarehq.org/photos/farmer_955.jpg,12,mixed_farming,5,family_land,5,rain-fed,---,groundnuts maize,1.4,4.4,---,---,---,---,10.4666559 7.2804875 0.0 20.0,yes,e3c65764-4f75-4796-af71-578eb5268b1d,2026-05-24 00:08:00,2026-05-24,tester,2026-05-24 00:08:17,https://www.commcarehq.org/form/0cb829e9-8607-4ba9-8e20-fa645b0398dc,tester,True
956,07264872-870a-4bd8-bf1b-0ac057251bf8,community_04,Naomi,Yakubu,male,2002-07-24,80399932171.0,08090346344,https://www.commcarehq.org/photos/farmer_956.jpg,6,livestock_farming,1,owned,2,rain-fed,---,maize groundnuts,1.4,5.8,---,goats,24,---,10.5454475 7.2287005 0.0 20.0,yes,4768079c-67f0-4658-8188-7f3c3a9ce3ca,2026-03-27 00:05:00,2026-03-27,tester,2026-03-27 00:05:11,https://www.commcarehq.org/form/07264872-870a-4bd8-bf1b-0ac057251bf8,tester,True
957,349ad848-7238-4d5e-9ddc-306a5c59e700,community_02,James,Philip,male,2005-12-27,20325491636.0,08050179473,https://www.commcarehq.org/photos/farmer_957.jpg,8,mixed_farming,3,owned,3,other,Spring Water,groundnuts,1.9,---,---,rabbits,---,12,10.3978642 7.2203801 0.0 20.0,yes,1f89aea9-2205-4c03-a491-c5ba3284dee8,2026-04-10 00:06:00,2026-04-10,tester,2026-04-10 00:06:10,https://www.commcarehq.org/form/349ad848-7238-4d5e-9ddc-306a5c59e700,tester,True
958,e662ed46-8656-44f2-b696-9594c4a14d35,community_02,Daniel,Haruna,female,2004-04-29,26927717830.0,08012570421,https://www.commcarehq.org/photos/farmer_958.jpg,2,livestock_farming,1,family_land,2,rain-fed,---,groundnuts maize,2.5,1.5,---,goats,8,---,10.38818 7.4564693 0.0 20.0,yes,d7f3f70b-d483-4f42-94b3-c963e5c253a3,2026-04-27 00:04:00,2026-04-27,tester,2026-04-27 00:04:17,https://www.commcarehq.org/form/e662ed46-8656-44f2-b696-9594c4a14d35,tester,True
959,74df9c2a-1f5a-440f-b73b-2fe759ddbc60,community_04,Musa,Isa,female,1985-07-11,,08088727407,https://www.commcarehq.org/photos/farmer_959.jpg,5,crop_farming,23,leased,1,rain-fed,---,rice groundnuts maize,2.6,1.0,2.4,rabbits,---,17,10.5339218 7.4160171 0.0 20.0,yes,c08c9219-b7e4-44ff-b7fd-d2c32db8b93a,2026-04-20 00:08:00,2026-04-20,tester,2026-04-20 00:08:15,https://www.commcarehq.org/form/74df9c2a-1f5a-440f-b73b-2fe759ddbc60,tester,True
960,5c3557e7-48f6-442f-ab06-8c1d8d0cfdf8,community_04,David,Peter,female,1982-08-14,,08087095046,https://www.commcarehq.org/photos/farmer_960.jpg,4,crop_farming,13,family_land,3,rain-fed,---,rice,---,---,1.4,goats,12,---,10.3119524 7.2040684 0.0 20.0,yes,3abac01e-7535-40b1-b119-662270bb2185,2026-06-25 00:05:00,2026-06-25,tester,2026-06-25 00:05:06,https://www.commcarehq.org/form/5c3557e7-48f6-442f-ab06-8c1d8d0cfdf8,tester,True
961,f3b41a57-58bf-41c1-9678-116d0daa481a,community_05,Ahmed,Adeyemi,female,1966-03-23,58183982454.0,08061761238,https://www.commcarehq.org/photos/farmer_961.jpg,6,crop_farming,7,owned,6,rain-fed,---,maize rice,---,3.8,2.1,goats,24,---,10.3592068 7.2607051 0.0 20.0,yes,617d9d58-4966-483e-ad0a-f1fc6b6eb30f,2026-06-09 00:04:00,2026-06-09,tester,2026-06-09 00:04:07,https://www.commcarehq.org/form/f3b41a57-58bf-41c1-9678-116d0daa481a,tester,True
962,b61d5647-9690-406d-9266-13d8350cdc80,community_04,Rebecca,Abdullahi,female,1958-11-01,21652426778.0,08032442030,https://www.commcarehq.org/photos/farmer_962.jpg,5,crop_farming,11,leased,3,borehole,---,rice,---,---,2.8,---,---,---,10.4254214 7.525842 0.0 20.0,yes,518ac391-8b68-48c2-891b-3c9cb2133706,2026-02-03 00:06:00,2026-02-03,tester,2026-02-03 00:06:14,https://www.commcarehq.org/form/b61d5647-9690-406d-9266-13d8350cdc80,tester,True
963,ac8d4a4d-c31e-4a1c-b079-8d57724c90ce,community_04,James,Okafor,female,1992-01-28,70072643188.0,08080895460,https://www.commcarehq.org/photos/farmer_963.jpg,8,mixed_farming,3,family_land,3,rain-fed,---,rice groundnuts,0.9,---,1.2,---,---,---,10.5137215 7.3458374 0.0 20.0,yes,a0f73af5-5ab2-473a-a286-59ab2e767645,2026-06-01 00:08:00,2026-06-01,tester,2026-06-01 00:08:11,https://www.commcarehq.org/form/ac8d4a4d-c31e-4a1c-b079-8d57724c90ce,tester,True
964,7567c922-7530-4d9e-ae34-1cc27f07d668,community_03,Amina,Philip,male,1975-04-27,65966391497.0,08035320559,https://www.commcarehq.org/photos/farmer_964.jpg,10,livestock_farming,14,owned,4,rain-fed,---,rice maize groundnuts,2.6,3.1,1.3,goats rabbits,2,30,10.2894181 7.5097379 0.0 20.0,yes,160c3e6e-ba9e-4634-9b0d-7ba5b208186c,2026-04-07 00:04:00,2026-04-07,tester,2026-04-07 00:04:18,https://www.commcarehq.org/form/7567c922-7530-4d9e-ae34-1cc27f07d668,tester,True
965,f51c7c08-3132-4a7e-8996-0a61a6be4c3d,community_03,Samuel,Ojo,male,1986-01-15,56630955272.0,08042814433,https://www.commcarehq.org/photos/farmer_965.jpg,6,crop_farming,20,owned,3,rain-fed,---,rice maize,---,5.0,1.3,---,---,---,10.4069937 7.4010455 0.0 20.0,yes,0fee4d07-e21b-44ab-bd5a-b25315c4f527,2026-01-15 00:08:00,2026-01-15,tester,2026-01-15 00:08:10,https://www.commcarehq.org/form/f51c7c08-3132-4a7e-8996-0a61a6be4c3d,tester,True
966,c4282bc8-7434-4895-9a86-033da6c2c08b,community_02,Mary,Peter,female,1969-12-13,87449707826.0,08030002137,https://www.commcarehq.org/photos/farmer_966.jpg,9,livestock_farming,3,owned,3,rain-fed,---,maize groundnuts,2.1,4.9,---,goats,14,---,10.2927908 7.429495 0.0 20.0,yes,60ea2ea2-ec73-4f48-8e05-1a01134b3b0b,2026-05-22 00:06:00,2026-05-22,tester,2026-05-22 00:06:13,https://www.commcarehq.org/form/c4282bc8-7434-4895-9a86-033da6c2c08b,tester,True
967,6fe79325-9828-43ae-b57c-2d0c1fba240d,community_01,Mary,Okafor,male,1953-11-07,28120617866.0,08019316667,https://www.commcarehq.org/photos/farmer_967.jpg,5,livestock_farming,38,family_land,1,rain-fed,---,groundnuts maize rice,2.2,2.2,3.4,goats,16,---,10.4953323 7.4358509 0.0 20.0,yes,808d861f-47ba-4ca4-8d61-d0df807df626,2026-02-28 00:08:00,2026-02-28,tester,2026-02-28 00:08:09,https://www.commcarehq.org/form/6fe79325-9828-43ae-b57c-2d0c1fba240d,tester,True
968,201960db-1acf-459d-842e-9f0e1499c5bc,community_02,Mercy,Ogunleye,male,1988-12-23,,08006885988,https://www.commcarehq.org/photos/farmer_968.jpg,4,crop_farming,7,owned,2,rain-fed,---,maize groundnuts,0.6,1.1,---,goats rabbits,9,38,10.4658037 7.4534556 0.0 20.0,yes,64415349-6dd6-4a49-9063-0fff7b62a3e7,2026-04-25 00:07:00,2026-04-25,tester,2026-04-25 00:07:05,https://www.commcarehq.org/form/201960db-1acf-459d-842e-9f0e1499c5bc,tester,True
969,d3a37258-d8c4-4875-b41c-fb791a17d8a5,community_02,Emmanuel,David,male,2007-11-07,52663648915.0,08055128044,https://www.commcarehq.org/photos/farmer_969.jpg,5,mixed_farming,1,owned,1,borehole,---,rice groundnuts maize,2.7,0.9,1.0,---,---,---,10.3278359 7.3751413 0.0 20.0,yes,33107d70-f2ed-4bc4-9055-26cbca26c3e6,2026-05-09 00:06:00,2026-05-09,tester,2026-05-09 00:06:10,https://www.commcarehq.org/form/d3a37258-d8c4-4875-b41c-fb791a17d8a5,tester,True
970,53f806b4-4a1b-4843-8859-c7bda4af9a36,community_02,Joy,Yusuf,male,2000-10-30,92080107327.0,08081749338,https://www.commcarehq.org/photos/farmer_970.jpg,3,mixed_farming,7,owned,2,rain-fed,---,maize rice groundnuts,1.6,5.1,1.7,---,---,---,10.3188684 7.5243501 0.0 20.0,yes,18a6387b-deff-44e7-880b-6487094ca118,2026-05-17 00:03:00,2026-05-17,tester,2026-05-17 00:03:15,https://www.commcarehq.org/form/53f806b4-4a1b-4843-8859-c7bda4af9a36,tester,True
971,a6877ba1-8349-404c-a34d-0b24f5808100,community_01,David,Ojo,female,1985-07-14,59480710487.0,08097117422,https://www.commcarehq.org/photos/farmer_971.jpg,2,mixed_farming,16,leased,3,borehole,---,groundnuts rice maize,3.0,5.7,1.3,goats rabbits,24,33,10.3280153 7.5812284 0.0 20.0,yes,cc5ebd07-ad0b-42ac-8d45-73ecda826654,2026-06-10 00:04:00,2026-06-10,tester,2026-06-10 00:04:16,https://www.commcarehq.org/form/a6877ba1-8349-404c-a34d-0b24f5808100,tester,True
972,6c4b3ff9-8841-470b-b6fc-0c29a75fd892,community_03,Yusuf,Garba,female,1967-04-30,61048851290.0,08017433834,https://www.commcarehq.org/photos/farmer_972.jpg,7,crop_farming,35,owned,3,rain-fed,---,rice groundnuts,1.7,---,1.8,---,---,---,10.3558735 7.2642819 0.0 20.0,yes,1a4725c9-3b9c-4de7-b8ba-eadbb4ea448b,2026-05-11 00:07:00,2026-05-11,tester,2026-05-11 00:07:17,https://www.commcarehq.org/form/6c4b3ff9-8841-470b-b6fc-0c29a75fd892,tester,True
973,aee91216-192c-4665-b492-95734bac254f,community_04,Samuel,Balogun,male,1994-03-21,35875397505.0,08063947764,https://www.commcarehq.org/photos/farmer_973.jpg,3,livestock_farming,13,family_land,1,dam_reservoir,---,rice,---,---,3.9,---,---,---,10.2557992 7.5014671 0.0 20.0,no,7efc062d-3f76-4359-9dfe-27b4b6e9d469,2026-04-11 00:03:00,2026-04-11,tester,2026-04-11 00:03:16,https://www.commcarehq.org/form/aee91216-192c-4665-b492-95734bac254f,tester,True
974,2d1569ec-82a7-4ff8-9893-7185e6b6f705,community_02,Blessing,Mohammed,female,2000-01-05,45940531100.0,08005155922,https://www.commcarehq.org/photos/farmer_974.jpg,1,crop_farming,4,leased,1,rain-fed,---,maize,---,4.5,---,rabbits,---,30,10.4318288 7.5020036 0.0 20.0,yes,cbe39850-9516-4ebe-9d81-9bf892fa6471,2026-04-03 00:05:00,2026-04-03,tester,2026-04-03 00:05:08,https://www.commcarehq.org/form/2d1569ec-82a7-4ff8-9893-7185e6b6f705,tester,True
975,93cde9bd-349f-41fe-9fc2-23f690d78d3a,community_03,Paul,Yakubu,female,1994-05-23,60653797125.0,08004845392,https://www.commcarehq.org/photos/farmer_975.jpg,6,mixed_farming,14,leased,1,rain-fed,---,rice maize,---,1.6,2.6,---,---,---,10.3867323 7.5500486 0.0 20.0,yes,25fd3f19-14e8-4e5b-aa67-142e03acccbb,2026-02-23 00:02:00,2026-02-23,tester,2026-02-23 00:02:17,https://www.commcarehq.org/form/93cde9bd-349f-41fe-9fc2-23f690d78d3a,tester,True
976,243c18ad-3689-49fb-8d93-a5b15b704120,community_02,Amina,Tanko,male,1994-11-11,31011670258.0,08050974658,https://www.commcarehq.org/photos/farmer_976.jpg,8,mixed_farming,7,family_land,1,borehole,---,rice,---,---,0.6,rabbits,---,8,10.3552757 7.2939474 0.0 20.0,yes,b410777c-6c90-4d58-bef9-2eeb8c995019,2026-02-15 00:08:00,2026-02-15,tester,2026-02-15 00:08:09,https://www.commcarehq.org/form/243c18ad-3689-49fb-8d93-a5b15b704120,tester,True
977,f0a5c9c1-05b6-49ed-8816-1ba4491bd392,community_04,Daniel,Haruna,male,2007-10-06,93553068884.0,08098315086,https://www.commcarehq.org/photos/farmer_977.jpg,7,crop_farming,1,family_land,3,rain-fed,---,groundnuts maize,1.5,0.6,---,goats,10,---,10.3342002 7.4044449 0.0 20.0,yes,16383b9c-19b6-47cf-8c62-71b62925318e,2026-01-28 00:08:00,2026-01-28,tester,2026-01-28 00:08:17,https://www.commcarehq.org/form/f0a5c9c1-05b6-49ed-8816-1ba4491bd392,tester,True
978,3916ce2e-1974-4029-b0cb-f271678b2410,community_07,Sarah,Michael,male,2007-12-05,85125877767.0,08053498103,https://www.commcarehq.org/photos/farmer_978.jpg,4,livestock_farming,1,owned,3,river_stream,---,groundnuts rice,2.1,---,0.6,rabbits,---,35,10.349945 7.2675723 0.0 20.0,yes,71fab3d8-0194-408c-8297-7d779425e209,2026-01-07 00:04:00,2026-01-07,tester,2026-01-07 00:04:05,https://www.commcarehq.org/form/3916ce2e-1974-4029-b0cb-f271678b2410,tester,True
979,8cee502e-7866-4a07-8c07-45692fae4317,community_06,David,Ali,male,1983-03-21,,08074047370,https://www.commcarehq.org/photos/farmer_979.jpg,7,mixed_farming,10,family_land,4,river_stream,---,rice,---,---,3.9,rabbits,---,13,10.2190235 7.4346039 0.0 20.0,yes,ce058cd5-4858-47c4-8144-fc7db1043caf,2026-04-01 00:03:00,2026-04-01,tester,2026-04-01 00:03:08,https://www.commcarehq.org/form/8cee502e-7866-4a07-8c07-45692fae4317,tester,True
980,65bcd4ed-c89d-420b-a167-96d401c5f23a,community_06,Deborah,David,male,2005-12-05,53663687873.0,08098742729,https://www.commcarehq.org/photos/farmer_980.jpg,3,crop_farming,1,family_land,3,rain-fed,---,groundnuts maize rice,2.0,5.4,3.3,goats,9,---,10.3126858 7.2189092 0.0 20.0,yes,a273546c-42da-481f-8a19-2477044f749f,2026-06-23 00:08:00,2026-06-23,tester,2026-06-23 00:08:12,https://www.commcarehq.org/form/65bcd4ed-c89d-420b-a167-96d401c5f23a,tester,True
981,58de5819-c11a-4de9-9a98-12f9ab4afbe3,community_03,Joseph,Samuel,male,1977-02-27,86155535155.0,08077020420,https://www.commcarehq.org/photos/farmer_981.jpg,7,crop_farming,21,owned,2,rain-fed,---,maize,---,6.1,---,---,---,---,10.2423231 7.4338205 0.0 20.0,yes,8a49e8fe-af55-40d1-8f39-a976aa107dab,2026-01-31 00:06:00,2026-01-31,tester,2026-01-31 00:06:09,https://www.commcarehq.org/form/58de5819-c11a-4de9-9a98-12f9ab4afbe3,tester,True
982,1aaef930-dea2-4c33-a70d-7d7103410f05,community_07,Samuel,Ibrahim,male,2007-11-01,75528984300.0,08052101980,https://www.commcarehq.org/photos/farmer_982.jpg,4,mixed_farming,1,leased,3,borehole,---,groundnuts maize,1.2,2.2,---,goats,14,---,10.3769933 7.2876488 0.0 20.0,yes,1e4cd47e-6ced-405e-b2ea-19aa3e9fca32,2026-01-15 00:08:00,2026-01-15,tester,2026-01-15 00:08:14,https://www.commcarehq.org/form/1aaef930-dea2-4c33-a70d-7d7103410f05,tester,True
983,f4244e67-6ce7-4513-8d85-8d0b95337a9d,community_06,Paul,Ibrahim,male,2000-05-14,66663334337.0,08052638765,https://www.commcarehq.org/photos/farmer_983.jpg,1,mixed_farming,2,owned,1,borehole,---,maize rice,---,2.7,2.9,goats,19,---,10.4235678 7.2205279 0.0 20.0,yes,920991e1-d0f5-4ead-b311-649c9f3676bf,2026-01-26 00:05:00,2026-01-26,tester,2026-01-26 00:05:11,https://www.commcarehq.org/form/f4244e67-6ce7-4513-8d85-8d0b95337a9d,tester,True
984,bf79da6b-227d-4ed7-b8aa-502f37d0e62b,community_03,Esther,Bello,male,1997-09-28,41517771538.0,08048189260,https://www.commcarehq.org/photos/farmer_984.jpg,7,mixed_farming,3,family_land,6,rain-fed,---,groundnuts rice,2.0,---,2.5,---,---,---,10.4819264 7.2120781 0.0 20.0,yes,b8f5ef1f-8ae5-455e-a303-7f2991f4be3b,2026-06-08 00:08:00,2026-06-08,tester,2026-06-08 00:08:20,https://www.commcarehq.org/form/bf79da6b-227d-4ed7-b8aa-502f37d0e62b,tester,True
985,d5d80827-5356-4590-bc89-b7195cd02ee5,community_06,Musa,Ali,female,1989-03-29,,08068079094,https://www.commcarehq.org/photos/farmer_985.jpg,3,mixed_farming,11,owned,2,rain-fed,---,rice,---,---,1.2,rabbits,---,32,10.2822376 7.5588068 0.0 20.0,yes,17778403-a088-4b00-98f0-387a3d0a2329,2026-05-29 00:02:00,2026-05-29,tester,2026-05-29 00:02:06,https://www.commcarehq.org/form/d5d80827-5356-4590-bc89-b7195cd02ee5,tester,True
986,1a5332e1-6c56-453a-9727-03de857fc819,community_04,Suleiman,Yusuf,male,1997-10-27,,08036224711,https://www.commcarehq.org/photos/farmer_986.jpg,8,crop_farming,8,family_land,3,dam_reservoir,---,rice groundnuts maize,1.3,3.3,1.3,goats rabbits,4,18,10.4152115 7.3327255 0.0 20.0,yes,8bd9b0ac-f169-4488-a42f-71bc27a6346c,2026-04-18 00:05:00,2026-04-18,tester,2026-04-18 00:05:08,https://www.commcarehq.org/form/1a5332e1-6c56-453a-9727-03de857fc819,tester,True
987,1931d9bf-c2aa-43a0-a0c4-5071214a84a1,community_07,Joseph,Johnson,female,1978-06-09,90617390004.0,08081456536,https://www.commcarehq.org/photos/farmer_987.jpg,5,crop_farming,29,owned,3,rain-fed,---,maize rice groundnuts,1.0,4.8,0.7,---,---,---,10.5596805 7.2812807 0.0 20.0,yes,38c24dd8-0043-4c70-a2e6-31f64ab5b0da,2026-04-05 00:06:00,2026-04-05,tester,2026-04-05 00:06:17,https://www.commcarehq.org/form/1931d9bf-c2aa-43a0-a0c4-5071214a84a1,tester,True
988,9c39f6e0-7de3-436b-a492-e4c9cebd1aea,community_07,Amina,Ibrahim,female,1987-03-03,26524435176.0,08023072730,https://www.commcarehq.org/photos/farmer_988.jpg,4,crop_farming,14,owned,1,other,Community Well,rice,---,---,1.9,rabbits,---,37,10.401321 7.5593502 0.0 20.0,yes,1f6d1af4-dd36-4a91-a47b-30f65c851d74,2026-03-20 00:03:00,2026-03-20,tester,2026-03-20 00:03:19,https://www.commcarehq.org/form/9c39f6e0-7de3-436b-a492-e4c9cebd1aea,tester,True
989,6732e243-fd39-4c1f-9972-f1eaddc36500,community_07,Suleiman,Mohammed,male,1978-09-22,,08058376568,https://www.commcarehq.org/photos/farmer_989.jpg,6,livestock_farming,15,family_land,2,river_stream,---,rice groundnuts maize,2.8,6.0,3.4,goats,20,---,10.2571501 7.4590238 0.0 20.0,yes,180b56dd-c60b-4eaa-af9a-3fb923f76986,2026-04-21 00:07:00,2026-04-21,tester,2026-04-21 00:07:20,https://www.commcarehq.org/form/6732e243-fd39-4c1f-9972-f1eaddc36500,tester,True
990,e057e884-14d3-4611-9377-95b679526b20,community_03,Mercy,Johnson,male,1994-11-08,44445726179.0,08009390220,https://www.commcarehq.org/photos/farmer_990.jpg,8,crop_farming,8,family_land,1,other,Community Well,rice maize groundnuts,1.6,1.8,3.9,goats rabbits,11,31,10.2629137 7.48828 0.0 20.0,yes,602aa89a-9f07-481e-b391-d53f35f71b29,2026-06-26 00:04:00,2026-06-26,tester,2026-06-26 00:04:11,https://www.commcarehq.org/form/e057e884-14d3-4611-9377-95b679526b20,tester,True
991,f7af48ce-ba85-4553-a04c-2385a6c514bd,community_04,Binta,James,male,1968-12-24,35188304475.0,08084132069,https://www.commcarehq.org/photos/farmer_991.jpg,2,crop_farming,31,owned,5,rain-fed,---,rice groundnuts,3.0,---,0.7,goats rabbits,21,8,10.328109 7.5182157 0.0 20.0,yes,809758db-e671-4281-a5c8-878c5a1a9ab8,2026-06-19 00:08:00,2026-06-19,tester,2026-06-19 00:08:10,https://www.commcarehq.org/form/f7af48ce-ba85-4553-a04c-2385a6c514bd,tester,True
992,80210531-3a16-4f64-a020-20462a69bd55,community_03,Fatima,Garba,male,1979-03-20,27759973513.0,08076873492,https://www.commcarehq.org/photos/farmer_992.jpg,3,crop_farming,6,family_land,5,other,Community Well,maize,---,1.8,---,goats,18,---,10.5653951 7.3865447 0.0 20.0,yes,2976c13e-3366-4e52-9ef1-2ab8dd4b4afe,2026-04-04 00:06:00,2026-04-04,tester,2026-04-04 00:06:07,https://www.commcarehq.org/form/80210531-3a16-4f64-a020-20462a69bd55,tester,True
993,f65ee041-0054-4d71-a986-ae812c3c9e12,community_02,Esther,Musa,female,1994-05-11,85821282096.0,08033811149,https://www.commcarehq.org/photos/farmer_993.jpg,5,crop_farming,3,family_land,5,rain-fed,---,maize groundnuts,0.8,1.6,---,---,---,---,10.5349484 7.5869263 0.0 20.0,yes,3af5bfcd-e718-4e5f-8e2c-9551d5622a98,2026-04-22 00:07:00,2026-04-22,tester,2026-04-22 00:07:10,https://www.commcarehq.org/form/f65ee041-0054-4d71-a986-ae812c3c9e12,tester,True
994,b078d553-f32a-4579-9ae3-0e074f73bb8c,community_07,Ibrahim,Sani,male,2002-03-03,14402150978.0,08031600898,https://www.commcarehq.org/photos/farmer_994.jpg,6,livestock_farming,2,owned,3,rain-fed,---,groundnuts,1.6,---,---,goats,10,---,10.3336923 7.4585463 0.0 20.0,yes,112b554e-2c82-4af1-a8d9-8df3f22922da,2026-06-09 00:05:00,2026-06-09,tester,2026-06-09 00:05:18,https://www.commcarehq.org/form/b078d553-f32a-4579-9ae3-0e074f73bb8c,tester,True
995,03be44f8-972c-450a-b545-baf676621a25,community_05,Mary,Daniel,female,1994-12-18,20207878890.0,08039843118,https://www.commcarehq.org/photos/farmer_995.jpg,5,crop_farming,11,owned,6,borehole,---,rice,---,---,3.0,goats,19,---,10.2174241 7.5360284 0.0 20.0,yes,e1c313d1-41eb-40eb-98dc-acf05004d77b,2026-06-18 00:04:00,2026-06-18,tester,2026-06-18 00:04:12,https://www.commcarehq.org/form/03be44f8-972c-450a-b545-baf676621a25,tester,True
996,9cf99400-fb3a-4f48-ae66-34388e4789da,community_03,Paul,Ahmed,male,1975-05-06,,08054927505,https://www.commcarehq.org/photos/farmer_996.jpg,9,mixed_farming,18,owned,1,river_stream,---,groundnuts rice,2.2,---,3.6,goats,24,---,10.5828785 7.4072853 0.0 20.0,yes,07b54e42-35e6-4b2d-8ff1-782ef7d7559a,2026-04-21 00:08:00,2026-04-21,tester,2026-04-21 00:08:06,https://www.commcarehq.org/form/9cf99400-fb3a-4f48-ae66-34388e4789da,tester,True
997,94d75d5b-18d2-4443-81b4-7fc1c63b7762,community_05,Mary,Lawal,male,2001-07-13,67137928593.0,08001619244,https://www.commcarehq.org/photos/farmer_997.jpg,6,crop_farming,6,family_land,3,rain-fed,---,maize,---,5.2,---,goats,10,---,10.5294338 7.5133685 0.0 20.0,yes,df5aee90-6ac9-44e0-b010-295e6d3a786e,2026-06-26 00:07:00,2026-06-26,tester,2026-06-26 00:07:15,https://www.commcarehq.org/form/94d75d5b-18d2-4443-81b4-7fc1c63b7762,tester,True
998,2bb65192-7bfb-496c-ae41-e60915981de1,community_04,Deborah,Isa,male,1974-07-14,47982237621.0,08073937873,https://www.commcarehq.org/photos/farmer_998.jpg,6,mixed_farming,14,owned,3,river_stream,---,groundnuts maize,1.2,1.1,---,goats,3,---,10.2576672 7.489644 0.0 20.0,yes,33ff38f4-0358-4337-9539-2f303047836b,2026-03-24 00:03:00,2026-03-24,tester,2026-03-24 00:03:09,https://www.commcarehq.org/form/2bb65192-7bfb-496c-ae41-e60915981de1,tester,True
999,9a414e87-fdee-43e9-980d-682020ae0f83,community_06,Deborah,Garba,male,1957-10-09,,08030102838,https://www.commcarehq.org/photos/farmer_999.jpg,5,crop_farming,33,family_land,3,rain-fed,---,groundnuts maize rice,1.8,2.7,2.7,---,---,---,10.4701316 7.3895304 0.0 20.0,yes,6623fa2b-42ac-49aa-b098-ef8672f152ab,2026-05-25 00:06:00,2026-05-25,tester,2026-05-25 00:06:08,https://www.commcarehq.org/form/9a414e87-fdee-43e9-980d-682020ae0f83,tester,True
1000,04b2e691-e490-478a-a53c-8cb11709268b,community_04,Amina,Usman,female,1987-04-02,68402545267.0,08089412501,https://www.commcarehq.org/photos/farmer_1000.jpg,5,mixed_farming,20,family_land,3,rain-fed,---,rice maize,---,5.5,3.4,rabbits,---,10,10.5576068 7.2070992 0.0 20.0,yes,2d5383d0-ff5d-4bce-b715-23eb3d2d71a9,2026-05-08 00:02:00,2026-05-08,tester,2026-05-08 00:02:05,https://www.commcarehq.org/form/04b2e691-e490-478a-a53c-8cb11709268b,tester,True
